Date,Time,Day,Station,Code,Min Delay,Min Gap,Bound,Line,Vehicle
4/1/2019,00:02,Monday,SHERBOURNE STATION,SUDP,4,8,E,BD,5245
4/1/2019,01:11,Monday,WILSON STATION,MUPAA,0,0,N,YU,5541
4/1/2019,01:48,Monday,KIPLING STATION,MUIS,0,0,W,BD,0
4/1/2019,02:18,Monday,DAVISVILLE YARD,PUTOE,0,0,,YU,0
4/1/2019,05:26,Monday,ST ANDREW STATION,MUNCA,0,0,,YU,0
4/1/2019,05:36,Monday,FINCH STATION,TUSC,0,0,,YU,5511
4/1/2019,05:46,Monday,DAVISVILLE STATION,EUYRD,4,8,N,YU,5746
4/1/2019,05:54,Monday,GREENWOOD STATION,EUSC,0,0,E,BD,5121
4/1/2019,06:08,Monday,COXWELL STATION,MUSC,0,0,E,BD,5296
4/1/2019,06:44,Monday,DUPONT STATION,MUATC,9,12,N,YU,5456
4/1/2019,06:53,Monday,DUPONT STATION,MUATC,3,6,N,YU,5676
4/1/2019,06:55,Monday,ST CLAIR WEST STATION,EUATC,4,8,N,YU,5456
4/1/2019,07:40,Monday,WILSON STATION,EUYRD,3,5,S,YU,5496
4/1/2019,08:15,Monday,ST GEORGE BD STATION,MUDD,4,6,E,BD,5073
4/1/2019,08:53,Monday,EGLINTON STATION,PUMST,0,0,,YU,0
4/1/2019,08:55,Monday,DUPONT STATION,MUATC,3,5,N,YU,5581
4/1/2019,09:20,Monday,KIPLING STATION,MUTD,0,0,E,BD,5176
4/1/2019,09:22,Monday,LESLIE STATION,PUMEL,0,0,,SHP,0
4/1/2019,09:28,Monday,DUPONT STATION,MUATC,3,5,N,YU,5616
4/1/2019,09:51,Monday,OSGOODE STATION,TUSC,0,0,N,YU,5536
4/1/2019,09:52,Monday,ST CLAIR WEST STATION,TUATC,3,5,S,YU,5576
4/1/2019,10:04,Monday,MAIN STREET STATION,MUD,4,7,W,BD,5181
4/1/2019,10:10,Monday,EGLINTON STATION,MUSC,0,0,N,YU,5751
4/1/2019,10:36,Monday,VAUGHAN MC STATION,MUATC,3,6,S,YU,5781
4/1/2019,11:48,Monday,SHEPPARD WEST STATION,MUIS,0,0,,YU,0
4/1/2019,12:00,Monday,SHEPPARD STATION,MUSC,3,6,S,YU,5456
4/1/2019,12:13,Monday,BLOOR STATION,SUPOL,0,0,S,YU,5676
4/1/2019,12:24,Monday,EGLINTON WEST STATION,MUIS,0,0,S,YU,0
4/1/2019,13:36,Monday,DUNDAS STATION,MUPAA,3,5,N,YU,5501
4/1/2019,14:35,Monday,COXWELL STATION,SUO,6,9,W,BD,5150
4/1/2019,14:36,Monday,KIPLING STATION,MUSC,0,0,W,BD,5207
4/1/2019,15:14,Monday,ISLINGTON STATION,MUIS,0,0,,BD,0
4/1/2019,15:34,Monday,ST GEORGE BD STATION,EUSC,0,0,W,BD,5223
4/1/2019,15:35,Monday,FINCH STATION,TUMVS,0,0,N,YU,5516
4/1/2019,16:02,Monday,PAPE STATION,SUDP,3,5,W,BD,5220
4/1/2019,16:07,Monday,WILSON STATION,MUATC,7,10,S,YU,5641
4/1/2019,16:10,Monday,WOODBINE STATION,PUMST,0,0,W,BD,5072
4/1/2019,16:13,Monday,QUEEN STATION,SUDP,4,6,N,YU,5436
4/1/2019,16:26,Monday,JANE STATION,TUSC,0,0,W,BD,5189
4/1/2019,16:51,Monday,YONGE BD STATION,SUUT,3,5,W,BD,5025
4/1/2019,16:54,Monday,DUPONT STATION,MUATC,8,11,N,YU,5521
4/1/2019,17:01,Monday,ST GEORGE YUS STATION,SUSP,3,5,S,YU,6091
4/1/2019,17:09,Monday,FINCH STATION,EUATC,3,6,S,YU,5636
4/1/2019,17:09,Monday,OSGOODE STATION,TUSC,0,0,N,YU,5491
4/1/2019,17:12,Monday,OSGOODE STATION,TUSC,0,0,S,YU,6091
4/1/2019,17:32,Monday,KIPLING STATION,MUSC,0,0,E,BD,5153
4/1/2019,17:40,Monday,FINCH STATION,MUSC,0,0,S,YU,5541
4/1/2019,17:40,Monday,KENNEDY BD STATION,MUNCA,0,0,,BD,0
4/1/2019,17:45,Monday,DUNDAS STATION,MUNCA,0,0,,YU,0
4/1/2019,19:11,Monday,FINCH STATION,MUIS,0,0,N,YU,0
4/1/2019,19:40,Monday,SHEPPARD STATION,MUIR,0,0,N,YU,5611
4/1/2019,20:34,Monday,COLLEGE STATION,MUDD,6,10,N,YU,5461
4/1/2019,20:35,Monday,LAWRENCE STATION,SUDP,0,0,,YU,0
4/1/2019,21:15,Monday,FINCH STATION,MUI,3,6,S,YU,5571
4/1/2019,22:00,Monday,YUS/BD/SHEPPARD SUBWAY,MUO,0,0,,YU/BD,0
4/1/2019,22:02,Monday,HIGHWAY 407 STATION,MUI,16,20,N,YU,6001
4/1/2019,22:56,Monday,BLOOR STATION,MUO,0,0,N,YU,5531
4/1/2019,23:00,Monday,ST CLAIR WEST TO UNION,MUGD,0,0,,YU,0
4/1/2019,23:07,Monday,COLLEGE STATION,MUIR,4,9,N,YU,5906
4/1/2019,23:22,Monday,RUNNYMEDE STATION,MUIS,0,0,,BD,0
4/2/2019,00:15,Tuesday,WARDEN STATION,EUDO,4,8,W,BD,5035
4/2/2019,00:45,Tuesday,ST GEORGE BD STATION,SUUT,22,26,E,BD,5241
4/2/2019,01:33,Tuesday,GREENWOOD STATION,TUSC,0,0,W,BD,5082
4/2/2019,05:40,Tuesday,FINCH STATION,TUSC,0,0,S,YU,5971
4/2/2019,06:06,Tuesday,SHEPPARD STATION,PUSTC,9,13,S,YU,5931
4/2/2019,06:33,Tuesday,COXWELL STATION,MUSC,0,0,E,BD,5139
4/2/2019,06:34,Tuesday,FINCH STATION,MUSC,0,0,S,YU,5956
4/2/2019,06:40,Tuesday,YORK MILLS STATION,TUMVS,9,13,N,YU,5911
4/2/2019,07:19,Tuesday,FINCH STATION,MUSC,0,0,S,YU,5816
4/2/2019,07:27,Tuesday,SHEPPARD WEST STATION,MUTO,5,9,N,YU,5536
4/2/2019,07:58,Tuesday,COXWELL STATION,EUTR,3,5,E,BD,5239
4/2/2019,07:59,Tuesday,DUPONT STATION,MUSC,3,5,S,YU,5766
4/2/2019,08:00,Tuesday,KENNEDY SRT STATION,MRUI,0,0,N,SRT,3008
4/2/2019,08:16,Tuesday,YORK MILLS STATION,MUTO,4,6,S,YU,5526
4/2/2019,08:21,Tuesday,ST CLAIR WEST STATION,MUI,17,19,N,YU,5531
4/2/2019,08:26,Tuesday,BLOOR STATION,MUIR,0,0,N,YU,5771
4/2/2019,08:41,Tuesday,EGLINTON STATION,MUIR,3,5,N,YU,5896
4/2/2019,08:47,Tuesday,JANE STATION,TUSC,0,0,E,BD,5245
4/2/2019,08:58,Tuesday,DUPONT STATION,MUIR,3,5,N,YU,5861
4/2/2019,09:00,Tuesday,KIPLING STATION,MUSC,0,0,W,BD,5019
4/2/2019,09:36,Tuesday,WELLESLEY STATION,PUMEL,0,0,,YU,0
4/2/2019,10:10,Tuesday,ISLINGTON STATION,MUTD,0,0,W,BD,5031
4/2/2019,10:37,Tuesday,KENNEDY BD STATION,MUSC,0,0,W,BD,5091
4/2/2019,10:58,Tuesday,SHERBOURNE STATION,MUIS,0,0,,BD,0
4/2/2019,11:02,Tuesday,HIGH PARK STATION,MUSC,0,0,E,BD,5049
4/2/2019,14:07,Tuesday,ST GEORGE YUS STATION,PUMO,0,0,,YU,0
4/2/2019,14:22,Tuesday,OSGOODE STATION,SUDP,5,8,N,YU,5806
4/2/2019,14:30,Tuesday,ISLINGTON STATION,MUIRS,0,0,,BD,0
4/2/2019,14:41,Tuesday,OSSINGTON STATION,SUDP,3,7,W,BD,5336
4/2/2019,15:03,Tuesday,OSGOODE STATION,MUSC,0,0,N,YU,5971
4/2/2019,15:48,Tuesday,VICTORIA PARK STATION,SUDP,0,0,E,BD,5269
4/2/2019,16:10,Tuesday,BLOOR STATION,MUO,3,6,N,YU,6126
4/2/2019,16:17,Tuesday,DUPONT STATION,MUIS,0,0,,YU,0
4/2/2019,16:19,Tuesday,GREENWOOD STATION,MUO,0,0,E,BD,0
4/2/2019,16:36,Tuesday,SHEPPARD STATION,MUI,15,18,N,YU,6091
4/2/2019,16:40,Tuesday,LAWRENCE STATION,MUPAA,0,0,N,YU,5986
4/2/2019,16:50,Tuesday,OSSINGTON STATION,MUIRS,0,0,W,BD,5197
4/2/2019,17:02,Tuesday,ISLINGTON STATION,EUSC,0,0,W,BD,5223
4/2/2019,17:19,Tuesday,FINCH STATION,MUSC,0,0,S,YU,6041
4/2/2019,17:23,Tuesday,SUMMERHILL STATION,MUPAA,6,9,S,YU,5401
4/2/2019,17:27,Tuesday,ST GEORGE YUS STATION,MUIS,0,0,N,YU,0
4/2/2019,17:28,Tuesday,BATHURST STATION,MUD,8,11,W,BD,5211
4/2/2019,17:51,Tuesday,COLLEGE STATION,TUMVS,0,0,N,YU,5926
4/2/2019,20:08,Tuesday,FINCH STATION,MUSC,0,0,S,YU,6041
4/2/2019,20:10,Tuesday,KIPLING STATION,TUSC,0,0,E,BD,5118
4/2/2019,21:14,Tuesday,CHRISTIE STATION,SUDP,0,0,W,BD,0
4/2/2019,22:00,Tuesday,DUPONT STATION,MUIR,10,15,S,YU,6081
4/2/2019,22:00,Tuesday,YUS/BD/SHEPPARD SUBWAY,MUO,0,0,,YU/BD,0
4/2/2019,23:00,Tuesday,ST CLAIR WEST TO UNION,MUO,0,0,,YU,0
4/2/2019,23:07,Tuesday,FINCH STATION,MUWR,6,11,,YU,5901
4/2/2019,23:38,Tuesday,FINCH STATION,EUBO,5,10,S,YU,5581
4/3/2019,01:37,Wednesday,FINCH STATION,SUDP,0,0,S,YU,5556
4/3/2019,01:39,Wednesday,KIPLING STATION,MUIRS,0,0,,BD,0
4/3/2019,01:49,Wednesday,KENNEDY BD STATION,MUIS,0,0,,BD,0
4/3/2019,01:55,Wednesday,ST GEORGE BD STATION,MUIE,0,0,,,0
4/3/2019,02:05,Wednesday,EGLINTON WEST STATION,MUIRS,0,0,,YU,0
4/3/2019,06:28,Wednesday,COXWELL STATION,MUSC,0,0,E,BD,5190
4/3/2019,06:38,Wednesday,DONLANDS STATION,EUNT,9,11,W,BD,5351
4/3/2019,07:00,Wednesday,VICTORIA PARK STATION,MUPLA,5,7,E,BD,5252
4/3/2019,07:21,Wednesday,KIPLING STATION,MUSC,0,0,E,BD,5057
4/3/2019,07:34,Wednesday,LAWRENCE STATION,MUPAA,0,0,S,YU,5826
4/3/2019,07:37,Wednesday,DUPONT STATION,MUSC,0,0,N,YU,5466
4/3/2019,07:42,Wednesday,DUPONT STATION,MUSC,0,0,N,YU,5936
4/3/2019,08:19,Wednesday,ST GEORGE YUS STATION,MUIR,3,5,N,YU,5556
4/3/2019,08:38,Wednesday,KENNEDY BD STATION,TUMVS,0,0,E,BD,5349
4/3/2019,08:41,Wednesday,KIPLING STATION,TUSC,0,0,E,BD,5150
4/3/2019,08:45,Wednesday,CHRISTIE STATION,MUI,8,10,E,BD,5033
4/3/2019,08:58,Wednesday,CHRISTIE STATION,MUIS,0,0,E,BD,0
4/3/2019,09:10,Wednesday,DUPONT STATION,EUATC,5,7,S,YU,5496
4/3/2019,09:45,Wednesday,OSGOODE STATION,MUNCA,0,0,,YU,0
4/3/2019,10:00,Wednesday,JANE STATION,TUSC,0,0,W,BD,5272
4/3/2019,10:08,Wednesday,FINCH STATION,MUSAN,3,5,S,YU,5661
4/3/2019,10:34,Wednesday,DAVISVILLE STATION,TUNIP,3,6,N,YU,5431
4/3/2019,11:01,Wednesday,ISLINGTON STATION,MUSC,0,0,E,BD,5124
4/3/2019,11:02,Wednesday,OLD MILL STATION,MUSC,0,0,E,BD,5256
4/3/2019,11:25,Wednesday,ST CLAIR STATION,MUIS,0,0,S,YU,0
4/3/2019,11:42,Wednesday,BATHURST STATION,SUDP,3,6,E,BD,5366
4/3/2019,11:56,Wednesday,BLOOR STATION,SUDP,3,6,S,YU,5621
4/3/2019,12:06,Wednesday,QUEEN'S PARK STATION,MUPAA,0,0,S,YU,5666
4/3/2019,13:39,Wednesday,SHEPPARD STATION,EUDO,4,7,S,YU,5896
4/3/2019,13:51,Wednesday,YORK MILLS STATION,EUCD,3,6,S,YU,5896
4/3/2019,14:36,Wednesday,SHEPPARD WEST STATION,SUDP,0,0,,YU,0
4/3/2019,15:09,Wednesday,JANE STATION,TUSC,0,0,W,BD,5242
4/3/2019,15:34,Wednesday,DUNDAS STATION,SUDP,4,6,N,YU,6021
4/3/2019,16:10,Wednesday,MUSEUM STATION,PUTIJ,3,5,N,YU,5431
4/3/2019,16:29,Wednesday,DUNDAS STATION,MUIS,0,0,,YU,0
4/3/2019,16:51,Wednesday,WELLESLEY STATION,SUDP,4,6,N,YU,5811
4/3/2019,17:01,Wednesday,BLOOR STATION,MUIS,0,0,N,YU,0
4/3/2019,17:32,Wednesday,QUEEN STATION,MUI,3,5,N,YU,5906
4/3/2019,18:01,Wednesday,BLOOR STATION,PUMST,0,0,S,YU,0
4/3/2019,18:05,Wednesday,LANSDOWNE STATION,MUIS,0,0,E,BD,0
4/3/2019,18:33,Wednesday,CHRISTIE STATION,PUMST,0,0,,BD,0
4/3/2019,18:51,Wednesday,KENNEDY BD STATION,SUDP,6,8,W,BD,5295
4/3/2019,19:18,Wednesday,WOODBINE STATION,MUSC,0,0,W,BD,5307
4/3/2019,19:36,Wednesday,SHEPPARD STATION,MUO,3,6,S,YU,6061
4/3/2019,19:40,Wednesday,SHEPPARD WEST STATION,EUECD,3,6,S,YU,6116
4/3/2019,20:05,Wednesday,SCARBOROUGH CTR STATIO,SRO,0,0,N,SRT,3007
4/3/2019,20:22,Wednesday,BAY STATION,MUIRS,0,0,,BD,0
4/3/2019,21:20,Wednesday,VAUGHAN MC STATION,MUATC,5,9,S,YU,5496
4/3/2019,21:30,Wednesday,ROYAL YORK STATION,TUOS,0,0,W,BD,5307
4/3/2019,21:31,Wednesday,QUEEN'S PARK STATION,TUOS,0,0,S,YU,5936
4/3/2019,21:34,Wednesday,MAIN STREET STATION,EUBK,0,0,W,BD,5147
4/3/2019,22:00,Wednesday,YUS/BD/SHEPPARD SUBWAY,MUO,0,0,,YU/BD,0
4/3/2019,23:00,Wednesday,SPADINA BD STATION,MUIS,0,0,,YU,0
4/3/2019,23:05,Wednesday,ST CLAIR WEST STATION,MUO,0,0,,YU,0
4/4/2019,00:51,Thursday,KIPLING STATION,PUTTC,4,8,W,BD,5068
4/4/2019,01:23,Thursday,LAWRENCE WEST STATION,MUIS,0,0,,YU,0
4/4/2019,01:50,Thursday,FINCH STATION,TUMVS,0,0,N,YU,5436
4/4/2019,02:21,Thursday,FINCH STATION,MUIR,0,0,S,YU,5691
4/4/2019,05:54,Thursday,WILSON STATION,TUSC,0,0,S,YU,5671
4/4/2019,05:58,Thursday,DUFFERIN STATION,MUSC,0,0,W,BD,5052
4/4/2019,06:36,Thursday,OSGOODE STATION,MUIS,0,0,,YU,0
4/4/2019,07:00,Thursday,YORK MILLS STATION,MUI,20,22,N,YU,5881
4/4/2019,07:58,Thursday,DUPONT STATION,EUSC,0,0,N,YU,5856
4/4/2019,08:10,Thursday,NORTH YORK CTR STATION,SUO,3,5,N,YU,6126
4/4/2019,08:15,Thursday,CHRISTIE STATION,MUO,3,5,W,BD,5068
4/4/2019,08:48,Thursday,BLOOR STATION,MUIE,0,0,N,YU,5626
4/4/2019,09:06,Thursday,YORK MILLS STATION,SUEAS,11,13,S,YU,5976
4/4/2019,09:17,Thursday,LAWRENCE STATION,MUPAA,3,5,N,YU,5411
4/4/2019,10:18,Thursday,YONGE BD STATION,MUIS,0,0,W,BD,0
4/4/2019,10:19,Thursday,JANE STATION,TUSC,0,0,W,BD,5259
4/4/2019,10:20,Thursday,LESLIE STATION,PUMEL,0,0,,SHP,0
4/4/2019,10:28,Thursday,YONGE BD STATION,PUMEL,0,0,,BD,0
4/4/2019,10:31,Thursday,VICTORIA PARK STATION,PUMST,0,0,,BD,0
4/4/2019,10:49,Thursday,NORTH YORK CTR STATION,TUSC,0,0,N,YU,5926
4/4/2019,10:52,Thursday,DUNDAS STATION,SUUT,7,10,N,YU,5696
4/4/2019,11:15,Thursday,ST CLAIR STATION,EUDO,4,7,S,YU,5756
4/4/2019,12:01,Thursday,WILSON STATION,EUCD,3,6,N,YU,5756
4/4/2019,12:17,Thursday,RUNNYMEDE STATION,TUO,3,6,W,BD,5018
4/4/2019,13:11,Thursday,COXWELL STATION,SUAE,3,6,W,BD,5137
4/4/2019,13:12,Thursday,DONLANDS STATION,MUPAA,0,0,W,BD,5153
4/4/2019,13:27,Thursday,DUFFERIN STATION,MUIS,0,0,,BD,0
4/4/2019,13:51,Thursday,DUFFERIN STATION,SUO,0,0,W,BD,5080
4/4/2019,14:12,Thursday,DUFFERIN STATION,TUSC,0,0,E,BD,5091
4/4/2019,14:17,Thursday,ISLINGTON STATION,MUIS,0,0,,BD,0
4/4/2019,14:44,Thursday,DONLANDS STATION,TUSC,0,0,W,BD,5306
4/4/2019,15:20,Thursday,KENNEDY BD STATION,MUIS,0,0,,BD,0
4/4/2019,15:29,Thursday,JANE STATION,TUSC,0,0,W,BD,5137
4/4/2019,15:38,Thursday,BLOOR STATION,MUIS,0,0,N,YU,0
4/4/2019,15:50,Thursday,DUPONT STATION,TUATC,9,12,N,YU,5731
4/4/2019,16:15,Thursday,FINCH STATION,MUIS,0,0,,YU,0
4/4/2019,16:26,Thursday,COXWELL STATION,MUIS,0,0,,BD,0
4/4/2019,16:41,Thursday,VAUGHAN MC STATION,PUMEL,0,0,,YU,0
4/4/2019,16:49,Thursday,OSGOODE STATION,TUSC,0,0,N,YU,5776
4/4/2019,16:51,Thursday,YONGE BD STATION,MUPAA,4,7,W,BD,5254
4/4/2019,17:00,Thursday,BROADVIEW STATION,TUSC,0,0,W,BD,5089
4/4/2019,17:03,Thursday,ST CLAIR STATION,MUIS,0,0,N,YU,6076
4/4/2019,17:14,Thursday,BLOOR STATION,SUDP,3,5,N,YU,5721
4/4/2019,17:29,Thursday,DONLANDS STATION,MUIS,0,0,,BD,0
4/4/2019,17:40,Thursday,COXWELL STATION,MUSC,0,0,W,BD,5065
4/4/2019,18:50,Thursday,ST GEORGE YUS STATION,TUSC,6,8,N,YU,5726
4/4/2019,19:20,Thursday,WELLESLEY STATION,SUDP,0,0,S,YU,6031
4/4/2019,20:54,Thursday,EGLINTON STATION,MUPAA,0,0,N,YU,5981
4/4/2019,22:00,Thursday,YUS/BD/SHEPPARD SUBWAY,MUO,0,0,,YU/BD,0
4/4/2019,22:12,Thursday,QUEEN'S PARK STATION,SUDP,9,14,N,YU,6036
4/4/2019,22:28,Thursday,YORKDALE STATION,PUMEL,0,0,,YU,0
4/4/2019,22:36,Thursday,KENNEDY BD STATION,MUI,4,8,W,BD,5049
4/4/2019,23:00,Thursday,ST CLAIR WEST TO UNION,MUO,0,0,,,0
4/5/2019,03:34,Friday,ST GEORGE YUS STATION,MUIE,0,0,,YU,0
4/5/2019,05:59,Friday,VAUGHAN MC STATION,MUATC,7,11,S,YU,5706
4/5/2019,06:27,Friday,KIPLING STATION,EUSC,0,0,E,BD,5127
4/5/2019,06:36,Friday,KENNEDY BD STATION,MUSC,0,0,,BD,5046
4/5/2019,06:56,Friday,QUEEN'S PARK STATION,SUCOL,0,0,N,YU,6081
4/5/2019,08:02,Friday,DUNDAS WEST STATION,TUMVS,0,0,E,BD,5344
4/5/2019,08:35,Friday,FINCH STATION,TUNIP,3,5,S,YU,5731
4/5/2019,08:35,Friday,VAUGHAN MC STATION,TUNIP,3,7,S,YU,5576
4/5/2019,08:46,Friday,WARDEN STATION,SUUT,4,6,E,BD,5087
4/5/2019,09:17,Friday,VICTORIA PARK STATION,TUOS,4,6,E,BD,5211
4/5/2019,09:19,Friday,CASTLE FRANK STATION,SUDP,3,5,E,BD,5137
4/5/2019,09:47,Friday,PAPE STATION,MUTO,3,5,E,BD,5234
4/5/2019,09:47,Friday,ST GEORGE YUS STATION,MUO,5,7,N,YU,5631
4/5/2019,09:53,Friday,MUSEUM STATION,MUO,3,5,S,YU,5631
4/5/2019,09:56,Friday,SHEPPARD WEST STATION,PUMO,0,0,,YU,0
4/5/2019,10:11,Friday,KENNEDY BD STATION,MUIE,0,0,W,BD,5009
4/5/2019,10:12,Friday,KIPLING STATION,EUSC,0,0,E,BD,5127
4/5/2019,10:18,Friday,PAPE STATION,TUO,10,13,E,BD,5121
4/5/2019,10:19,Friday,LAWRENCE STATION,TUO,4,6,N,YU,5646
4/5/2019,11:03,Friday,KENNEDY BD STATION,MUO,3,6,W,BD,5254
4/5/2019,11:08,Friday,JANE STATION,PUMEL,0,0,,BD,0
4/5/2019,11:33,Friday,FINCH STATION,PUMEL,0,0,,YU,0
4/5/2019,12:00,Friday,VAUGHAN MC STATION,TUKEY,6,14,S,YU,6016
4/5/2019,12:39,Friday,YONGE BD STATION (LEAV,TUMVS,3,6,W,BD,5025
4/5/2019,12:49,Friday,COLLEGE STATION,MUIS,0,0,,YU,0
4/5/2019,12:49,Friday,MCCOWAN STATION,SRDP,10,15,S,SRT,3004
4/5/2019,12:56,Friday,KING STATION,PUTIJ,0,0,N,YU,6056
4/5/2019,12:56,Friday,KIPLING STATION,TUSC,0,0,W,BD,5369
4/5/2019,13:20,Friday,MUSEUM STATION,SUO,3,6,N,YU,5871
4/5/2019,13:43,Friday,SHEPPARD WEST STATION,SUO,0,0,,YU,0
4/5/2019,14:42,Friday,FINCH STATION,TUNIP,4,7,N,YU,5881
4/5/2019,14:52,Friday,CHESTER STATION,SUDP,3,6,E,BD,5127
4/5/2019,15:09,Friday,KENNEDY BD STATION,MUSC,0,0,W,BD,5306
4/5/2019,15:26,Friday,UNION STATION,MUIS,0,0,,YU,0
4/5/2019,16:00,Friday,WARDEN STATION,SUDP,4,6,E,BD,5060
4/5/2019,16:01,Friday,KIPLING STATION,MUSC,0,0,E,BD,5172
4/5/2019,16:08,Friday,SPADINA YUS STATION,TUSC,0,0,N,YU,5801
4/5/2019,16:12,Friday,SPADINA BD STATION,PUMEL,0,0,,BD,0
4/5/2019,16:27,Friday,VAUGHAN MC STATION,MUTO,4,6,S,YU,6051
4/5/2019,17:05,Friday,WOODBINE STATION,PUMST,0,0,W,BD,0
4/5/2019,17:08,Friday,KIPLING STATION,MUSC,0,0,E,BD,5190
4/5/2019,17:28,Friday,BLOOR STATION,MUNCA,0,0,,YU,0
4/5/2019,17:28,Friday,FINCH STATION,MUIS,0,0,,YU,0
4/5/2019,17:52,Friday,BAY STATION,MUNCA,0,0,,BD,0
4/5/2019,18:19,Friday,YORK MILLS STATION,PUMEL,0,0,,YU,0
4/5/2019,18:41,Friday,BROADVIEW STATION,MUIS,0,0,,BD,0
4/5/2019,18:44,Friday,UNION STATION,MUNCA,0,0,,YU,0
4/5/2019,18:45,Friday,SHEPPARD WEST STATION,SUAP,0,0,,YU,0
4/5/2019,18:58,Friday,BLOOR STATION,MUPAA,0,0,N,YU,5401
4/5/2019,19:29,Friday,ST GEORGE BD STATION,MUPAA,0,0,E,BD,5262
4/5/2019,19:42,Friday,BATHURST STATION,MUI,15,18,W,BD,5183
4/5/2019,20:02,Friday,ST PATRICK STATION,MUPAA,0,0,N,YU,5706
4/5/2019,20:04,Friday,BLOOR DANFORTH SUBWAY,MUGD,0,0,,BD,0
4/5/2019,20:10,Friday,SHEPPARD STATION,MUPAA,0,0,N,YU,5491
4/5/2019,20:20,Friday,VAUGHAN MC STATION,MUPAA,0,0,N,YU,5661
4/5/2019,21:32,Friday,ISLINGTON STATION,PUMST,0,0,,BD,0
4/5/2019,22:00,Friday,YUS/BD/SHEPPARD SUBWAY,MUO,0,0,,YU/BD,0
4/5/2019,23:18,Friday,BLOOR STATION,SUDP,3,8,S,YU,6111
4/5/2019,23:23,Friday,WARDEN STATION,MUIS,0,0,E,BD,0
4/5/2019,23:50,Friday,BLOOR DANFORTH SUBWAY,MUGD,0,0,,BD,0
4/5/2019,23:50,Friday,VAUGHAN MC STATION,MUI,5,10,S,YU,5481
4/6/2019,00:51,Saturday,GREENWOOD STATION,TUSC,0,0,W,BD,5022
4/6/2019,01:39,Saturday,EGLINTON STATION,MUIS,0,0,,YU,0
4/6/2019,05:44,Saturday,DONLANDS STATION,EUSC,0,0,W,BD,5029
4/6/2019,06:18,Saturday,COXWELL STATION,MUSC,0,0,E,BD,5289
4/6/2019,06:32,Saturday,ISLINGTON STATION,EUSC,0,0,E,BD,5303
4/6/2019,06:35,Saturday,ROYAL YORK STATION,EUSC,0,0,E,BD,5303
4/6/2019,06:40,Saturday,VAUGHAN MC STATION,TUNIP,0,0,S,YU,0
4/6/2019,07:59,Saturday,ROYAL YORK STATION,MUDD,0,0,E,BD,5248
4/6/2019,08:26,Saturday,FINCH STATION,MUIRS,0,0,,YU,0
4/6/2019,09:10,Saturday,BESSARION STATION,MUSC,0,0,E,SHP,6141
4/6/2019,09:15,Saturday,BAYVIEW STATION,PUMEL,0,0,,SHP,0
4/6/2019,10:31,Saturday,ST PATRICK STATION,PUMEL,0,0,,YU,0
4/6/2019,10:32,Saturday,SUMMERHILL STATION,SUAP,4,9,N,YU,5021
4/6/2019,11:53,Saturday,GREENWOOD STATION,MUSAN,5,9,E,BD,5304
4/6/2019,13:22,Saturday,KENNEDY BD STATION,EUPI,0,0,E,BD,5150
4/6/2019,13:29,Saturday,KIPLING STATION,EUNT,0,0,E,BD,5183
4/6/2019,13:48,Saturday,DAVISVILLE STATION,MUNOA,0,0,,YU,0
4/6/2019,13:50,Saturday,EGLINTON WEST STATION,MUIS,0,0,,YU,0
4/6/2019,13:59,Saturday,COLLEGE STATION,MUO,0,0,,YU,0
4/6/2019,14:21,Saturday,VICTORIA PARK STATION,MUPLB,15,20,W,BD,5044
4/6/2019,14:39,Saturday,BLOOR STATION,SUO,0,0,N,YU,5681
4/6/2019,14:40,Saturday,KIPLING STATION,MUIRS,0,0,,BD,0
4/6/2019,15:05,Saturday,BLOOR DANFORTH SUBWAY,MUGD,0,0,,BD,0
4/6/2019,15:17,Saturday,KENNEDY BD STATION,TUSC,0,0,E,BD,5329
4/6/2019,15:25,Saturday,WELLESLEY STATION,MUIRS,0,0,,YU,0
4/6/2019,15:39,Saturday,BATHURST STATION,MUDD,7,12,W,BD,5020
4/6/2019,15:40,Saturday,LAWRENCE STATION,SUDP,20,25,N,YU,6061
4/6/2019,15:44,Saturday,FINCH WEST STATION,MUIR,15,20,N,YU,5686
4/6/2019,15:49,Saturday,SHEPPARD WEST STATION,SUDP,3,8,N,YU,5411
4/6/2019,16:04,Saturday,LAWRENCE STATION,MUO,0,0,N,YU,6061
4/6/2019,16:39,Saturday,DAVISVILLE STATION,MUIS,0,0,,YU,0
4/6/2019,16:54,Saturday,ST CLAIR STATION,SUDP,6,11,N,YU,6026
4/6/2019,17:13,Saturday,JANE STATION,MUIS,0,0,,BD,0
4/6/2019,17:29,Saturday,BAYVIEW STATION,MUPAA,11,17,E,SHP,6196
4/6/2019,18:03,Saturday,CHESTER STATION,MUPAA,0,0,W,BD,5124
4/6/2019,18:46,Saturday,COXWELL STATION,MUCL,5,10,W,BD,0
4/6/2019,18:57,Saturday,UNION STATION,MUO,0,0,,YU,0
4/6/2019,20:06,Saturday,BAY STATION,SUDP,4,9,W,BD,5029
4/6/2019,20:31,Saturday,BATHURST STATION,MUPLC,0,0,,BD,0
4/6/2019,20:57,Saturday,KING STATION,EUSC,0,0,S,YU,6051
4/6/2019,21:17,Saturday,WOODBINE STATION,SUDP,4,8,E,BD,5208
4/6/2019,21:52,Saturday,BAYVIEW STATION,MUSC,3,8,E,SHP,6141
4/6/2019,21:52,Saturday,COXWELL STATION,TUNIP,4,8,E,BD,5319
4/6/2019,21:58,Saturday,COXWELL STATION,TUNIP,3,7,E,BD,5366
4/6/2019,22:00,Saturday,LESLIE STATION,TUSUP,3,8,E,SHP,6141
4/6/2019,22:00,Saturday,YUS/BD/SHEPPARD SUBWAY,MUO,0,0,,YU/BD,0
4/6/2019,22:08,Saturday,CHRISTIE STATION,TUMVS,0,0,E,BD,5061
4/7/2019,00:43,Sunday,OLD MILL STATION,EUSC,0,0,W,BD,5022
4/7/2019,00:49,Sunday,KIPLING STATION,EUSC,0,0,W,BD,5022
4/7/2019,01:39,Sunday,ROYAL YORK STATION,MUIS,0,0,,BD,0
4/7/2019,01:59,Sunday,GLENCAIRN STATION,EUATC,10,15,N,YU,5391
4/7/2019,02:06,Sunday,EGLINTON STATION,SUAE,0,0,,YU,0
4/7/2019,08:00,Sunday,ST GEORGE TO BROADVIEW,MUO,0,0,,BD,0
4/7/2019,08:18,Sunday,SHEPPARD WEST STATION,MUATC,3,8,N,YU,6096
4/7/2019,08:40,Sunday,DUPONT STATION,TUATC,6,11,N,YU,5836
4/7/2019,08:40,Sunday,ST GEORGE BD STATION,MUD,4,9,E,BD,5254
4/7/2019,09:00,Sunday,SHEPPARD STATION,PUSTC,4,9,S,YU,5711
4/7/2019,09:11,Sunday,ROYAL YORK STATION,MUSC,0,0,E,BD,5304
4/7/2019,09:44,Sunday,YORK MILLS STATION,TUMVS,0,0,N,YU,5591
4/7/2019,10:00,Sunday,ST GEORGE BD STATION,MUTO,5,10,E,BD,5183
4/7/2019,10:05,Sunday,BLOOR DANFORTH SUBWAY,MUGD,0,0,,BD,0
4/7/2019,10:11,Sunday,YORK MILLS STATION,MUSC,0,0,S,YU,5596
4/7/2019,11:06,Sunday,VAUGHAN MC STATION,TUNIP,5,10,S,YU,5456
4/7/2019,11:23,Sunday,YORKDALE STATION,EUATC,6,11,S,YU,5781
4/7/2019,12:26,Sunday,ISLINGTON STATION,EUSC,0,0,E,BD,5303
4/7/2019,12:37,Sunday,FINCH STATION,PUMEL,0,0,,YU,0
4/7/2019,12:52,Sunday,LAWRENCE WEST STATION,MUATC,0,0,S,YU,5901
4/7/2019,14:29,Sunday,DUNDAS WEST STATION,MUD,3,7,E,BD,5082
4/7/2019,14:36,Sunday,FINCH STATION,MUO,3,7,S,YU,5426
4/7/2019,15:06,Sunday,SPADINA YUS STATION,TUSC,0,0,S,YU,5646
4/7/2019,17:04,Sunday,KING STATION,MUNCA,0,0,,YU,0
4/7/2019,17:34,Sunday,YONGE BD STATION,MUIS,0,0,,BD,0
4/7/2019,18:09,Sunday,KIPLING STATION,MUDD,4,8,E,BD,5006
4/7/2019,19:10,Sunday,YONGE BD STATION,MUI,10,14,E,BD,5283
4/7/2019,19:42,Sunday,OLD MILL STATION,EUBK,0,0,E,BD,5097
4/7/2019,19:51,Sunday,COXWELL STATION,MUIR,7,11,E,BD,5363
4/7/2019,19:58,Sunday,FINCH STATION,MUSC,0,0,S,YU,5451
4/7/2019,20:04,Sunday,ISLINGTON STATION,EUSC,0,0,E,BD,5303
4/7/2019,20:35,Sunday,JANE STATION,MUPAA,0,0,W,BD,5283
4/7/2019,20:49,Sunday,OSGOODE STATION,TUSC,0,0,S,YU,5426
4/7/2019,21:49,Sunday,OLD MILL STATION,EUSC,0,0,E,BD,5303
4/7/2019,21:50,Sunday,FINCH STATION,EUSC,0,0,S,YU,5726
4/7/2019,21:59,Sunday,YORK MILLS STATION,EUSC,0,0,S,YU,5726
4/7/2019,22:00,Sunday,YUS/BD/SHEPPARD SUBWAY,MUO,0,0,,YU/BD,0
4/7/2019,22:39,Sunday,ISLINGTON STATION,MUSC,0,0,E,BD,5189
4/7/2019,23:11,Sunday,VICTORIA PARK STATION,MUSC,0,0,E,BD,5183
4/7/2019,23:17,Sunday,ISLINGTON STATION,EUSC,0,0,,BD,5303
4/7/2019,23:30,Sunday,COXWELL STATION,MUTO,3,5,W,BD,5341
4/8/2019,00:16,Monday,YORK MILLS STATION,MUPAA,0,0,S,YU,5981
4/8/2019,00:22,Monday,JANE STATION,TUO,8,12,E,BD,5223
4/8/2019,01:00,Monday,WILSON STATION,MUIRS,0,0,,,0
4/8/2019,05:51,Monday,SHEPPARD WEST STATION,MUO,21,0,N,YU,5806
4/8/2019,05:55,Monday,BLOOR STATION,PUSTC,5,9,S,YU,5581
4/8/2019,05:56,Monday,ST CLAIR WEST STATION,EUATC,4,7,S,YU,5736
4/8/2019,06:03,Monday,BAY STATION,MUPAA,4,10,E,BD,5119
4/8/2019,06:34,Monday,COXWELL STATION,MUSC,0,0,E,BD,5310
4/8/2019,07:05,Monday,KENNEDY BD STATION,TUSC,6,11,,BD,5250
4/8/2019,07:12,Monday,ISLINGTON STATION,EUSC,0,0,E,BD,5303
4/8/2019,07:21,Monday,WARDEN STATION,MUSC,0,0,E,BD,5348
4/8/2019,07:49,Monday,COXWELL STATION,MUNCA,0,0,,BD,0
4/8/2019,07:55,Monday,BLOOR STATION,SUAP,0,0,,YU,0
4/8/2019,08:11,Monday,VICTORIA PARK STATION,TUMVS,0,0,W,BD,5141
4/8/2019,08:21,Monday,OLD MILL STATION,TUSC,0,0,W,BD,5042
4/8/2019,08:22,Monday,OSSINGTON STATION,TUS,5,8,W,BD,0
4/8/2019,08:24,Monday,LESLIE STATION,TUSC,0,0,W,SHP,6166
4/8/2019,08:39,Monday,SCARBOROUGH CTR STATIO,ERDO,4,9,S,SRT,3024
4/8/2019,09:00,Monday,QUEEN'S PARK STATION,MUIR,3,5,S,YU,6131
4/8/2019,09:02,Monday,KENNEDY BD STATION,MUIS,0,0,,BD,0
4/8/2019,09:06,Monday,ISLINGTON STATION,EUSC,0,0,E,BD,5303
4/8/2019,09:31,Monday,MCCOWAN STATION,ERDO,5,10,S,SRT,3024
4/8/2019,10:50,Monday,ISLINGTON STATION,EUSC,0,0,E,BD,5303
4/8/2019,11:04,Monday,WILSON STATION,MUATC,3,6,S,YU,5871
4/8/2019,11:05,Monday,YORK UNIVERSITY STATIO,PUMEL,0,0,,YU,0
4/8/2019,11:12,Monday,CHESTER STATION,MUIS,0,0,E,BD,0
4/8/2019,11:33,Monday,BROADVIEW STATION,EUDO,9,12,W,BD,5300
4/8/2019,13:12,Monday,KEELE STATION,PUSTS,6,9,E,BD,5044
4/8/2019,14:53,Monday,FINCH STATION,TUSC,0,0,N,YU,5541
4/8/2019,15:00,Monday,DAVISVILLE STATION,PUMEL,0,0,,YU,0
4/8/2019,15:35,Monday,BLOOR STATION,SUDP,4,7,S,YU,5696
4/8/2019,15:38,Monday,PAPE STATION,SUDP,0,0,W,BD,5359
4/8/2019,15:54,Monday,DAVISVILLE STATION,MUSC,0,0,S,YU,5466
4/8/2019,16:08,Monday,DUPONT MIGRATION POINT,MUATC,3,6,N,YU,6041
4/8/2019,16:35,Monday,KENNEDY BD STATION,MUSAN,3,5,E,BD,5191
4/8/2019,17:49,Monday,ST GEORGE BD STATION,MUNCA,0,0,,YU,0
4/8/2019,18:20,Monday,HIGHWAY 407 STATION,MUATC,0,0,S,YU,5551
4/8/2019,18:23,Monday,KIPLING STATION,TUNIP,6,8,E,BD,5001
4/8/2019,18:29,Monday,ISLINGTON STATION,MUNCA,0,0,,BD,0
4/8/2019,18:36,Monday,GREENWOOD YARD,EUSC,0,0,E,BD,5300
4/8/2019,19:35,Monday,KEELE STATION,PUSTS,3,6,E,BD,5006
4/8/2019,20:37,Monday,BLOOR STATION,MUPAA,0,0,N,YU,5461
4/8/2019,21:04,Monday,WARDEN STATION,MUSC,0,0,W,BD,5005
4/8/2019,21:27,Monday,KEELE STATION,SUDP,0,0,E,BD,0
4/8/2019,21:28,Monday,HIGHWAY 407 STATION,PUMEL,0,0,,YU,0
4/8/2019,22:00,Monday,YUS/BD/SHEPPARD SUBWAY,MUO,0,0,,YU/BD,0
4/8/2019,22:02,Monday,OSSINGTON STATION,MUIS,0,0,,BD,0
4/8/2019,22:04,Monday,DOWNSVIEW PARK STATION,MUI,0,0,N,YU,0
4/8/2019,22:30,Monday,WILSON STATION,MUPAA,4,7,S,YU,5721
4/8/2019,23:20,Monday,YUS/BD/SHEPPARD SUBWAY,MUGD,0,0,,YU,0
4/8/2019,23:31,Monday,KENNEDY BD STATION,MUIS,0,0,,BD,0
4/9/2019,00:21,Tuesday,BLOOR DANFORTH SUBWAY,PUMEL,0,0,,YU,0
4/9/2019,05:41,Tuesday,DAVISVILLE STATION,EUME,4,9,N,YU,5681
4/9/2019,05:49,Tuesday,DONLANDS STATION,EUME,0,0,W,BD,5126
4/9/2019,05:53,Tuesday,DUNDAS WEST STATION,MUSC,0,0,E,BD,5292
4/9/2019,05:56,Tuesday,KEELE STATION,EUECD,5,10,W,BD,5242
4/9/2019,06:01,Tuesday,COXWELL STATION,MUSC,0,0,E,BD,5331
4/9/2019,06:12,Tuesday,MCCOWAN STATION,TRO,5,10,S,SRT,3022
4/9/2019,06:15,Tuesday,VICTORIA PARK STATION,MUSC,0,0,E,BD,5050
4/9/2019,06:28,Tuesday,COXWELL STATION,MUSC,0,0,E,BD,5210
4/9/2019,06:34,Tuesday,COXWELL STATION,MUSC,0,0,,BD,5144
4/9/2019,06:36,Tuesday,KENNEDY BD STATION,EUSC,0,0,W,BD,5105
4/9/2019,06:58,Tuesday,COXWELL STATION,MUSC,0,0,E,BD,5310
4/9/2019,07:51,Tuesday,BLOOR STATION,MUIS,0,0,S,YU,0
4/9/2019,09:24,Tuesday,SUMMERHILL STATION,MUI,5,7,N,YU,5716
4/9/2019,09:56,Tuesday,WELLESLEY STATION,MUIS,0,0,,YU,0
4/9/2019,10:06,Tuesday,NORTH YORK CTR STATION,MUSC,0,0,N,YU,6031
4/9/2019,10:13,Tuesday,OSGOODE STATION,TUSC,0,0,N,YU,5541
4/9/2019,10:48,Tuesday,DUNDAS STATION,MUPAA,0,0,S,YU,6021
4/9/2019,11:41,Tuesday,SHEPPARD-YONGE STATION,TUCC,5,10,W,SHP,6146
4/9/2019,12:12,Tuesday,WARDEN STATION,TUSC,0,0,E,BD,5300
4/9/2019,12:59,Tuesday,YORK MILLS STATION,TUSC,0,0,S,YU,6021
4/9/2019,13:03,Tuesday,VAUGHAN MC STATION,EUHV,3,6,N,YU,5426
4/9/2019,13:05,Tuesday,JANE STATION,TUSC,0,0,W,BD,5320
4/9/2019,13:35,Tuesday,FINCH WEST STATION,SUDP,3,6,S,YU,5616
4/9/2019,13:45,Tuesday,WILSON STATION,MUTO,3,6,N,YU,6036
4/9/2019,14:56,Tuesday,DUNDAS STATION,MUPAA,3,5,S,YU,5896
4/9/2019,15:03,Tuesday,VAUGHAN MC STATION,TUNIP,3,6,S,YU,6091
4/9/2019,15:44,Tuesday,GREENWOOD STATION,MUI,28,30,E,BD,5006
4/9/2019,16:01,Tuesday,DUFFERIN STATION,SUAP,3,5,E,BD,5046
4/9/2019,16:31,Tuesday,DUFFERIN STATION,MUPAA,0,0,E,BD,5331
4/9/2019,16:36,Tuesday,COXWELL STATION,TUNIP,4,6,W,BD,5022
4/9/2019,17:01,Tuesday,WOODBINE STATION,EUDO,2,4,E,BD,5341
4/9/2019,17:22,Tuesday,WARDEN STATION,EUBK,0,0,E,BD,5116
4/9/2019,17:27,Tuesday,ST CLAIR STATION,SUSA,0,0,N,YU,6071
4/9/2019,18:08,Tuesday,COXWELL STATION,MUPAA,0,0,E,BD,5164
4/9/2019,18:13,Tuesday,SPADINA BD STATION,SUUT,10,12,E,BD,5249
4/9/2019,19:05,Tuesday,BLOOR DANFORTH SUBWAY,MUGD,0,0,,BD,0
4/9/2019,19:54,Tuesday,ROYAL YORK STATION,MUIS,0,0,,BD,0
4/9/2019,20:12,Tuesday,DUNDAS STATION,MUD,4,7,N,YU,5996
4/9/2019,21:22,Tuesday,ST GEORGE BD STATION,MUIR,4,8,E,BD,5025
4/9/2019,21:35,Tuesday,CHRISTIE STATION,SUDP,6,11,W,BD,5359
4/9/2019,21:42,Tuesday,ST GEORGE BD STATION,EUSC,0,0,W,BD,5306
4/9/2019,21:43,Tuesday,YORKDALE STATION,MUIRS,0,0,,YU,0
4/9/2019,21:58,Tuesday,CHESTER STATION,TUO,5,10,W,BD,5254
4/9/2019,22:00,Tuesday,YUS/BD/SHEPPARD SUBWAY,MUO,0,0,,YU/BD,0
4/9/2019,22:13,Tuesday,WILSON STATION,MUATC,5,10,S,YU,5811
4/9/2019,23:37,Tuesday,BROADVIEW STATION,PUSTC,4,9,W,BD,5119
4/9/2019,23:44,Tuesday,BLOOR STATION,MUO,0,0,N,YU,5601
4/10/2019,00:50,Wednesday,SHEPPARD-YONGE STATION,MUPAA,3,8,E,SHP,6181
4/10/2019,01:07,Wednesday,VICTORIA PARK STATION,TUKEY,4,8,W,BD,5254
4/10/2019,01:21,Wednesday,HIGH PARK STATION,SUDP,6,10,W,BD,5009
4/10/2019,02:59,Wednesday,WILSON STATION,MUPLC,0,0,,YU,0
4/10/2019,05:42,Wednesday,KENNEDY BD STATION,PUTWZ,4,0,W,BD,5355
4/10/2019,06:00,Wednesday,DUPONT STATION,MUSC,0,0,S,YU,5546
4/10/2019,06:08,Wednesday,KENNEDY BD STATION,TUSC,0,0,W,BD,5306
4/10/2019,06:36,Wednesday,WILSON STATION,TUSC,0,0,S,YU,5631
4/10/2019,06:46,Wednesday,KIPLING STATION,MUSC,0,0,E,BD,5146
4/10/2019,06:47,Wednesday,KENNEDY BD STATION,MUSC,0,0,W,BD,5087
4/10/2019,07:03,Wednesday,KIPLING STATION,MUSC,0,0,E,BD,5273
4/10/2019,07:04,Wednesday,DAVISVILLE STATION,EUSC,0,0,S,YU,6051
4/10/2019,07:12,Wednesday,ISLINGTON STATION,SUROB,0,0,,BD,0
4/10/2019,07:15,Wednesday,ST CLAIR STATION,MUIS,0,0,,YU,0
4/10/2019,07:29,Wednesday,YUS/BD/SHEPPARD SUBWAY,MUO,0,0,,YU/BD,0
4/10/2019,08:17,Wednesday,KEELE STATION,PUSTS,0,0,E,BD,5310
4/10/2019,08:20,Wednesday,ST GEORGE BD STATION,EUSC,0,0,W,BD,5306
4/10/2019,08:22,Wednesday,KING STATION,MUIRS,0,0,,YU,0
4/10/2019,08:41,Wednesday,ISLINGTON STATION,EUSC,0,0,W,BD,5306
4/10/2019,08:53,Wednesday,OSGOODE STATION,TUSC,0,0,N,YU,6036
4/10/2019,09:04,Wednesday,KEELE STATION,MUIS,0,0,,BD,0
4/10/2019,09:35,Wednesday,SHEPPARD STATION,MUI,4,6,N,YU,5906
4/10/2019,09:41,Wednesday,KENNEDY BD STATION,EUSC,0,0,W,BD,5306
4/10/2019,10:05,Wednesday,ST GEORGE BD STATION,EUSC,0,0,W,BD,5306
4/10/2019,10:47,Wednesday,DUNDAS WEST STATION,SUAE,12,15,W,BD,5263
4/10/2019,11:11,Wednesday,ISLINGTON STATION,TUSC,0,0,W,BD,5091
4/10/2019,11:30,Wednesday,SHEPPARD-YONGE STATION,PUSNT,3,8,W,SHP,6156
4/10/2019,11:53,Wednesday,ST GEORGE BD STATION,EUSC,0,0,W,BD,5306
4/10/2019,12:47,Wednesday,SHEPPARD STATION,MUI,8,11,S,YU,5581
4/10/2019,13:02,Wednesday,QUEEN STATION,MUPAA,0,0,N,YU,5791
4/10/2019,13:07,Wednesday,QUEEN STATION,MUIRS,0,0,,YU,0
4/10/2019,13:12,Wednesday,HIGHWAY 407 STATION,TUATC,3,6,N,YU,5926
4/10/2019,13:43,Wednesday,DAVISVILLE STATION,MUIS,0,0,,YU,0
4/10/2019,14:01,Wednesday,YONGE BD STATION,MUIS,0,0,E,BD,0
4/10/2019,14:13,Wednesday,CHRISTIE STATION,MUPAA,0,0,W,BD,5332
4/10/2019,14:44,Wednesday,DUPONT STATION,TUATC,6,9,N,YU,5676
4/10/2019,15:31,Wednesday,ST CLAIR WEST STATION,SUUT,8,11,N,YU,5876
4/10/2019,16:30,Wednesday,DUNDAS STATION,MUSC,0,0,S,YU,5741
4/10/2019,16:41,Wednesday,ST GEORGE BD STATION,EUSC,0,0,W,BD,5254
4/10/2019,16:59,Wednesday,VICTORIA PARK STATION,EUSC,0,0,W,BD,5306
4/10/2019,17:02,Wednesday,KENNEDY BD STATION,EUBK,0,0,E,BD,5204
4/10/2019,17:19,Wednesday,ST GEORGE BD STATION,EUSC,0,0,W,BD,5306
4/10/2019,17:21,Wednesday,WELLESLEY STATION,MUPAA,0,0,S,YU,5841
4/10/2019,17:31,Wednesday,KEELE STATION,EUSC,0,0,W,BD,5306
4/10/2019,17:35,Wednesday,ST CLAIR WEST STATION,SUDP,0,0,,YU,0
4/10/2019,17:41,Wednesday,BAY STATION,SUDP,0,0,W,BD,5368
4/10/2019,17:48,Wednesday,KENNEDY SRT STATION,ERPR,6,16,N,SRT,3023
4/10/2019,17:49,Wednesday,SUMMERHILL STATION,MUPAA,0,0,S,YU,5391
4/10/2019,17:51,Wednesday,OSSINGTON STATION,SUDP,4,6,W,BD,5368
4/10/2019,17:53,Wednesday,KING STATION,PUSTS,4,6,N,YU,5781
4/10/2019,17:56,Wednesday,ST GEORGE BD STATION,MUO,0,0,E,BD,5219
4/10/2019,18:44,Wednesday,SPADINA YUS STATION,TUSC,0,0,S,YU,5386
4/10/2019,18:45,Wednesday,MUSEUM STATION,TUMVS,0,0,S,YU,5681
4/10/2019,19:08,Wednesday,WARDEN STATION,EUTR,3,6,W,BD,5150
4/10/2019,19:10,Wednesday,UNION TO KING,PUSTS,3,6,N,YU,5811
4/10/2019,20:09,Wednesday,VAUGHAN MC STATION,TUNIP,5,7,S,YU,5756
4/10/2019,23:30,Wednesday,ST GEORGE YUS STATION,MUO,3,8,S,YU,5601
4/11/2019,00:16,Thursday,BLOOR DANFORTH SUBWAY,MUGD,0,0,,BD,0
4/11/2019,00:48,Thursday,ST GEORGE YUS STATION,SUDP,4,9,S,YU,5721
4/11/2019,01:20,Thursday,FINCH STATION,MUTO,5,10,S,YU,5496
4/11/2019,02:04,Thursday,JANE STATION,TUSC,0,0,W,BD,5312
4/11/2019,02:33,Thursday,SHEPPARD STATION,TUSC,0,0,S,YU,5806
4/11/2019,05:29,Thursday,DUPONT STATION,MUSC,0,0,S,YU,5956
4/11/2019,05:49,Thursday,DONLANDS STATION,MUSC,0,0,W,BD,5040
4/11/2019,06:00,Thursday,TORONTO TRANSIT COMMIS,MUO,0,0,,YU/BD,0
4/11/2019,06:00,Thursday,TORONTO TRANSIT COMMIS,MUO,0,0,,SHP,0
4/11/2019,06:00,Thursday,TORONTO TRANSIT COMMIS,MRO,0,0,,SRT,0
4/11/2019,06:14,Thursday,FINCH STATION,MUSC,0,0,S,YU,5686
4/11/2019,06:51,Thursday,COXWELL STATION,MUSC,0,0,E,BD,5197
4/11/2019,07:04,Thursday,SHEPPARD STATION,MUIRS,0,0,,YU,0
4/11/2019,07:14,Thursday,DUPONT STATION,MUSC,0,0,S,YU,5431
4/11/2019,07:18,Thursday,LAWRENCE WEST STATION,SUDP,4,6,S,YU,5806
4/11/2019,08:08,Thursday,SHERBOURNE STATION,PUMST,0,0,,BD,0
4/11/2019,08:38,Thursday,ST CLAIR STATION,MUPAA,0,0,S,YU,6011
4/11/2019,08:50,Thursday,SHERBOURNE STATION,MUIRS,0,0,E,BD,0
4/11/2019,08:51,Thursday,HIGH PARK STATION,EUDO,5,7,E,BD,5012
4/11/2019,08:52,Thursday,OSSINGTON STATION,TUSC,0,0,E,BD,5306
4/11/2019,09:18,Thursday,DAVISVILLE STATION,MUSC,0,0,N,YU,5891
4/11/2019,10:40,Thursday,ST GEORGE BD STATION,PUSTS,0,0,E,BD,5312
4/11/2019,11:40,Thursday,DAVISVILLE STATION,EUPI,3,6,S,YU,5666
4/11/2019,11:43,Thursday,ST CLAIR STATION,MUIS,0,0,N,YU,0
4/11/2019,11:46,Thursday,SHEPPARD-YONGE STATION,MUSC,0,0,E,SHP,6181
4/11/2019,11:54,Thursday,VICTORIA PARK STATION,SUDP,0,0,W,BD,5302
4/11/2019,12:12,Thursday,EGLINTON WEST STATION,MUPAA,6,9,N,YU,6086
4/11/2019,12:40,Thursday,DOWNSVIEW PARK STATION,MUIS,0,0,,YU,0
4/11/2019,13:07,Thursday,ROYAL YORK STATION,MUSC,0,0,E,BD,5152
4/11/2019,13:25,Thursday,VAUGHAN MC STATION,MUIS,0,0,,YU,0
4/11/2019,13:37,Thursday,KIPLING STATION,MUSC,0,0,W,BD,5252
4/11/2019,13:58,Thursday,DAVISVILLE STATION,MUSC,0,0,N,YU,6041
4/11/2019,14:04,Thursday,SHERBOURNE STATION,MUIS,0,0,,BD,0
4/11/2019,14:10,Thursday,HIGH PARK STATION,MUSC,0,0,W,BD,5142
4/11/2019,15:35,Thursday,DUPONT STATION,MUSC,0,0,S,YU,5981
4/11/2019,15:40,Thursday,WILSON HOSTLER,MUCL,3,5,S,YU,5456
4/11/2019,15:55,Thursday,DAVISVILLE STATION,MUIS,0,0,S,YU,0
4/11/2019,16:02,Thursday,WILSON STATION,MUATC,5,8,S,YU,6136
4/11/2019,16:49,Thursday,ST GEORGE BD STATION,EUBK,0,0,E,BD,5336
4/11/2019,16:54,Thursday,RUNNYMEDE STATION,TUSC,0,0,W,BD,5061
4/11/2019,17:12,Thursday,BATHURST STATION,SUDP,3,5,E,BD,5228
4/11/2019,17:38,Thursday,QUEEN'S PARK STATION,MUPAA,0,0,N,YU,5506
4/11/2019,18:54,Thursday,YORK MILLS STATION,MUIS,0,0,,YU,0
4/11/2019,18:55,Thursday,BATHURST STATION,SUDP,4,7,W,BD,5150
4/11/2019,19:12,Thursday,BROADVIEW STATION,MUIS,0,0,,BD,0
4/11/2019,19:23,Thursday,WARDEN STATION,TUMVS,8,11,W,BD,5297
4/11/2019,19:54,Thursday,VAUGHAN MC STATION,MUTO,0,0,S,YU,5411
4/11/2019,20:19,Thursday,SHEPPARD STATION,TUSC,0,0,N,YU,5891
4/11/2019,20:25,Thursday,SCARBOROUGH CTR STATIO,SRAP,0,0,,SRT,0
4/11/2019,20:42,Thursday,ST CLAIR STATION,MUSC,0,0,N,YU,5421
4/11/2019,20:53,Thursday,WARDEN STATION,MUIR,10,14,E,BD,5242
4/11/2019,21:18,Thursday,DAVISVILLE STATION,MUSC,0,0,S,YU,6051
4/11/2019,21:45,Thursday,BLOOR STATION,SUDP,14,19,N,YU,5746
4/11/2019,22:00,Thursday,YUS/BD/SHEPPARD SUBWAY,MUO,0,0,,YU/BD,0
4/11/2019,22:06,Thursday,SCARBOROUGH CTR STATIO,SRDP,0,0,,SRT,0
4/11/2019,22:40,Thursday,COLLEGE STATION,MUIS,0,0,,YU,0
4/11/2019,23:39,Thursday,KENNEDY BD STATION,MUI,4,8,W,BD,5364
4/11/2019,23:56,Thursday,DUPONT STATION,MUATC,3,8,S,YU,6106
4/12/2019,00:15,Friday,YORKDALE STATION,SUO,4,9,S,YU,5671
4/12/2019,01:54,Friday,DUNDAS STATION,SUEAS,0,0,S,YU,0
4/12/2019,02:16,Friday,KENNEDY BD STATION,MUIR,0,0,W,BD,5032
4/12/2019,05:48,Friday,WILSON STATION,EUDO,4,7,S,YU,5616
4/12/2019,05:50,Friday,COXWELL STATION,MUSC,0,0,E,BD,5164
4/12/2019,07:28,Friday,DUPONT STATION,MUSC,0,0,S,YU,5921
4/12/2019,07:40,Friday,DUPONT STATION,EUATC,3,5,S,YU,5401
4/12/2019,07:50,Friday,WARDEN STATION,MUSC,0,0,E,BD,5164
4/12/2019,07:55,Friday,WILSON STATION,EUHV,3,5,N,YU,5986
4/12/2019,08:04,Friday,KENNEDY BD STATION,MUSC,0,0,W,BD,5084
4/12/2019,08:10,Friday,JANE STATION,TUSC,0,0,W,BD,5219
4/12/2019,08:44,Friday,DAVISVILLE STATION,MUIR,5,7,S,YU,5461
4/12/2019,09:52,Friday,BAYVIEW STATION,MUSC,5,19,E,SHP,6141
4/12/2019,09:56,Friday,ROYAL YORK STATION,MUSC,3,6,W,BD,5302
4/12/2019,10:08,Friday,EGLINTON STATION,TUCC,0,0,S,YU,5731
4/12/2019,10:44,Friday,OSSINGTON STATION,TUSC,0,0,E,BD,5039
4/12/2019,11:21,Friday,KENNEDY BD STATION,MUSC,5,8,E,BD,5006
4/12/2019,11:34,Friday,FINCH STATION,MUSC,0,0,N,YU,5911
4/12/2019,11:45,Friday,BAYVIEW STATION,MUPF,0,0,W,SHP,6186
4/12/2019,11:51,Friday,BAYVIEW STATION,MUSC,0,0,E,SHP,6141
4/12/2019,11:51,Friday,LESLIE STATION,MUSC,0,0,E,SHP,6141
4/12/2019,12:42,Friday,ISLINGTON STATION,MUSC,0,0,E,BD,5048
4/12/2019,13:12,Friday,DUNDAS WEST STATION,PUMEL,0,0,,BD,0
4/12/2019,13:34,Friday,SPADINA BD STATION,SUEAS,11,14,W,BD,5281
4/12/2019,13:56,Friday,VICTORIA PARK STATION,MUSC,0,0,W,BD,5020
4/12/2019,13:57,Friday,WARDEN STATION,MUSC,0,0,E,BD,5332
4/12/2019,13:59,Friday,ISLINGTON STATION,TUSC,0,0,W,BD,5111
4/12/2019,14:34,Friday,ISLINGTON STATION,TUMVS,8,11,E,BD,5048
4/12/2019,14:38,Friday,ISLINGTON STATION,MUSC,0,0,E,BD,5301
4/12/2019,14:55,Friday,JANE STATION,TUSC,0,0,W,BD,5163
4/12/2019,15:05,Friday,MCCOWAN STATION,ERTC,5,10,,SRT,0
4/12/2019,15:36,Friday,SHERBOURNE STATION,PUMEL,0,0,,BD,0
4/12/2019,16:38,Friday,KEELE STATION,PUMEL,0,0,,BD,0
4/12/2019,17:15,Friday,DOWNSVIEW PARK STATION,PUMEL,0,0,,YU,0
4/12/2019,17:17,Friday,EGLINTON STATION,MUIR,0,0,N,YU,5836
4/12/2019,17:22,Friday,KENNEDY SRT STATION,ERDO,0,0,N,SRT,3009
4/12/2019,17:30,Friday,LAWRENCE EAST STATION,ERDO,5,10,N,SRT,3009
4/12/2019,17:46,Friday,WOODBINE STATION,MUSC,0,0,W,BD,5020
4/12/2019,17:47,Friday,SPADINA BD STATION,MUD,5,7,W,BD,5012
4/12/2019,17:55,Friday,BLOOR STATION,MUI,0,0,N,YU,5656
4/12/2019,18:05,Friday,ELLESMERE STATION,MRO,5,10,N,SRT,3009
4/12/2019,18:10,Friday,FINCH STATION,MUTO,0,0,S,YU,5961
4/12/2019,18:23,Friday,BLOOR STATION,MUIS,0,0,,YU,0
4/12/2019,19:13,Friday,OSGOODE STATION,PUMST,0,0,,YU,0
4/12/2019,20:04,Friday,FINCH STATION,MUSC,0,0,S,YU,5976
4/12/2019,20:28,Friday,SHEPPARD STATION,MUPLC,0,0,,YU,0
4/12/2019,20:46,Friday,EGLINTON STATION,SUDP,4,7,S,YU,5686
4/12/2019,21:16,Friday,UNION STATION,PUMEL,0,0,,YU,0
4/12/2019,21:31,Friday,NORTH YORK CTR STATION,SUUT,6,11,S,YU,5431
4/12/2019,21:40,Friday,ST CLAIR WEST STATION,SUUT,7,12,N,YU,5601
4/12/2019,21:52,Friday,RUNNYMEDE STATION,SUUT,0,0,W,BD,5331
4/12/2019,21:53,Friday,ROYAL YORK STATION,TUO,6,10,W,BD,5331
4/12/2019,22:00,Friday,YUS/BD/SHEPPARD SUBWAY,MUO,0,0,,YU/BD,0
4/12/2019,22:09,Friday,VICTORIA PARK STATION,SUROB,0,0,W,BD,0
4/12/2019,23:25,Friday,VAUGHAN MC STATION,EUDO,5,10,S,YU,5481
4/12/2019,23:54,Friday,ISLINGTON STATION,MUTO,6,10,E,BD,5320
4/13/2019,00:25,Saturday,KIPLING STATION,TUSC,0,0,W,BD,5026
4/13/2019,02:08,Saturday,EGLINTON STATION,SUDP,0,0,,YU,0
4/13/2019,03:00,Saturday,BLOOR STATION,PUSSW,0,0,,YU,0
4/13/2019,05:55,Saturday,SHEPPARD WEST STATION,EUYRD,8,0,N,YU,5976
4/13/2019,06:00,Saturday,UNION TO BLOOR STATION,MUO,0,0,,YU,0
4/13/2019,06:09,Saturday,MCCOWAN STATION,TRNOA,6,13,S,SRT,3004
4/13/2019,07:21,Saturday,BLOOR STATION,MUIR,0,0,N,YU,5886
4/13/2019,08:24,Saturday,SPADINA BD STATION,MUIR,3,8,,BD,5355
4/13/2019,08:48,Saturday,JANE STATION,MUSC,0,0,E,BD,5343
4/13/2019,09:07,Saturday,VICTORIA PARK STATION,SUCOL,0,0,E,BD,5263
4/13/2019,10:21,Saturday,NORTH YORK CTR STATION,MUSC,0,0,N,YU,5536
4/13/2019,10:40,Saturday,ROSEDALE STATION,MUNCA,0,0,,YU,0
4/13/2019,11:57,Saturday,FINCH STATION,TUSC,0,0,N,YU,6091
4/13/2019,12:26,Saturday,BROADVIEW STATION,MUIS,0,0,,BD,0
4/13/2019,12:39,Saturday,ST CLAIR STATION,PUTDN,5,10,N,YU,5536
4/13/2019,13:33,Saturday,KIPLING STATION,PUSTC,14,18,E,BD,5338
4/13/2019,13:37,Saturday,ST GEORGE BD STATION,SUDP,0,0,E,BD,0
4/13/2019,13:37,Saturday,ST GEORGE YUS STATION,SUO,0,0,N,YU,5776
4/13/2019,13:58,Saturday,KIPLING STATION,SUUT,17,21,E,BD,5264
4/13/2019,14:33,Saturday,SPADINA BD STATION,MUPAA,0,0,W,BD,5225
4/13/2019,14:49,Saturday,MUSEUM STATION,MUSC,0,0,S,YU,5576
4/13/2019,17:06,Saturday,CHESTER STATION,SUDP,4,8,E,BD,5141
4/13/2019,17:15,Saturday,GREENWOOD STATION,MUDD,4,8,W,BD,5221
4/13/2019,17:43,Saturday,WARDEN STATION,MUIE,0,0,,BD,0
4/13/2019,17:58,Saturday,HIGH PARK STATION,PUMEL,0,0,,BD,0
4/13/2019,18:03,Saturday,DUNDAS STATION,MUNCA,0,0,,YU,0
4/13/2019,19:06,Saturday,ST GEORGE BD STATION,MUIR,13,17,W,BD,5026
4/13/2019,19:12,Saturday,LAWRENCE STATION,MUIS,0,0,S,YU,5601
4/13/2019,20:04,Saturday,SPADINA YUS STATION,MUPAA,0,0,N,YU,5961
4/13/2019,20:16,Saturday,SHERBOURNE STATION,MUIS,0,0,,BD,0
4/13/2019,20:19,Saturday,SPADINA YUS STATION,TUSC,0,0,S,YU,5101
4/13/2019,20:51,Saturday,PAPE STATION,MUIS,0,0,,BD,0
4/13/2019,21:03,Saturday,BLOOR STATION,MUI,4,9,S,YU,6076
4/13/2019,21:21,Saturday,ISLINGTON STATION,MUIS,0,0,,BD,0
4/13/2019,22:00,Saturday,YUS/BD/SHEPPARD SUBWAY,MUO,0,0,,YU/BD,0
4/13/2019,23:43,Saturday,KENNEDY BD STATION,MUSAN,3,7,W,BD,5082
4/14/2019,01:17,Sunday,KENNEDY BD STATION,MUI,5,9,E,BD,5190
4/14/2019,01:30,Sunday,WARDEN STATION,SUDP,0,0,E,BD,5188
4/14/2019,08:00,Sunday,BLOOR TO OSGOODE STATI,MUO,0,0,,YU,0
4/14/2019,08:07,Sunday,GREENWOOD STATION,MUSC,0,0,E,BD,5109
4/14/2019,08:50,Sunday,KEELE STATION,MUSC,0,0,W,BD,5146
4/14/2019,08:51,Sunday,DUNDAS WEST STATION,MUSC,0,0,E,BD,5359
4/14/2019,08:52,Sunday,ISLINGTON STATION,MUSC,0,0,W,BD,5092
4/14/2019,09:19,Sunday,KIPLING STATION,MUSC,0,0,W,BD,5314
4/14/2019,09:42,Sunday,HIGHWAY 407 STATION,EUTL,3,8,N,YU,5966
4/14/2019,09:51,Sunday,VAUGHAN MC STATION,EUTL,5,10,N,YU,5966
4/14/2019,10:21,Sunday,ISLINGTON STATION,MUSC,0,0,W,BD,5019
4/14/2019,10:55,Sunday,OSGOODE STATION,TUS,9,14,N,YU,5796
4/14/2019,10:59,Sunday,ST GEORGE BD STATION,MUDD,0,0,W,BD,5229
4/14/2019,11:12,Sunday,ISLINGTON STATION,MUO,3,8,W,BD,5102
4/14/2019,11:29,Sunday,SHEPPARD-YONGE STATION,SUSA,5,10,E,SHP,6151
4/14/2019,15:10,Sunday,BAY STATION,MUIRS,0,0,,BD,0
4/14/2019,15:53,Sunday,BLOOR STATION,SUDP,0,0,N,YU,5561
4/14/2019,16:03,Sunday,HIGH PARK STATION,MUSC,0,0,E,BD,5345
4/14/2019,16:30,Sunday,KING STATION,MUNCA,0,0,,YU,0
4/14/2019,16:41,Sunday,EGLINTON WEST STATION,PUMEL,0,0,,YU,0
4/14/2019,16:45,Sunday,FINCH STATION,PUMEL,0,0,,YU,0
4/14/2019,17:06,Sunday,QUEEN STATION,MUNCA,0,0,,YU,0
4/14/2019,17:10,Sunday,LAWRENCE EAST STATION,TRNCA,0,0,,SRT,0
4/14/2019,17:45,Sunday,SHERBOURNE STATION,SUAP,7,11,E,BD,5269
4/14/2019,18:35,Sunday,MUSEUM STATION,TUO,5,10,S,YU,5641
4/14/2019,18:53,Sunday,ISLINGTON STATION,TUSC,0,0,E,BD,5050
4/14/2019,19:34,Sunday,OSSINGTON STATION,SUO,0,0,E,BD,0
4/14/2019,19:44,Sunday,OSSINGTON STATION,SUDP,3,7,W,BD,5085
4/14/2019,20:28,Sunday,WARDEN STATION,MUSC,0,0,E,BD,5190
4/14/2019,21:12,Sunday,OLD MILL STATION,MUSC,0,0,W,BD,5146
4/14/2019,21:14,Sunday,KEELE STATION,MUSC,0,0,E,BD,5335
4/14/2019,21:22,Sunday,KIPLING STATION,MUSC,0,0,E,BD,5168
4/14/2019,21:42,Sunday,LANSDOWNE STATION,MUIS,0,0,,BD,0
4/14/2019,21:42,Sunday,YONGE STATION,MUIS,0,0,,BD,0
4/14/2019,21:44,Sunday,FINCH STATION,TUNIP,5,10,S,YU,5696
4/14/2019,22:00,Sunday,YUS/BD/SHEPPARD SUBWAY,MUO,0,0,,YU/BD,0
4/14/2019,22:58,Sunday,GREENWOOD STATION,SUDP,11,15,E,BD,5168
4/14/2019,23:14,Sunday,LAWRENCE EAST STATION,ERNT,3,9,N,SRT,3021
4/15/2019,01:05,Monday,FINCH STATION,TUMVS,3,8,S,YU,5641
4/15/2019,01:45,Monday,ST CLAIR WEST STATION,MUIS,0,0,,YU,0
4/15/2019,05:45,Monday,WILSON STATION,TUNIP,4,6,S,YU,5971
4/15/2019,05:50,Monday,FINCH STATION,TUNOA,4,8,S,YU,5691
4/15/2019,05:57,Monday,VICTORIA PARK STATION,EUSC,0,0,E,BD,5359
4/15/2019,06:06,Monday,VICTORIA PARK STATION,MUSC,0,0,W,BD,5072
4/15/2019,06:09,Monday,GREENWOOD STATION,MUSC,0,0,E,BD,5365
4/15/2019,06:23,Monday,KENNEDY BD STATION,MUSC,0,0,W,BD,5044
4/15/2019,06:40,Monday,COLLEGE STATION,SUDP,5,9,S,YU,5871
4/15/2019,06:59,Monday,KEELE STATION,MUSC,0,0,W,BD,5254
4/15/2019,07:51,Monday,SPADINA YUS STATION,SUDP,7,9,S,YU,5566
4/15/2019,07:53,Monday,FINCH STATION,TUNIP,4,6,S,YU,5461
4/15/2019,07:54,Monday,WARDEN STATION,TUMVS,0,0,W,BD,5041
4/15/2019,08:00,Monday,MUSEUM STATION,MUI,12,15,S,YU,5731
4/15/2019,08:12,Monday,BLOOR STATION,MUIS,0,0,S,YU,0
4/15/2019,08:26,Monday,ROSEDALE STATION,MUPAA,0,0,S,YU,5676
4/15/2019,08:41,Monday,MAIN STREET STATION,EUME,11,13,W,BD,5080
4/15/2019,09:06,Monday,SUMMERHILL STATION,SUO,9,11,N,YU,5796
4/15/2019,09:11,Monday,DUPONT STATION,TUSC,0,0,S,YU,5931
4/15/2019,09:26,Monday,ST CLAIR WEST STATION,MUIR,7,9,S,YU,5556
4/15/2019,09:29,Monday,LAWRENCE WEST STATION,MUPAA,0,0,S,YU,5666
4/15/2019,10:17,Monday,EGLINTON STATION,MUPAA,0,0,N,YU,5666
4/15/2019,10:40,Monday,KIPLING STATION,TUSC,0,0,W,BD,5163
4/15/2019,10:49,Monday,COLLEGE STATION,TUMVS,0,0,S,YU,5801
4/15/2019,10:54,Monday,KING STATION,TUO,3,6,S,YU,5801
4/15/2019,11:16,Monday,SHERBOURNE STATION,PUMST,0,0,,BD,0
4/15/2019,11:19,Monday,WARDEN STATION,MUSC,0,0,W,BD,5119
4/15/2019,11:25,Monday,FINCH STATION,SUO,6,9,S,YU,5581
4/15/2019,12:32,Monday,FINCH STATION,MUTO,3,6,S,YU,0
4/15/2019,13:09,Monday,OSGOODE STATION,SUCOL,0,0,,YU,0
4/15/2019,13:09,Monday,ST GEORGE YUS STATION,PUTO,3,6,N,YU,6111
4/15/2019,13:11,Monday,ST GEORGE YUS STATION,EUDO,5,8,S,YU,5576
4/15/2019,13:18,Monday,ST GEORGE YUS STATION,PUTO,0,0,N,YU,5741
4/15/2019,13:56,Monday,SHEPPARD STATION,MUTO,6,9,S,YU,5821
4/15/2019,14:06,Monday,ISLINGTON STATION,PUMEL,0,0,,BD,0
4/15/2019,14:06,Monday,SHEPPARD STATION,SUAE,3,6,N,YU,5586
4/15/2019,14:18,Monday,FINCH STATION,MUTO,3,6,S,YU,5581
4/15/2019,14:27,Monday,KENNEDY BD STATION,TUNOA,3,6,W,BD,0
4/15/2019,14:29,Monday,BROADVIEW STATION,SUDP,0,0,,BD,0
4/15/2019,14:41,Monday,DONLANDS STATION,MUSC,0,0,W,BD,5123
4/15/2019,14:48,Monday,WELLESLEY STATION,PUMEL,0,0,,YU,0
4/15/2019,15:13,Monday,FINCH STATION,MUTO,3,6,S,YU,5741
4/15/2019,15:18,Monday,FINCH WEST STATION,MUPAA,0,0,S,YU,6091
4/15/2019,15:25,Monday,SHEPPARD WEST STATION,MUTO,3,6,S,YU,5826
4/15/2019,15:45,Monday,FINCH STATION,MUTO,3,6,S,YU,5546
4/15/2019,15:46,Monday,OLD MILL STATION,TUSC,0,0,E,BD,5252
4/15/2019,15:53,Monday,WARDEN STATION,MUI,22,24,E,BD,5245
4/15/2019,16:28,Monday,ISLINGTON STATION,EUDO,0,0,W,BD,5109
4/15/2019,16:33,Monday,KIPLING STATION,EUCD,3,5,E,BD,5109
4/15/2019,16:57,Monday,EGLINTON STATION,SUAP,5,7,N,YU,6016
4/15/2019,17:02,Monday,SHEPPARD WEST STATION,SUAP,0,0,,YU,0
4/15/2019,17:18,Monday,BLOOR STATION,MUSC,0,0,N,YU,5421
4/15/2019,17:21,Monday,MAIN STREET STATION,MUIR,4,6,E,BD,5235
4/15/2019,17:37,Monday,DUNDAS STATION,SUPOL,0,0,N,YU,5486
4/15/2019,17:38,Monday,HIGH PARK STATION,MUSC,0,0,W,BD,5238
4/15/2019,17:46,Monday,YORK MILLS STATION,MUIS,0,0,,YU,0
4/15/2019,18:01,Monday,WARDEN STATION,EUCD,6,8,W,BD,5109
4/15/2019,18:13,Monday,KENNEDY BD STATION,TUSC,0,0,W,BD,5123
4/15/2019,18:34,Monday,QUEEN STATION,MUIRS,0,0,,YU,0
4/15/2019,19:32,Monday,DUPONT STATION,EUME,10,12,N,YU,5781
4/15/2019,20:42,Monday,WARDEN STATION,SUDP,0,0,W,BD,5181
4/15/2019,20:43,Monday,EGLINTON WEST STATION,EUCD,10,13,S,YU,5931
4/15/2019,20:47,Monday,FINCH STATION,MUDD,3,6,S,YU,5846
4/15/2019,21:12,Monday,BROADVIEW STATION,SUDP,0,0,E,BD,5335
4/15/2019,21:54,Monday,KING STATION,MUPAA,0,0,N,YU,5561
4/15/2019,21:57,Monday,BLOOR STATION,MUIS,0,0,N,YU,0
4/15/2019,22:00,Monday,YUS/BD/SHEPPARD SUBWAY,MUO,0,0,,YU/BD,0
4/15/2019,22:01,Monday,WARDEN STATION,MUIS,0,0,W,BD,0
4/15/2019,22:09,Monday,GREENWOOD YARD,TUSC,0,0,W,BD,5112
4/15/2019,22:12,Monday,WARDEN STATION,TUSC,0,0,E,BD,5188
4/15/2019,22:30,Monday,SPADINA YUS STATION,MUPAA,0,0,N,YU,6081
4/15/2019,23:00,Monday,WILSON - ST CLAIR WEST,MUO,0,0,,YU,0
4/15/2019,23:31,Monday,SHEPPARD WEST STATION,MUO,10,14,S,YU,5876
4/16/2019,00:05,Tuesday,BLOOR DANFORTH SUBWAY,MUGD,0,0,,BD,0
4/16/2019,00:50,Tuesday,COXWELL STATION,MUIS,0,0,,BD,0
4/16/2019,01:29,Tuesday,OLD MILL STATION,MUI,11,16,W,BD,5072
4/16/2019,05:17,Tuesday,OLD MILL STATION,SUCOL,0,0,,BD,0
4/16/2019,05:24,Tuesday,WILSON YARD,MUATC,0,0,,YU,0
4/16/2019,05:31,Tuesday,FINCH STATION,TUSC,0,0,S,YU,5976
4/16/2019,05:57,Tuesday,UNION STATION,MUATC,20,0,S,YU,5856
4/16/2019,06:20,Tuesday,DONLANDS STATION,TUSC,0,0,W,BD,5128
4/16/2019,06:45,Tuesday,KIPLING STATION,MUSC,0,0,E,BD,5098
4/16/2019,07:32,Tuesday,KENNEDY BD STATION,TUSC,0,0,E,BD,5209
4/16/2019,07:39,Tuesday,EGLINTON WEST STATION,MUATC,10,12,S,YU,5446
4/16/2019,07:48,Tuesday,WARDEN STATION,TUMVS,0,0,W,BD,5092
4/16/2019,07:49,Tuesday,LANSDOWNE STATION,TUSC,0,0,E,BD,5027
4/16/2019,07:54,Tuesday,VICTORIA PARK STATION,TUMVS,2,4,W,BD,5092
4/16/2019,08:05,Tuesday,WARDEN STATION,MUSC,0,0,W,BD,5128
4/16/2019,08:08,Tuesday,CHRISTIE STATION,MUIR,3,5,E,BD,5225
4/16/2019,08:08,Tuesday,DUFFERIN STATION,MUIR,10,12,E,BD,5126
4/16/2019,08:21,Tuesday,ST GEORGE BD STATION,MUIR,3,5,E,BD,5225
4/16/2019,08:22,Tuesday,COXWELL STATION,MUIR,0,0,W,BD,5284
4/16/2019,08:32,Tuesday,EGLINTON STATION,MUPAA,3,5,S,YU,5581
4/16/2019,08:34,Tuesday,YORKDALE STATION,PUMEL,0,0,,YU,0
4/16/2019,08:52,Tuesday,DUFFERIN STATION,MUI,8,10,E,BD,5020
4/16/2019,09:54,Tuesday,UNION STATION,SUEAS,10,12,N,YU,5881
4/16/2019,10:11,Tuesday,DUNDAS STATION,SUO,3,5,S,YU,5496
4/16/2019,10:14,Tuesday,KIPLING STATION,PUSTC,10,12,W,BD,5091
4/16/2019,10:24,Tuesday,DUNDAS STATION,MUIR,3,5,S,YU,6086
4/16/2019,11:35,Tuesday,ROYAL YORK STATION,TUOS,3,6,E,BD,5060
4/16/2019,11:48,Tuesday,DAVISVILLE STATION,SUDP,0,0,S,YU,5981
4/16/2019,11:51,Tuesday,CHRISTIE STATION,MUSC,0,0,W,BD,5033
4/16/2019,12:29,Tuesday,ISLINGTON STATION,MUSC,0,0,E,BD,5190
4/16/2019,12:46,Tuesday,MAIN STREET STATION,MUI,8,11,E,BD,5263
4/16/2019,13:13,Tuesday,LAWRENCE STATION,PUMEL,0,0,N,YU,0
4/16/2019,14:10,Tuesday,EGLINTON STATION,TUMVS,0,0,N,YU,5536
4/16/2019,14:34,Tuesday,KIPLING STATION,MUSC,0,0,E,BD,5319
4/16/2019,14:36,Tuesday,FINCH STATION,MUSC,0,0,N,YU,5421
4/16/2019,14:43,Tuesday,WARDEN STATION,TUSC,0,0,E,BD,5263
4/16/2019,14:56,Tuesday,VAUGHAN MC STATION,PUSNT,10,13,N,YU,5686
4/16/2019,15:04,Tuesday,ST CLAIR STATION,MUIS,0,0,,YU,0
4/16/2019,15:09,Tuesday,KIPLING STATION,MUSC,0,0,W,BD,5348
4/16/2019,15:24,Tuesday,KIPLING STATION,MUSC,0,0,E,BD,5359
4/16/2019,15:39,Tuesday,KIPLING STATION,EUSC,0,0,W,BD,5325
4/16/2019,15:41,Tuesday,ELLESMERE STATION,TRO,12,17,N,SRT,3007
4/16/2019,15:45,Tuesday,UNION STATION,PUTTC,0,0,S,YU,6071
4/16/2019,16:01,Tuesday,QUEEN STATION,SUDP,3,5,N,YU,5881
4/16/2019,16:03,Tuesday,ST GEORGE YUS STATION,SUDP,4,6,N,YU,6086
4/16/2019,16:49,Tuesday,EGLINTON STATION,MUIS,0,0,,YU,0
4/16/2019,17:00,Tuesday,COXWELL STATION,SUDP,0,0,W,BD,5232
4/16/2019,17:10,Tuesday,ROYAL YORK STATION,MUI,17,19,E,BD,5332
4/16/2019,17:11,Tuesday,OLD MILL STATION,TUMVS,0,0,W,BD,5085
4/16/2019,17:19,Tuesday,SHEPPARD WEST STATION,PUMST,0,0,,YU,0
4/16/2019,17:52,Tuesday,KING STATION,PUTTC,0,0,S,YU,5761
4/16/2019,18:29,Tuesday,WELLESLEY STATION,SUO,0,0,,YU,0
4/16/2019,19:55,Tuesday,WELLESLEY STATION,MUIS,0,0,N,YU,6116
4/16/2019,21:42,Tuesday,QUEEN STATION,MUIRS,0,0,,YU,0
4/16/2019,22:07,Tuesday,YUS/BD/SHEPPARD SUBWAY,MUO,0,0,,YU/BD,0
4/16/2019,22:56,Tuesday,KENNEDY BD STATION,MUIS,0,0,,BD,0
4/16/2019,23:26,Tuesday,VAUGHAN MC STATION,MUPAA,0,0,N,YU,5616
4/17/2019,00:11,Wednesday,COXWELL STATION,TUSC,0,0,W,BD,5019
4/17/2019,00:15,Wednesday,OSSINGTON STATION,SUDP,9,13,E,BD,5146
4/17/2019,00:28,Wednesday,VICTORIA PARK STATION,MUSC,0,0,E,BD,5336
4/17/2019,00:44,Wednesday,ISLINGTON STATION,MUSC,0,0,E,BD,5177
4/17/2019,05:46,Wednesday,COXWELL STATION,MUSC,0,0,E,BD,5311
4/17/2019,06:02,Wednesday,EGLINTON WEST STATION,MUNCA,0,0,,YU,0
4/17/2019,06:16,Wednesday,COXWELL STATION,MUSC,0,0,E,BD,5206
4/17/2019,06:43,Wednesday,KENNEDY BD STATION,EUSC,4,6,W,BD,5128
4/17/2019,07:01,Wednesday,JANE STATION,MUTO,3,5,W,BD,5352
4/17/2019,07:13,Wednesday,RUNNYMEDE STATION,MUIR,0,0,W,BD,5338
4/17/2019,07:26,Wednesday,COXWELL STATION,MUSC,0,0,E,BD,5151
4/17/2019,07:53,Wednesday,DUNDAS WEST STATION,MUSC,0,0,E,BD,5321
4/17/2019,08:12,Wednesday,KEELE STATION,MUSC,0,0,E,BD,5047
4/17/2019,08:30,Wednesday,DAVISVILLE STATION,PUTO,0,0,S,YU,5391
4/17/2019,08:50,Wednesday,FINCH STATION,MUSC,0,0,S,YU,5601
4/17/2019,09:01,Wednesday,ROSEDALE STATION,MUI,0,0,S,YU,5461
4/17/2019,10:10,Wednesday,JANE STATION,SUDP,0,0,,BD,0
4/17/2019,10:28,Wednesday,CHESTER STATION,MUSC,0,0,W,BD,5060
4/17/2019,10:39,Wednesday,ISLINGTON STATION,TUSC,0,0,E,BD,5344
4/17/2019,10:41,Wednesday,ISLINGTON STATION,TUSC,0,0,E,BD,5344
4/17/2019,10:55,Wednesday,FINCH WEST STATION,EUNT,4,8,S,YU,5
4/17/2019,11:06,Wednesday,KIPLING STATION,EUBK,3,6,E,BD,0
4/17/2019,12:50,Wednesday,DUNDAS WEST STATION,SUDP,3,6,W,BD,5363
4/17/2019,12:55,Wednesday,BATHURST STATION,MUIS,0,0,W,BD,0
4/17/2019,13:10,Wednesday,QUEEN STATION,PUMST,0,0,,YU,0
4/17/2019,13:43,Wednesday,ST GEORGE YUS STATION,TUO,0,0,S,YU,5731
4/17/2019,14:20,Wednesday,EGLINTON STATION,TUMVS,8,11,N,YU,5036
4/17/2019,14:45,Wednesday,PAPE STATION,EUNT,3,6,E,BD,5100
4/17/2019,15:44,Wednesday,HIGH PARK STATION,PUSTS,3,6,E,BD,5125
4/17/2019,16:15,Wednesday,CHRISTIE STATION,TUSC,0,0,W,BD,5270
4/17/2019,16:32,Wednesday,DUNDAS STATION,MUI,10,13,S,YU,6011
4/17/2019,16:33,Wednesday,LESLIE STATION,MUSC,0,0,W,SHP,6166
4/17/2019,16:39,Wednesday,WARDEN STATION,MUIS,0,0,,BD,0
4/17/2019,17:01,Wednesday,KING STATION,SUEAS,12,15,N,YU,5606
4/17/2019,17:41,Wednesday,GREENWOOD STATION,SUEAS,9,11,W,BD,5258
4/17/2019,17:46,Wednesday,UNION STATION,MUNCA,0,0,,YU,0
4/17/2019,19:19,Wednesday,WARDEN STATION,TUMVS,0,0,W,BD,5170
4/17/2019,19:38,Wednesday,EGLINTON STATION,EUBK,0,0,N,YU,6111
4/17/2019,20:30,Wednesday,ST CLAIR STATION,TUSC,0,0,S,YU,5601
4/17/2019,21:01,Wednesday,JANE STATION,MUSC,0,0,W,BD,5331
4/17/2019,22:00,Wednesday,YUS/BD/SHEPPARD SUBWAY,MUO,0,0,,YU/BD,0
4/17/2019,22:59,Wednesday,YORK MILLS STATION,MUIR,3,8,N,YU,5586
4/17/2019,23:18,Wednesday,KENNEDY BD STATION,MUTO,8,12,W,BD,5164
4/17/2019,23:30,Wednesday,BLOOR DANFORTH SUBWAY,MUGD,0,0,,BD,0
4/18/2019,00:11,Thursday,QUEEN STATION,MUIE,0,0,S,YU,0
4/18/2019,00:32,Thursday,ST GEORGE YUS STATION,MUSC,0,0,S,YU,5616
4/18/2019,00:59,Thursday,SHEPPARD STATION,PUSTC,3,8,S,YU,6066
4/18/2019,01:38,Thursday,SHEPPARD STATION,PUSTC,15,20,S,YU,5716
4/18/2019,02:18,Thursday,DUPONT STATION,TUSC,0,0,S,YU,5806
4/18/2019,03:59,Thursday,ST GEORGE YUS STATION,SUG,0,0,N,YU,5811
4/18/2019,05:39,Thursday,CASTLE FRANK STATION,TUSC,0,0,W,BD,5112
4/18/2019,05:54,Thursday,FINCH STATION,TUNIP,4,8,S,YU,5836
4/18/2019,06:01,Thursday,PAPE STATION,MUNCA,0,0,,BD,0
4/18/2019,06:29,Thursday,COXWELL STATION,MUSC,0,0,E,BD,5296
4/18/2019,06:41,Thursday,DUPONT STATION,MUATC,0,0,N,YU,5631
4/18/2019,06:46,Thursday,FINCH STATION,MUCL,3,5,S,YU,5736
4/18/2019,07:44,Thursday,CASTLE FRANK STATION,MUPR1,64,66,W,BD,5291
4/18/2019,07:58,Thursday,WELLESLEY STATION,MUIR,4,6,S,YU,5661
4/18/2019,08:01,Thursday,EGLINTON STATION,EUBK,5,7,S,YU,5856
4/18/2019,08:13,Thursday,UNION STATION,MUNCA,0,0,,YU,0
4/18/2019,08:15,Thursday,FINCH STATION,MUTO,4,6,S,YU,5441
4/18/2019,08:24,Thursday,KIPLING STATION,TUMVS,0,0,W,BD,5252
4/18/2019,08:45,Thursday,WARDEN STATION,MUSC,0,0,E,BD,5301
4/18/2019,08:55,Thursday,ST GEORGE BD STATION,MUI,5,7,E,BD,5098
4/18/2019,08:58,Thursday,OSSINGTON STATION,MUIR,4,6,E,BD,5280
4/18/2019,09:44,Thursday,ST GEORGE BD STATION,MUIS,0,0,,BD,0
4/18/2019,09:45,Thursday,ST GEORGE YUS STATION,MUIS,0,0,,YU,0
4/18/2019,11:07,Thursday,KING STATION,MUSC,0,0,S,YU,5411
4/18/2019,11:19,Thursday,FINCH STATION,TUSC,0,0,N,YU,5676
4/18/2019,11:39,Thursday,JANE STATION,TUSC,0,0,W,BD,5172
4/18/2019,11:41,Thursday,WILSON STATION,MUTO,0,0,N,YU,5531
4/18/2019,11:42,Thursday,FINCH STATION,MUTO,3,6,S,YU,5976
4/18/2019,11:53,Thursday,DAVISVILLE HOSTLER,EUOE,0,0,,YU,5586
4/18/2019,12:00,Thursday,UNION STATION,MUIS,0,0,,YU,0
4/18/2019,12:26,Thursday,NORTH YORK CTR STATION,MUIS,0,0,,YU,0
4/18/2019,12:53,Thursday,CHESTER STATION,TUSC,0,0,W,BD,5355
4/18/2019,13:04,Thursday,BAY STATION,SUCOL,0,0,W,BD,5183
4/18/2019,13:08,Thursday,FINCH STATION,MUTO,3,6,S,YU,5461
4/18/2019,13:17,Thursday,FINCH STATION,MUTO,3,6,S,YU,5821
4/18/2019,13:22,Thursday,SHEPPARD WEST STATION,MUTO,4,7,S,YU,5516
4/18/2019,13:23,Thursday,KENNEDY BD STATION,EUTR,3,6,W,BD,5294
4/18/2019,13:28,Thursday,BLOOR STATION,MUIS,0,0,S,YU,0
4/18/2019,13:54,Thursday,FINCH STATION,MUTO,6,9,S,YU,5951
4/18/2019,14:10,Thursday,KENNEDY BD STATION,MUPAA,0,0,W,BD,5019
4/18/2019,14:21,Thursday,FINCH STATION,MUTO,6,9,S,YU,5576
4/18/2019,14:27,Thursday,COLLEGE STATION,MUIS,0,0,,YU,0
4/18/2019,14:48,Thursday,WARDEN STATION,SUROB,0,0,,BD,0
4/18/2019,15:10,Thursday,BROADVIEW STATION,MUIR,4,6,E,BD,5273
4/18/2019,15:34,Thursday,WILSON STATION,TUNIP,3,6,S,YU,5836
4/18/2019,15:55,Thursday,KIPLING STATION,MUD,3,5,,BD,5006
4/18/2019,16:15,Thursday,FINCH STATION TO DUPON,TUS,7,10,S,YU,5566
4/18/2019,16:15,Thursday,KENNEDY BD STATION,TUSC,0,0,E,BD,5303
4/18/2019,16:34,Thursday,UNION STATION,MUNCA,0,0,,YUS,0
4/18/2019,17:08,Thursday,ST ANDREW STATION,TUDOE,15,17,N,YU,5491
4/18/2019,17:16,Thursday,KENNEDY BD STATION,TUSC,0,0,E,BD,5352
4/18/2019,17:17,Thursday,SHEPPARD WEST STATION,MUPAA,0,0,N,YU,5926
4/18/2019,17:40,Thursday,SUMMERHILL STATION,MUPAA,4,6,N,YU,5616
4/18/2019,17:46,Thursday,QUEEN'S PARK STATION,TUMVS,0,0,S,YU,5681
4/18/2019,18:14,Thursday,JANE STATION,PUMEL,0,0,E,BD,0
4/18/2019,18:36,Thursday,GREENWOOD STATION,TUSC,0,0,E,BD,5335
4/18/2019,19:26,Thursday,WILSON STATION,MUIS,4,6,N,YU,6001
4/18/2019,19:45,Thursday,WILSON STATION,TUATC,3,5,N,YU,5431
4/18/2019,20:49,Thursday,KEELE STATION,MUSC,0,0,W,BD,5371
4/18/2019,20:52,Thursday,MAIN STREET STATION,SUDP,3,6,E,BD,5023
4/18/2019,21:04,Thursday,CASTLE FRANK STATION,MUI,10,13,E,BD,5035
4/18/2019,21:16,Thursday,WARDEN STATION,MUSC,0,0,W,BD,5198
4/18/2019,22:00,Thursday,YUS/BD/SHEPPARD SUBWAY,MUO,0,0,,YU/BD,0
4/18/2019,22:26,Thursday,BATHURST STATION,MUIRS,0,0,,BD,0
4/18/2019,22:45,Thursday,SHEPPARD STATION,EUSC,0,0,S,YU,5671
4/18/2019,23:01,Thursday,ST CLAIR STATION,EUNT,5,10,N,YU,5766
4/18/2019,23:14,Thursday,SHEPPARD-YONGE STATION,MUWR,5,10,E,SHP,6151
4/18/2019,23:25,Thursday,WILSON STATION,MUIS,0,0,,YU,0
4/18/2019,23:40,Thursday,COXWELL STATION,MUIS,0,0,W,BD,0
4/19/2019,01:32,Friday,KIPLING STATION,MUSC,0,0,E,BD,5278
4/19/2019,04:03,Friday,ST ANDREW STATION,MUO,0,0,,YU,0
4/19/2019,05:43,Friday,GREENWOOD YARD,MUO,0,0,,BD,0
4/19/2019,05:47,Friday,FINCH STATION,TUSC,0,0,S,YU,5691
4/19/2019,05:48,Friday,KENNEDY BD STATION,SUUT,34,0,W,BD,5172
4/19/2019,05:53,Friday,COXWELL STATION,MUSC,0,0,E,BD,5136
4/19/2019,06:24,Friday,KIPLING STATION,TUSC,0,0,W,BD,5064
4/19/2019,06:34,Friday,FINCH STATION,MUSC,0,0,S,YU,5626
4/19/2019,06:59,Friday,DUPONT STATION,MUATC,6,11,N,YU,5916
4/19/2019,07:01,Friday,DUFFERIN STATION,MUD,3,8,W,BD,5280
4/19/2019,07:31,Friday,DUPONT STATION,MUSC,0,0,S,YU,5692
4/19/2019,07:40,Friday,BAYVIEW STATION,TUOPO,0,0,E,SHP,6181
4/19/2019,08:08,Friday,BAYVIEW STATION,TUOPO,0,0,E,SHP,8161
4/19/2019,08:33,Friday,KIPLING STATION,MUSC,0,0,W,BD,5077
4/19/2019,08:47,Friday,FINCH STATION,MUSC,3,8,S,YU,5911
4/19/2019,09:01,Friday,DON MILLS STATION,TUSC,0,0,W,SHP,6166
4/19/2019,09:13,Friday,SHEPPARD-YONGE STATION,TUMVS,0,0,W,SHP,6146
4/19/2019,09:29,Friday,SHEPPARD STATION,PUSTC,5,10,S,YU,5951
4/19/2019,10:40,Friday,CHRISTIE STATION,TUSC,0,0,W,BD,5051
4/19/2019,10:40,Friday,OSSINGTON STATION,MUIS,0,0,,BD,0
4/19/2019,11:26,Friday,KIPLING STATION,MUSC,0,0,W,BD,5200
4/19/2019,11:47,Friday,CASTLE FRANK STATION,MUIS,0,0,W,BD,0
4/19/2019,13:02,Friday,UNION STATION,PUMEL,0,0,,YU,0
4/19/2019,13:51,Friday,BLOOR STATION,SUDP,0,0,S,YU,0
4/19/2019,14:18,Friday,WARDEN STATION,EUBK,7,11,E,BD,5151
4/19/2019,14:33,Friday,SPADINA BD STATION,TUSC,0,0,W,BD,5200
4/19/2019,14:38,Friday,NORTH YORK CTR STATION,EUDO,4,8,S,YU,5931
4/19/2019,15:31,Friday,VAUGHAN MC STATION,TUNIP,4,8,S,YU,6061
4/19/2019,15:36,Friday,FINCH STATION,MUTO,5,9,S,YU,5636
4/19/2019,15:55,Friday,KIPLING STATION,MUPAA,0,0,E,BD,5252
4/19/2019,17:10,Friday,ROSEDALE STATION,SUDP,17,21,S,YU,5716
4/19/2019,17:20,Friday,RUNNYMEDE STATION,PUMEL,0,0,,BD,0
4/19/2019,18:10,Friday,FINCH STATION,MUTO,5,9,S,YU,5566
4/19/2019,18:23,Friday,ISLINGTON STATION,SUDP,0,0,W,BD,5217
4/19/2019,18:24,Friday,VAUGHAN MC STATION,MUIE,4,8,S,YU,5626
4/19/2019,18:48,Friday,VAUGHAN MC STATION,TUNIP,4,8,S,YU,6096
4/19/2019,19:39,Friday,DUPONT STATION,MUNCA,0,0,,YU,0
4/19/2019,20:05,Friday,COXWELL STATION,MUPAA,0,0,E,BD,5364
4/19/2019,20:29,Friday,MAIN STREET STATION,SUAP,0,0,W,BD,5364
4/19/2019,20:59,Friday,WELLESLEY STATION,MUPLB,21,26,N,YU,5866
4/19/2019,21:14,Friday,KENNEDY BD STATION,TUMVS,4,8,E,BD,5296
4/19/2019,22:00,Friday,YUS/BD/SHEPPARD SUBWAY,MUO,0,0,,YU/BD,0
4/19/2019,22:55,Friday,YUS/BD/SHEPPARD SUBWAY,MUGD,0,0,,YU,0
4/20/2019,00:14,Saturday,ST ANDREW STATION,MUIS,0,0,,YU,0
4/20/2019,01:59,Saturday,WELLESLEY STATION,SUAE,0,0,,YU,0
4/20/2019,05:56,Saturday,EGLINTON STATION,MUESA,5,10,N,YU,0
4/20/2019,06:00,Saturday,WARDEN STATION,EUTR,3,8,E,BD,5019
4/20/2019,06:16,Saturday,GREENWOOD STATION,EUSC,0,0,E,BD,5120
4/20/2019,06:39,Saturday,JANE STATION,TUSC,0,0,W,BD,5189
4/20/2019,07:08,Saturday,GREENWOOD YARD,MUSC,0,0,E,BD,5142
4/20/2019,08:01,Saturday,LANSDOWNE STATION,EUPI,5,10,E,BD,5172
4/20/2019,08:13,Saturday,KIPLING STATION,MUTO,10,15,E,BD,5362
4/20/2019,09:26,Saturday,CHRISTIE STATION,TUS,5,10,W,BD,5032
4/20/2019,09:40,Saturday,VAUGHAN MC STATION,MUCL,5,10,S,YU,0
4/20/2019,09:48,Saturday,VICTORIA PARK STATION,MUSC,0,0,E,BD,5245
4/20/2019,10:41,Saturday,ISLINGTON STATION,MUSC,0,0,E,BD,5120
4/20/2019,10:54,Saturday,DUNDAS WEST STATION,MUSC,0,0,E,BD,5120
4/20/2019,11:19,Saturday,ISLINGTON STATION,MUSC,0,0,W,BD,5158
4/20/2019,11:35,Saturday,UNION STATION,SUDP,4,7,S,YU,5571
4/20/2019,11:51,Saturday,MCCOWAN STATION,ERWS,7,14,S,SRT,3018
4/20/2019,11:58,Saturday,OSGOODE STATION,SUDP,3,5,S,YU,5966
4/20/2019,12:14,Saturday,VICTORIA PARK STATION,MUPAA,0,0,E,BD,5234
4/20/2019,12:31,Saturday,COXWELL STATION,MUI,6,11,E,BD,5039
4/20/2019,13:05,Saturday,ST GEORGE BD STATION,SUUT,21,25,W,BD,5336
4/20/2019,13:08,Saturday,ST GEORGE BD STATION,SUUT,21,25,S,YU,5831
4/20/2019,13:13,Saturday,GREENWOOD STATION,MUIS,0,0,,BD,0
4/20/2019,13:30,Saturday,KENNEDY BD STATION,EUAC,4,8,E,BD,5167
4/20/2019,13:36,Saturday,CHESTER STATION,MUPAA,0,0,W,BD,5107
4/20/2019,13:50,Saturday,HIGH PARK STATION,MUSC,0,0,W,BD,5294
4/20/2019,13:57,Saturday,VAUGHAN MC STATION,EUBO,5,10,S,YU,5831
4/20/2019,14:13,Saturday,ROSEDALE STATION,MUIS,0,0,S,YU,0
4/20/2019,14:16,Saturday,BROADVIEW STATION,SUDP,0,0,W,BD,5217
4/20/2019,14:23,Saturday,HIGHWAY 407 STATION,MUPAA,0,0,N,YU,5851
4/20/2019,14:38,Saturday,DUFFERIN STATION,SUDP,3,7,E,BD,5245
4/20/2019,15:07,Saturday,BLOOR STATION,MUIR,5,8,N,YU,5636
4/20/2019,15:09,Saturday,EGLINTON STATION,SUDP,3,6,S,YU,5596
4/20/2019,15:09,Saturday,ST GEORGE YUS STATION,MUI,6,9,N,YU,6036
4/20/2019,15:16,Saturday,BROADVIEW STATION,MUPAA,4,8,W,BD,5306
4/20/2019,15:17,Saturday,KIPLING STATION,MUPAA,0,0,E,BD,5222
4/20/2019,15:32,Saturday,VAUGHAN MC STATION,MUCL,5,10,S,YU,5571
4/20/2019,16:03,Saturday,VAUGHAN MC STATION,MUCL,5,10,S,YU,5836
4/20/2019,16:06,Saturday,FINCH STATION,MUIR,6,9,S,YU,5811
4/20/2019,16:13,Saturday,ST CLAIR WEST STATION,SUO,0,0,N,YU,5411
4/20/2019,16:17,Saturday,VAUGHAN MC STATION,TUNIP,10,15,S,YU,5646
4/20/2019,17:08,Saturday,DUPONT STATION,MUI,16,21,S,YU,5571
4/20/2019,17:11,Saturday,LAWRENCE EAST STATION,MRTO,5,11,N,SRT,3019
4/20/2019,17:21,Saturday,VAUGHAN MC STATION,MUNOA,5,10,S,YU,5000
4/20/2019,17:37,Saturday,ST ANDREW STATION,SUDP,6,9,S,YU,5941
4/20/2019,17:50,Saturday,DAVISVILLE STATION,TUMVS,3,6,S,YU,5411
4/20/2019,18:09,Saturday,ST CLAIR WEST STATION,PUMEL,0,0,,YU,0
4/20/2019,18:24,Saturday,DAVISVILLE STATION,PUSTC,3,6,N,YU,5816
4/20/2019,18:42,Saturday,ST CLAIR WEST STATION,MUI,25,30,S,YU,5486
4/20/2019,18:44,Saturday,KENNEDY BD STATION,SUO,15,21,W,BD,5306
4/20/2019,18:45,Saturday,KENNEDY SRT STATION,SRO,11,15,S,SRT,3014
4/20/2019,18:51,Saturday,ISLINGTON STATION,PUSTC,0,0,E,BD,5340
4/20/2019,19:30,Saturday,CHRISTIE STATION,TUSC,0,0,W,BD,5306
4/20/2019,19:31,Saturday,BLOOR STATION,PUMST,0,0,S,YU,0
4/20/2019,19:39,Saturday,FINCH STATION,PUMEL,0,0,,YU,0
4/20/2019,19:51,Saturday,ST CLAIR WEST STATION,PUMEL,0,0,,YU,0
4/20/2019,20:32,Saturday,DOWNSVIEW PARK STATION,EUBK,6,11,S,YU,5796
4/20/2019,20:58,Saturday,OSSINGTON STATION,MUI,22,26,W,BD,5181
4/20/2019,21:04,Saturday,KEELE STATION,PUMEL,0,0,,BD,0
4/20/2019,21:06,Saturday,SHEPPARD-YONGE STATION,SUAP,0,0,E,SHP,0
4/20/2019,22:00,Saturday,YUS/BD/SHEPPARD SUBWAY,MUO,0,0,,YU/BD,0
4/20/2019,22:03,Saturday,KENNEDY BD STATION,MUSC,0,0,W,BD,5171
4/20/2019,22:58,Saturday,SHEPPARD-YONGE STATION,MUIS,0,0,,SHP,0
4/20/2019,23:17,Saturday,DON MILLS STATION,MUIS,0,0,W,SHP,6146
4/20/2019,23:20,Saturday,YUS/BD/SHEPPARD SUBWAY,MUGD,0,0,,YU,0
4/20/2019,23:26,Saturday,GREENWOOD STATION,MUD,4,8,E,BD,5228
4/20/2019,23:56,Saturday,KIPLING STATION,SUO,3,7,E,BD,5340
4/21/2019,00:09,Sunday,DON MILLS STATION,TUMVS,0,0,E,SHP,6191
4/21/2019,00:09,Sunday,ISLINGTON STATION,TUSUP,0,0,E,BD,5037
4/21/2019,00:46,Sunday,ST CLAIR WEST STATION,SUO,3,8,S,YU,6081
4/21/2019,01:10,Sunday,ST GEORGE YUS STATION,TUSC,0,0,S,YU,6106
4/21/2019,01:48,Sunday,MCCOWAN STATION,MRUI,0,0,S,SRT,3016
4/21/2019,07:55,Sunday,WOODBINE STATION,MUNCA,0,0,,BD,0
4/21/2019,07:57,Sunday,SHEPPARD-YONGE STATION,TUO,8,13,E,SHP,6151
4/21/2019,08:25,Sunday,GREENWOOD YARD,MUSC,0,0,E,BD,5321
4/21/2019,08:48,Sunday,DAVISVILLE STATION,TUNIP,5,10,N,YU,5631
4/21/2019,08:55,Sunday,DAVISVILLE YARD,MUO,9,14,N,YU,5416
4/21/2019,10:28,Sunday,SPADINA YUS STATION,SUDP,3,8,S,YU,5416
4/21/2019,13:09,Sunday,JANE STATION,TUSC,0,0,W,BD,5171
4/21/2019,13:27,Sunday,VAUGHAN MC STATION,EUDO,6,10,S,YU,5856
4/21/2019,13:46,Sunday,FINCH STATION,MUIR,5,9,S,YU,5411
4/21/2019,14:03,Sunday,YORK MILLS STATION,MUSC,0,0,N,YU,6061
4/21/2019,14:26,Sunday,SHEPPARD WEST STATION,MUATC,0,0,S,YU,5446
4/21/2019,15:18,Sunday,DAVISVILLE STATION,SUPOL,4,8,S,YU,5461
4/21/2019,17:36,Sunday,CHESTER STATION,TUSC,0,0,W,BD,5077
4/21/2019,17:41,Sunday,FINCH STATION,TUSC,0,0,N,YU,5746
4/21/2019,18:07,Sunday,GREENWOOD STATION,MUI,12,16,E,BD,5329
4/21/2019,18:31,Sunday,VICTORIA PARK STATION,SUDP,6,10,E,BD,5296
4/21/2019,19:31,Sunday,BESSARION STATION,EUDO,5,10,W,SHP,6196
4/21/2019,20:04,Sunday,KIPLING STATION,MUSC,0,0,E,BD,5371
4/21/2019,20:08,Sunday,DAVISVILLE STATION,MUIS,0,0,,YU,0
4/21/2019,20:23,Sunday,VAUGHAN MC STATION,MUTO,4,9,S,YU,5616
4/21/2019,20:26,Sunday,DAVISVILLE STATION,PUSTC,4,8,N,YU,6001
4/21/2019,21:36,Sunday,KIPLING STATION,SUAE,4,8,W,BD,5091
4/21/2019,22:00,Sunday,YUS/BD/SHEPPARD SUBWAY,MUO,0,0,,YU/BD,0
4/22/2019,00:04,Monday,ST CLAIR WEST STATION,PUMEL,0,0,,YU,0
4/22/2019,00:51,Monday,KIPLING STATION,TUSC,0,0,W,BD,5091
4/22/2019,01:38,Monday,WOODBINE STATION,TUSC,0,0,E,BD,5303
4/22/2019,01:49,Monday,KIPLING STATION,MUIS,0,0,,BD,0
4/22/2019,02:15,Monday,VICTORIA PARK STATION,MUIRS,0,0,W,BD,0
4/22/2019,05:34,Monday,LESLIE STATION,PUSNT,3,0,W,SHP,6196
4/22/2019,05:36,Monday,DAVISVILLE STATION,MUTO,3,8,N,YU,5731
4/22/2019,06:46,Monday,BLOOR STATION,MUIS,0,0,S,YU,0
4/22/2019,06:50,Monday,SHEPPARD STATION,EUSC,0,0,S,YU,5421
4/22/2019,06:51,Monday,NORTH YORK CTR STATION,TUSC,0,0,S,YU,5891
4/22/2019,06:58,Monday,DUPONT STATION,EULV,4,6,N,YU,5876
4/22/2019,07:10,Monday,ST CLAIR WEST STATION,EUCD,7,9,N,YU,5876
4/22/2019,07:31,Monday,FINCH STATION,MUSC,0,0,S,YU,5441
4/22/2019,07:48,Monday,ST ANDREW STATION,TUMVS,0,0,N,YU,5581
4/22/2019,09:01,Monday,SHEPPARD STATION,TUSC,0,0,S,YU,5421
4/22/2019,09:10,Monday,EGLINTON STATION,EUSC,3,6,S,YU,5421
4/22/2019,09:12,Monday,GLENCAIRN STATION,TUATC,3,5,N,YU,5716
4/22/2019,09:31,Monday,VAUGHAN MC STATION,MUCL,3,7,S,YU,6031
4/22/2019,10:49,Monday,HIGHWAY 407 STATION,MUATC,3,6,,YU,5956
4/22/2019,10:58,Monday,SHEPPARD STATION,MUTO,3,6,S,YU,6031
4/22/2019,11:06,Monday,SPADINA YUS STATION,MUIRS,0,0,,YU,0
4/22/2019,12:19,Monday,LAWRENCE STATION,MUIS,0,0,S,YU,0
4/22/2019,12:29,Monday,YORK MILLS STATION,PUMEL,0,0,,YU,0
4/22/2019,13:10,Monday,LESLIE STATION,TUSC,0,0,W,SHP,6166
4/22/2019,13:33,Monday,KIPLING STATION,TUSC,0,0,W,BD,5280
4/22/2019,13:35,Monday,KIPLING STATION,MUPAA,0,0,E,BD,5160
4/22/2019,14:31,Monday,SUMMERHILL STATION,MUPAA,0,0,S,YU,5526
4/22/2019,15:06,Monday,YORKDALE STATION,SUEAS,5,8,S,YU,6031
4/22/2019,15:26,Monday,NORTH YORK CTR STATION,SUAP,4,7,S,YU,5451
4/22/2019,15:28,Monday,YONGE BD STATION,MUDD,5,8,E,BD,5181
4/22/2019,15:45,Monday,WILSON STATION,TUNIP,6,9,S,YU,5616
4/22/2019,15:52,Monday,ST CLAIR WEST STATION,MUPAA,0,0,S,YU,5616
4/22/2019,16:53,Monday,WILSON STATION,MUATC,0,0,S,YU,5536
4/22/2019,17:04,Monday,EGLINTON STATION,MUPAA,0,0,N,YU,5821
4/22/2019,17:04,Monday,NORTH YORK CTR STATION,SUDP,13,15,N,YU,5601
4/22/2019,17:29,Monday,YORK MILLS STATION,MUSC,0,0,N,YU,5921
4/22/2019,17:37,Monday,EGLINTON WEST STATION,PUMEL,0,0,,YU,0
4/22/2019,17:49,Monday,FINCH STATION,TUSC,0,0,S,YU,5421
4/22/2019,17:59,Monday,DUPONT STATION,TUATC,3,5,N,YU,5631
4/22/2019,18:05,Monday,COXWELL STATION,TUNOA,0,0,W,BD,5164
4/22/2019,19:04,Monday,DUNDAS STATION,SUDP,5,7,N,YU,5521
4/22/2019,20:48,Monday,WOODBINE STATION,TUSC,0,0,E,BD,5347
4/22/2019,21:34,Monday,YORK MILLS STATION,TUSC,0,0,S,YU,5716
4/22/2019,22:00,Monday,YUS/BD/SHEPPARD SUBWAY,MUO,0,0,,,0
4/22/2019,23:17,Monday,COXWELL STATION,TUSC,0,0,W,BD,5085
4/22/2019,23:17,Monday,SUMMERHILL STATION,SUDP,0,0,,YU,0
4/22/2019,23:22,Monday,KENNEDY BD STATION,MUESA,4,8,W,BD,5264
4/23/2019,00:20,Tuesday,CHRISTIE STATION,PUSTC,0,0,W,BD,5011
4/23/2019,00:44,Tuesday,ISLINGTON STATION,TUMVS,0,0,E,BD,5175
4/23/2019,00:45,Tuesday,FINCH STATION,MUTO,4,9,S,YU,5986
4/23/2019,05:02,Tuesday,ST GEORGE BD STATION,PUTWZ,0,0,,BD,0
4/23/2019,05:33,Tuesday,FINCH STATION,MUCL,5,9,S,YU,5696
4/23/2019,05:48,Tuesday,COXWELL STATION,MUSC,0,0,E,BD,5181
4/23/2019,05:51,Tuesday,LAWRENCE STATION,MUO,3,8,S,YU,5451
4/23/2019,05:56,Tuesday,WILSON STATION,TUATC,5,8,S,YU,5851
4/23/2019,06:17,Tuesday,MCCOWAN STATION,TRO,4,9,S,SRT,3020
4/23/2019,06:24,Tuesday,SHEPPARD WEST STATION,MUATC,10,18,N,YU,5506
4/23/2019,07:05,Tuesday,GREENWOOD YARD,PUMO,0,0,,BD,0
4/23/2019,07:13,Tuesday,COXWELL STATION,MUSC,0,0,E,BD,5146
4/23/2019,07:25,Tuesday,EGLINTON STATION,TUATC,3,5,S,YU,5856
4/23/2019,07:39,Tuesday,BROADVIEW STATION,EUSC,0,0,E,BD,5296
4/23/2019,07:44,Tuesday,DUPONT STATION,MUATC,3,6,N,YU,5651
4/23/2019,08:14,Tuesday,CHESTER STATION,SUDP,0,0,W,BD,5245
4/23/2019,08:19,Tuesday,ST CLAIR WEST STATION,MUATC,3,5,N,YU,5931
4/23/2019,08:49,Tuesday,KING STATION,MUIS,0,0,S,YU,0
4/23/2019,08:51,Tuesday,BAY STATION,MUDD,3,5,E,BD,5268
4/23/2019,08:56,Tuesday,KENNEDY BD STATION,MUSC,0,0,E,BD,5273
4/23/2019,09:18,Tuesday,BLOOR STATION,PUMEL,0,0,,YU,0
4/23/2019,09:23,Tuesday,FINCH STATION,MUTO,5,7,S,YU,5831
4/23/2019,09:46,Tuesday,MAIN STREET STATION,SUPOL,0,0,E,BD,5283
4/23/2019,10:29,Tuesday,FINCH STATION,TUMVS,0,0,N,YU,5516
4/23/2019,10:33,Tuesday,MAIN STREET STATION,PUSTS,0,0,E,BD,5139
4/23/2019,10:33,Tuesday,ST GEORGE YUS STATION,MUPAA,0,0,N,YU,5711
4/23/2019,10:55,Tuesday,KIPLING STATION,MUSC,0,0,W,BD,5128
4/23/2019,11:54,Tuesday,FINCH STATION,MUIR,5,8,S,YU,5551
4/23/2019,12:12,Tuesday,DUNDAS STATION,MUD,5,8,N,YU,5716
4/23/2019,12:28,Tuesday,FINCH STATION,MUTO,5,8,S,YU,5681
4/23/2019,12:44,Tuesday,BLOOR STATION,MUIS,0,0,N,YU,0
4/23/2019,13:03,Tuesday,GREENWOOD STATION,SUO,8,11,E,BD,5062
4/23/2019,13:18,Tuesday,ISLINGTON STATION,MUSC,0,0,E,BD,5009
4/23/2019,14:05,Tuesday,VICTORIA PARK STATION,MUSC,0,0,W,BD,5336
4/23/2019,14:18,Tuesday,MAIN STREET STATION,PUSTS,0,0,E,BD,5039
4/23/2019,14:40,Tuesday,YORK UNIVERSITY STATIO,EUDO,8,11,S,YU,5516
4/23/2019,14:59,Tuesday,SUMMERHILL STATION,MUSC,0,0,N,YU,5896
4/23/2019,15:19,Tuesday,SHEPPARD WEST STATION,TUO,4,7,S,YU,5466
4/23/2019,15:30,Tuesday,ST CLAIR WEST STATION,PUMEL,0,0,,YU,0
4/23/2019,15:51,Tuesday,LAWRENCE EAST STATION,SRDP,0,0,,SRT,0
4/23/2019,16:31,Tuesday,KIPLING STATION,TUMVS,5,7,W,BD,5012
4/23/2019,17:03,Tuesday,MUSEUM STATION,MUPAA,0,0,N,YU,5776
4/23/2019,19:43,Tuesday,MAIN STREET STATION,PUSTS,0,0,E,BD,5357
4/23/2019,20:41,Tuesday,FINCH WEST STATION,SUDP,0,0,N,YU,6056
4/23/2019,22:00,Tuesday,YUS/BD/SHEPPARD SUBWAY,MUO,0,0,,YU/BD,0
4/23/2019,22:03,Tuesday,ST GEORGE YUS STATION,TUSC,0,0,S,YU,5611
4/23/2019,22:24,Tuesday,OSGOODE STATION,TUSC,0,0,N,YU,6086
4/23/2019,23:06,Tuesday,UNION STATION,PUTIJ,3,7,S,YU,5926
4/23/2019,23:53,Tuesday,FINCH STATION,TUSC,0,0,N,YU,5566
4/24/2019,00:15,Wednesday,ST GEORGE BD STATION,TUSC,0,0,W,BD,5295
4/24/2019,00:48,Wednesday,KENNEDY BD STATION,MUSC,0,0,W,BD,5164
4/24/2019,00:59,Wednesday,WARDEN STATION,TUSC,0,0,E,BD,5336
4/24/2019,02:16,Wednesday,COXWELL STATION,SUO,0,0,W,BD,0
4/24/2019,05:41,Wednesday,GUNN BUILDING,MUATC,0,0,,YU,0
4/24/2019,05:48,Wednesday,VICTORIA PARK STATION,PUSSW,43,47,E,BD,5024
4/24/2019,06:05,Wednesday,PIONEER VILLAGE STATIO,MUO,0,0,,YU,0
4/24/2019,06:28,Wednesday,FINCH STATION,MUTO,3,7,S,YU,5616
4/24/2019,06:52,Wednesday,FINCH STATION,MUSAN,3,5,S,YU,6121
4/24/2019,07:16,Wednesday,COXWELL STATION,EUSC,0,0,E,BD,5131
4/24/2019,07:24,Wednesday,WILSON STATION,TUO,3,5,S,YU,5646
4/24/2019,07:24,Wednesday,WOODBINE STATION,EUDO,4,6,E,BD,5209
4/24/2019,07:29,Wednesday,MAIN STREET STATION,EUCD,4,6,E,BD,5209
4/24/2019,07:41,Wednesday,KIPLING STATION,MUTO,3,5,E,BD,5248
4/24/2019,08:11,Wednesday,KIPLING STATION,TUSC,0,0,W,BD,5009
4/24/2019,08:20,Wednesday,LESLIE STATION,TUMVS,5,10,E,SHP,6191
4/24/2019,08:24,Wednesday,KIPLING STATION,EUSC,4,6,E,BD,5131
4/24/2019,09:07,Wednesday,FINCH STATION,MUSAN,3,5,S,YU,6121
4/24/2019,09:33,Wednesday,ISLINGTON STATION,TUS,3,6,W,BD,5363
4/24/2019,10:24,Wednesday,KENNEDY BD STATION,EUDO,3,6,W,BD,5085
4/24/2019,11:39,Wednesday,NORTH YORK CTR STATION,SUAE,16,19,S,YU,6026
4/24/2019,12:54,Wednesday,BLOOR STATION,MUO,4,7,S,YU,5531
4/24/2019,13:58,Wednesday,ST PATRICK STATION,TUOS,3,6,S,YU,6106
4/24/2019,14:03,Wednesday,KIPLING STATION,MUIR,3,6,W,BD,5123
4/24/2019,14:17,Wednesday,KIPLING STATION,TUSC,0,0,W,BD,5112
4/24/2019,14:36,Wednesday,FINCH STATION,MUTO,3,6,S,YU,6106
4/24/2019,14:45,Wednesday,FINCH STATION,EUDO,3,6,S,YU,5761
4/24/2019,14:50,Wednesday,SHEPPARD STATION,MUIS,0,0,,YU,0
4/24/2019,15:04,Wednesday,KENNEDY BD STATION,MUSAN,5,7,W,BD,5347
4/24/2019,15:13,Wednesday,ST GEORGE BD STATION,SUDP,8,11,E,BD,5052
4/24/2019,16:49,Wednesday,QUEEN STATION,MUPAA,3,6,N,YU,5851
4/24/2019,16:50,Wednesday,FINCH STATION,TUSC,0,0,N,YU,6126
4/24/2019,16:54,Wednesday,SPADINA BD STATION,MUNCA,0,0,,BD,0
4/24/2019,17:08,Wednesday,MCCOWAN STATION,ERLV,7,12,N,SRT,3027
4/24/2019,17:30,Wednesday,YONGE BD STATION,MUNCA,0,0,,BD,0
4/24/2019,17:36,Wednesday,DANFORTH DIVISION,MUO,0,0,,,0
4/24/2019,17:47,Wednesday,LANSDOWNE STATION,SUO,3,5,W,BD,5031
4/24/2019,18:00,Wednesday,DONLANDS STATION,MUNCA,0,0,,BD,0
4/24/2019,18:17,Wednesday,GREENWOOD STATION,SUDP,0,0,E,BD,5301
4/24/2019,21:02,Wednesday,ST CLAIR STATION,SUDP,0,0,,YU,0
4/24/2019,21:10,Wednesday,EGLINTON STATION,MUPAA,3,6,S,YU,5691
4/24/2019,22:00,Wednesday,YUS/BD/SHEPPARD SUBWAY,MUO,0,0,,YU/BD,0
4/24/2019,23:00,Wednesday,YUS/BD/SHEPPARD SUBWAY,MUO,0,0,,YU,0
4/24/2019,23:11,Wednesday,WELLESLEY STATION,MUIS,0,0,,YU,0
4/24/2019,23:56,Wednesday,SHEPPARD STATION,MUPAA,0,0,S,YU,5056
4/25/2019,00:23,Thursday,FINCH WEST STATION,PUMEL,0,0,,YU,0
4/25/2019,00:32,Thursday,KENNEDY BD STATION,MUIRS,0,0,,BD,0
4/25/2019,03:49,Thursday,VAUGHAN MC STATION,MUIS,0,0,,YU,0
4/25/2019,05:04,Thursday,ROYAL YORK STATION,SUCOL,0,0,,BD,0
4/25/2019,05:36,Thursday,FINCH STATION,TUNOA,4,8,S,YU,5941
4/25/2019,05:36,Thursday,FINCH STATION,TUSC,0,0,S,YU,5691
4/25/2019,05:48,Thursday,WILSON STATION,TUO,5,9,S,YU,5546
4/25/2019,06:31,Thursday,EGLINTON STATION,MUPAA,4,8,S,YU,6126
4/25/2019,06:51,Thursday,COXWELL STATION,MUSC,0,0,E,BD,5289
4/25/2019,07:05,Thursday,UNION STATION,TUMVS,0,0,S,YU,5471
4/25/2019,07:13,Thursday,KIPLING STATION,MUSC,0,0,E,BD,5059
4/25/2019,07:31,Thursday,WARDEN STATION,MUSC,0,0,E,BD,5258
4/25/2019,07:40,Thursday,RUNNYMEDE STATION,EUNT,5,7,E,BD,5033
4/25/2019,07:46,Thursday,GREENWOOD STATION,PUSRA,4,6,W,BD,5227
4/25/2019,08:13,Thursday,YORK MILLS STATION,MUI,17,19,S,YU,5681
4/25/2019,08:25,Thursday,QUEEN'S PARK STATION,MUSC,0,0,S,YU,5911
4/25/2019,08:33,Thursday,UNION STATION,MUPAA,0,0,S,YU,5791
4/25/2019,08:36,Thursday,YORK MILLS STATION,MUPAA,3,5,S,YU,5821
4/25/2019,08:42,Thursday,DAVISVILLE STATION,MUPAA,0,0,N,YU,5721
4/25/2019,08:54,Thursday,LAWRENCE STATION,MUIR,13,15,S,YU,5691
4/25/2019,08:57,Thursday,CASTLE FRANK STATION,MUIR,4,6,W,BD,5123
4/25/2019,09:08,Thursday,KIPLING STATION,TUSC,0,0,W,BD,5061
4/25/2019,09:10,Thursday,DUNDAS STATION,MUIS,0,0,,YU,0
4/25/2019,09:18,Thursday,EGLINTON STATION,MUIR,0,0,S,YU,5941
4/25/2019,09:26,Thursday,COLLEGE STATION,MUPAA,0,0,S,YU,5691
4/25/2019,10:15,Thursday,EGLINTON STATION,MUTO,3,6,N,YU,5651
4/25/2019,11:14,Thursday,LESLIE STATION,TUSC,0,0,W,SHP,6146
4/25/2019,11:34,Thursday,HIGH PARK STATION,MUIR,3,6,W,BD,5174
4/25/2019,11:51,Thursday,SHEPPARD-YONGE STATION,TUCC,5,10,E,SHP,6146
4/25/2019,12:32,Thursday,COLLEGE STATION,SUSA,0,0,S,YU,5671
4/25/2019,12:54,Thursday,ST CLAIR STATION,SUUT,20,23,S,YU,5566
4/25/2019,13:20,Thursday,DONLANDS STATION,SUDP,7,10,E,BD,5054
4/25/2019,13:44,Thursday,DUPONT STATION,MUATC,5,8,N,YU,5666
4/25/2019,13:53,Thursday,ST CLAIR WEST STATION,MUATC,3,6,N,YU,5666
4/25/2019,14:08,Thursday,SPADINA BD STATION,SUDP,0,0,E,BD,5318
4/25/2019,14:48,Thursday,OSSINGTON STATION,PUMEL,0,0,,BD,0
4/25/2019,15:06,Thursday,MCCOWAN STATION,TRO,5,10,S,SRT,3019
4/25/2019,15:35,Thursday,EGLINTON STATION,MUTO,5,8,S,YU,6016
4/25/2019,16:26,Thursday,SUMMERHILL STATION,SUDP,0,0,S,YU,5626
4/25/2019,17:35,Thursday,WARDEN STATION,MUIS,0,0,W,BD,0
4/25/2019,17:57,Thursday,OLD MILL STATION,EUDO,4,6,E,BD,5239
4/25/2019,18:37,Thursday,FINCH WEST STATION,PUMEL,0,0,,YU,0
4/25/2019,19:17,Thursday,OSSINGTON STATION,SUAE,0,0,,BD,0
4/25/2019,19:40,Thursday,ISLINGTON STATION,MUDD,3,6,E,BD,5219
4/25/2019,19:44,Thursday,LAWRENCE STATION,EUSC,0,0,S,YU,5841
4/25/2019,21:08,Thursday,KENNEDY BD STATION,MUPAA,0,0,W,BD,5158
4/25/2019,21:29,Thursday,SPADINA YUS STATION,EUSC,0,0,N,YU,5886
4/25/2019,21:38,Thursday,JANE STATION,TUSC,0,0,W,BD,5151
4/25/2019,22:00,Thursday,YUS/BD/SHEPPARD SUBWAY,MUO,0,0,,YU/BD,0
4/25/2019,22:34,Thursday,ISLINGTON STATION,MUSC,0,0,W,BD,5104
4/25/2019,23:05,Thursday,ST ANDREW TO BLOOR STA,MUO,0,0,,YU,0
4/25/2019,23:26,Thursday,BLOOR DANFORTH SUBWAY,MUGD,0,0,,BD,0
4/25/2019,23:43,Thursday,MAIN STREET STATION,TUOS,0,0,W,BD,5052
4/26/2019,00:30,Friday,BLOOR STATION,MUIS,0,0,S,YU,0
4/26/2019,01:15,Friday,YORK MILLS STATION,TUSC,0,0,S,YU,5726
4/26/2019,02:05,Friday,VAUGHAN MC STATION,MUIS,0,0,,YU,0
4/26/2019,02:21,Friday,KENNEDY BD STATION,MUIS,0,0,,BD,0
4/26/2019,06:00,Friday,YUS/BD/SHEPPARD SUBWAY,MUO,0,0,,YU/BD,0
4/26/2019,06:06,Friday,VICTORIA PARK STATION,MUSC,0,0,W,BD,5166
4/26/2019,06:08,Friday,OLD MILL STATION,MUSC,0,0,W,BD,5123
4/26/2019,06:16,Friday,VICTORIA PARK STATION,MUSC,0,0,E,BD,5314
4/26/2019,06:52,Friday,HIGH PARK STATION,MUSC,0,0,E,BD,5357
4/26/2019,06:52,Friday,OLD MILL STATION,MUSC,0,0,E,BD,5116
4/26/2019,06:55,Friday,HIGH PARK STATION,MUSC,3,6,W,BD,5050
4/26/2019,06:59,Friday,KIPLING STATION,MUSC,0,0,W,BD,5141
4/26/2019,07:04,Friday,VICTORIA PARK STATION,MUSC,0,0,E,BD,5353
4/26/2019,07:10,Friday,QUEEN'S PARK STATION,MUIS,0,0,,YU,0
4/26/2019,07:11,Friday,OLD MILL STATION,PUSCR,3,5,E,BD,5227
4/26/2019,07:24,Friday,VAUGHAN MC STATION,EUTL,4,8,S,YU,6121
4/26/2019,07:26,Friday,KEELE STATION,EUBO,3,5,E,BD,5054
4/26/2019,07:37,Friday,SHEPPARD WEST STATION,PUMEL,0,0,,YU,0
4/26/2019,07:44,Friday,VICTORIA PARK STATION,MUSC,0,0,E,BD,5068
4/26/2019,07:49,Friday,SHERBOURNE STATION,TUSC,0,0,E,BD,5321
4/26/2019,07:58,Friday,FINCH STATION,MUIS,0,0,,YU,0
4/26/2019,08:08,Friday,COLLEGE STATION,MUI,3,5,N,YU,5526
4/26/2019,09:06,Friday,FINCH STATION,MUIRS,0,0,,YU,0
4/26/2019,09:09,Friday,FINCH STATION,TUSC,0,0,N,YU,5381
4/26/2019,09:51,Friday,NORTH YORK CTR STATION,MUSC,0,0,N,YU,6111
4/26/2019,09:53,Friday,KEELE STATION,MUSC,0,0,W,BD,5075
4/26/2019,09:56,Friday,UNION STATION,PUMO,0,0,,YU,0
4/26/2019,10:25,Friday,OLD MILL STATION,TUKEY,5,8,E,BD,5301
4/26/2019,10:25,Friday,OLD MILL STATION,TUSC,0,0,E,BD,5301
4/26/2019,10:30,Friday,VAUGHAN MC STATION,MUI,0,0,S,YU,5491
4/26/2019,12:14,Friday,SHEPPARD STATION,MUIS,0,0,,YU,0
4/26/2019,12:32,Friday,MCCOWAN STATION,ERWA,6,12,S,SRT,3008
4/26/2019,12:35,Friday,MAIN STREET STATION,SUDP,3,6,E,BD,5163
4/26/2019,12:35,Friday,VAUGHAN MC STATION,TUNIP,6,9,S,YU,5791
4/26/2019,12:46,Friday,WARDEN STATION,SUDP,3,6,E,BD,5163
4/26/2019,13:47,Friday,ST CLAIR STATION,MUPAA,0,0,N,YU,6036
4/26/2019,14:21,Friday,KENNEDY BD STATION,MUTO,0,0,E,BD,5042
4/26/2019,14:40,Friday,KENNEDY BD STATION,MUIR,5,7,E,BD,5238
4/26/2019,15:11,Friday,SPADINA YUS STATION,EUDO,7,10,N,YU,6126
4/26/2019,15:31,Friday,VAUGHAN MC STATION,PUMEL,0,0,,YU,0
4/26/2019,15:38,Friday,DONLANDS STATION,SUAE,15,17,E,BD,5295
4/26/2019,15:57,Friday,OLD MILL STATION,TUSC,0,0,E,BD,5028
4/26/2019,16:15,Friday,BLOOR STATION,MUIS,0,0,,BD,0
4/26/2019,16:19,Friday,SHERBOURNE STATION,MUDD,7,9,E,BD,5028
4/26/2019,16:41,Friday,VICTORIA PARK STATION,MUSC,0,0,W,BD,5112
4/26/2019,16:55,Friday,SUMMERHILL STATION,SUDP,5,7,N,YU,5431
4/26/2019,16:59,Friday,KENNEDY BD STATION,EUBO,3,6,W,BD,5225
4/26/2019,17:50,Friday,ST ANDREW STATION,SUAE,0,0,,YU,0
4/26/2019,17:54,Friday,LAWRENCE STATION,MUPAA,0,0,S,YU,5546
4/26/2019,18:29,Friday,ST CLAIR STATION,MUPAA,0,0,N,YU,5971
4/26/2019,19:29,Friday,PAPE STATION,SUDP,5,7,E,BD,5340
4/26/2019,19:45,Friday,BLOOR DANFORTH SUBWAY,MUGD,0,0,,BD,0
4/26/2019,20:23,Friday,HIGHWAY 407 STATION,SUDP,0,0,,YU,0
4/26/2019,20:56,Friday,WOODBINE STATION,MUI,14,17,E,BD,5264
4/26/2019,21:48,Friday,LESLIE STATION,TUMVS,0,0,E,SHP,6191
4/26/2019,22:02,Friday,DUPONT STATION,MUATC,6,11,N,YU,5486
4/26/2019,22:04,Friday,SHEPPARD WEST STATION,SUDP,3,7,S,YU,5991
4/26/2019,22:26,Friday,RUNNYMEDE STATION,MUIR,4,8,E,BD,5348
4/27/2019,00:10,Saturday,HIGHWAY 407 STATION,EUTL,6,11,N,YU,5761
4/27/2019,00:13,Saturday,LAWRENCE WEST STATION,MUPAA,0,0,S,YU,5961
4/27/2019,00:20,Saturday,VAUGHAN MC STATION,EUCD,5,10,S,YU,5761
4/27/2019,00:23,Saturday,DUPONT STATION,SUDP,5,10,S,YU,5961
4/27/2019,00:31,Saturday,GLENCAIRN STATION,SUAP,0,0,S,YU,6081
4/27/2019,01:29,Saturday,WILSON STATION,MUTO,3,8,N,YU,5981
4/27/2019,01:41,Saturday,SHEPPARD WEST STATION,MUI,0,0,S,YU,5381
4/27/2019,01:51,Saturday,YORK MILLS STATION,MUPAA,0,0,N,YU,5801
4/27/2019,02:14,Saturday,DUNDAS WEST STATION,SUAE,0,0,,BD,0
4/27/2019,04:40,Saturday,MUSEUM STATION,PUSSW,0,0,,YU,0
4/27/2019,05:00,Saturday,KENNEDY TO VICTORIA PA,MUO,0,0,,BD,0
4/27/2019,05:56,Saturday,WILSON STATION,MUO,9,0,S,YU,6036
4/27/2019,05:58,Saturday,SHEPPARD WEST STATION,MUO,12,17,N,YU,5831
4/27/2019,06:01,Saturday,UNION STATION,SUCOL,0,0,N,YU,5496
4/27/2019,06:11,Saturday,COXWELL STATION,MUSC,0,0,E,BD,5296
4/27/2019,06:42,Saturday,SHEPPARD WEST STATION,MUFS,4,14,N,YU,5861
4/27/2019,07:02,Saturday,DUPONT STATION,MUATC,4,9,N,YU,5996
4/27/2019,07:07,Saturday,OSGOODE STATION,SUPOL,7,12,N,YU,5491
4/27/2019,07:09,Saturday,OSGOODE STATION,SUPOL,7,12,N,YU,5491
4/27/2019,07:12,Saturday,ST CLAIR WEST STATION,MUATC,3,8,N,YU,5546
4/27/2019,08:58,Saturday,SCARBOROUGH CTR STATIO,MRPAA,0,0,N,SRT,3007
4/27/2019,09:29,Saturday,KING STATION,MUIS,0,0,S,YU,0
4/27/2019,12:42,Saturday,KIPLING STATION,TUMVS,8,13,W,BD,5077
4/27/2019,15:00,Saturday,DUNDAS STATION,SUDP,5,8,N,YU,5766
4/27/2019,15:05,Saturday,RUNNYMEDE STATION,SUAP,4,8,E,BD,5293
4/27/2019,15:12,Saturday,KING STATION,MUPAA,0,0,N,YU,5391
4/27/2019,15:45,Saturday,VICTORIA PARK STATION,MUTO,5,9,W,BD,5193
4/27/2019,16:08,Saturday,VICTORIA PARK STATION,MUTO,4,8,W,BD,5356
4/27/2019,16:53,Saturday,ST CLAIR STATION,MUIS,0,0,,YU,0
4/27/2019,16:55,Saturday,YONGE BD STATION,MUIS,0,0,,BD,0
4/27/2019,17:01,Saturday,KIPLING STATION,MUTO,4,8,E,BD,5356
4/27/2019,17:14,Saturday,VICTORIA PARK STATION,SUO,0,0,,BD,0
4/27/2019,17:19,Saturday,DUFFERIN STATION,MUI,8,12,W,BD,5037
4/27/2019,17:53,Saturday,ST PATRICK STATION,MUNCA,0,0,,YU,0
4/27/2019,18:04,Saturday,ST CLAIR STATION,MUIS,0,0,N,YU,5511
4/27/2019,18:39,Saturday,COXWELL STATION,TUNIP,5,9,W,BD,5205
4/27/2019,18:59,Saturday,QUEEN STATION,MUPAA,0,0,S,YU,5816
4/27/2019,19:03,Saturday,WILSON STATION,TUO,3,6,N,YU,5646
4/27/2019,19:29,Saturday,KIPLING STATION,MUIS,0,0,,BD,0
4/27/2019,19:50,Saturday,KIPLING STATION,TUSC,0,0,W,BD,5277
4/27/2019,20:28,Saturday,SPADINA YUS STATION,SUDP,0,0,N,YU,6011
4/27/2019,20:30,Saturday,SPADINA BD STATION,SUO,0,0,E,BD,5031
4/27/2019,20:34,Saturday,YORK MILLS STATION,TUSC,0,0,N,YU,5611
4/27/2019,21:04,Saturday,MUSEUM STATION,SUDP,5,10,S,YU,5911
4/27/2019,22:00,Saturday,YUS/BD/SHEPPARD SUBWAY,MUO,0,0,,BD/YU,0
4/27/2019,22:02,Saturday,FINCH STATION,MUATC,3,8,S,YU,5981
4/27/2019,22:37,Saturday,RUNNYMEDE STATION,SUO,0,0,E,BD,5155
4/27/2019,22:42,Saturday,KIPLING STATION,MUSC,0,0,E,BD,5311
4/27/2019,22:56,Saturday,OLD MILL STATION,EUBK,0,0,W,BD,5344
4/27/2019,23:25,Saturday,CHESTER STATION,MUIS,0,0,,BD,0
4/27/2019,23:38,Saturday,KIPLING STATION,EUNT,4,8,E,BD,5011
4/28/2019,01:05,Sunday,ST GEORGE YUS STATION,TUSC,0,0,S,YU,5801
4/28/2019,01:32,Sunday,DOWNSVIEW PARK STATION,MUIR,3,8,S,YU,5756
4/28/2019,01:39,Sunday,VAUGHAN MC STATION,MUI,0,0,S,YU,5676
4/28/2019,02:01,Sunday,ST CLAIR WEST STATION,MUPAA,0,0,N,YU,5961
4/28/2019,08:00,Sunday,BLOOR DANFORTH SUBWAY,MUO,0,0,,BD,0
4/28/2019,08:13,Sunday,DAVISVILLE STATION,TUNIP,5,10,S,YU,5821
4/28/2019,08:26,Sunday,ST GEORGE YUS STATION,MUIR,4,9,N,YU,6001
4/28/2019,08:30,Sunday,SHEPPARD WEST STATION,MUO,3,8,N,YU,5446
4/28/2019,09:59,Sunday,SPADINA YUS STATION,MUIS,0,0,S,YU,0
4/28/2019,11:00,Sunday,SHEPPARD STATION,MUSC,0,0,N,YU,5811
4/28/2019,12:32,Sunday,VICTORIA PARK STATION,PUTWZ,18,23,E,BD,5043
4/28/2019,12:40,Sunday,EGLINTON STATION,MUI,3,7,N,YU,5621
4/28/2019,12:54,Sunday,MCCOWAN STATION,ERPR,6,12,N,SRT,3007
4/28/2019,15:05,Sunday,WOODBINE STATION,EUDO,4,8,E,BD,5028
4/28/2019,15:07,Sunday,ROSEDALE STATION,MUPAA,0,0,S,YU,5996
4/28/2019,15:27,Sunday,WOODBINE STATION,PUMEL,0,0,,BD,0
4/28/2019,15:43,Sunday,FINCH STATION,TUSC,0,0,N,YU,5801
4/28/2019,15:51,Sunday,WARDEN STATION,SUPOL,0,0,,BD,0
4/28/2019,16:08,Sunday,BLOOR STATION,SUO,8,12,N,YU,6121
4/28/2019,16:08,Sunday,YONGE BD STATION,SUO,0,0,E,BD,5208
4/28/2019,16:49,Sunday,CASTLE FRANK STATION,SUAP,3,7,E,BD,5031
4/28/2019,17:13,Sunday,SPADINA YUS STATION,SUDP,0,0,,YU,0
4/28/2019,17:43,Sunday,VICTORIA PARK STATION,MUO,12,16,E,BD,5075
4/28/2019,18:01,Sunday,SHEPPARD-YONGE STATION,MUIS,0,0,,SHP,0
4/28/2019,18:03,Sunday,SUMMERHILL STATION,SUDP,0,0,,YU,0
4/28/2019,18:19,Sunday,WOODBINE STATION,PUMEL,0,0,,BD,0
4/28/2019,18:56,Sunday,OLD MILL STATION,TUSC,0,0,E,BD,5208
4/28/2019,21:36,Sunday,VICTORIA PARK STATION,MUO,8,12,W,BD,5151
4/28/2019,22:00,Sunday,YUS/BD/SHEPPARD SUBWAY,MUO,0,0,,YU/BD,0
4/28/2019,22:23,Sunday,OLD MILL STATION,TUO,0,0,W,BD,5344
4/28/2019,22:24,Sunday,OLD MILL STATION,TUMVS,0,0,W,BD,5193
4/28/2019,23:09,Sunday,GREENWOOD STATION,EUO,4,8,W,BD,5328
4/28/2019,23:24,Sunday,KIPLING STATION,MUIS,0,0,,BD,0
4/29/2019,01:37,Monday,FINCH STATION,MUTO,5,10,S,YU,6096
4/29/2019,02:17,Monday,VAUGHAN MC STATION,MUI,0,0,S,YU,5986
4/29/2019,05:24,Monday,SHEPPARD-YONGE STATION,MUSC,0,0,E,SHP,6186
4/29/2019,05:47,Monday,SHEPPARD WEST STATION,PUSSW,10,0,N,YU,5791
4/29/2019,06:16,Monday,ST CLAIR WEST STATION,MUPAA,0,0,N,YU,5896
4/29/2019,06:34,Monday,ST GEORGE BD STATION,MUPAA,0,0,W,BD,5167
4/29/2019,07:26,Monday,ISLINGTON STATION,MUSC,0,0,E,BD,5283
4/29/2019,07:36,Monday,SHEPPARD WEST STATION,MUATC,0,0,S,YU,5551
4/29/2019,08:02,Monday,DUFFERIN STATION,MUIR,0,0,E,BD,5108
4/29/2019,08:58,Monday,DUNDAS WEST STATION,MUSC,0,0,E,BD,5028
4/29/2019,09:02,Monday,ST CLAIR STATION,MUPAA,4,6,S,YU,5401
4/29/2019,09:30,Monday,KENNEDY BD STATION,EUNT,3,6,W,BD,5345
4/29/2019,09:56,Monday,DON MILLS STATION,TUSC,0,0,E,SHP,6186
4/29/2019,10:33,Monday,RUNNYMEDE STATION,SUDP,7,10,E,BD,5176
4/29/2019,10:34,Monday,EGLINTON STATION,SUDP,6,9,N,YU,5821
4/29/2019,10:34,Monday,GREENWOOD YARD,PUTOE,0,0,,BD,55
4/29/2019,10:37,Monday,SHEPPARD STATION,PUSWZ,6,9,N,YU,5406
4/29/2019,10:43,Monday,ST CLAIR WEST STATION,MUATC,4,8,S,YU,5776
4/29/2019,11:10,Monday,KIPLING STATION,MUO,3,6,E,BD,5112
4/29/2019,11:18,Monday,KENNEDY SRT STATION,MRPAA,3,8,N,SRT,3025
4/29/2019,11:36,Monday,KIPLING STATION,TUSC,0,0,W,BD,5077
4/29/2019,12:35,Monday,DUPONT STATION,MUATC,9,12,N,YU,5741
4/29/2019,12:38,Monday,ISLINGTON STATION,TUSC,0,0,E,BD,5244
4/29/2019,12:39,Monday,QUEEN STATION,MUIRS,4,9,N,YU,5531
4/29/2019,12:52,Monday,LAWRENCE STATION,MUPAA,0,0,N,YU,5961
4/29/2019,13:20,Monday,YORK MILLS STATION,MUTO,4,7,S,YU,6051
4/29/2019,13:49,Monday,FINCH STATION,MUSC,3,6,S,YU,6116
4/29/2019,13:49,Monday,WILSON STATION,MUIS,0,0,,YU,0
4/29/2019,14:12,Monday,FINCH STATION,EUNT,3,6,S,YU,5596
4/29/2019,14:14,Monday,KENNEDY SRT STATION,ERPR,5,10,N,SRT,3025
4/29/2019,14:29,Monday,WILSON HOSTLER,TUMVS,0,0,S,YU,5586
4/29/2019,14:38,Monday,SHEPPARD WEST STATION,MUTO,0,0,N,YU,5396
4/29/2019,14:47,Monday,JANE STATION,EULV,4,7,E,BD,5112
4/29/2019,14:57,Monday,JANE STATION,EULV,3,6,E,BD,5043
4/29/2019,15:00,Monday,VICTORIA PARK STATION,EUTR,3,6,E,BD,5244
4/29/2019,15:05,Monday,ISLINGTON STATION,EULV,3,6,E,BD,5320
4/29/2019,15:06,Monday,OSSINGTON STATION,SUDP,4,6,W,BD,5148
4/29/2019,15:08,Monday,JANE STATION,EULV,3,6,W,BD,5116
4/29/2019,16:00,Monday,MUSEUM STATION,MUO,3,6,N,YU,5486
4/29/2019,16:19,Monday,YORKDALE STATION,MUIR,0,0,N,YU,0
4/29/2019,16:23,Monday,ST GEORGE BD STATION,TUSC,0,0,W,BD,5088
4/29/2019,16:50,Monday,BATHURST STATION,MUPAA,3,5,E,BD,5318
4/29/2019,16:52,Monday,KIPLING STATION,MUSC,0,0,W,BD,5146
4/29/2019,17:02,Monday,OLD MILL STATION,MUSC,0,0,W,BD,5148
4/29/2019,17:07,Monday,COLLEGE STATION,SUDP,3,6,N,YU,5706
4/29/2019,17:08,Monday,DUNDAS WEST STATION,MUSC,0,0,E,BD,5059
4/29/2019,17:25,Monday,VICTORIA PARK STATION,MUSC,0,0,W,BD,5274
4/29/2019,17:35,Monday,BLOOR STATION,SUDP,4,6,S,YU,5941
4/29/2019,18:06,Monday,BLOOR STATION,SUUT,0,0,N,YU,5421
4/29/2019,18:12,Monday,DON MILLS STATION,TUSC,0,0,E,SHP,6161
4/29/2019,18:18,Monday,DUNDAS WEST STATION,MUIS,0,0,W,BD,5037
4/29/2019,18:26,Monday,WELLESLEY STATION,MUPAA,0,0,N,YU,5891
4/29/2019,19:30,Monday,DUNDAS WEST STATION,MUIS,0,0,,BD,0
4/29/2019,19:49,Monday,LANSDOWNE STATION,SUDP,4,7,E,BD,5348
4/29/2019,19:58,Monday,UNION STATION,MUIS,0,0,,YU,0
4/29/2019,20:34,Monday,KENNEDY BD STATION,EUTM,3,7,W,BD,5304
4/29/2019,21:14,Monday,ISLINGTON STATION,TUSC,0,0,W,BD,5183
4/29/2019,21:18,Monday,LAWRENCE STATION,MUPAA,0,0,N,YU,5696
4/29/2019,22:00,Monday,YUS/BD/SHEPPARD SUBWAY,MUO,0,0,,YU/BD,0
4/29/2019,22:04,Monday,WOODBINE STATION,MUIS,0,0,,BD,0
4/29/2019,22:16,Monday,WILSON STATION,MUTO,5,10,S,YU,6096
4/29/2019,22:29,Monday,LAWRENCE WEST STATION,SUDP,4,8,S,YU,6126
4/29/2019,23:15,Monday,BLOOR DANFORTH SUBWAY,MUGD,0,0,,YU,0
4/29/2019,23:18,Monday,EGLINTON STATION,MUI,8,12,S,YU,5681
4/29/2019,23:44,Monday,KENNEDY BD STATION,PUMEL,0,0,,BD,0
4/30/2019,00:42,Tuesday,KENNEDY SRT STATION,ERDO,0,0,N,SRT,3001
4/30/2019,00:54,Tuesday,OLD MILL STATION,MUSC,0,0,E,BD,5283
4/30/2019,01:27,Tuesday,FINCH STATION,MUSC,0,0,S,YU,5716
4/30/2019,01:37,Tuesday,MAIN STREET STATION,MUIS,0,0,,BD,0
4/30/2019,05:16,Tuesday,OSGOODE STATION,MUNCA,0,0,,YU,0
4/30/2019,06:35,Tuesday,VAUGHAN MC STATION,MUTO,4,8,S,YU,6061
4/30/2019,06:59,Tuesday,KIPLING STATION,MUSC,0,0,E,BD,5088
4/30/2019,07:18,Tuesday,COXWELL STATION,MUSC,0,0,E,BD,5243
4/30/2019,07:30,Tuesday,LAWRENCE STATION,TUO,4,6,S,YU,5381
4/30/2019,07:42,Tuesday,ST GEORGE BD STATION,TUMVS,3,5,W,BD,5114
4/30/2019,07:51,Tuesday,VICTORIA PARK STATION,PUTIJ,10,13,W,BD,5009
4/30/2019,08:18,Tuesday,BLOOR STATION,MUPAA,0,0,S,YU,5971
4/30/2019,08:26,Tuesday,UNION STATION,MUIS,0,0,,YU,0
4/30/2019,08:30,Tuesday,ST CLAIR WEST STATION,MUIRS,0,0,S,YU,0
4/30/2019,08:56,Tuesday,COLLEGE STATION,MUPAA,3,5,S,YU,5936
4/30/2019,09:06,Tuesday,ROYAL YORK STATION,MUIS,0,0,,BD,0
4/30/2019,09:25,Tuesday,VICTORIA PARK STATION,MUIS,0,0,,BD,0
4/30/2019,09:40,Tuesday,WOODBINE STATION,MUSC,0,0,W,BD,5314
4/30/2019,10:05,Tuesday,SHEPPARD WEST STATION,EUTRD,7,10,N,YU,5696
4/30/2019,10:48,Tuesday,QUEEN STATION,PUSWZ,7,10,S,YU,6031
4/30/2019,12:04,Tuesday,MAIN STREET STATION,MUIRS,0,0,,BD,0
4/30/2019,12:09,Tuesday,QUEEN STATION,MUTO,4,7,N,YU,5711
4/30/2019,12:21,Tuesday,SPADINA YUS STATION,MUPAA,0,0,N,YU,5881
4/30/2019,13:09,Tuesday,EGLINTON WEST STATION,MUPAA,0,0,N,YU,5401
4/30/2019,14:05,Tuesday,DUNDAS STATION,SUDP,0,0,N,YU,0
4/30/2019,14:37,Tuesday,KENNEDY BD STATION,MUSC,0,0,W,BD,5037
4/30/2019,14:45,Tuesday,KIPLING STATION,MUSAN,3,6,E,BD,5256
4/30/2019,14:49,Tuesday,ST GEORGE BD STATION,SUDP,3,6,W,BD,5244
4/30/2019,14:53,Tuesday,LESLIE STATION,PUMO,0,0,,SHP,0
4/30/2019,15:13,Tuesday,KIPLING STATION,MUSAN,6,9,E,BD,5126
4/30/2019,15:34,Tuesday,KING STATION,PUTIJ,0,0,S,YU,6071
4/30/2019,15:46,Tuesday,KING STATION,PUTIJ,0,0,S,YU,5646
4/30/2019,15:54,Tuesday,DONLANDS STATION,EUNEA,3,5,W,BD,5290
4/30/2019,15:55,Tuesday,BATHURST STATION,MUPLC,0,0,,BD,0
4/30/2019,16:40,Tuesday,SHEPPARD-YONGE STATION,TUSC,0,0,W,SHP,6146
4/30/2019,16:49,Tuesday,WELLESLEY STATION,MUIR,4,6,N,YU,5566
4/30/2019,16:53,Tuesday,DUNDAS WEST STATION,MUSC,0,0,W,BD,5126
4/30/2019,17:07,Tuesday,ST PATRICK STATION,SUDP,0,0,,YU,0
4/30/2019,17:33,Tuesday,ST CLAIR STATION,MUIS,0,0,S,YU,0
4/30/2019,18:02,Tuesday,VAUGHAN MC STATION,EUO,3,5,S,YU,5941
4/30/2019,18:10,Tuesday,SPADINA YUS STATION,MUIR,10,12,S,YU,5686
4/30/2019,18:27,Tuesday,SHEPPARD STATION,TUSC,0,0,N,YU,5781
4/30/2019,18:43,Tuesday,VAUGHAN MC STATION,MUI,3,5,N,YU,5823
4/30/2019,19:06,Tuesday,FINCH STATION,TUMVS,0,0,N,YU,5686
4/30/2019,19:55,Tuesday,QUEEN STATION,MUPAA,0,0,S,YU,6121
4/30/2019,19:56,Tuesday,ST GEORGE YUS STATION,TUMVS,0,0,N,YU,5616
4/30/2019,19:59,Tuesday,ST GEORGE YUS STATION,MUSC,4,6,N,YU,5981
4/30/2019,20:01,Tuesday,COLLEGE STATION,MUIS,0,0,,YU,0
4/30/2019,21:03,Tuesday,SUMMERHILL STATION,SUDP,0,0,,YU,0
4/30/2019,21:35,Tuesday,WARDEN STATION,MUO,11,15,E,BD,5311
4/30/2019,21:59,Tuesday,LAWRENCE STATION,EUDO,4,9,N,YU,6126
4/30/2019,22:00,Tuesday,ROYAL YORK STATION,MUIS,0,0,,BD,0
4/30/2019,22:00,Tuesday,YUS/BD/SHEPPARD SUBWAY,MUO,0,0,,YU/BD,0
4/30/2019,22:07,Tuesday,ROYAL YORK STATION,TUSC,0,0,E,BD,5097
4/30/2019,22:12,Tuesday,ROYAL YORK STATION,MUIS,0,0,,BD,0
4/30/2019,22:24,Tuesday,KIPLING STATION,MUSC,0,0,W,BD,5098
4/30/2019,23:52,Tuesday,BATHURST STATION,PUMEL,0,0,E,BD,0
