Date,Time,Day,Station,Code,Min Delay,Min Gap,Bound,Line,Vehicle
4/1/2018,00:27,Sunday,ST GEORGE BD STATION,MUSAN,8,12,W,BD,5256
4/1/2018,07:56,Sunday,FINCH STATION,TUSC,0,0,S,YU,5751
4/1/2018,08:00,Sunday,YONGE UNIVERSITY LINE,MUO,0,0,,YU,0
4/1/2018,09:50,Sunday,KIPLING STATION,TUSC,0,0,W,BD,5139
4/1/2018,10:18,Sunday,VICTORIA PARK STATION,MUSC,0,0,W,BD,5354
4/1/2018,10:22,Sunday,KENNEDY BD STATION,EUNT,3,7,W,BD,5058
4/1/2018,10:30,Sunday,WILSON STATION,PUMEL,0,0,,YU,0
4/1/2018,11:20,Sunday,WILSON STATION,TUSC,0,0,S,YU,7065
4/1/2018,11:32,Sunday,FINCH WEST STATION,MUIRS,0,0,,YU,0
4/1/2018,12:00,Sunday,JANE STATION,TUSC,0,0,W,BD,5233
4/1/2018,12:03,Sunday,PAPE STATION,MUIR,3,7,E,BD,5296
4/1/2018,13:07,Sunday,ST CLAIR WEST STATION,TUSC,0,0,S,YU,5571
4/1/2018,13:55,Sunday,DUNDAS STATION,MUPAA,0,0,S,YU,5826
4/1/2018,14:10,Sunday,LAWRENCE WEST STATION,MUIS,0,0,,YU,0
4/1/2018,14:20,Sunday,GLENCAIRN STATION,MUSC,0,0,N,YU,5826
4/1/2018,14:45,Sunday,WILSON STATION,PUSSW,4,9,S,YU,5586
4/1/2018,16:05,Sunday,WILSON STATION,TUSC,0,0,S,YU,5816
4/1/2018,16:13,Sunday,NORTH YORK CTR STATION,MUPAA,0,0,S,YU,5576
4/1/2018,17:10,Sunday,RUNNYMEDE STATION,MUNCA,0,0,,BD,0
4/1/2018,17:18,Sunday,DUFFERIN STATION,MUIS,0,0,,BD,0
4/1/2018,17:28,Sunday,ISLINGTON STATION,TUSC,0,0,W,BD,5233
4/1/2018,18:52,Sunday,ROYAL YORK STATION,MUNCA,0,0,,BD,0
4/1/2018,19:34,Sunday,YORKDALE STATION,MUSC,0,0,N,YU,5646
4/1/2018,19:42,Sunday,EGLINTON WEST STATION,MUSC,0,0,N,YU,5891
4/1/2018,19:43,Sunday,BATHURST STATION,TUOS,0,0,W,BD,5369
4/1/2018,20:48,Sunday,FINCH STATION,MUPAA,4,8,S,YU,5556
4/1/2018,22:00,Sunday,YUS/BD/SHEPPARD SUBWAY,MUO,0,0,,YU/BD,0
4/1/2018,22:25,Sunday,BLOOR STATION,MUPAA,0,0,S,YU,5131
4/1/2018,22:35,Sunday,ROYAL YORK STATION,MUIS,0,0,W,BD,0
4/2/2018,00:15,Monday,EGLINTON STATION,SUDP,0,0,S,YU,5906
4/2/2018,01:19,Monday,KEELE STATION,SUDP,7,11,E,BD,5129
4/2/2018,01:38,Monday,CHRISTIE STATION,SUAE,3,7,E,BD,5129
4/2/2018,01:56,Monday,ROYAL YORK STATION,SUROB,0,0,W,BD,0
4/2/2018,05:23,Monday,SHEPPARD WEST STATION,PUTD,0,0,N,YU,5936
4/2/2018,05:42,Monday,WILSON STATION,MUPLB,11,15,S,YU,5701
4/2/2018,06:36,Monday,COXWELL STATION,MUSC,0,0,E,BD,5222
4/2/2018,06:43,Monday,DONLANDS STATION,TUNOA,3,5,W,BD,0
4/2/2018,06:59,Monday,COXWELL STATION,MUSC,0,0,E,BD,5354
4/2/2018,07:13,Monday,SHEPPARD WEST STATION,MUPAA,0,0,N,YU,5396
4/2/2018,08:09,Monday,DUPONT STATION,MUI,5,7,S,YU,5956
4/2/2018,08:28,Monday,SHEPPARD WEST STATION,MUSC,0,0,S,YU,5536
4/2/2018,08:57,Monday,DOWNSVIEW PARK STATION,MUIS,0,0,,YU,0
4/2/2018,10:46,Monday,BLOOR STATION,MUIS,0,0,N,YU,6011
4/2/2018,11:20,Monday,YONGE UNIVERSITY LINE,MUGD,0,0,,YU,0
4/2/2018,11:27,Monday,DUNDAS WEST STATION,TUO,0,0,W,BD,5310
4/2/2018,11:39,Monday,BLOOR STATION,PUMEL,0,0,N,BD,0
4/2/2018,11:50,Monday,COXWELL STATION,TUSC,0,0,W,BD,5040
4/2/2018,11:56,Monday,ST PATRICK STATION,EUDO,0,0,S,YU,5771
4/2/2018,12:14,Monday,QUEEN STATION,SUAE,0,0,,YU,0
4/2/2018,12:17,Monday,WILSON STATION,PUSO,0,0,S,YU,5701
4/2/2018,12:28,Monday,WILSON STATION,PUSTS,8,11,S,YU,5916
4/2/2018,12:45,Monday,WOODBINE STATION,MUSC,0,0,W,BD,5177
4/2/2018,14:29,Monday,ST GEORGE BD STATION,PUMEL,0,0,,BD,0
4/2/2018,14:59,Monday,ST GEORGE YUS STATION,MUSC,0,0,S,YU,5896
4/2/2018,15:12,Monday,ISLINGTON STATION,TUSC,0,0,E,BD,5291
4/2/2018,15:28,Monday,ST PATRICK STATION,TUSC,0,0,S,YU,5966
4/2/2018,16:02,Monday,ST GEORGE BD STATION,MUSC,3,5,E,BD,5000
4/2/2018,16:17,Monday,ISLINGTON STATION,TUSC,0,0,E,BD,5361
4/2/2018,16:58,Monday,LAWRENCE WEST STATION,TUMVS,0,0,N,YU,5516
4/2/2018,17:23,Monday,YORK UNIVERSITY STATIO,TUATC,3,5,S,YU,5671
4/2/2018,18:16,Monday,KIPLING STATION,TUSC,0,0,E,BD,5137
4/2/2018,18:24,Monday,WILSON STATION,MUIS,0,0,,YU,0
4/2/2018,18:36,Monday,GLENCAIRN TO ST GEORGE,PUSRA,0,0,S,YU,5946
4/2/2018,18:36,Monday,KEELE STATION,MUSC,0,0,E,BD,5078
4/2/2018,18:38,Monday,DAVISVILLE STATION,EUBO,3,5,S,YU,6051
4/2/2018,19:12,Monday,FINCH STATION,MUSC,3,5,N,YU,5716
4/2/2018,19:24,Monday,BAYVIEW STATION,SUDP,5,11,W,SHP,6156
4/2/2018,19:41,Monday,EGLINTON STATION,MUPAA,0,0,S,YU,5941
4/2/2018,20:27,Monday,DUPONT STATION,PUMEL,0,0,,YU,0
4/2/2018,20:48,Monday,SPADINA YUS STATION,TUSC,0,0,S,YU,5531
4/2/2018,22:00,Monday,YUS/BD/SHEPPARD SUBWAY,MUO,0,0,,YU/BD,0
4/2/2018,23:30,Monday,YONGE UNIVERSITY LINE,MUGD,0,0,,YU,0
4/3/2018,01:01,Tuesday,VICTORIA PARK STATION,MUSC,0,0,W,BD,5284
4/3/2018,02:27,Tuesday,KENNEDY BD STATION,MUI,0,0,W,BD,5233
4/3/2018,06:14,Tuesday,WILSON STATION,MUSC,0,0,S,YU,5716
4/3/2018,06:30,Tuesday,FINCH STATION,MUNCA,0,0,,YU,0
4/3/2018,06:51,Tuesday,COXWELL STATION,MUSC,0,0,E,BD,5123
4/3/2018,07:24,Tuesday,ROYAL YORK STATION,PUSI,0,0,,BD,5103
4/3/2018,07:55,Tuesday,OLD MILL STATION,MUSC,0,0,E,BD,5095
4/3/2018,08:33,Tuesday,KIPLING STATION,TUSC,0,0,W,BD,5302
4/3/2018,08:43,Tuesday,ISLINGTON STATION,TUSC,0,0,W,BD,5222
4/3/2018,08:47,Tuesday,JANE STATION,TUSC,0,0,W,BD,5011
4/3/2018,09:02,Tuesday,SHEPPARD WEST STATION,EUSC,0,0,S,YU,5716
4/3/2018,09:46,Tuesday,MUSEUM STATION,MUPAA,3,5,N,YU,5516
4/3/2018,09:53,Tuesday,BAYVIEW STATION,PUOPO,9,14,W,SHP,6186
4/3/2018,09:56,Tuesday,CASTLE FRANK STATION,MUIS,0,0,,BD,0
4/3/2018,10:42,Tuesday,ST CLAIR STATION,MUPAA,0,0,N,YU,5446
4/3/2018,11:47,Tuesday,YORKDALE STATION,SUAE,35,38,S,YU,6041
4/3/2018,12:00,Tuesday,WILSON STATION,TUCC,0,0,S,YU,5506
4/3/2018,12:23,Tuesday,DANFORTH DIVISION,MUO,0,0,,BD,0
4/3/2018,14:33,Tuesday,ST CLAIR WEST STATION,TUSC,0,0,S,YU,5931
4/3/2018,14:47,Tuesday,DONLANDS STATION,TUNIP,3,5,W,BD,5280
4/3/2018,14:51,Tuesday,YORK MILLS STATION,MUSC,0,0,N,YU,5546
4/3/2018,15:27,Tuesday,LAWRENCE STATION,MUIS,0,0,N,YU,0
4/3/2018,15:42,Tuesday,ROSEDALE STATION,MUPAA,0,0,N,YU,5981
4/3/2018,15:45,Tuesday,DUNDAS WEST STATION,MUIRS,3,5,W,BD,5258
4/3/2018,15:49,Tuesday,OLD MILL STATION,TUSC,0,0,E,BD,5350
4/3/2018,16:15,Tuesday,BAY STATION,MUSC,0,0,E,BD,5044
4/3/2018,16:29,Tuesday,KIPLING STATION,PUSSW,3,5,W,BD,5319
4/3/2018,16:42,Tuesday,KENNEDY BD STATION,TUSC,0,0,W,BD,5139
4/3/2018,17:07,Tuesday,VICTORIA PARK STATION,MUSC,0,0,W,BD,5302
4/3/2018,17:14,Tuesday,WILSON STATION,TUSC,0,0,S,YU,6046
4/3/2018,17:19,Tuesday,JANE STATION,PUTTC,7,9,W,BD,5195
4/3/2018,17:27,Tuesday,SPADINA YUS STATION,PUMEL,0,0,,YU,0
4/3/2018,17:30,Tuesday,EGLINTON WEST STATION,MUSC,0,0,N,YU,5466
4/3/2018,17:43,Tuesday,SHEPPARD WEST STATION,MUSC,0,0,S,YU,5711
4/3/2018,18:03,Tuesday,BAYVIEW STATION,SUDP,7,13,E,SHP,6196
4/3/2018,18:07,Tuesday,WOODBINE STATION,PUMEL,0,0,,BD,0
4/3/2018,18:13,Tuesday,VAUGHAN MC STATION,MUIRS,0,0,,YU,0
4/3/2018,18:27,Tuesday,VICTORIA PARK STATION,MUSC,0,0,W,BD,5104
4/3/2018,18:35,Tuesday,KENNEDY BD STATION,TUSC,0,0,E,BD,5044
4/3/2018,19:05,Tuesday,WILSON STATION,MUIS,0,0,,YU,0
4/3/2018,19:08,Tuesday,YONGE SHP STATION,TUMVS,0,0,W,SHP,6156
4/3/2018,20:15,Tuesday,ST ANDREW STATION,EUDO,6,9,S,YU,5701
4/3/2018,20:26,Tuesday,OSSINGTON STATION,MUIS,0,0,,BD,0
4/3/2018,20:35,Tuesday,OSGOODE STATION,SUDP,3,6,S,YU,5781
4/3/2018,20:36,Tuesday,EGLINTON STATION,SUROB,6,9,N,YU,5701
4/3/2018,20:38,Tuesday,DAVISVILLE STATION,SUO,3,6,S,YU,6016
4/3/2018,20:58,Tuesday,SHEPPARD STATION,MUIS,0,0,,YU,0
4/3/2018,21:57,Tuesday,FINCH STATION,SUDP,0,0,,YU,0
4/3/2018,22:00,Tuesday,YUS/BD/SHEPPARD SUBWAY,MUO,0,0,,YU/BD,0
4/3/2018,22:05,Tuesday,COXWELL STATION,SUDP,4,8,W,BD,5140
4/3/2018,22:33,Tuesday,VICTORIA PARK STATION,MUIS,0,0,,BD,0
4/3/2018,23:08,Tuesday,ISLINGTON STATION,MUNCA,0,0,,BD,0
4/3/2018,23:25,Tuesday,BLOOR DANFORTH SUBWAY,MUGD,0,0,,BD,0
4/4/2018,00:28,Wednesday,NORTH YORK CTR STATION,MUIS,0,0,S,YU,0
4/4/2018,00:51,Wednesday,JANE STATION,TUSC,0,0,W,BD,5274
4/4/2018,03:41,Wednesday,ST GEORGE YUS STATION,PUMO,0,0,,YU,0
4/4/2018,05:12,Wednesday,KENNEDY BD STATION,MUIS,0,0,,BD,0
4/4/2018,05:53,Wednesday,ST GEORGE BD STATION,EUPI,4,8,W,BD,5032
4/4/2018,06:03,Wednesday,WILSON STATION,EUBO,3,5,S,YU,5736
4/4/2018,06:20,Wednesday,WARDEN STATION,MUSC,0,0,W,BD,5297
4/4/2018,06:25,Wednesday,VICTORIA PARK STATION,TUOS,3,7,W,BD,5297
4/4/2018,06:41,Wednesday,LAWRENCE EAST STATION,ERTC,5,10,N,SRT,3026
4/4/2018,06:48,Wednesday,DUFFERIN STATION,EUNT,8,11,W,BD,5077
4/4/2018,06:49,Wednesday,MIDLAND STATION,TRTC,4,9,N,SRT,3025
4/4/2018,07:11,Wednesday,ISLINGTON STATION,EUSC,0,0,W,BD,5089
4/4/2018,07:11,Wednesday,MIDLAND STATION,ERDO,4,9,S,SRT,3004
4/4/2018,07:48,Wednesday,VICTORIA PARK STATION,PUSNT,0,0,W,BD,5334
4/4/2018,07:51,Wednesday,DAVISVILLE STATION,MUIS,0,0,S,YU,0
4/4/2018,07:57,Wednesday,CHRISTIE STATION,MUIR,3,5,E,BD,5103
4/4/2018,09:07,Wednesday,COXWELL STATION,EUTR,3,5,W,BD,5073
4/4/2018,11:10,Wednesday,FINCH STATION,TUSC,0,0,N,YU,5796
4/4/2018,11:13,Wednesday,ST GEORGE YUS STATION,MUSC,0,0,S,YU,5776
4/4/2018,11:35,Wednesday,SPADINA YUS STATION,TUSC,0,0,S,YU,5836
4/4/2018,11:39,Wednesday,KIPLING STATION,TUMVS,0,0,W,BD,5344
4/4/2018,11:40,Wednesday,VAUGHAN MC STATION,MUDD,3,6,S,YU,5456
4/4/2018,11:58,Wednesday,KIPLING STATION,MUTO,3,6,E,BD,5268
4/4/2018,12:28,Wednesday,KENNEDY SRT STATION,MRWEA,5,10,S,SRT,3002
4/4/2018,12:40,Wednesday,LESLIE STATION,MUI,0,0,W,SHP,6171
4/4/2018,12:55,Wednesday,SHEPPARD WEST STATION,PUTWZ,4,8,,YU,0
4/4/2018,13:09,Wednesday,WARDEN STATION,PUSO,0,0,W,BD,5068
4/4/2018,13:12,Wednesday,WARDEN STATION,PUSO,0,0,E,BD,5130
4/4/2018,13:20,Wednesday,KENNEDY BD STATION,MUPAA,0,0,W,BD,5091
4/4/2018,13:25,Wednesday,EGLINTON STATION,MUPAA,0,0,S,YU,5621
4/4/2018,13:35,Wednesday,KIPLING STATION,MUIS,0,0,,BD,0
4/4/2018,14:15,Wednesday,OSGOODE STATION,MUPAA,0,0,N,YU,5861
4/4/2018,14:23,Wednesday,EGLINTON STATION,MUPAA,0,0,N,YU,5901
4/4/2018,14:25,Wednesday,VICTORIA PARK STATION,MUSC,0,0,W,BD,5343
4/4/2018,14:38,Wednesday,YONGE UNIVERSITY LINE,MUWEA,0,0,,YU/BD,0
4/4/2018,14:42,Wednesday,SCARB CTR STATION,ERDO,3,10,S,SRT,3020
4/4/2018,14:43,Wednesday,SCARBOROUGH RAPID TRAN,MRWEA,0,0,,SRT,0
4/4/2018,14:53,Wednesday,YONGE BD STATION,MUIS,0,0,,BD,0
4/4/2018,15:04,Wednesday,BROADVIEW STATION,EUDO,3,6,E,BD,5278
4/4/2018,15:45,Wednesday,ST CLAIR WEST TO EGLIN,TUS,4,8,S,YU,6131
4/4/2018,15:54,Wednesday,FINCH WEST STATION,MUIS,0,0,N,YU,5875
4/4/2018,17:41,Wednesday,LAWRENCE STATION,MUPAA,3,5,N,YU,5796
4/4/2018,17:42,Wednesday,JANE STATION,MUPAA,0,0,W,BD,5263
4/4/2018,18:05,Wednesday,YORK UNIVERSITY STATIO,MUO,0,0,,YU,0
4/4/2018,18:08,Wednesday,CHRISTIE STATION,PUTD,4,6,W,BD,5139
4/4/2018,18:11,Wednesday,WILSON STATION,PUTDN,8,11,S,YU,6026
4/4/2018,18:14,Wednesday,CHRISTIE STATION,PUSRA,4,6,W,BD,5107
4/4/2018,18:14,Wednesday,YORKDALE STATION,MUNCA,0,0,,YU,0
4/4/2018,18:51,Wednesday,YORK MILLS STATION,MUSC,0,0,S,YU,5831
4/4/2018,19:30,Wednesday,WOODBINE STATION,TUSC,0,0,W,BD,5154
4/4/2018,20:03,Wednesday,GLENCAIRN STATION,MUSC,0,0,N,YU,5491
4/4/2018,21:01,Wednesday,VICTORIA PARK STATION,MUPAA,9,13,W,BD,5077
4/4/2018,21:08,Wednesday,FINCH STATION,TUSC,0,0,S,YU,6036
4/4/2018,21:49,Wednesday,FINCH STATION,SUAE,0,0,S,YU,6051
4/4/2018,22:00,Wednesday,YUS/BD/SHEPPARD SUBWAY,MUO,0,0,,YU/BD,0
4/4/2018,22:58,Wednesday,BAYVIEW STATION,SUDP,5,10,E,SHP,6141
4/4/2018,23:30,Wednesday,BLOOR DANFORTH SUBWAY,MUGD,0,0,,BD,0
4/4/2018,23:31,Wednesday,WARDEN STATION,SUG,4,8,W,BD,5032
4/4/2018,23:46,Wednesday,BLOOR STATION,MUIS,0,0,N,YU,0
4/5/2018,00:07,Thursday,BLOOR STATION,SUBT,25,30,N,YU,5661
4/5/2018,00:07,Thursday,YONGE BD STATION,SUSP,25,30,W,BD,5077
4/5/2018,00:45,Thursday,BATHURST STATION,SUAP,0,0,W,BD,0
4/5/2018,01:12,Thursday,ST CLAIR WEST STATION,PUTOE,0,0,S,YU,0
4/5/2018,01:17,Thursday,DON MILLS STATION,PUMEL,0,0,,SHP,0
4/5/2018,01:23,Thursday,UNION STATION,SUCOL,0,0,,YU,0
4/5/2018,02:08,Thursday,KIPLING STATION,MUIS,0,0,,BD,0
4/5/2018,05:48,Thursday,KIPLING STATION,MUSC,0,0,E,BD,5022
4/5/2018,06:00,Thursday,WARDEN STATION,MUIS,0,0,,BD,0
4/5/2018,06:11,Thursday,DUNDAS STATION,SUDP,0,0,,YU,0
4/5/2018,06:52,Thursday,ROYAL YORK STATION,MUDD,3,5,W,BD,5008
4/5/2018,07:04,Thursday,QUEEN'S PARK STATION,MUSC,0,0,N,YU,6051
4/5/2018,07:10,Thursday,WOODBINE STATION,MUPLB,9,12,W,BD,5160
4/5/2018,07:20,Thursday,OSSINGTON STATION,EUDO,5,8,E,BD,5226
4/5/2018,07:39,Thursday,YORK MILLS STATION,MUPAA,0,0,S,YU,6076
4/5/2018,07:56,Thursday,FINCH STATION,MUIS,0,0,,YU,0
4/5/2018,07:57,Thursday,ST GEORGE YUS STATION,TUMVS,0,0,S,YU,5601
4/5/2018,07:58,Thursday,BLOOR STATION,MUPAA,0,0,S,YU,6076
4/5/2018,07:58,Thursday,KENNEDY BD STATION,MUIS,0,0,,BD,0
4/5/2018,08:01,Thursday,SPADINA YUS STATION,TUMVS,0,0,S,YU,5766
4/5/2018,08:05,Thursday,YORK MILLS STATION,TUMVS,0,0,S,YU,5591
4/5/2018,08:12,Thursday,BATHURST STATION,MUIR,7,12,E,BD,5223
4/5/2018,08:20,Thursday,MIDLAND STATION,MRO,0,0,S,SRT,3020
4/5/2018,08:26,Thursday,ROSEDALE STATION,MUPAA,0,0,S,YU,5776
4/5/2018,08:29,Thursday,ST GEORGE BD STATION,TUKEY,4,6,E,BD,5130
4/5/2018,08:43,Thursday,RUNNYMEDE STATION,EUSC,6,8,E,BD,5089
4/5/2018,08:50,Thursday,CHRISTIE STATION,MUO,8,10,W,BD,5034
4/5/2018,09:00,Thursday,OSSINGTON STATION,TUSC,0,0,W,BD,5034
4/5/2018,09:11,Thursday,WARDEN STATION,PUMEL,0,0,,BD,0
4/5/2018,09:14,Thursday,ST GEORGE BD STATION,MUPLB,13,15,E,BD,5265
4/5/2018,09:25,Thursday,CHESTER STATION,MUPAA,3,5,W,BD,5256
4/5/2018,09:36,Thursday,YORK MILLS STATION,MUO,0,0,N,YU,5611
4/5/2018,10:41,Thursday,KENNEDY BD STATION,MUIS,0,0,,BD,0
4/5/2018,11:00,Thursday,YONGE UNIVERSITY LINE,MUGD,0,0,,YU,0
4/5/2018,11:05,Thursday,SHEPPARD WEST STATION,MUPAA,0,0,N,YU,5611
4/5/2018,11:38,Thursday,JANE STATION,TUSC,0,0,W,BD,5343
4/5/2018,11:45,Thursday,KENNEDY BD STATION,TUSC,0,0,E,BD,5018
4/5/2018,12:34,Thursday,KIPLING STATION,MUIS,0,0,,BD,0
4/5/2018,12:36,Thursday,CHRISTIE STATION,MUDD,4,7,E,BD,5111
4/5/2018,13:07,Thursday,ISLINGTON STATION,TUSC,0,0,W,BD,5034
4/5/2018,14:43,Thursday,OSSINGTON STATION,MUIS,0,0,,BD,0
4/5/2018,15:14,Thursday,BATHURST STATION,MUDD,4,6,W,BD,5343
4/5/2018,15:38,Thursday,ST GEORGE YUS STATION,MUSC,0,0,S,YU,5621
4/5/2018,15:43,Thursday,KIPLING STATION,MUSC,0,0,E,BD,5255
4/5/2018,15:56,Thursday,OLD MILL STATION,TUOS,0,0,E,BD,5049
4/5/2018,16:04,Thursday,SHEPPARD STATION,MUPAA,3,5,N,YU,5726
4/5/2018,16:18,Thursday,ST GEORGE BD STATION,SUDP,15,17,W,BD,5067
4/5/2018,16:20,Thursday,ST GEORGE YUS STATION,SUO,0,0,N,YU,5641
4/5/2018,16:22,Thursday,DON MILLS STATION,MUIR,5,10,W,SHP,6171
4/5/2018,17:09,Thursday,KIPLING STATION,MUO,0,0,,BD,0
4/5/2018,17:10,Thursday,BATHURST STATION,MUDD,8,10,E,BD,5265
4/5/2018,17:20,Thursday,CHRISTIE STATION,MUDD,12,14,W,BD,5095
4/5/2018,17:41,Thursday,DUNDAS STATION,MUIS,0,0,N,YU,0
4/5/2018,17:51,Thursday,ROSEDALE STATION,MUPAA,0,0,N,YU,5756
4/5/2018,18:07,Thursday,ST GEORGE BD STATION,SUDP,5,7,E,BD,5361
4/5/2018,18:09,Thursday,WILSON STATION,EUYRD,4,6,N,YU,5491
4/5/2018,18:37,Thursday,DOWNSVIEW PARK STATION,MUIS,0,0,,YU,0
4/5/2018,19:18,Thursday,WILSON STATION,TUSC,0,0,N,YU,5781
4/5/2018,19:31,Thursday,MIDLAND STATION,ERDO,7,13,N,SRT,3015
4/5/2018,20:21,Thursday,DONLANDS STATION,MUSC,0,0,W,BD,5077
4/5/2018,20:42,Thursday,SHEPPARD WEST STATION,MUSC,0,0,S,YU,5636
4/5/2018,20:44,Thursday,COXWELL STATION,MUIR,5,8,E,BD,5224
4/5/2018,21:00,Thursday,VICTORIA PARK STATION,SUDP,0,0,W,BD,5248
4/5/2018,21:22,Thursday,DUNDAS WEST STATION,MUIS,5,9,E,BD,5154
4/5/2018,21:59,Thursday,DUPONT STATION,TUSC,0,0,S,YU,6006
4/5/2018,22:00,Thursday,YONGE UNIVERSITY LINE,MUO,0,0,,YU/BD,0
4/5/2018,22:07,Thursday,SUMMERHILL STATION,MUIS,0,0,S,YU,0
4/5/2018,22:26,Thursday,VICTORIA PARK STATION,PUMST,0,0,E,BD,0
4/5/2018,22:46,Thursday,QUEEN STATION,MUO,0,0,,YU,0
4/6/2018,00:16,Friday,COLLEGE STATION,SUUT,0,0,S,YU,5681
4/6/2018,00:31,Friday,FINCH STATION,MUIS,0,0,,YU,0
4/6/2018,06:04,Friday,COXWELL STATION,MUSC,0,0,E,BD,5314
4/6/2018,06:37,Friday,DONLANDS STATION,SUSP,0,0,E,BD,5263
4/6/2018,06:56,Friday,BAY STATION,EUDO,5,7,W,BD,5243
4/6/2018,07:20,Friday,KENNEDY BD STATION,TUSC,0,0,W,BD,5065
4/6/2018,07:28,Friday,KENNEDY BD STATION,MUSC,0,0,W,BD,5063
4/6/2018,08:09,Friday,QUEEN'S PARK STATION,SUO,3,5,S,YU,5636
4/6/2018,08:13,Friday,ST GEORGE YUS STATION,PUMEL,0,0,,YU,0
4/6/2018,08:27,Friday,ST CLAIR STATION,MUIS,0,0,,YU,0
4/6/2018,08:48,Friday,YONGE BD STATION,MUIS,0,0,,BD,0
4/6/2018,08:51,Friday,SHERBOURNE STATION,SUAP,5,7,W,BD,5367
4/6/2018,09:09,Friday,ISLINGTON STATION,MUSC,0,0,E,BD,5349
4/6/2018,09:47,Friday,SUMMERHILL STATION,TUMVS,0,0,N,YU,5951
4/6/2018,09:57,Friday,COLLEGE STATION,SUDP,0,0,S,YU,6111
4/6/2018,10:21,Friday,EGLINTON STATION,TUMVS,0,0,N,YU,6066
4/6/2018,10:25,Friday,DAVISVILLE STATION,MUSC,0,0,S,YU,5721
4/6/2018,11:00,Friday,YONGE UNIVERSITY LINE,MUGD,0,0,,YU,0
4/6/2018,11:42,Friday,FINCH WEST STATION,MUSAN,3,6,S,YU,5611
4/6/2018,11:44,Friday,SCARB CTR STATION,MRUI,0,0,,SRT,0
4/6/2018,12:05,Friday,EGLINTON STATION,TUMVS,0,0,S,YU,5961
4/6/2018,12:35,Friday,DOWNSVIEW PARK STATION,MUPAA,3,6,N,YU,5671
4/6/2018,12:36,Friday,UNION STATION,MUTO,0,0,N,YU,5951
4/6/2018,12:49,Friday,MUSEUM STATION,MUI,3,6,S,YU,5901
4/6/2018,14:27,Friday,BESSARION STATION,MUSC,0,0,E,SHP,6141
4/6/2018,14:46,Friday,KING STATION,MUO,0,0,,YU,0
4/6/2018,14:59,Friday,WILSON STATION,MUIS,0,0,,YU,0
4/6/2018,15:01,Friday,DON MILLS STATION,MUIRS,0,0,,SHP,0
4/6/2018,15:10,Friday,WARDEN STATION,MUSC,0,0,E,BD,5256
4/6/2018,15:24,Friday,SHEPPARD STATION,SUAP,0,0,S,YU,0
4/6/2018,15:33,Friday,BAY STATION,SUAP,0,0,,BD,0
4/6/2018,15:59,Friday,RUNNYMEDE STATION,SUDP,4,6,W,BD,5049
4/6/2018,16:03,Friday,PAPE STATION,MUSC,0,0,W,BD,5243
4/6/2018,16:25,Friday,KEELE STATION,MUIR,0,0,W,BD,5243
4/6/2018,16:31,Friday,VAUGHAN MC STATION,MUTO,3,5,S,YU,6081
4/6/2018,16:34,Friday,DUNDAS WEST STATION,MUSAN,3,5,E,BD,5339
4/6/2018,16:34,Friday,FINCH STATION,MUPAA,0,0,S,YU,5386
4/6/2018,16:48,Friday,SHEPPARD WEST STATION,MUTO,3,5,S,YU,6081
4/6/2018,17:23,Friday,DAVISVILLE STATION,MUSC,0,0,S,YU,6051
4/6/2018,17:37,Friday,KENNEDY BD STATION,TUSC,0,0,W,BD,5243
4/6/2018,18:10,Friday,DUNDAS WEST STATION,SUAP,6,8,E,BD,5321
4/6/2018,18:36,Friday,KENNEDY BD STATION,MUPAA,0,0,W,BD,5013
4/6/2018,18:43,Friday,YORKDALE STATION,SUDP,5,8,N,YU,5511
4/6/2018,18:54,Friday,SHEPPARD STATION,MUPAA,0,0,S,YU,5956
4/6/2018,19:09,Friday,KENNEDY BD STATION,SUAP,0,0,E,BD,5025
4/6/2018,19:14,Friday,WARDEN STATION,TUSC,0,0,W,BD,5349
4/6/2018,19:18,Friday,DUNDAS WEST STATION,TUMVS,0,0,W,BD,5181
4/6/2018,19:31,Friday,JANE STATION,MUIR,3,6,W,BD,5016
4/6/2018,19:58,Friday,QUEEN'S PARK STATION,MUPAA,0,0,N,YU,6031
4/6/2018,20:02,Friday,ST CLAIR WEST STATION,SUDP,0,0,N,YU,5631
4/6/2018,20:29,Friday,SHEPPARD WEST STATION,MUSAN,4,8,S,YU,5896
4/6/2018,20:32,Friday,EGLINTON WEST STATION,SUUT,0,0,N,YU,5666
4/6/2018,20:42,Friday,YORK MILLS STATION,TUOS,8,11,S,YU,5511
4/6/2018,20:50,Friday,BLOOR DANFORTH SUBWAY,MUGD,0,0,,BD,0
4/6/2018,20:52,Friday,ST GEORGE YUS STATION,MUSC,0,0,N,YU,6001
4/6/2018,21:13,Friday,YONGE BD STATION,MUIS,0,0,W,BD,0
4/6/2018,21:20,Friday,KING STATION,EUDO,9,12,N,YU,5831
4/6/2018,22:00,Friday,YUS/BD/SHEPPARD SUBWAY,MUO,0,0,,YU/BD,0
4/6/2018,22:18,Friday,KIPLING STATION,TUNIP,3,8,E,BD,5276
4/6/2018,22:23,Friday,LAWRENCE STATION,MUPAA,5,10,N,YU,6101
4/6/2018,23:10,Friday,YONGE UNIVERSITY LINE,MUGD,0,0,,YU,0
4/7/2018,00:03,Saturday,LESLIE STATION,MUIS,0,0,,SHP,0
4/7/2018,00:25,Saturday,FINCH STATION,MUIR,0,0,S,YU,6016
4/7/2018,00:28,Saturday,DONLANDS STATION,MUIS,0,0,E,BD,0
4/7/2018,01:47,Saturday,GREENWOOD STATION,TUCC,0,0,W,BD,5137
4/7/2018,05:51,Saturday,HIGH PARK STATION,MUSC,0,0,W,BD,5065
4/7/2018,05:53,Saturday,KENNEDY BD STATION,TUNIP,5,10,W,BD,5122
4/7/2018,06:00,Saturday,WILSON STATION,PUSTS,0,0,N,YU,6001
4/7/2018,06:45,Saturday,KEELE STATION,MUSC,0,0,W,BD,5063
4/7/2018,08:30,Saturday,ST CLAIR WEST STATION,TUSC,0,0,S,YU,5996
4/7/2018,09:05,Saturday,LAWRENCE WEST STATION,EUBK,5,10,S,YU,5631
4/7/2018,10:28,Saturday,ST CLAIR WEST STATION,TUSC,0,0,,YU,6086
4/7/2018,11:47,Saturday,DON MILLS STATION,TUMVS,0,0,E,SHP,6151
4/7/2018,12:01,Saturday,YONGE UNIVERSITY LINE,MUGD,0,0,,YU,0
4/7/2018,12:07,Saturday,BLOOR STATION,MUSC,0,0,N,YU,5576
4/7/2018,12:14,Saturday,KENNEDY BD STATION,MUSC,0,0,W,BD,5045
4/7/2018,12:53,Saturday,KENNEDY BD STATION,MUSC,0,0,E,BD,5169
4/7/2018,13:32,Saturday,GLENCAIRN STATION,MUPAA,0,0,S,YU,6136
4/7/2018,13:51,Saturday,SUMMERHILL STATION,MUPAA,3,6,N,YU,6096
4/7/2018,13:57,Saturday,ROSEDALE STATION,TUOS,0,0,S,YU,5841
4/7/2018,14:08,Saturday,QUEEN STATION,TUO,4,7,S,YU,5841
4/7/2018,14:23,Saturday,YORK MILLS STATION,EUAC,4,7,S,YU,6091
4/7/2018,14:32,Saturday,OSSINGTON STATION,MUIS,0,0,E,BD,0
4/7/2018,15:03,Saturday,EGLINTON WEST STATION,TUOS,4,7,S,YU,5716
4/7/2018,15:11,Saturday,MUSEUM STATION,MUIR,3,6,S,YU,5696
4/7/2018,15:14,Saturday,BLOOR STATION,SUUT,12,15,S,YU,5581
4/7/2018,15:17,Saturday,QUEEN STATION,PUMEL,0,0,,YU,0
4/7/2018,16:46,Saturday,BATHURST STATION,MUIS,0,0,,BD,0
4/7/2018,16:53,Saturday,BROADVIEW STATION,MUO,3,7,E,BD,5034
4/7/2018,18:01,Saturday,SHEPPARD WEST STATION,MUI,8,11,N,YU,5676
4/7/2018,18:26,Saturday,MAIN STREET STATION,EUPI,10,14,W,BD,5243
4/7/2018,18:49,Saturday,FINCH STATION,SUO,0,0,S,YU,5696
4/7/2018,19:18,Saturday,QUEEN STATION,MUIRS,0,0,,YU,0
4/7/2018,19:53,Saturday,WILSON STATION,TUSC,0,0,N,YU,5866
4/7/2018,20:24,Saturday,DAVISVILLE STATION,MUPAA,0,0,N,YU,5726
4/7/2018,21:07,Saturday,KEELE STATION,PUSTS,0,0,E,BD,5323
4/7/2018,21:08,Saturday,SUMMERHILL STATION,MUSC,0,0,S,YU,5721
4/7/2018,21:53,Saturday,FINCH STATION,TUSC,0,0,N,YU,5411
4/7/2018,22:00,Saturday,YUS/BD/SHEPPARD SUBWAY,MUO,0,0,,YU/BD,0
4/7/2018,23:10,Saturday,SUMMERHILL STATION,MUPAA,0,0,S,YU,5931
4/7/2018,23:31,Saturday,YONGE UNIVERSITY LINE,MUGD,0,0,,YU,0
4/7/2018,23:56,Saturday,WELLESLEY STATION,MUIS,0,0,N,YU,0
4/8/2018,00:14,Sunday,VAUGHAN MC STATION,MUATC,0,0,S,YU,5831
4/8/2018,00:27,Sunday,OSSINGTON STATION,MUIRS,6,11,W,BD,5280
4/8/2018,00:32,Sunday,DUFFERIN STATION,SUDP,3,8,W,BD,5280
4/8/2018,00:35,Sunday,LANSDOWNE STATION,MUPAA,3,8,W,BD,5280
4/8/2018,00:54,Sunday,VAUGHAN MC STATION,TUMVS,0,0,S,YU,5831
4/8/2018,04:38,Sunday,YORK MILLS STATION,MUIE,0,0,,YU,0
4/8/2018,07:59,Sunday,DONLANDS STATION,MUO,4,8,W,BD,5207
4/8/2018,08:12,Sunday,KENNEDY BD STATION,MUSC,0,0,W,BD,5065
4/8/2018,08:42,Sunday,COXWELL STATION,MUSC,0,0,E,BD,5294
4/8/2018,09:59,Sunday,KENNEDY BD STATION,MUTO,6,10,W,BD,5186
4/8/2018,10:15,Sunday,ISLINGTON STATION,PUMO,0,0,,BD,0
4/8/2018,10:53,Sunday,KENNEDY BD STATION,TUMVS,0,0,E,BD,5301
4/8/2018,11:06,Sunday,EGLINTON STATION,MUSC,0,0,S,YU,6106
4/8/2018,12:20,Sunday,WARDEN STATION,TUSC,0,0,E,BD,5095
4/8/2018,12:32,Sunday,DUPONT STATION,MUIE,0,0,,YU,0
4/8/2018,12:58,Sunday,JANE STATION,TUSC,0,0,W,BD,5086
4/8/2018,13:18,Sunday,WARDEN STATION,MUSC,0,0,E,BD,5213
4/8/2018,13:44,Sunday,DONLANDS STATION,EUDO,4,8,E,BD,5095
4/8/2018,14:11,Sunday,CHRISTIE STATION,TUKEY,4,8,E,BD,5248
4/8/2018,14:24,Sunday,BLOOR STATION,PUMEL,0,0,N,YU,0
4/8/2018,14:33,Sunday,COXWELL STATION,MUPAA,0,0,E,BD,5241
4/8/2018,14:57,Sunday,VICTORIA PARK STATION,MUIS,0,0,,BD,0
4/8/2018,15:37,Sunday,WILSON STATION,PUSTS,6,10,S,YU,5551
4/8/2018,16:25,Sunday,MAIN STREET STATION,SUO,7,11,E,BD,5248
4/8/2018,17:18,Sunday,DUNDAS STATION,MUNCA,0,0,,YU,0
4/8/2018,17:59,Sunday,KENNEDY BD STATION,MUIS,0,0,,,0
4/8/2018,18:08,Sunday,GLENCAIRN STATION,MUSC,0,0,N,YU,5711
4/8/2018,18:17,Sunday,HIGHWAY 407 STATION,PUMEL,0,0,,YU,0
4/8/2018,18:21,Sunday,BLOOR STATION,PUMEL,0,0,,YU,0
4/8/2018,18:31,Sunday,SHEPPARD WEST MIGRATIO,TUATC,6,11,N,YU,5686
4/8/2018,18:37,Sunday,UNION STATION,MUNCA,0,0,,YU,0
4/8/2018,18:57,Sunday,BLOOR STATION,SUDP,5,10,N,YU,5526
4/8/2018,20:17,Sunday,ST CLAIR STATION,MUSC,0,0,S,YU,5916
4/8/2018,20:26,Sunday,YORK MILLS STATION,PUSTS,6,11,S,YU,5541
4/8/2018,20:51,Sunday,YORK MILLS STATION,TUSC,0,0,S,YU,5591
4/8/2018,22:00,Sunday,YUS/BD/SHEPPARD SUBWAY,MUO,0,0,,YU/BD,0
4/8/2018,22:16,Sunday,OLD MILL STATION,SUO,0,0,,BD,0
4/8/2018,22:28,Sunday,GLENCAIRN STATION,PUMST,0,0,S,YU,5546
4/8/2018,23:07,Sunday,ST GEORGE BD STATION,TUSC,0,0,E,BD,5068
4/8/2018,23:29,Sunday,BROADVIEW STATION,PUMEL,0,0,,BD,0
4/8/2018,23:35,Sunday,YONGE UNIVERSITY LINE,MUGD,0,0,,YU,0
4/9/2018,00:47,Monday,DUPONT STATION,TUSC,0,0,S,YU,5611
4/9/2018,01:39,Monday,ROYAL YORK STATION,TUSC,0,0,E,BD,5282
4/9/2018,03:45,Monday,BLOOR DANFORTH SUBWAY,MUGD,0,0,,BD,0
4/9/2018,04:57,Monday,LAWRENCE STATION,MUIE,0,0,,YU,0
4/9/2018,05:38,Monday,FINCH STATION,TUSC,0,0,S,YU,5931
4/9/2018,05:47,Monday,KIPLING STATION,TUSC,0,0,E,BD,5336
4/9/2018,06:03,Monday,KIPLING STATION,MUSC,0,0,E,BD,5301
4/9/2018,06:05,Monday,COXWELL STATION,MUSC,0,0,E,BD,5297
4/9/2018,06:08,Monday,KIPLING STATION,MUSC,0,0,E,BD,5108
4/9/2018,07:09,Monday,FINCH STATION,MUSC,0,0,S,YU,5841
4/9/2018,07:26,Monday,WILSON STATION,PUTOE,10,14,N,YU,6016
4/9/2018,07:32,Monday,KIPLING STATION,MUSC,0,0,E,BD,5271
4/9/2018,07:49,Monday,ISLINGTON STATION,EUNT,3,5,W,BD,5233
4/9/2018,08:14,Monday,COXWELL STATION,MUTO,3,5,W,BD,5104
4/9/2018,08:14,Monday,EGLINTON WEST STATION,TUO,8,10,S,YU,5796
4/9/2018,08:19,Monday,VICTORIA PARK STATION,TUMVS,7,9,W,BD,5034
4/9/2018,09:25,Monday,YORKDALE STATION,MUPAA,0,0,N,YU,5776
4/9/2018,10:11,Monday,KENNEDY BD STATION,MUSC,0,0,W,BD,5008
4/9/2018,10:24,Monday,INGLIS BUILDING,MUO,0,0,,999,0
4/9/2018,10:32,Monday,ISLINGTON STATION,TUSC,0,0,W,BD,5007
4/9/2018,10:44,Monday,FINCH STATION,EUBK,3,6,S,YU,5511
4/9/2018,10:45,Monday,WELLESLEY STATION,MUPAA,0,0,S,YU,5401
4/9/2018,11:32,Monday,PAPE STATION,MUIRS,3,6,W,BD,5255
4/9/2018,12:31,Monday,ST CLAIR WEST TO DUPON,TUSC,5,9,S,YU,5816
4/9/2018,12:48,Monday,WARDEN STATION,MUDD,5,8,E,BD,5263
4/9/2018,13:03,Monday,FINCH WEST STATION,MUPAA,0,0,N,YU,5566
4/9/2018,13:19,Monday,JANE STATION,MUIS,0,0,S,BD,8522
4/9/2018,13:22,Monday,BLOOR STATION,MUIS,0,0,,YU,0
4/9/2018,13:32,Monday,DUNDAS WEST STATION,PUMEL,0,0,,BD,0
4/9/2018,14:28,Monday,ST GEORGE BD STATION,EUTR,3,6,W,BD,5348
4/9/2018,14:36,Monday,KEELE STATION,MUSC,0,0,W,BD,5217
4/9/2018,14:50,Monday,DAVISVILLE STATION,MUIS,0,0,S,YU,0
4/9/2018,15:30,Monday,KEELE STATION,TUSC,0,0,E,BD,5162
4/9/2018,15:35,Monday,CHESTER STATION,SUDP,5,8,E,BD,5093
4/9/2018,15:43,Monday,SHEPPARD WEST STATION,PUTWZ,3,5,S,YU,5856
4/9/2018,15:47,Monday,ST GEORGE BD STATION,TUMVS,5,7,W,BD,5339
4/9/2018,15:50,Monday,SPADINA BD STATION,TUO,0,0,W,BD,5339
4/9/2018,15:55,Monday,RUNNYMEDE STATION,SUROB,6,8,E,BD,5156
4/9/2018,16:12,Monday,LANSDOWNE STATION,SUDP,0,0,W,BD,5269
4/9/2018,16:15,Monday,KENNEDY BD STATION,TUSC,0,0,W,BD,5339
4/9/2018,16:18,Monday,KIPLING STATION,MUDD,3,5,E,BD,5297
4/9/2018,16:34,Monday,SHEPPARD WEST STATION,PUTWZ,5,8,N,YU,5631
4/9/2018,16:57,Monday,ST GEORGE BD STATION,MUIS,0,0,W,BD,5114
4/9/2018,16:58,Monday,WARDEN STATION,MUSC,0,0,W,BD,5358
4/9/2018,17:10,Monday,WILSON STATION,TUMVS,0,0,S,YU,6036
4/9/2018,18:02,Monday,JANE STATION,TUSC,0,0,W,BD,5339
4/9/2018,18:14,Monday,SHEPPARD WEST STATION,MUPAA,0,0,S,YU,6121
4/9/2018,18:30,Monday,WILSON STATION,PUSTS,0,0,S,YU,5381
4/9/2018,18:38,Monday,GREENWOOD SHOP,MUIE,0,0,,BD,0
4/9/2018,18:52,Monday,YORK MILLS STATION,TUSC,0,0,N,YU,5816
4/9/2018,19:07,Monday,CHESTER STATION,TUSC,0,0,E,BD,5093
4/9/2018,19:12,Monday,SHEPPARD WEST STATION,SUDP,4,7,S,YU,6051
4/9/2018,19:30,Monday,SPADINA BD STATION,EUNT,3,6,W,BD,5339
4/9/2018,19:39,Monday,ST CLAIR WEST STATION,SUO,11,13,N,YU,6131
4/9/2018,20:13,Monday,KIPLING STATION,EUBK,0,0,W,BD,5207
4/9/2018,20:21,Monday,WILSON STATION,TUO,3,5,N,YU,6096
4/9/2018,20:27,Monday,PAPE STATION,MUIS,0,0,,BD,0
4/9/2018,21:20,Monday,WILSON STATION,PUSTS,5,10,N,YU,5731
4/9/2018,22:00,Monday,YONGE UNIVERSITY LINE,MUO,0,0,,YU/BD,0
4/9/2018,23:16,Monday,KENNEDY BD STATION,SUSA,8,13,,BD,5133
4/9/2018,23:40,Monday,YONGE UNIVERSITY LINE,MUGD,0,0,,YU,0
4/10/2018,00:15,Tuesday,EGLINTON STATION,MUIS,0,0,N,YU,0
4/10/2018,01:09,Tuesday,DUPONT STATION,SUDP,4,9,S,YU,5801
4/10/2018,05:37,Tuesday,GLENCAIRN STATION,TUSC,0,0,S,YU,5416
4/10/2018,06:00,Tuesday,TORONTO TRANSIT COMMIS,MRO,0,0,,SRT,0
4/10/2018,06:00,Tuesday,TORONTO TRANSIT COMMIS,MUO,0,0,,YU/BD,0
4/10/2018,06:00,Tuesday,TORONTO TRANSIT COMMIS,MUO,0,0,,SHP,0
4/10/2018,06:30,Tuesday,COXWELL STATION,MUSC,4,9,E,BD,5123
4/10/2018,06:45,Tuesday,GREENWOOD STATION,EUSC,0,0,E,BD,5089
4/10/2018,07:10,Tuesday,YONGE SHP STATION,TUMVS,5,10,E,SHP,6141
4/10/2018,07:33,Tuesday,WELLESLEY STATION,MUPAA,0,0,S,YU,5601
4/10/2018,07:57,Tuesday,BLOOR STATION,MUIS,0,0,S,YU,0
4/10/2018,08:20,Tuesday,OSSINGTON STATION,TUSC,0,0,W,BD,5178
4/10/2018,08:25,Tuesday,LAWRENCE WEST STATION,TUSC,0,0,N,YU,5881
4/10/2018,08:26,Tuesday,SHEPPARD WEST STATION,PUTWZ,6,8,S,YU,5416
4/10/2018,08:29,Tuesday,YORK MILLS STATION,TUMVS,0,0,N,YU,6061
4/10/2018,08:31,Tuesday,LAWRENCE WEST STATION,TUSC,0,0,N,YU,5581
4/10/2018,09:24,Tuesday,FINCH STATION,MUIS,0,0,,YU,0
4/10/2018,09:30,Tuesday,WARDEN STATION,MUIRS,0,0,,BD,0
4/10/2018,09:32,Tuesday,VICTORIA PARK STATION,MUPLB,26,28,W,BD,5217
4/10/2018,11:00,Tuesday,YONGE UNIVERSITY LINE,MUGD,0,0,,YU,0
4/10/2018,11:30,Tuesday,SHEPPARD WEST STATION,PUTWZ,3,6,S,YU,5596
4/10/2018,11:37,Tuesday,COXWELL STATION,TUSC,0,0,W,BD,5271
4/10/2018,12:05,Tuesday,CHESTER STATION,SUDP,0,0,,BD,0
4/10/2018,12:07,Tuesday,CHRISTIE STATION,MUPAA,0,0,W,BD,5233
4/10/2018,12:27,Tuesday,DOWNSVIEW PARK STATION,MUPAA,0,0,N,YU,5441
4/10/2018,12:31,Tuesday,KENNEDY BD STATION,MUIS,0,0,,BD,0
4/10/2018,12:47,Tuesday,LAWRENCE WEST STATION,EUPI,3,6,S,YU,5391
4/10/2018,12:56,Tuesday,ST GEORGE YUS STATION,MUIS,0,0,,YU,0
4/10/2018,13:20,Tuesday,ST GEORGE YUS STATION,SUDP,0,0,S,YU,0
4/10/2018,13:26,Tuesday,JANE STATION,TUSC,0,0,W,BD,5104
4/10/2018,14:02,Tuesday,COXWELL STATION,TUNIP,4,7,W,BD,5111
4/10/2018,14:44,Tuesday,ST CLAIR WEST STATION,MUTO,4,7,S,YU,5936
4/10/2018,14:54,Tuesday,JANE STATION,TUSC,0,0,W,BD,5104
4/10/2018,15:20,Tuesday,WILSON STATION,MUTO,3,6,N,YU,5551
4/10/2018,15:32,Tuesday,YORK MILLS STATION,SUPOL,9,11,S,YU,5786
4/10/2018,15:53,Tuesday,SHEPPARD WEST STATION,MUSC,0,0,S,YU,5556
4/10/2018,16:14,Tuesday,CHRISTIE STATION,MUDD,6,8,W,BD,5084
4/10/2018,16:25,Tuesday,FINCH STATION,EUVA,3,5,S,YU,5626
4/10/2018,17:27,Tuesday,FINCH STATION,PUMEL,0,0,,YU,0
4/10/2018,17:34,Tuesday,DUNDAS WEST STATION,MUDD,6,8,W,BD,5244
4/10/2018,17:39,Tuesday,EGLINTON WEST STATION,MUPAA,0,0,N,YU,5681
4/10/2018,17:41,Tuesday,KENNEDY BD STATION,MUIS,0,0,E,BD,5068
4/10/2018,17:44,Tuesday,JANE STATION,TUSC,0,0,W,BD,5244
4/10/2018,17:48,Tuesday,FINCH STATION,MUTO,3,5,S,YU,5421
4/10/2018,18:12,Tuesday,FINCH STATION,MUO,0,0,S,YU,5766
4/10/2018,19:15,Tuesday,JANE STATION,MUIS,0,0,,BD,0
4/10/2018,19:36,Tuesday,VICTORIA PARK STATION,TUSC,0,0,W,BD,5343
4/10/2018,19:56,Tuesday,DAVISVILLE STATION,MUSC,0,0,S,YU,5681
4/10/2018,20:47,Tuesday,FINCH STATION,MUTO,0,0,S,YU,6001
4/10/2018,21:48,Tuesday,SPADINA BD STATION,SUO,0,0,,BD,0
4/10/2018,22:00,Tuesday,YUS/BD/SHEPPARD SUBWAY,MUO,0,0,,YU/BD,0
4/10/2018,23:18,Tuesday,YONGE UNIVERSITY LINE,MUGD,0,0,,YU,0
4/10/2018,23:49,Tuesday,QUEEN STATION,SUUT,5,10,N,YU,5651
4/11/2018,00:01,Wednesday,DUNDAS WEST STATION,MUI,9,13,W,BD,5054
4/11/2018,00:44,Wednesday,ST GEORGE BD STATION,TUMVS,7,11,E,BD,5226
4/11/2018,01:55,Wednesday,OLD MILL STATION,EUSC,0,0,E,BD,5167
4/11/2018,05:38,Wednesday,FINCH STATION,TUSC,0,0,S,YU,5426
4/11/2018,06:04,Wednesday,BATHURST STATION,MUIS,0,0,,BD,0
4/11/2018,06:10,Wednesday,PAPE STATION,MUIS,0,0,,BD,0
4/11/2018,06:44,Wednesday,BLOOR STATION,MUPAA,0,0,S,YU,5971
4/11/2018,06:47,Wednesday,KENNEDY BD STATION,MUSC,0,0,W,BD,5329
4/11/2018,07:11,Wednesday,GREENWOOD STATION,EUSC,0,0,E,BD,5089
4/11/2018,07:26,Wednesday,DONLANDS STATION,TUDOE,18,20,E,BD,5281
4/11/2018,07:27,Wednesday,WARDEN STATION,MUIR,0,0,W,BD,5294
4/11/2018,07:51,Wednesday,DUNDAS WEST STATION,MUDD,6,8,W,BD,5354
4/11/2018,08:04,Wednesday,PAPE STATION,EUDO,6,8,W,BD,5079
4/11/2018,08:13,Wednesday,BLOOR STATION,MUIRS,0,0,N,YU,0
4/11/2018,08:32,Wednesday,WILSON STATION,MUO,0,0,,YU,0
4/11/2018,08:40,Wednesday,YORK MILLS STATION,MUTD,0,0,S,YU,5401
4/11/2018,08:41,Wednesday,QUEEN'S PARK STATION,MUI,7,9,S,YU,5696
4/11/2018,08:45,Wednesday,COLLEGE STATION,MUSC,0,0,S,YU,5516
4/11/2018,10:06,Wednesday,NORTH YORK CTR STATION,TUSC,0,0,S,YU,5031
4/11/2018,10:41,Wednesday,YONGE SHP STATION,MUIS,0,0,,SHP,0
4/11/2018,11:30,Wednesday,BLOOR DANFORTH SUBWAY,MUGD,0,0,,BD,0
4/11/2018,11:30,Wednesday,YONGE UNIVERSITY LINE,MUGD,0,0,,YU,0
4/11/2018,11:56,Wednesday,KING STATION,TUO,3,6,S,YU,5906
4/11/2018,12:03,Wednesday,ST GEORGE YUS STATION,MUPAA,0,0,N,YU,5426
4/11/2018,12:18,Wednesday,DUPONT STATION,SUDP,3,6,S,YU,6036
4/11/2018,12:43,Wednesday,HIGH PARK STATION,MUSC,0,0,W,BD,5343
4/11/2018,13:18,Wednesday,BROADVIEW STATION,MUPAA,3,6,E,BD,5336
4/11/2018,13:24,Wednesday,VICTORIA PARK STATION,MUSC,0,0,E,BD,5084
4/11/2018,13:49,Wednesday,BLOOR STATION,SUAP,0,0,S,YU,5581
4/11/2018,14:02,Wednesday,EGLINTON STATION,EUDO,5,8,S,YU,5701
4/11/2018,14:10,Wednesday,BLOOR STATION,PUSI,0,0,S,YU,5441
4/11/2018,15:04,Wednesday,VICTORIA PARK STATION,MUSC,0,0,W,BD,5339
4/11/2018,15:16,Wednesday,OLD MILL STATION,EUSC,0,0,E,BD,5167
4/11/2018,15:58,Wednesday,YONGE BD STATION,MUSC,0,0,E,BD,5123
4/11/2018,16:11,Wednesday,KENNEDY BD STATION,PUMEL,0,0,,BD,0
4/11/2018,16:34,Wednesday,GREENWOOD STATION,SUDP,3,5,W,BD,5022
4/11/2018,17:07,Wednesday,SHEPPARD WEST STATION,EUTL,10,12,N,YU,5771
4/11/2018,17:54,Wednesday,KENNEDY BD STATION,PUMST,0,0,,BD,0
4/11/2018,18:03,Wednesday,KIPLING STATION,MUSAN,3,5,E,BD,5108
4/11/2018,18:04,Wednesday,ST PATRICK STATION,PUMEL,0,0,,YU,0
4/11/2018,19:06,Wednesday,KENNEDY BD STATION,TUSC,0,0,E,BD,5108
4/11/2018,19:24,Wednesday,BROADVIEW STATION,TUOS,3,5,E,BD,5226
4/11/2018,19:59,Wednesday,ST GEORGE YUS STATION,MUSC,7,11,S,YU,6116
4/11/2018,20:04,Wednesday,ISLINGTON STATION,SUCOL,0,0,W,BD,5367
4/11/2018,20:15,Wednesday,LAWRENCE EAST STATION,MRUI,0,0,S,SRT,0
4/11/2018,21:14,Wednesday,LAWRENCE STATION,EUSC,0,0,N,YU,5436
4/11/2018,21:15,Wednesday,LAWRENCE WEST STATION,MUPAA,0,0,N,YU,6041
4/11/2018,21:41,Wednesday,DON MILLS STATION,MUI,5,10,E,SHP,6146
4/11/2018,22:00,Wednesday,YUS/BD/SHEPPARD SUBWAY,MUO,0,0,,YU/BD,0
4/11/2018,22:19,Wednesday,OLD MILL STATION,EUSC,0,0,E,BD,5167
4/11/2018,23:03,Wednesday,KIPLING STATION,MUIR,4,8,W,BD,5121
4/11/2018,23:19,Wednesday,YONGE UNIVERSITY LINE,MUGD,0,0,,YU,0
4/11/2018,23:56,Wednesday,BLOOR DANFORTH SUBWAY,MUGD,0,0,,BD,0
4/12/2018,00:02,Thursday,ISLINGTON STATION,MUIR,12,17,E,BD,5123
4/12/2018,00:20,Thursday,SPADINA BD STATION,MUIS,0,0,,BD,0
4/12/2018,00:27,Thursday,ST GEORGE YUS STATION,MUIRS,4,9,N,YU,5936
4/12/2018,00:35,Thursday,DON MILLS STATION,MUO,0,0,E,SHP,6151
4/12/2018,01:33,Thursday,CASTLE FRANK STATION,MUIS,0,0,,BD,0
4/12/2018,05:44,Thursday,WILSON HOSTLER,EUSC,0,0,S,YU,5686
4/12/2018,06:10,Thursday,MCCOWAN STATION,PRS,3,7,N,SRT,3015
4/12/2018,06:22,Thursday,KENNEDY BD STATION,MUSC,0,0,W,BD,5286
4/12/2018,06:40,Thursday,SHEPPARD STATION,MUSC,0,0,N,YU,5821
4/12/2018,08:01,Thursday,PAPE STATION,MUIS,0,0,,BD,0
4/12/2018,08:23,Thursday,YORK UNIVERSITY STATIO,PUMEL,0,0,N,YU,0
4/12/2018,08:26,Thursday,KIPLING STATION,MUSC,0,0,W,BD,5317
4/12/2018,08:43,Thursday,RUNNYMEDE STATION,EUSC,0,0,E,BD,5089
4/12/2018,09:04,Thursday,ISLINGTON STATION,MUSC,0,0,E,BD,5334
4/12/2018,10:05,Thursday,ST CLAIR WEST STATION,TUMVS,0,0,N,YU,5591
4/12/2018,10:40,Thursday,DAVISVILLE STATION,SUPOL,3,6,S,YU,5611
4/12/2018,10:43,Thursday,DONLANDS STATION,EUPI,3,6,E,BD,5156
4/12/2018,10:45,Thursday,YONGE UNIVERSITY LINE,MUGD,0,0,,YU,0
4/12/2018,11:14,Thursday,YONGE BD STATION,MUIR,0,0,W,BD,5068
4/12/2018,11:23,Thursday,COLLEGE STATION,TUDOE,17,20,S,YU,5671
4/12/2018,11:27,Thursday,CHESTER STATION,TUSC,0,0,E,BD,5022
4/12/2018,11:39,Thursday,JANE STATION,PUMEL,0,0,,BD,0
4/12/2018,11:59,Thursday,MAIN STREET STATION,MUSC,0,0,W,BD,5286
4/12/2018,12:33,Thursday,WARDEN STATION,SUDP,5,8,E,BD,5196
4/12/2018,14:48,Thursday,WARDEN STATION,SUDP,3,5,W,BD,5162
4/12/2018,16:45,Thursday,FINCH STATION,MUIS,0,0,,YU,0
4/12/2018,17:17,Thursday,MCBRIEN BUILDING,MUIS,0,0,,,0
4/12/2018,17:41,Thursday,KENNEDY BD STATION,MUPAA,5,7,W,BD,5353
4/12/2018,18:06,Thursday,KIPLING STATION,MUIR,3,6,E,BD,5336
4/12/2018,18:45,Thursday,KENNEDY BD STATION,MUIS,0,0,,BD,0
4/12/2018,19:06,Thursday,KEELE STATION,SUAE,3,6,E,BD,5042
4/12/2018,20:42,Thursday,COLLEGE STATION,MUPAA,0,0,N,YU,5576
4/12/2018,21:31,Thursday,SPADINA BD STATION,MUDD,0,0,W,BD,5133
4/12/2018,21:32,Thursday,LESLIE STATION,SUAP,14,19,W,SHP,6156
4/12/2018,21:44,Thursday,FINCH STATION,MUI,5,10,S,YU,5681
4/12/2018,21:58,Thursday,QUEEN STATION,SUBT,12,17,N,YU,6011
4/12/2018,22:00,Thursday,YUS/BD/SHEPPARD SUBWAY,MUO,0,0,,YU/BD,0
4/12/2018,23:15,Thursday,BLOOR DANFORTH SUBWAY,MUGD,0,0,,BD,0
4/13/2018,00:34,Friday,VICTORIA PARK STATION,EUSC,0,0,W,BD,5360
4/13/2018,00:42,Friday,OSSINGTON STATION,TUSC,0,0,E,BD,5226
4/13/2018,00:46,Friday,OSSINGTON STATION,PUMST,0,0,,BD,0
4/13/2018,01:11,Friday,VICTORIA PARK STATION,MUSC,0,0,W,BD,5312
4/13/2018,05:07,Friday,OLD MILL TO ISLINGTON,PUTWZ,5,0,E,BD,5130
4/13/2018,05:38,Friday,FINCH STATION,MUSC,0,0,S,YU,6006
4/13/2018,05:45,Friday,KENNEDY BD STATION,TUSC,0,0,W,BD,5346
4/13/2018,06:05,Friday,SHEPPARD WEST STATION,SUDP,0,0,S,YU,5686
4/13/2018,06:41,Friday,OSSINGTON STATION,MUIS,0,0,E,BD,0
4/13/2018,06:52,Friday,FINCH STATION,MUO,3,5,S,YU,5381
4/13/2018,07:01,Friday,YORK MILLS STATION,TUSC,0,0,N,YU,5686
4/13/2018,07:10,Friday,EGLINTON WEST STATION,TUMVS,0,0,S,YU,5421
4/13/2018,07:21,Friday,GREENWOOD STATION,EUSC,0,0,E,BD,5089
4/13/2018,08:25,Friday,ROYAL YORK STATION,TUMVS,0,0,W,BD,5207
4/13/2018,08:33,Friday,ISLINGTON STATION,TUMVS,0,0,W,BD,5364
4/13/2018,08:56,Friday,DOWNSVIEW PARK STATION,SUUT,10,14,S,YU,5951
4/13/2018,10:03,Friday,KIPLING STATION,MUSC,0,0,W,BD,5173
4/13/2018,10:25,Friday,YORK MILLS STATION,MUSC,0,0,S,YU,5801
4/13/2018,10:49,Friday,FINCH STATION,MUIE,0,0,,YU,0
4/13/2018,10:54,Friday,GREENWOOD STATION,SUAP,0,0,,BD,0
4/13/2018,11:46,Friday,KENNEDY BD STATION,SUDP,6,9,W,BD,5200
4/13/2018,11:53,Friday,COXWELL STATION,TUSC,0,0,W,BD,5070
4/13/2018,12:25,Friday,RUNNYMEDE STATION,EUSC,0,0,E,BD,5089
4/13/2018,12:37,Friday,VICTORIA PARK STATION,MUSC,0,0,E,BD,5211
4/13/2018,13:47,Friday,KENNEDY BD STATION,EUNT,3,6,E,BD,5113
4/13/2018,13:55,Friday,VAUGHAN MC STATION,MUI,4,8,S,YU,5816
4/13/2018,14:02,Friday,WILSON STATION,TUNIP,4,8,N,YU,5556
4/13/2018,14:25,Friday,WILSON STATION,TUNIP,4,8,N,YU,5951
4/13/2018,14:30,Friday,ST CLAIR STATION,MUSC,0,0,S,YU,5751
4/13/2018,14:32,Friday,ST CLAIR WEST STATION,TUSC,0,0,S,YU,5881
4/13/2018,14:48,Friday,EGLINTON WEST STATION,PUSTS,4,8,N,YU,5856
4/13/2018,15:20,Friday,DUPONT STATION,MUPAA,0,0,S,YU,5951
4/13/2018,16:00,Friday,ST CLAIR STATION,MUI,3,6,S,YU,5571
4/13/2018,16:44,Friday,EGLINTON STATION,SUAE,9,12,N,YU,5936
4/13/2018,17:09,Friday,YORK MILLS STATION,SUDP,8,11,S,YU,5711
4/13/2018,17:22,Friday,MAIN STREET STATION,MUSC,0,0,W,BD,5360
4/13/2018,17:32,Friday,MUSEUM STATION,MUPAA,0,0,N,YU,5761
4/13/2018,17:36,Friday,BROADVIEW STATION,SUPOL,0,0,E,BD,5033
4/13/2018,17:51,Friday,VICTORIA PARK STATION,MUSC,0,0,W,BD,5176
4/13/2018,18:05,Friday,VICTORIA PARK STATION,MUSC,0,0,W,BD,5075
4/13/2018,18:27,Friday,YORKDALE STATION,MUSC,0,0,N,YU,5441
4/13/2018,18:35,Friday,KENNEDY BD STATION,MUPAA,0,0,W,BD,5314
4/13/2018,18:42,Friday,NORTH YORK CTR STATION,MUI,18,21,N,YU,5411
4/13/2018,18:58,Friday,ST PATRICK STATION,SUUT,6,8,N,YU,5841
4/13/2018,19:08,Friday,WELLESLEY STATION,EUTRD,4,6,S,YU,6016
4/13/2018,19:35,Friday,MAIN STREET STATION,MUPAA,0,0,W,BD,5068
4/13/2018,19:45,Friday,SHEPPARD STATION,MUIS,0,0,,YU,0
4/13/2018,20:19,Friday,JANE STATION,TUSC,0,0,W,BD,5346
4/13/2018,20:34,Friday,KEELE STATION,MUSC,0,0,E,BD,5014
4/13/2018,20:49,Friday,DUNDAS STATION,MUIRS,0,0,N,YU,0
4/13/2018,20:58,Friday,MAIN STREET STATION,SUDP,0,0,W,BD,5360
4/13/2018,21:10,Friday,MUSEUM STATION,MUPAA,0,0,N,YU,5621
4/13/2018,22:00,Friday,YUS/BD/SHEPPARD SUBWAY,MUO,0,0,,YU/BD,0
4/13/2018,22:03,Friday,LAWRENCE STATION,MUIS,0,0,,YU,0
4/13/2018,22:06,Friday,ST CLAIR STATION,TUOS,3,6,S,YU,5416
4/13/2018,23:01,Friday,YONGE UNIVERSITY LINE,MUGD,0,0,,YU,0
4/13/2018,23:10,Friday,BLOOR DANFORTH SUBWAY,MUGD,0,0,,BD,0
4/13/2018,23:13,Friday,ISLINGTON STATION,TUSC,0,0,E,BD,5017
4/13/2018,23:41,Friday,WILSON STATION,MUI,0,0,N,YU,5656
4/13/2018,23:42,Friday,SHEPPARD STATION,SUUT,20,35,N,YU,6056
4/14/2018,00:16,Saturday,KENNEDY BD STATION,TUSC,0,0,W,BD,5238
4/14/2018,02:00,Saturday,BLOOR DANFORTH SUBWAY,TUST,0,0,,BD,0
4/14/2018,02:00,Saturday,SCARBOROUGH RAPID TRAN,TRST,0,0,,SRT,0
4/14/2018,02:00,Saturday,YONGE UNIVERSITY LINE,TUST,0,0,,YU,0
4/14/2018,02:12,Saturday,WILSON CARHOUSE,MUO,0,0,,YU,0
4/14/2018,05:07,Saturday,YONGE BD STATION,MUNCA,0,0,,BD,0
4/14/2018,05:45,Saturday,ST ANDREW STATION,MUNCA,0,0,,YU,0
4/14/2018,06:00,Saturday,BLOOR DANFORTH SUBWAY,MUO,0,0,,BD,0
4/14/2018,06:00,Saturday,YONGE UNIVERSITY LINE,TUST,0,0,,YU,0
4/14/2018,06:38,Saturday,WILSON STATION,MUSC,0,0,S,YU,5616
4/14/2018,06:45,Saturday,EGLINTON WEST STATION,TUSC,0,0,S,YU,5631
4/14/2018,08:36,Saturday,FINCH STATION,MUIS,0,0,,YU,0
4/14/2018,09:20,Saturday,WARDEN STATION,MUPLB,13,17,E,BD,5353
4/14/2018,09:30,Saturday,EGLINTON STATION,TUMVS,0,0,S,YU,5671
4/14/2018,09:59,Saturday,UNION STATION,MUIS,0,0,,YU,0
4/14/2018,10:20,Saturday,KENNEDY BD STATION,MUPLA,4,8,W,BD,5282
4/14/2018,11:18,Saturday,VICTORIA PARK STATION,MUSC,0,0,E,BD,5176
4/14/2018,11:49,Saturday,QUEEN STATION,SUDP,4,7,S,YU,5761
4/14/2018,12:00,Saturday,VICTORIA PARK STATION,EUSC,0,0,W,BD,5360
4/14/2018,13:13,Saturday,WELLESLEY STATION,MUIE,0,0,,YU,0
4/14/2018,13:39,Saturday,WOODBINE STATION,MUIR,3,7,E,BD,5362
4/14/2018,14:16,Saturday,ROSEDALE STATION,MUNCA,0,0,,YU,0
4/14/2018,14:23,Saturday,CHRISTIE STATION,EUDO,5,9,E,BD,5096
4/14/2018,14:52,Saturday,GREENWOOD WYE,MUSC,0,0,E,BD,5130
4/14/2018,14:59,Saturday,VICTORIA PARK STATION,MUSC,0,0,W,BD,5360
4/14/2018,16:20,Saturday,COXWELL STATION,MUTO,0,0,E,BD,5014
4/14/2018,16:26,Saturday,JANE STATION,PUMEL,0,0,,BD,0
4/14/2018,16:27,Saturday,VICTORIA PARK STATION,MUSC,0,0,W,BD,5360
4/14/2018,18:18,Saturday,ROYAL YORK STATION,MUNCA,0,0,,BD,0
4/14/2018,18:37,Saturday,WILSON STATION,SUO,4,7,N,YU,6131
4/14/2018,18:45,Saturday,ST CLAIR STATION,SUO,10,13,S,YU,5451
4/14/2018,19:16,Saturday,DAVISVILLE STATION,PUSIS,4,9,S,YU,5596
4/14/2018,19:43,Saturday,EGLINTON STATION,PUSIS,4,9,N,YU,6066
4/14/2018,20:03,Saturday,DUNDAS WEST STATION,MUIS,0,0,W,BD,0
4/14/2018,20:03,Saturday,MAIN STREET STATION,MUIS,0,0,,BD,0
4/14/2018,20:06,Saturday,MCCOWAN STATION,SRCOL,0,0,S,SRT,3013
4/14/2018,20:33,Saturday,RUNNYMEDE STATION,MUIS,0,0,,BD,0
4/14/2018,20:57,Saturday,YONGE SHP STATION,MUSC,0,0,W,SHP,6166
4/14/2018,21:45,Saturday,JANE STATION,MUPAA,0,0,W,BD,5130
4/14/2018,22:00,Saturday,YUS/BD/SHEPPARD SUBWAY,MUO,0,0,,YU/BD,0
4/14/2018,23:21,Saturday,YONGE UNIVERSITY LINE,MUGD,0,0,,YU,0
4/14/2018,23:50,Saturday,VICTORIA PARK STATION,EUOE,0,0,W,BD,5360
4/15/2018,00:00,Sunday,SHEPPARD WEST STATION,MUATC,14,19,N,YU,6061
4/15/2018,02:00,Sunday,BLOOR DANFORTH SUBWAY,TUML,0,0,,BD,0
4/15/2018,05:20,Sunday,OSSINGTON STATION,MUIE,0,0,,BD,0
4/15/2018,06:00,Sunday,BLOOR DANFORTH SUBWAY,TUST,0,0,,BD,0
4/15/2018,06:00,Sunday,YONGE UNIVERSITY LINE,TUST,0,0,,YU,0
4/15/2018,08:00,Sunday,BLOOR DANFORTH SUBWAY,MUO,0,0,,BD,0
4/15/2018,08:00,Sunday,YONGE UNIVERSITY LINE,TUST,0,0,N,YU,6061
4/15/2018,08:07,Sunday,ST CLAIR STATION,PUSIS,0,0,N,YU,5871
4/15/2018,08:19,Sunday,VICTORIA PARK STATION,MUSC,0,0,E,BD,5297
4/15/2018,08:20,Sunday,WILSON STATION,TUSC,0,0,N,YU,5461
4/15/2018,08:25,Sunday,YORKDALE STATION,MUSC,0,0,N,YU,5481
4/15/2018,08:40,Sunday,ST CLAIR STATION,MUO,6,11,N,YU,5806
4/15/2018,09:28,Sunday,YORK MILLS STATION,MUSC,0,0,N,YU,5386
4/15/2018,10:02,Sunday,WILSON STATION,PUSI,0,0,S,YU,5896
4/15/2018,10:07,Sunday,DAVISVILLE STATION,PUSIS,5,10,S,YU,5941
4/15/2018,10:54,Sunday,LAWRENCE EAST STATION,ERDO,3,9,N,SRT,3009
4/15/2018,11:25,Sunday,ISLINGTON STATION,MUIS,0,0,,BD,0
4/15/2018,12:00,Sunday,SCARBOROUGH RAPID TRAN,TRST,0,0,,SRT,0
4/15/2018,12:36,Sunday,SRT LINE,MRWEA,0,0,,SRT,0
4/15/2018,13:02,Sunday,JANE STATION,MUIS,0,0,,BD,0
4/15/2018,13:15,Sunday,YONGE UNIVERSITY LINE,MUGD,0,0,,YU,0
4/15/2018,13:23,Sunday,SPADINA YUS STATION,PUSTS,6,10,N,YU,5841
4/15/2018,15:22,Sunday,MCCOWAN STATION,MRWEA,5,11,N,SRT,3004
4/15/2018,15:28,Sunday,SPADINA YUS STATION,MUSC,0,0,N,YU,6061
4/15/2018,15:29,Sunday,SPADINA YUS STATION,PUSTS,0,0,N,YU,6121
4/15/2018,15:42,Sunday,SPADINA YUS STATION,EUBK,0,0,N,YU,5451
4/15/2018,15:51,Sunday,PAPE STATION,MUIR,7,11,E,BD,5017
4/15/2018,16:17,Sunday,ELLESMERE STATION,ERTC,12,17,N,SRT,3025
4/15/2018,16:27,Sunday,PAPE STATION,MUIS,0,0,W,BD,0
4/15/2018,18:48,Sunday,LANSDOWNE STATION,MUPAA,3,7,W,BD,5068
4/15/2018,19:02,Sunday,OSSINGTON STATION,SUDP,0,0,W,BD,5367
4/15/2018,19:03,Sunday,SRT LINE,MRWEA,399,0,N,SRT,3026
4/15/2018,20:02,Sunday,VAUGHAN MC STATION,MUWEA,5,10,S,YU,6036
4/15/2018,20:05,Sunday,YONGE SHP STATION,TUMVS,0,0,E,SHP,6191
4/15/2018,20:21,Sunday,KING STATION,MUPAA,0,0,N,YU,6071
4/15/2018,20:30,Sunday,BLOOR DANFORTH SUBWAY,MUWEA,0,0,,BD,0
4/15/2018,20:30,Sunday,YONGE UNIVERSITY LINE,MUWEA,0,0,,YU,0
4/15/2018,21:10,Sunday,FINCH STATION,TUST,5,10,N,YU,6046
4/15/2018,21:22,Sunday,WARDEN STATION,MUFM,18,23,E,BD,5114
4/15/2018,22:07,Sunday,EGLINTON STATION,MUO,0,0,,YU,0
4/15/2018,22:34,Sunday,VICTORIA PARK STATION,MUPAA,5,10,W,BD,5282
4/15/2018,22:50,Sunday,GREENWOOD CARHOUSE,EUOE,0,0,,BD,5156
4/15/2018,23:23,Sunday,VICTORIA PARK STATION,MUPAA,0,0,E,BD,5098
4/15/2018,23:56,Sunday,YORKDALE STATION,EUBK,0,0,S,YU,5571
4/16/2018,00:26,Monday,SPADINA YUS STATION,EUDO,7,12,N,YU,5426
4/16/2018,01:39,Monday,SUMMERHILL STATION,EUOE,0,0,S,YU,6176
4/16/2018,05:29,Monday,KIPLING TO ROYAL YORK,PUTWZ,82,87,E,BD,5140
4/16/2018,05:30,Monday,DAVISVILLE STATION,MUNCA,0,0,,YU,0
4/16/2018,05:40,Monday,WARDEN STATION,MUFM,108,113,W,BD,5111
4/16/2018,05:43,Monday,TRANSIT CONTROL,MUO,0,0,,,0
4/16/2018,05:59,Monday,EGLINTON STATION,EUDO,3,8,N,YU,5681
4/16/2018,06:00,Monday,DONLANDS STATION,TUSC,0,0,E,BD,5233
4/16/2018,06:43,Monday,VAUGHAN MC STATION,EUDO,6,11,S,YU,5806
4/16/2018,07:13,Monday,UNION STATION,SUSA,0,0,,YU,0
4/16/2018,07:18,Monday,ST GEORGE BD STATION,MUIS,0,0,,BD,0
4/16/2018,07:20,Monday,OLD MILL STATION,MUSC,0,0,E,BD,5226
4/16/2018,07:21,Monday,KENNEDY BD STATION,MUIS,0,0,,BD,0
4/16/2018,07:22,Monday,ST CLAIR STATION,MUIR,0,0,N,YU,5786
4/16/2018,07:24,Monday,HIGHWAY 407 STATION,EUDO,0,0,S,YU,6006
4/16/2018,07:29,Monday,LAWRENCE STATION,MUI,3,5,S,YU,6051
4/16/2018,07:40,Monday,EGLINTON STATION,MUIR,0,0,S,YU,6051
4/16/2018,07:41,Monday,LAWRENCE EAST STATION,ERDO,3,8,S,SRT,3000
4/16/2018,07:46,Monday,ISLINGTON STATION,PUSTC,0,0,E,BD,5214
4/16/2018,07:47,Monday,WARDEN STATION,PUSRA,10,15,W,BD,5111
4/16/2018,07:52,Monday,KING STATION,MUI,11,13,N,YU,5711
4/16/2018,07:56,Monday,EGLINTON STATION,MUPAA,3,5,S,YU,5876
4/16/2018,08:03,Monday,KIPLING STATION,MUSC,0,0,W,BD,5234
4/16/2018,08:08,Monday,ISLINGTON STATION,MUSC,0,0,W,BD,5359
4/16/2018,08:10,Monday,UNION STATION,MUIR,4,6,N,YU,5611
4/16/2018,08:13,Monday,SHEPPARD LINE,MUFM,70,75,W,SHP,6141
4/16/2018,08:24,Monday,FINCH STATION,PUSO,0,0,S,YU,5881
4/16/2018,08:26,Monday,WARDEN STATION,MUSC,0,0,E,BD,5144
4/16/2018,08:31,Monday,EGLINTON WEST STATION,MUIS,0,0,N,YU,0
4/16/2018,08:31,Monday,SHEPPARD WEST STATION,MUIRS,0,0,,YU,0
4/16/2018,08:37,Monday,ST CLAIR STATION,MUIR,12,14,S,YU,5576
4/16/2018,08:41,Monday,FINCH STATION,PUSO,0,0,S,YU,5971
4/16/2018,08:44,Monday,SHERBOURNE STATION,MUI,14,16,W,BD,5145
4/16/2018,08:48,Monday,BROADVIEW STATION,MUPAA,0,0,W,BD,5089
4/16/2018,08:50,Monday,ST CLAIR STATION,MUPAA,3,5,S,YU,5881
4/16/2018,08:52,Monday,BAY STATION,MUIS,0,0,,BD,0
4/16/2018,09:00,Monday,BAYVIEW STATION,MUIS,0,0,,SHP,0
4/16/2018,09:09,Monday,KENNEDY SRT STATION,PRS,12,18,S,SRT,0
4/16/2018,09:13,Monday,ST GEORGE YUS STATION,MUNCA,0,0,,YU,0
4/16/2018,09:15,Monday,WARDEN STATION,MUSC,0,0,E,BD,5312
4/16/2018,09:20,Monday,CHESTER STATION,PUSRA,3,5,W,BD,5079
4/16/2018,09:48,Monday,COXWELL STATION,MUNOA,4,7,W,BD,5001
4/16/2018,10:59,Monday,VAUGHAN MC STATION,MUATC,0,0,N,YU,5871
4/16/2018,11:43,Monday,CASTLE FRANK STATION,EUDO,9,12,W,BD,5336
4/16/2018,12:18,Monday,GREENWOOD STATION,MUDD,3,6,E,BD,5007
4/16/2018,12:29,Monday,SHEPPARD WEST STATION,MUATC,5,8,N,YU,5926
4/16/2018,12:58,Monday,VAUGHAN MC STATION,EUATC,5,8,S,YU,0
4/16/2018,13:02,Monday,KING TO UNION,MUPLB,140,143,S,YU,5941
4/16/2018,13:18,Monday,CHRISTIE STATION,MUPAA,4,7,W,BD,5123
4/16/2018,13:52,Monday,KENNEDY BD STATION,TUSC,0,0,E,BD,5346
4/16/2018,14:30,Monday,ROYAL YORK STATION,TUSC,0,0,E,BD,5294
4/16/2018,14:33,Monday,ISLINGTON STATION,MUSC,0,0,E,BD,5320
4/16/2018,14:39,Monday,DONLANDS STATION,MUIR,9,12,W,BD,5188
4/16/2018,15:42,Monday,COXWELL STATION,MUIS,0,0,,BD,0
4/16/2018,16:03,Monday,ISLINGTON STATION,TUSC,0,0,W,BD,5224
4/16/2018,16:29,Monday,DAVISVILLE STATION,EUDO,3,5,S,YU,5771
4/16/2018,16:31,Monday,ISLINGTON STATION,MUIS,0,0,,BD,0
4/16/2018,17:24,Monday,ST CLAIR STATION,MUSC,0,0,S,YU,5936
4/16/2018,17:37,Monday,YORKDALE STATION,MUSC,0,0,N,YU,5441
4/16/2018,18:00,Monday,FINCH STATION,MUO,0,0,,YU,0
4/16/2018,18:08,Monday,DUPONT STATION,MUPAA,0,0,N,YU,5406
4/16/2018,18:37,Monday,ST CLAIR WEST STATION,TUSC,0,0,S,YU,5111
4/16/2018,18:51,Monday,WELLESLEY STATION,SUDP,5,7,S,YU,5981
4/16/2018,19:07,Monday,ST CLAIR WEST STATION,MUIR,0,0,N,YU,5461
4/16/2018,19:08,Monday,ROSEDALE STATION,SUDP,0,0,N,YU,6046
4/16/2018,19:48,Monday,ROSEDALE STATION,SUDP,3,6,N,YU,5511
4/16/2018,20:57,Monday,COXWELL STATION,TUNOA,4,8,W,BD,5071
4/16/2018,21:24,Monday,LAWRENCE WEST STATION,TUSC,0,0,N,YU,5781
4/16/2018,21:30,Monday,YORK MILLS STATION,PUMEL,0,0,,YU,0
4/16/2018,21:31,Monday,KENNEDY BD STATION,PUSO,5,10,E,BD,5169
4/16/2018,22:00,Monday,YUS/BD/SHEPPARD SUBWAY,MUO,0,0,,,0
4/16/2018,22:00,Monday,YUS/BD/SHEPPARD SUBWAY,MUO,0,0,,YU/BD,0
4/16/2018,22:33,Monday,BLOOR STATION,SUDP,5,10,S,YU,5761
4/17/2018,00:23,Tuesday,EGLINTON STATION,MUIS,0,0,,YU,0
4/17/2018,01:15,Tuesday,CHRISTIE STATION,MUIS,0,0,E,BD,5356
4/17/2018,03:46,Tuesday,DUFFERIN STATION,PUMO,0,0,,BD,0
4/17/2018,05:40,Tuesday,KIPLING STATION,MUSC,0,0,E,BD,5017
4/17/2018,06:16,Tuesday,KIPLING STATION,MUSC,0,0,E,BD,5368
4/17/2018,06:35,Tuesday,KIPLING STATION,MUSC,0,0,E,BD,5161
4/17/2018,07:16,Tuesday,GREENWOOD STATION,MUSC,0,0,E,BD,5125
4/17/2018,07:42,Tuesday,WILSON STATION,MUSC,0,0,S,YU,5926
4/17/2018,08:00,Tuesday,EGLINTON STATION,MUIR,3,5,S,YU,5416
4/17/2018,08:40,Tuesday,EGLINTON WEST STATION,SUDP,9,11,S,YU,5791
4/17/2018,08:47,Tuesday,FINCH WEST STATION,MUIS,0,0,N,YU,0
4/17/2018,08:53,Tuesday,SUMMERHILL STATION,MUIR,0,0,S,YU,5716
4/17/2018,09:01,Tuesday,KIPLING STATION,MUPAA,3,5,,BD,5108
4/17/2018,09:23,Tuesday,BLOOR STATION,MUIS,0,0,,YU,0
4/17/2018,09:25,Tuesday,LAWRENCE WEST STATION,TUSC,0,0,N,YU,5841
4/17/2018,09:29,Tuesday,LAWRENCE WEST STATION,TUSC,0,0,N,YU,5716
4/17/2018,09:43,Tuesday,CHRISTIE STATION,TUSC,0,0,E,BD,5017
4/17/2018,09:49,Tuesday,GLENCAIRN STATION,MUIE,0,0,N,YU,5926
4/17/2018,10:20,Tuesday,LESLIE STATION(APPROAC,MUSC,0,0,W,SHP,6166
4/17/2018,10:23,Tuesday,KENNEDY BD STATION,MUIS,0,0,,BD,0
4/17/2018,10:35,Tuesday,BLOOR STATION,MUSAN,5,8,S,YU,5506
4/17/2018,11:31,Tuesday,MCCOWAN STATION,PREL,0,0,,SRT,0
4/17/2018,12:03,Tuesday,ROYAL YORK STATION,TUSC,0,0,E,BD,5349
4/17/2018,13:43,Tuesday,ISLINGTON STATION,MUSC,0,0,E,BD,5234
4/17/2018,13:57,Tuesday,ISLINGTON STATION,TUO,0,0,W,BD,5236
4/17/2018,14:04,Tuesday,LAWRENCE WEST STATION,MUI,4,7,S,YU,6136
4/17/2018,14:38,Tuesday,GREENWOOD STATION,MUTO,3,6,E,BD,5250
4/17/2018,15:18,Tuesday,KEELE STATION,SUO,12,14,W,BD,5337
4/17/2018,15:51,Tuesday,WILSON STATION,SUDP,6,9,S,YU,5881
4/17/2018,16:29,Tuesday,DAVISVILLE STATION,EUYRD,3,5,S,YU,5406
4/17/2018,17:35,Tuesday,KENNEDY BD STATION,MUDD,3,5,W,BD,5212
4/17/2018,17:47,Tuesday,ISLINGTON STATION,MUTO,6,9,E,BD,5102
4/17/2018,17:51,Tuesday,SHEPPARD WEST STATION,MUATC,3,6,N,YU,6036
4/17/2018,17:57,Tuesday,VICTORIA PARK STATION,MUIR,3,5,E,BD,5033
4/17/2018,18:19,Tuesday,ST GEORGE BD STATION,SUDP,5,7,W,BD,5263
4/17/2018,18:23,Tuesday,WARDEN STATION,TUSC,0,0,E,BD,5356
4/17/2018,18:24,Tuesday,KIPLING STATION,TUSC,0,0,W,BD,5268
4/17/2018,18:35,Tuesday,COLLEGE STATION,SUDP,0,0,N,YU,5406
4/17/2018,18:41,Tuesday,BLOOR STATION,SUDP,4,6,N,YU,5406
4/17/2018,19:37,Tuesday,FINCH STATION,MUSC,0,0,S,YU,6036
4/17/2018,19:45,Tuesday,EGLINTON WEST STATION,TUSC,0,0,S,YU,5901
4/17/2018,20:09,Tuesday,DOWNSVIEW PARK STATION,MUPAA,4,7,S,YU,6041
4/17/2018,20:27,Tuesday,KIPLING STATION,SUDP,3,6,E,BD,5297
4/17/2018,20:37,Tuesday,SHEPPARD WEST STATION,MUI,0,0,S,YU,5996
4/17/2018,20:50,Tuesday,DAVISVILLE STATION,SUDP,7,10,S,YU,5746
4/17/2018,21:14,Tuesday,KIPLING STATION,MUSC,0,0,E,BD,5367
4/17/2018,21:16,Tuesday,LAWRENCE STATION,MUPAA,4,7,N,YU,6126
4/17/2018,21:59,Tuesday,KIPLING STATION,PUSSW,4,8,W,BD,5054
4/17/2018,22:00,Tuesday,YUS/BD/SHEPPARD SUBWAY,MUO,0,0,,YU/BD,0
4/17/2018,22:05,Tuesday,HIGH PARK STATION,SUDP,6,10,W,BD,5343
4/17/2018,22:05,Tuesday,SHERBOURNE STATION,MUPAA,0,0,E,BD,5208
4/17/2018,22:14,Tuesday,SUMMERHILL STATION,MUPAA,3,8,N,YU,5766
4/17/2018,22:20,Tuesday,ST GEORGE YUS STATION,MUTO,5,10,S,YU,5391
4/17/2018,23:25,Tuesday,YONGE UNIVERSITY LINE,MUGD,0,0,,YU,0
4/17/2018,23:46,Tuesday,OSSINGTON STATION,MUPAA,0,0,W,BD,5343
4/17/2018,23:51,Tuesday,YORK MILLS STATION,MUPAA,0,0,N,YU,5896
4/18/2018,00:01,Wednesday,DUNDAS WEST STATION,SUAE,0,0,W,BD,0
4/18/2018,00:05,Wednesday,SHEPPARD WEST STATION,TUATC,5,10,N,YU,5436
4/18/2018,02:00,Wednesday,OSGOODE POCKET,PUTOE,0,0,N,YU,17
4/18/2018,05:10,Wednesday,SHEPPARD WEST TO WILSO,PUTWZ,19,22,,YU,0
4/18/2018,05:54,Wednesday,UNION STATION,PUTWZ,19,23,N,YU,5976
4/18/2018,06:08,Wednesday,YONGE BD STATION,PUTWZ,4,8,W,BD,5268
4/18/2018,06:18,Wednesday,WARDEN STATION,SUDP,0,0,E,BD,5234
4/18/2018,06:41,Wednesday,YONGE BD STATION,MUIE,0,0,W,BD,5138
4/18/2018,06:43,Wednesday,KENNEDY BD STATION,MUSC,0,0,W,BD,5082
4/18/2018,07:01,Wednesday,ISLINGTON STATION,MUSC,0,0,E,BD,5208
4/18/2018,07:10,Wednesday,YORK UNIVERSITY STATIO,MUPAA,0,0,N,YU,5976
4/18/2018,07:24,Wednesday,SHEPPARD WEST STATION,MUSC,0,0,S,YU,5806
4/18/2018,07:26,Wednesday,GREENWOOD STATION,EUDO,3,5,E,BD,5005
4/18/2018,07:49,Wednesday,GLENCAIRN STATION,MUSC,0,0,N,YU,5441
4/18/2018,07:58,Wednesday,YONGE BD STATION,MUPAA,3,5,E,BD,5087
4/18/2018,08:16,Wednesday,SHERBOURNE STATION,EUAC,3,5,E,BD,5250
4/18/2018,08:35,Wednesday,BAY STATION,PUSTC,13,15,W,BD,5221
4/18/2018,08:43,Wednesday,YONGE BD STATION,MUIR,0,0,W,BD,5192
4/18/2018,08:45,Wednesday,OSSINGTON STATION,MUTO,8,10,W,BD,5012
4/18/2018,08:48,Wednesday,ISLINGTON STATION,PUMST,0,0,,BD,0
4/18/2018,08:59,Wednesday,SHERBOURNE STATION,MUIS,0,0,W,BD,0
4/18/2018,09:00,Wednesday,CHESTER STATION,TUSC,0,0,E,BD,5200
4/18/2018,09:08,Wednesday,BROADVIEW STATION,MUIR,0,0,W,BD,5195
4/18/2018,10:11,Wednesday,SHEPPARD WEST STATION,MUSC,0,0,S,YU,5806
4/18/2018,11:17,Wednesday,COXWELL STATION,EUNT,7,10,W,BD,5281
4/18/2018,11:29,Wednesday,KIPLING STATION,EUNT,3,6,E,BD,5033
4/18/2018,11:54,Wednesday,SUMMERHILL STATION,SUDP,7,10,N,YU,5391
4/18/2018,12:10,Wednesday,DONLANDS STATION,MUO,3,5,W,BD,5012
4/18/2018,12:19,Wednesday,CHRISTIE STATION,MUPAA,0,0,W,BD,5130
4/18/2018,12:37,Wednesday,QUEEN'S PARK STATION,PUMEL,0,0,,YU,0
4/18/2018,13:39,Wednesday,QUEEN STATION,MUPAA,3,6,N,YU,5511
4/18/2018,13:41,Wednesday,YORKDALE STATION,SUCOL,0,0,N,YU,5551
4/18/2018,13:48,Wednesday,FINCH WEST STATION,MUIS,0,0,,YU,0
4/18/2018,13:56,Wednesday,BROADVIEW STATION,TUSC,0,0,W,BD,5362
4/18/2018,14:08,Wednesday,DUNDAS WEST STATION,SUEAS,9,13,E,BD,5236
4/18/2018,14:43,Wednesday,KEELE STATION,EUBK,0,0,E,BD,5098
4/18/2018,14:56,Wednesday,DUNDAS WEST STATION,MUIRS,0,0,W,BD,5229
4/18/2018,15:02,Wednesday,KEELE STATION,MUIS,0,0,,BD,0
4/18/2018,15:10,Wednesday,OSSINGTON STATION,EUNT,7,10,E,BD,5005
4/18/2018,15:43,Wednesday,HIGH PARK STATION,MUSC,0,0,E,BD,5316
4/18/2018,16:19,Wednesday,ST PATRICK STATION,PUMST,0,0,,YU,0
4/18/2018,16:41,Wednesday,WILSON STATION,MUCL,4,6,S,YU,5731
4/18/2018,17:14,Wednesday,DUNDAS STATION,MUPAA,0,0,N,YU,5736
4/18/2018,17:22,Wednesday,KIPLING STATION,MUPAA,0,0,E,BD,5033
4/18/2018,17:56,Wednesday,UNION TO ST ANDREW,MUDD,6,8,N,YU,5991
4/18/2018,18:28,Wednesday,KEELE STATION,TUS,5,8,W,BD,5093
4/18/2018,19:00,Wednesday,VAUGHAN MC STATION,SUDP,0,0,N,YU,5826
4/18/2018,19:42,Wednesday,VAUGHAN MC STATION,SUDP,4,7,N,YU,5561
4/18/2018,21:26,Wednesday,QUEEN'S PARK STATION,MUPAA,0,0,N,YU,5836
4/18/2018,21:55,Wednesday,YUS/BD/SHEPPARD SUBWAY,MUO,0,0,,,0
4/18/2018,23:10,Wednesday,DONLANDS STATION,MUPAA,4,8,E,BD,5077
4/18/2018,23:30,Wednesday,BLOOR DANFORTH SUBWAY,MUGD,0,0,,BD,0
4/19/2018,02:06,Thursday,WILSON STATION,MUIS,0,0,,YU,0
4/19/2018,05:27,Thursday,YONGE UNIVERSITY LINE,PUSRA,0,0,,YU,0
4/19/2018,05:59,Thursday,BLOOR STATION,PUSI,9,0,N,YU,6086
4/19/2018,06:00,Thursday,KIPLING STATION,MUSC,0,0,E,BD,5356
4/19/2018,06:12,Thursday,KIPLING STATION,MUSC,0,0,,BD,5136
4/19/2018,06:18,Thursday,KENNEDY BD STATION,MUSC,0,0,W,BD,5298
4/19/2018,07:23,Thursday,WARDEN STATION,TUSC,0,0,W,BD,5293
4/19/2018,07:24,Thursday,WILSON HOSTLER,TUSC,0,0,N,YU,5731
4/19/2018,08:18,Thursday,DUNDAS STATION,MUIR,4,6,S,YU,5741
4/19/2018,08:20,Thursday,UNION STATION,MUIS,0,0,,YU,4446
4/19/2018,08:33,Thursday,DAVISVILLE STATION,MUPAA,0,0,S,YU,6041
4/19/2018,08:50,Thursday,OLD MILL STATION,MUSC,0,0,E,BD,5163
4/19/2018,09:10,Thursday,YORKDALE STATION,TUMVS,0,0,S,YU,5446
4/19/2018,09:25,Thursday,KENNEDY BD STATION,MUO,4,7,W,BD,5314
4/19/2018,09:27,Thursday,NORTH YORK CTR STATION,PUMST,0,0,S,YU,0
4/19/2018,10:10,Thursday,COLLEGE STATION,MUNCA,0,0,,YU,0
4/19/2018,10:19,Thursday,LAWRENCE WEST STATION,TUSC,0,0,N,YU,5781
4/19/2018,11:36,Thursday,ST CLAIR WEST STATION,SUUT,43,46,S,YU,5786
4/19/2018,11:43,Thursday,MUSEUM STATION,TUMVS,4,7,S,YU,5736
4/19/2018,12:04,Thursday,COXWELL STATION,MUI,0,0,W,BD,0
4/19/2018,12:17,Thursday,EGLINTON STATION,MUI,4,7,S,YU,5436
4/19/2018,12:31,Thursday,PAPE STATION,MUIS,0,0,,BD,0
4/19/2018,12:56,Thursday,ROSEDALE STATION,SUDP,4,7,S,YU,5876
4/19/2018,13:07,Thursday,JANE STATION,TUSC,0,0,W,BD,5019
4/19/2018,13:24,Thursday,WOODBINE STATION,EUDO,9,12,W,BD,5001
4/19/2018,14:48,Thursday,KENNEDY BD STATION,PUMST,0,0,,BD,0
4/19/2018,14:59,Thursday,BROADVIEW STATION,MUIRS,0,0,,BD,0
4/19/2018,15:34,Thursday,ISLINGTON STATION,MUSC,0,0,W,BD,5335
4/19/2018,15:41,Thursday,KENNEDY BD STATION,TUMVS,0,0,E,BD,5339
4/19/2018,15:58,Thursday,ISLINGTON STATION,MUIS,0,0,,BD,0
4/19/2018,16:24,Thursday,KENNEDY BD STATION,SUDP,0,0,E,BD,5371
4/19/2018,16:28,Thursday,DON MILLS STATION,MUIS,0,0,,SHP,0
4/19/2018,16:28,Thursday,KEELE STATION,MUSC,0,0,E,BD,5278
4/19/2018,16:36,Thursday,CHESTER STATION,TUSC,0,0,E,BD,5261
4/19/2018,17:00,Thursday,WILSON STATION,SUDP,0,0,N,YU,5406
4/19/2018,17:08,Thursday,ST CLAIR STATION,MUIR,6,8,N,YU,5711
4/19/2018,17:19,Thursday,ST CLAIR WEST STATION,TUSC,0,0,S,YU,5736
4/19/2018,17:24,Thursday,KIPLING STATION,TUSC,0,0,W,BD,5289
4/19/2018,17:24,Thursday,RUNNYMEDE STATION,SUDP,3,5,W,BD,5012
4/19/2018,17:25,Thursday,YORK MILLS STATION,MUSC,0,0,N,YU,5711
4/19/2018,17:32,Thursday,YONGE BD STATION,MUIS,0,0,,BD,0
4/19/2018,17:36,Thursday,KENNEDY BD STATION,EUDO,9,12,W,BD,5079
4/19/2018,17:46,Thursday,UNION STATION,MUIS,0,0,,YU,0
4/19/2018,18:36,Thursday,WARDEN STATION,TUSC,0,0,E,BD,5260
4/19/2018,18:37,Thursday,YORK UNIVERSITY STATIO,EUDO,3,5,S,YU,6096
4/19/2018,19:30,Thursday,FINCH STATION,MUSC,0,0,S,YU,5836
4/19/2018,19:50,Thursday,BAYVIEW STATION,MUPAA,0,0,E,SHP,6166
4/19/2018,19:50,Thursday,SHEPPARD WEST STATION,EUYRD,3,6,S,YU,5641
4/19/2018,21:34,Thursday,JANE STATION,TUSC,0,0,W,BD,5359
4/19/2018,21:38,Thursday,BESSARION STATION,TUMVS,3,8,E,SHP,6151
4/19/2018,21:54,Thursday,ISLINGTON STATION,EUBO,0,0,W,BD,5016
4/19/2018,22:00,Thursday,YUS/BD/SHEPPARD SUBWAY,MUO,0,0,,YU/BD,0
4/19/2018,22:05,Thursday,UNION STATION,MUI,11,16,N,YU,6041
4/19/2018,22:24,Thursday,MUSEUM STATION,MUPAA,4,7,S,YU,5816
4/19/2018,23:15,Thursday,BLOOR DANFORTH SUBWAY,MUGD,0,0,,BD,0
4/19/2018,23:30,Thursday,YONGE UNIVERSITY LINE,MUGD,0,0,,YU,0
4/20/2018,01:47,Friday,SPADINA BD STATION,MUDD,0,0,W,BD,5218
4/20/2018,05:40,Friday,KIPLING STATION,MUSC,0,0,E,BD,5173
4/20/2018,06:02,Friday,WILSON YARD,PUCSC,15,18,S,YU,6041
4/20/2018,06:06,Friday,EGLINTON WEST STATION,PUSNT,3,7,S,YU,5576
4/20/2018,07:00,Friday,YONGE UNIVERSITY LINE,MUGD,0,0,,YU,0
4/20/2018,07:17,Friday,COXWELL STATION,MUSC,0,0,E,BD,5236
4/20/2018,07:50,Friday,BAYVIEW STATION,MUIR,3,8,W,SHP,6161
4/20/2018,08:11,Friday,DUNDAS WEST STATION,PUMST,0,0,,BD,0
4/20/2018,08:21,Friday,KENNEDY BD STATION,PUMST,0,0,,BD,0
4/20/2018,08:40,Friday,ROSEDALE STATION,MUI,10,12,N,YU,5816
4/20/2018,08:45,Friday,VAUGHAN MC STATION,MUTO,4,8,S,YU,5666
4/20/2018,08:59,Friday,KENNEDY BD STATION,PUMST,0,0,,BD,0
4/20/2018,09:15,Friday,EGLINTON STATION,PUMEL,0,0,,YU,0
4/20/2018,09:18,Friday,ST GEORGE YUS STATION,PUSI,6,8,N,YU,6101
4/20/2018,09:22,Friday,ROYAL YORK STATION,TUSC,0,0,E,BD,5173
4/20/2018,09:38,Friday,BLOOR STATION,MUO,3,5,S,YU,5566
4/20/2018,09:38,Friday,KEELE STATION,MUSC,0,0,W,BD,5217
4/20/2018,09:40,Friday,ST GEORGE YUS STATION,MUSC,0,0,S,YU,5606
4/20/2018,10:04,Friday,YONGE BD STATION,MUIS,0,0,,BD,0
4/20/2018,10:31,Friday,ST GEORGE YUS STATION,TUO,4,6,N,YU,6091
4/20/2018,10:41,Friday,FINCH STATION,MUSC,0,0,S,YU,5876
4/20/2018,11:04,Friday,MUSEUM STATION,PUSO,7,10,N,YU,5411
4/20/2018,11:18,Friday,OLD MILL STATION,MUSC,0,0,E,BD,5129
4/20/2018,11:29,Friday,FINCH STATION,EUSC,0,0,N,YU,5386
4/20/2018,11:34,Friday,FINCH STATION,MUSC,0,0,N,YU,5386
4/20/2018,12:32,Friday,BROADVIEW STATION,MUNCA,0,0,,BD,0
4/20/2018,12:54,Friday,ROYAL YORK STATION,SUDP,3,6,E,BD,5087
4/20/2018,13:07,Friday,DUNDAS WEST STATION,TUSC,0,0,E,BD,5087
4/20/2018,13:23,Friday,SUMMERHILL STATION,SUPOL,0,0,S,YU,6031
4/20/2018,13:32,Friday,FINCH STATION,PUMST,0,0,,YU,0
4/20/2018,13:46,Friday,KIPLING STATION,MUIR,3,6,E,BD,5007
4/20/2018,14:04,Friday,MAIN STREET STATION,SUO,9,12,E,BD,5169
4/20/2018,14:14,Friday,SHEPPARD WEST STATION,EUSC,0,0,S,YU,5386
4/20/2018,14:56,Friday,OLD MILL STATION,MUSC,0,0,E,BD,5129
4/20/2018,15:54,Friday,DUNDAS WEST STATION,MUSC,0,0,E,BD,5035
4/20/2018,16:07,Friday,KIPLING STATION,MUSC,0,0,E,BD,5045
4/20/2018,16:32,Friday,LAWRENCE STATION,MUPAA,0,0,N,YU,5656
4/20/2018,16:57,Friday,DAVISVILLE STATION,MUIR,0,0,N,YU,5806
4/20/2018,17:03,Friday,SHERBOURNE STATION,MUSC,0,0,E,BD,5001
4/20/2018,17:13,Friday,ST CLAIR STATION,MUPAA,0,0,N,YU,5416
4/20/2018,17:20,Friday,YONGE BD STATION,MUNCA,0,0,,BD,0
4/20/2018,17:49,Friday,COLLEGE STATION,MUIS,0,0,,YU,0
4/20/2018,17:51,Friday,UNION STATION,MUIS,0,0,,,0
4/20/2018,17:53,Friday,LAWRENCE STATION,MUPAA,0,0,S,YU,5446
4/20/2018,18:07,Friday,BATHURST STATION,MUIR,6,8,W,BD,5022
4/20/2018,18:08,Friday,ST GEORGE BD STATION,MUPAA,3,5,W,BD,5091
4/20/2018,18:34,Friday,FINCH STATION,MUSAN,3,6,S,YU,5671
4/20/2018,19:14,Friday,ST PATRICK STATION,PUMEL,0,0,,YU,0
4/20/2018,20:08,Friday,FINCH STATION,MUSAN,3,6,S,YU,5691
4/20/2018,20:37,Friday,PAPE STATION,SUO,5,8,E,BD,5207
4/20/2018,21:11,Friday,EGLINTON WEST STATION,MUSC,0,0,N,YU,5571
4/20/2018,21:39,Friday,OSSINGTON STATION,MUIS,0,0,W,BD,5297
4/20/2018,21:41,Friday,ST GEORGE YUS STATION,SUO,7,10,S,YU,6121
4/20/2018,22:00,Friday,LAWRENCE STATION,MUIRS,0,0,S,YU,0
4/20/2018,22:16,Friday,SHEPPARD WEST STATION,MUATC,9,12,N,YU,5926
4/20/2018,22:28,Friday,ST CLAIR WEST STATION,MUSC,0,0,N,YU,5601
4/20/2018,22:59,Friday,ST ANDREW STATION,PUMST,0,0,,YU,0
4/20/2018,23:01,Friday,PAPE STATION,MUIS,0,0,,BD,0
4/20/2018,23:15,Friday,YONGE UNIVERSITY LINE,MUGD,0,0,,YU,0
4/21/2018,00:38,Saturday,ST CLAIR STATION,SUO,5,10,N,YU,5486
4/21/2018,00:43,Saturday,BLOOR STATION,MUIRS,0,0,,YU,0
4/21/2018,06:00,Saturday,YONGE UNIVERSITY LINE,MUO,0,0,,YU,0
4/21/2018,06:25,Saturday,UNION STATION,MUSC,0,0,S,YU,6126
4/21/2018,09:40,Saturday,ST GEORGE BD STATION,MUDD,4,8,W,BD,5221
4/21/2018,12:15,Saturday,OLD MILL STATION,EUBO,4,8,W,BD,5114
4/21/2018,12:26,Saturday,EGLINTON STATION,PUSO,5,9,S,YU,5461
4/21/2018,12:50,Saturday,EGLINTON STATION,PUSO,5,9,N,YU,5901
4/21/2018,14:13,Saturday,QUEEN STATION,MUPAA,0,0,N,YU,5461
4/21/2018,14:20,Saturday,GREENWOOD STATION,MUD,0,0,W,BD,5297
4/21/2018,14:35,Saturday,BAYVIEW STATION,MUPAA,0,0,E,SHP,6141
4/21/2018,14:46,Saturday,QUEEN'S PARK STATION,MUPLB,0,0,,YU,0
4/21/2018,14:54,Saturday,VAUGHAN MC STATION,MUIR,0,0,S,YU,5791
4/21/2018,15:44,Saturday,KENNEDY BD STATION,TUMVS,0,0,E,BD,5346
4/21/2018,16:56,Saturday,LAWRENCE EAST STATION,MRUI,0,0,,SRT,0
4/21/2018,16:59,Saturday,QUEEN STATION,MUIS,0,0,,YU,0
4/21/2018,17:55,Saturday,DUNDAS WEST STATION,PUMEL,0,0,,BD,0
4/21/2018,19:18,Saturday,ISLINGTON STATION,MUDD,5,10,E,BD,5005
4/21/2018,20:08,Saturday,YONGE BD STATION,SUO,0,0,E,BD,5305
4/21/2018,20:55,Saturday,KIPLING STATION,MUSC,0,0,E,BD,5097
4/21/2018,21:13,Saturday,UNION STATION,PUMEL,0,0,,YU,0
4/21/2018,21:41,Saturday,ISLINGTON STATION,MUO,7,11,E,BD,5207
4/21/2018,21:46,Saturday,CASTLE FRANK STATION,SUUT,4,8,E,BD,5182
4/21/2018,21:57,Saturday,RUNNYMEDE STATION,MUIRS,0,0,E,BD,0
4/21/2018,22:23,Saturday,ROSEDALE STATION,SUDP,11,16,S,YU,5836
4/21/2018,22:30,Saturday,BROADVIEW STATION,TUO,4,8,E,BD,5346
4/21/2018,22:53,Saturday,UNION STATION,PUMEL,0,0,,YU,0
4/21/2018,23:32,Saturday,BROADVIEW STATION,SUDP,3,7,W,BD,5233
4/22/2018,00:00,Sunday,KEELE STATION,MUSC,0,0,W,BD,5095
4/22/2018,01:05,Sunday,CHESTER STATION,TUSC,0,0,E,BD,5127
4/22/2018,02:55,Sunday,KIPLING STATION,MUIS,0,0,,BD,0
4/22/2018,08:00,Sunday,YONGE UNIVERSITY LINE,MUO,0,0,,YU,0
4/22/2018,08:12,Sunday,ST CLAIR WEST STATION,EUATC,16,20,N,YU,6071
4/22/2018,08:18,Sunday,DAVISVILLE HOSTLER,PUCSC,5,10,S,YU,5531
4/22/2018,08:42,Sunday,GLENCAIRN STATION,TUMVS,0,0,N,YU,5686
4/22/2018,11:59,Sunday,PAPE STATION,SUDP,3,7,W,BD,5297
4/22/2018,12:11,Sunday,YONGE BD STATION,MUDD,3,7,E,BD,5208
4/22/2018,13:40,Sunday,ROYAL YORK STATION,MUPLB,76,81,W,BD,5070
4/22/2018,13:43,Sunday,ST CLAIR WEST STATION,MUPAA,0,0,S,YU,5526
4/22/2018,14:03,Sunday,RUNNYMEDE STATION,MUPAA,4,9,E,BD,5085
4/22/2018,14:51,Sunday,WILSON STATION,MUPLB,13,18,N,YU,5526
4/22/2018,14:59,Sunday,OSSINGTON STATION,SUDP,0,0,W,BD,5024
4/22/2018,15:00,Sunday,ROYAL YORK STATION,MUSC,0,0,W,BD,5070
4/22/2018,15:04,Sunday,WILSON STATION,TUSC,0,0,N,YU,5801
4/22/2018,15:21,Sunday,JANE STATION,MUIS,0,0,,BD,0
4/22/2018,15:25,Sunday,KEELE STATION,MUSC,0,0,W,BD,5082
4/22/2018,15:50,Sunday,GREENWOOD STATION,MUIR,0,0,E,BD,5005
4/22/2018,16:06,Sunday,HIGH PARK STATION,MUDD,3,7,E,BD,5085
4/22/2018,16:33,Sunday,UNION STATION,MUIR,4,9,S,YU,5831
4/22/2018,16:38,Sunday,VICTORIA PARK STATION,PUMEL,0,0,,BD,0
4/22/2018,16:59,Sunday,SUMMERHILL STATION,MUPAA,0,0,N,YU,6121
4/22/2018,17:12,Sunday,DAVISVILLE STATION,MUNCA,0,0,,YU,0
4/22/2018,17:47,Sunday,UNION STATION,MUIR,4,9,S,YU,5836
4/22/2018,18:46,Sunday,DUNDAS STATION,SUDP,0,0,S,YU,5461
4/22/2018,19:45,Sunday,DUNDAS STATION,SUO,0,0,N,YU,5886
4/22/2018,21:01,Sunday,FINCH STATION,TUSC,0,0,N,YU,5536
4/22/2018,21:42,Sunday,CASTLE FRANK STATION,EUDO,6,10,E,BD,5293
4/22/2018,21:57,Sunday,SPADINA BD STATION,MUPAA,3,7,E,BD,5097
4/22/2018,22:00,Sunday,YUS/BD/SHEPPARD SUBWAY,MUO,0,0,,YU/BD,0
4/22/2018,22:10,Sunday,BLOOR DANFORTH SUBWAY,MUGD,0,0,,BD,0
4/22/2018,22:28,Sunday,JANE STATION,TUSC,0,0,W,BD,5235
4/22/2018,23:24,Sunday,MAIN STREET STATION,MUIRS,0,0,W,BD,5117
4/22/2018,23:56,Sunday,SHERBOURNE STATION,EUNT,0,0,W,BD,5235
4/23/2018,00:10,Monday,PAPE STATION,MUIS,0,0,,BD,0
4/23/2018,00:56,Monday,ST CLAIR WEST STATION,MUSC,0,0,S,YU,6036
4/23/2018,01:29,Monday,EGLINTON STATION,MUPAA,0,0,N,YU,6036
4/23/2018,02:07,Monday,LAWRENCE WEST STATION,MUIS,0,0,,YU,0
4/23/2018,02:36,Monday,YONGE SHP STATION,PUSTS,5,10,W,SHP,6161
4/23/2018,05:28,Monday,OSGOODE STATION,PUSTS,0,0,S,YU,5911
4/23/2018,05:40,Monday,OSGOODE STATION,PUSTS,0,0,S,YU,5796
4/23/2018,05:44,Monday,BAYVIEW STATION,PUSO,8,0,W,SHP,6156
4/23/2018,08:01,Monday,KENNEDY BD STATION,TUSC,0,0,E,BD,5093
4/23/2018,08:28,Monday,YONGE BD STATION,TUOS,3,5,W,BD,5115
4/23/2018,08:38,Monday,CHRISTIE STATION,TUO,3,5,W,BD,5115
4/23/2018,08:39,Monday,YORK MILLS STATION,TUSC,0,0,S,YU,5516
4/23/2018,08:40,Monday,UNION STATION,MUIR,0,0,N,YU,6111
4/23/2018,09:23,Monday,ST GEORGE YUS STATION,TUMVS,0,0,N,YU,5571
4/23/2018,09:38,Monday,WILSON STATION,MUTO,4,7,S,YU,6931
4/23/2018,10:46,Monday,YONGE SHP STATION,MUNCA,0,0,,SHP,0
4/23/2018,11:09,Monday,YORK UNIVERSITY STATIO,PUMST,0,0,,YU,0
4/23/2018,11:37,Monday,YORKDALE STATION,MUPAA,0,0,S,YU,5561
4/23/2018,11:55,Monday,YONGE SHP STATION,SUDP,0,0,,SHP,0
4/23/2018,12:07,Monday,EGLINTON STATION,MUPLB,6,9,N,YU,5796
4/23/2018,12:25,Monday,BATHURST STATION,TUSC,0,0,W,BD,5017
4/23/2018,13:45,Monday,SHEPPARD STATION,SUPOL,269,272,N,YU,5731
4/23/2018,13:47,Monday,EGLINTON STATION,MUIRS,0,0,S,YU,0
4/23/2018,14:55,Monday,DONLANDS STATION,TUNIP,3,5,W,BD,5361
4/23/2018,15:03,Monday,BROADVIEW STATION,PUMEL,0,0,,BD,0
4/23/2018,15:20,Monday,KIPLING STATION,SUAP,0,0,W,BD,5097
4/23/2018,15:22,Monday,VAUGHAN MC STATION,MUTO,3,8,S,YU,5576
4/23/2018,15:26,Monday,LAWRENCE WEST STATION,MUIS,0,0,S,YU,0
4/23/2018,16:19,Monday,WOODBINE STATION,PUSTS,3,5,E,BD,5147
4/23/2018,16:26,Monday,KIPLING STATION,MUSC,0,0,E,BD,5163
4/23/2018,16:28,Monday,KIPLING STATION,PUSI,9,13,W,BD,5313
4/23/2018,16:40,Monday,WILSON STATION,MUO,0,0,S,YU,0
4/23/2018,16:56,Monday,NORTH YORK CTR STATION,MUNCA,0,0,,YU,0
4/23/2018,17:17,Monday,NORTH YORK CTR STATION,TUSC,0,0,S,YU,5836
4/23/2018,17:21,Monday,SHEPPARD STATION,TUSC,0,0,N,YU,5571
4/23/2018,17:28,Monday,DONLANDS STATION,MUPAA,0,0,W,BD,5095
4/23/2018,17:34,Monday,LAWRENCE EAST STATION,TRNCA,0,0,,SRT,0
4/23/2018,17:42,Monday,WOODBINE STATION,PUSTS,0,0,E,BD,5123
4/23/2018,17:44,Monday,FINCH STATION,MUNCA,0,0,,YU,0
4/23/2018,17:59,Monday,LAWRENCE WEST STATION,SUDP,3,5,N,YU,5976
4/23/2018,18:08,Monday,DON MILLS STATION,SUDP,5,10,W,SHP,6186
4/23/2018,18:13,Monday,KENNEDY BD STATION,PUSCR,4,6,W,BD,5166
4/23/2018,18:24,Monday,SPADINA BD STATION,PUMEL,0,0,,BD,0
4/23/2018,18:31,Monday,WILSON STATION,TUNIP,3,6,N,YU,5571
4/23/2018,18:36,Monday,LANSDOWNE STATION,SUPOL,0,0,W,BD,5304
4/23/2018,18:59,Monday,LAWRENCE STATION,MUI,0,0,N,YU,5381
4/23/2018,19:00,Monday,KENNEDY BD STATION,MUIS,0,0,,BD,0
4/23/2018,19:08,Monday,SPADINA BD STATION,MUSC,0,0,W,BD,5330
4/23/2018,19:40,Monday,MUSEUM STATION,MUPAA,0,0,N,,5996
4/23/2018,21:25,Monday,CHESTER STATION,TUSC,0,0,E,BD,5147
4/23/2018,21:59,Monday,ST GEORGE YUS STATION,SUAP,0,0,,YU,0
4/23/2018,22:00,Monday,YONGE UNIVERSITY LINE,MUO,0,0,,YU/BD,0
4/23/2018,23:21,Monday,BAYVIEW STATION,SUO,0,0,,SHP,6161
4/23/2018,23:25,Monday,CHRISTIE STATION,TUMVS,0,0,E,BD,5313
4/23/2018,23:32,Monday,WARDEN STATION,SUROB,0,0,E,BD,0
4/23/2018,23:33,Monday,BROADVIEW STATION,MUIR,9,13,E,BD,5098
4/23/2018,23:44,Monday,COXWELL STATION,MUIS,8,12,W,BD,5241
4/23/2018,23:49,Monday,OLD MILL STATION,MUSC,0,0,E,BD,5217
4/24/2018,00:02,Tuesday,EGLINTON STATION,MUSC,0,0,S,YU,5936
4/24/2018,00:17,Tuesday,BLOOR DANFORTH SUBWAY,MUGD,0,0,,BD,0
4/24/2018,00:20,Tuesday,ISLINGTON STATION,MUIS,14,18,E,BD,5320
4/24/2018,05:37,Tuesday,NORTH YORK CTR STATION,SUO,0,0,S,YU,6021
4/24/2018,07:24,Tuesday,SHEPPARD STATION,SUDP,3,5,S,YU,5741
4/24/2018,07:39,Tuesday,SHEPPARD STATION,SUDP,0,0,S,YU,5561
4/24/2018,07:46,Tuesday,NORTH YORK CTR STATION,TUSC,0,0,S,YU,6071
4/24/2018,07:49,Tuesday,WILSON STATION,PUCSC,3,5,S,YU,0
4/24/2018,08:00,Tuesday,EGLINTON WEST STATION,TUMVS,6,8,N,YU,5931
4/24/2018,08:11,Tuesday,ST CLAIR STATION,PUSNT,0,0,N,YU,5466
4/24/2018,08:20,Tuesday,LAWRENCE WEST STATION,TUSC,0,0,N,YU,5876
4/24/2018,08:23,Tuesday,SPADINA YUS STATION,MUFS,6,8,S,YU,5931
4/24/2018,08:26,Tuesday,SPADINA BD STATION,MUO,0,0,W,BD,5180
4/24/2018,08:53,Tuesday,WELLESLEY STATION,MUPAA,0,0,S,YU,6006
4/24/2018,09:01,Tuesday,SHEPPARD STATION,SUDP,0,0,S,YU,5411
4/24/2018,09:50,Tuesday,LAWRENCE WEST STATION,TUSC,0,0,N,YU,5846
4/24/2018,12:22,Tuesday,VICTORIA PARK STATION,MUIS,0,0,,BD,0
4/24/2018,12:38,Tuesday,YONGE SHP STATION (LEA,MUSC,0,0,E,SHP,6141
4/24/2018,13:30,Tuesday,ST CLAIR STATION,TUMVS,9,12,S,YU,5766
4/24/2018,13:35,Tuesday,NORTH YORK CTR STATION,TUSC,0,0,S,YU,5891
4/24/2018,13:51,Tuesday,ROSEDALE STATION,SUCOL,0,0,S,YU,5741
4/24/2018,13:53,Tuesday,BATHURST STATION,MUIS,0,0,,BD,0
4/24/2018,14:31,Tuesday,BATHURST STATION,SUDP,0,0,W,BD,5126
4/24/2018,15:23,Tuesday,ST CLAIR WEST STATION,TUSC,0,0,S,YU,5896
4/24/2018,15:24,Tuesday,VICTORIA PARK STATION,SUDP,0,0,W,BD,5228
4/24/2018,15:34,Tuesday,CHRISTIE STATION,MUPAA,0,0,W,BD,5221
4/24/2018,15:54,Tuesday,KENNEDY BD STATION,EUBK,0,0,E,BD,5367
4/24/2018,15:56,Tuesday,NORTH YORK CTR STATION,TUSUP,0,0,S,YU,5771
4/24/2018,16:10,Tuesday,CHRISTIE STATION,MUSC,0,0,E,BD,5096
4/24/2018,16:13,Tuesday,YONGE BD STATION,MUIS,0,0,,BD,0
4/24/2018,16:24,Tuesday,BLOOR STATION,MUPAA,0,0,N,YU,5511
4/24/2018,16:54,Tuesday,FINCH STATION,PUTTC,0,0,S,YU,5766
4/24/2018,16:54,Tuesday,ISLINGTON STATION,EUBK,0,0,E,BD,5367
4/24/2018,16:55,Tuesday,BLOOR STATION,TUMVS,0,0,N,YU,6111
4/24/2018,17:23,Tuesday,ST GEORGE YUS STATION,MUPAA,0,0,N,YU,6071
4/24/2018,17:24,Tuesday,FINCH STATION,SUAP,0,0,,YU,0
4/24/2018,17:27,Tuesday,SHERBOURNE STATION,MUPAA,0,0,W,BD,5313
4/24/2018,17:39,Tuesday,ST GEORGE YUS STATION,MUIR,4,6,N,YU,5516
4/24/2018,18:01,Tuesday,WILSON STATION,EUBO,3,5,S,YU,5716
4/24/2018,18:37,Tuesday,VICTORIA PARK STATION,PUTTC,8,11,W,BD,5148
4/24/2018,18:47,Tuesday,WARDEN STATION,PUMST,0,0,,BD,0
4/24/2018,19:15,Tuesday,FINCH WEST STATION,PUMEL,0,0,,YU,0
4/24/2018,19:21,Tuesday,WARDEN STATION,EUCD,10,13,E,BD,5367
4/24/2018,19:42,Tuesday,YORK MILLS STATION,TUMVS,0,0,N,YU,6026
4/24/2018,19:45,Tuesday,WARDEN STATION,MUSC,0,0,E,BD,5313
4/24/2018,19:56,Tuesday,VICTORIA PARK STATION,MUPAA,0,0,W,BD,5241
4/24/2018,20:25,Tuesday,ISLINGTON STATION,MUSC,0,0,E,BD,5227
4/24/2018,20:45,Tuesday,OSSINGTON STATION,TUSC,0,0,W,BD,5022
4/24/2018,21:05,Tuesday,PAPE STATION,EUDO,8,12,E,BD,5123
4/24/2018,21:31,Tuesday,DUPONT STATION,TUSC,0,0,S,YU,5416
4/24/2018,21:53,Tuesday,YORKDALE STATION,MUSC,0,0,N,YU,5441
4/24/2018,22:00,Tuesday,YUS/BD/SHEPPARD SUBWAY,MUO,0,0,,YU/BD,0
4/24/2018,22:25,Tuesday,SPADINA BD STATION,SUDP,0,0,W,BD,0
4/24/2018,23:01,Tuesday,ELLESMERE STATION,ERDO,5,12,N,SRT,3015
4/24/2018,23:19,Tuesday,YONGE UNIVERSITY LINE,MUGD,0,0,,YU,0
4/24/2018,23:41,Tuesday,NORTH YORK CTR STATION,MUO,0,0,,YU,0
4/25/2018,00:11,Wednesday,VAUGHAN MC STATION,MUATC,12,17,S,YU,5876
4/25/2018,00:29,Wednesday,YONGE SHP STATION,SUO,5,10,E,SHP,5651
4/25/2018,01:03,Wednesday,FINCH STATION,TUMVS,0,0,,YU,5309
4/25/2018,02:27,Wednesday,KIPLING STATION,SUDP,0,0,,BD,0
4/25/2018,02:41,Wednesday,QUEEN'S PARK STATION,PUTOE,0,0,S,YU,76
4/25/2018,05:43,Wednesday,KENNEDY BD STATION,TUNIP,6,0,W,BD,5169
4/25/2018,05:52,Wednesday,FINCH STATION,MUSC,0,0,S,YU,5981
4/25/2018,05:53,Wednesday,COXWELL STATION,MUSC,0,0,E,BD,5238
4/25/2018,06:04,Wednesday,VICTORIA PARK STATION,MUSC,0,0,E,BD,5033
4/25/2018,06:21,Wednesday,WARDEN STATION,MUIS,0,0,,BD,0
4/25/2018,06:25,Wednesday,KIPLING STATION,MUSC,0,0,W,BD,5234
4/25/2018,06:36,Wednesday,COXWELL STATION,EUBO,4,8,E,BD,5187
4/25/2018,06:48,Wednesday,DAVISVILLE STATION,PUSNT,3,5,N,YU,5996
4/25/2018,07:18,Wednesday,KIPLING STATION,MUSC,0,0,E,BD,5117
4/25/2018,07:28,Wednesday,COXWELL STATION,MUSC,0,0,E,BD,5298
4/25/2018,07:30,Wednesday,MAIN STREET STATION,MUSC,0,0,W,BD,5104
4/25/2018,07:41,Wednesday,WOODBINE STATION,PUSTS,0,0,E,BD,5007
4/25/2018,08:06,Wednesday,KEELE STATION,MUD,4,6,E,BD,5019
4/25/2018,08:13,Wednesday,KIPLING STATION,MUIS,0,0,E,BD,5001
4/25/2018,08:20,Wednesday,KIPLING STATION,EUBK,3,6,W,BD,5124
4/25/2018,08:20,Wednesday,WARDEN STATION,EUSC,0,0,W,BD,5316
4/25/2018,08:27,Wednesday,ROSEDALE STATION,MUPAA,3,5,S,YU,5721
4/25/2018,08:42,Wednesday,ROYAL YORK STATION,MUSC,0,0,E,BD,5163
4/25/2018,08:45,Wednesday,ST GEORGE BD STATION,EUSC,0,0,W,BD,5316
4/25/2018,08:52,Wednesday,QUEEN'S PARK STATION,MUIR,0,0,S,YU,5526
4/25/2018,08:56,Wednesday,KIPLING STATION,PUSNT,0,0,W,BD,5165
4/25/2018,09:00,Wednesday,MCCOWAN STATION,ERLV,5,10,S,SRT,3002
4/25/2018,09:03,Wednesday,WOODBINE STATION,PUSTS,0,0,E,BD,5228
4/25/2018,09:25,Wednesday,WOODBINE STATION,PUSTS,4,8,E,BD,5135
4/25/2018,09:35,Wednesday,EGLINTON WEST STATION,PUMEL,0,0,,YU,0
4/25/2018,10:17,Wednesday,WARDEN STATION,EUSC,0,0,W,BD,5316
4/25/2018,10:50,Wednesday,COXWELL STATION,EUBO,3,6,E,BD,5001
4/25/2018,10:59,Wednesday,YONGE UNIVERSITY LINE,MUGD,0,0,,YU,0
4/25/2018,11:18,Wednesday,OLD MILL STATION,MUSC,0,0,E,BD,5013
4/25/2018,12:06,Wednesday,KIPLING STATION,MUPAA,3,6,E,BD,5095
4/25/2018,12:10,Wednesday,WARDEN STATION,EUSC,0,0,W,BD,5316
4/25/2018,12:15,Wednesday,FINCH STATION,MUIS,0,0,,YU,0
4/25/2018,12:34,Wednesday,SPADINA BD STATION,SUDP,4,7,E,BD,5320
4/25/2018,12:39,Wednesday,LANSDOWNE STATION,SUDP,0,0,W,BD,0
4/25/2018,12:53,Wednesday,OSSINGTON STATION,TUSC,0,0,W,BD,5182
4/25/2018,12:59,Wednesday,OSSINGTON STATION,MUPAA,0,0,W,BD,5341
4/25/2018,13:07,Wednesday,YORK MILLS STATION,TUSC,0,0,N,YU,5511
4/25/2018,13:27,Wednesday,SHEPPARD STATION,PUMEL,0,0,S,YU,6051
4/25/2018,13:48,Wednesday,ISLINGTON STATION,MUIR,0,0,W,BD,5008
4/25/2018,14:15,Wednesday,EGLINTON WEST STATION,MUIS,0,0,N,YU,5491
4/25/2018,14:28,Wednesday,KENNEDY BD STATION,MUO,4,8,W,BD,5341
4/25/2018,14:29,Wednesday,SPADINA BD STATION,SUDP,0,0,W,BD,5027
4/25/2018,14:59,Wednesday,YORKDALE STATION,MUSAN,7,10,N,YU,5506
4/25/2018,15:04,Wednesday,EGLINTON WEST STATION,TUSC,0,0,S,YU,5511
4/25/2018,15:49,Wednesday,VAUGHAN MC STATION,TUCC,3,5,N,YU,5571
4/25/2018,15:51,Wednesday,VAUGHAN MC STATION,TUCC,3,5,S,YU,5826
4/25/2018,15:54,Wednesday,CHRISTIE STATION,SUDP,9,12,E,BD,5245
4/25/2018,15:56,Wednesday,JANE STATION,TUSC,0,0,W,BD,5111
4/25/2018,15:56,Wednesday,WARDEN STATION,EUDO,0,0,E,BD,5076
4/25/2018,16:02,Wednesday,LAWRENCE STATION,SUDP,5,8,N,YU,5386
4/25/2018,16:03,Wednesday,NORTH YORK CTR STATION,SUDP,3,5,S,YU,6051
4/25/2018,16:33,Wednesday,FINCH WEST STATION,SUO,0,0,N,YU,5976
4/25/2018,16:33,Wednesday,KIPLING STATION,PUMEL,0,0,,BD,0
4/25/2018,16:35,Wednesday,VICTORIA PARK STATION,SUAE,4,8,W,BD,5123
4/25/2018,16:46,Wednesday,BESSARION STATION,PUSI,0,0,W,SHP,6156
4/25/2018,17:03,Wednesday,QUEEN'S PARK STATION,SUDP,3,5,N,YU,6096
4/25/2018,18:45,Wednesday,DUPONT STATION,MUPR1,14,16,S,YU,5746
4/25/2018,19:27,Wednesday,KENNEDY BD STATION,MUSC,0,0,E,BD,5217
4/25/2018,20:11,Wednesday,KING STATION,MUIS,0,0,N,YU,0
4/25/2018,20:12,Wednesday,DUPONT STATION,SUDP,0,0,N,YU,6086
4/25/2018,20:27,Wednesday,KIPLING STATION,TUSC,0,0,E,BD,5217
4/25/2018,20:30,Wednesday,SHEPPARD STATION,MUI,4,7,S,YU,6021
4/25/2018,20:35,Wednesday,NORTH YORK CTR STATION,SUDP,0,0,,YU,0
4/25/2018,21:43,Wednesday,BLOOR STATION,MUPAA,0,0,N,YU,5871
4/25/2018,21:48,Wednesday,DUFFERIN STATION,MUIRS,0,0,W,BD,5087
4/25/2018,22:00,Wednesday,YUS/BD/SHEPPARD SUBWAY,MUO,0,0,,YU/BD,0
4/25/2018,22:30,Wednesday,SPADINA BD STATION,SUO,3,7,E,BD,5082
4/25/2018,23:06,Wednesday,YONGE BD STATION,MUIS,0,0,,BD,0
4/25/2018,23:17,Wednesday,YONGE UNIVERSITY LINE,MUGD,0,0,,YU,0
4/25/2018,23:30,Wednesday,BLOOR DANFORTH SUBWAY,MUGD,0,0,,BD,0
4/25/2018,23:51,Wednesday,LANSDOWNE STATION,TUSC,0,0,W,BD,5182
4/26/2018,00:08,Thursday,KENNEDY BD STATION,MUESA,4,8,,BD,5098
4/26/2018,01:06,Thursday,KENNEDY BD STATION,EUSC,0,0,W,BD,5093
4/26/2018,03:52,Thursday,UNION STATION,MUIE,0,0,,YU,0
4/26/2018,04:58,Thursday,DUPONT TO OSGOODE,PUTWZ,0,0,,YU,0
4/26/2018,06:04,Thursday,ST GEORGE BD STATION,MUIR,3,0,E,BD,5195
4/26/2018,06:13,Thursday,SCARB CTR STATION,ERDO,6,10,N,SRT,3023
4/26/2018,06:46,Thursday,LAWRENCE EAST STATION,ERDO,8,12,S,SRT,3020
4/26/2018,06:57,Thursday,KENNEDY BD STATION,MUSC,0,0,W,BD,5030
4/26/2018,07:02,Thursday,OLD MILL STATION,EUSC,0,0,W,BD,5059
4/26/2018,07:15,Thursday,GREENWOOD STATION,MUSC,0,0,E,BD,5002
4/26/2018,07:59,Thursday,WILSON STATION,MUSC,0,0,S,YU,6056
4/26/2018,08:20,Thursday,KIPLING STATION,TUSC,0,0,E,BD,5002
4/26/2018,08:21,Thursday,ST CLAIR STATION,SUAP,0,0,S,YU,5991
4/26/2018,08:24,Thursday,KIPLING STATION,TUMVS,3,5,E,BD,5133
4/26/2018,08:42,Thursday,CASTLE FRANK STATION,MUIS,0,0,,BD,0
4/26/2018,09:05,Thursday,ROSEDALE STATION,SUDP,3,5,S,YU,5826
4/26/2018,09:08,Thursday,YONGE BD STATION,MUIS,0,0,W,BD,0
4/26/2018,09:30,Thursday,QUEEN STATION,MUIR,6,8,N,YU,5786
4/26/2018,10:34,Thursday,BLOOR STATION,MUTO,4,8,N,YU,5526
4/26/2018,11:00,Thursday,YONGE UNIVERSITY LINE,MUO,0,0,,YU,0
4/26/2018,11:21,Thursday,SHEPPARD WEST STATION,MUSC,0,0,S,YU,6056
4/26/2018,11:23,Thursday,DUPONT STATION,SUDP,5,8,N,YU,5751
4/26/2018,12:06,Thursday,EGLINTON STATION,MUPAA,0,0,S,YU,5381
4/26/2018,13:35,Thursday,MAIN STREET STATION,EUSC,0,0,W,BD,5093
4/26/2018,13:49,Thursday,WOODBINE STATION,PUMEL,0,0,,BD,0
4/26/2018,14:36,Thursday,FINCH STATION,PUMEL,0,0,,YU,0
4/26/2018,15:13,Thursday,KIPLING STATION,TUSC,0,0,E,BD,5002
4/26/2018,15:37,Thursday,COLLEGE STATION,MUI,11,15,N,YU,5501
4/26/2018,15:49,Thursday,DUFFERIN STATION,PUMEL,0,0,,BD,0
4/26/2018,16:22,Thursday,OLD MILL STATION,EUSC,0,0,W,BD,5059
4/26/2018,16:23,Thursday,ST PATRICK STATION,TUSC,0,0,S,YU,6091
4/26/2018,16:30,Thursday,VAUGHAN MC STATION,MUIS,0,0,,YU,0
4/26/2018,16:48,Thursday,KENNEDY BD STATION,TUSC,0,0,E,BD,5087
4/26/2018,16:48,Thursday,SPADINA YUS STATION,SUDP,0,0,,YU,0
4/26/2018,17:12,Thursday,YONGE BD STATION,SUCOL,0,0,E,BD,5098
4/26/2018,17:13,Thursday,BLOOR STATION,SUCOL,0,0,S,YU,5856
4/26/2018,17:32,Thursday,WOODBINE STATION,SUDP,3,5,E,BD,5097
4/26/2018,17:35,Thursday,YORK MILLS STATION,TUMVS,3,6,N,YU,5816
4/26/2018,17:36,Thursday,SPADINA BD STATION,MUD,6,8,W,BD,5284
4/26/2018,17:44,Thursday,HIGHWAY 407 STATION,MUPAA,0,0,N,YU,5801
4/26/2018,17:50,Thursday,KENNEDY BD STATION,MUIR,3,5,W,BD,5324
4/26/2018,17:53,Thursday,FINCH STATION,MUPAA,0,0,S,YU,5811
4/26/2018,18:22,Thursday,BAYVIEW STATION,MUPAA,0,0,E,SHP,6186
4/26/2018,18:53,Thursday,KENNEDY BD STATION,TUSC,0,0,E,BD,5241
4/26/2018,19:40,Thursday,KENNEDY BD STATION,MUPAA,0,0,E,BD,5008
4/26/2018,19:43,Thursday,YORK UNIVERSITY STATIO,SUG,7,11,S,YU,5996
4/26/2018,20:07,Thursday,JANE STATION,MUPR1,30,33,E,BD,5068
4/26/2018,20:19,Thursday,KEELE STATION,TUSC,0,0,E,BD,5330
4/26/2018,20:45,Thursday,EGLINTON WEST STATION,SUDP,0,0,N,YU,5551
4/26/2018,21:02,Thursday,PIONEER VILLAGE STATIO,PUMEL,0,0,,,0
4/26/2018,21:55,Thursday,YORK MILLS STATION,MUPAA,0,0,N,YU,5831
4/26/2018,22:00,Thursday,YUS/BD/SHEPPARD SUBWAY,MUO,0,0,,YU/BD,0
4/26/2018,22:17,Thursday,MAIN STREET STATION,PUSTC,3,7,W,BD,5044
4/26/2018,23:40,Thursday,BLOOR DANFORTH SUBWAY,MUGD,0,0,,BD,0
4/26/2018,23:55,Thursday,YONGE BD STATION,MUPAA,0,0,W,BD,5059
4/27/2018,01:01,Friday,KENNEDY BD STATION,MUTO,3,7,W,BD,5014
4/27/2018,02:19,Friday,OSGOODE POCKET,PUTOE,0,0,N,YU,5
4/27/2018,02:30,Friday,KENNEDY BD STATION,MUIS,0,0,,BD,0
4/27/2018,05:56,Friday,LAWRENCE WEST STATION,PUSSW,0,0,N,YU,5811
4/27/2018,06:08,Friday,SHEPPARD WEST STATION,TUSC,0,0,S,YU,6056
4/27/2018,06:11,Friday,WILSON STATION,MUSC,0,0,S,YU,6056
4/27/2018,06:14,Friday,ST GEORGE BD STATION,EUDO,6,10,W,BD,5135
4/27/2018,06:44,Friday,KENNEDY BD STATION,MUSC,0,0,W,BD,5186
4/27/2018,06:47,Friday,VICTORIA PARK STATION,EUSC,0,0,W,BD,5059
4/27/2018,07:04,Friday,OSSINGTON STATION,EUCD,4,8,E,BD,5075
4/27/2018,07:20,Friday,WILSON STATION,MUO,3,5,S,YU,6021
4/27/2018,07:42,Friday,VAUGHAN MC STATION,MUSAN,20,24,S,YU,5556
4/27/2018,07:50,Friday,SPADINA YUS STATION,TUSC,0,0,S,YU,5821
4/27/2018,08:24,Friday,PAPE STATION,MUSAN,2,4,E,BD,5131
4/27/2018,08:31,Friday,KENNEDY BD STATION,MUSC,0,0,,BD,5186
4/27/2018,08:31,Friday,QUEEN STATION,TUOS,0,0,S,YU,5506
4/27/2018,08:35,Friday,YONGE BD STATION,MUSAN,3,5,W,BD,5014
4/27/2018,08:38,Friday,NORTH YORK CTR STATION,MUSC,0,0,N,YU,5716
4/27/2018,08:40,Friday,NORTH YORK CTR STATION,MUSC,0,0,N,YU,5386
4/27/2018,08:42,Friday,SPADINA YUS STATION,MUPAA,0,0,S,YU,6061
4/27/2018,08:53,Friday,DONLANDS STATION,MUIS,0,0,E,BD,0
4/27/2018,08:58,Friday,YORK MILLS STATION,PUSTS,4,6,S,YU,5711
4/27/2018,09:04,Friday,ROSEDALE STATION,PUSNT,0,0,S,YU,5521
4/27/2018,09:06,Friday,KEELE STATION,EUSC,0,0,W,BD,5059
4/27/2018,09:41,Friday,BAYVIEW STATION,TUSC,0,0,W,SHP,6156
4/27/2018,10:11,Friday,BESSARION STATION,MUPLB,24,29,E,SHP,6151
4/27/2018,10:35,Friday,BLOOR STATION,MUIS,0,0,,YU,0
4/27/2018,10:53,Friday,ISLINGTON STATION,TUSC,0,0,E,BD,5211
4/27/2018,12:27,Friday,YORK MILLS STATION,MUIS,0,0,,YU,0
4/27/2018,12:33,Friday,SHEPPARD WEST STATION,PUMEL,0,0,,YU,0
4/27/2018,12:42,Friday,VAUGHAN MC STATION,MUATC,6,9,S,YU,5876
4/27/2018,12:52,Friday,WILSON STATION,MUSAN,4,8,N,YU,5521
4/27/2018,12:54,Friday,ROSEDALE STATION,MUIRS,0,0,,YU,0
4/27/2018,12:55,Friday,LAWRENCE STATION,PUMEL,0,0,,YU,0
4/27/2018,13:39,Friday,MAIN STREET STATION,MUDD,0,0,W,BD,5027
4/27/2018,13:44,Friday,ISLINGTON STATION,EUBK,0,0,W,BD,5188
4/27/2018,13:57,Friday,DON MILLS STATION,PUMST,0,0,,SHP,0
4/27/2018,15:13,Friday,SHEPPARD STATION,MUI,14,17,S,YU,5571
4/27/2018,15:18,Friday,LAWRENCE EAST STATION,MRUIR,0,0,,SRT,0
4/27/2018,15:24,Friday,DONLANDS STATION,MUSC,0,0,W,BD,5117
4/27/2018,15:56,Friday,ST GEORGE BD STATION,MUPLB,23,25,W,BD,5060
4/27/2018,16:00,Friday,ST GEORGE YUS STATION,MUPLB,0,0,S,YU,5786
4/27/2018,16:08,Friday,WARDEN STATION,MUSC,0,0,E,BD,5242
4/27/2018,16:17,Friday,BLOOR STATION,MUPLB,0,0,N,YU,5786
4/27/2018,16:32,Friday,KENNEDY BD STATION,MUO,4,6,W,BD,5314
4/27/2018,16:32,Friday,KIPLING STATION,MUSAN,3,5,W,BD,5186
4/27/2018,16:35,Friday,SHEPPARD WEST STATION,TUATC,3,6,N,YU,5466
4/27/2018,16:37,Friday,CHESTER STATION,PUSCR,4,6,W,BD,5352
4/27/2018,16:40,Friday,DUNDAS WEST STATION,MUSAN,4,6,E,BD,5186
4/27/2018,17:55,Friday,WILSON STATION,MUTO,5,7,S,YU,5531
4/27/2018,18:09,Friday,SPADINA BD STATION,MUPAA,0,0,E,BD,5103
4/27/2018,18:21,Friday,ROYAL YORK STATION,MUNCA,0,0,,BD,0
4/27/2018,18:22,Friday,PAPE STATION,MUIR,3,5,E,BD,5103
4/27/2018,18:36,Friday,BLOOR STATION,SUO,3,5,S,YU,6086
4/27/2018,18:39,Friday,YORK MILLS STATION,MUPAA,0,0,N,YU,5921
4/27/2018,19:24,Friday,QUEEN'S PARK STATION,TUSC,0,0,S,YU,5641
4/27/2018,20:13,Friday,BLOOR DANFORTH SUBWAY,MUGD,0,0,,BD,0
4/27/2018,20:48,Friday,KENNEDY BD STATION,MUSC,0,0,W,BD,5028
4/27/2018,21:15,Friday,DUNDAS STATION,MUDD,5,10,N,YU,5581
4/27/2018,21:37,Friday,YONGE BD STATION,SUO,0,0,,BD,0
4/27/2018,21:39,Friday,DUPONT STATION,MUPAA,0,0,N,YU,6091
4/27/2018,21:54,Friday,KIPLING STATION,MUPAA,0,0,E,BD,5241
4/27/2018,21:57,Friday,LAWRENCE EAST STATION,MRUI,0,0,,SRT,0
4/27/2018,22:00,Friday,YONGE UNIVERSITY LINE,MUO,0,0,,YU/BD,0
4/27/2018,22:07,Friday,WILSON STATION,PUSNT,0,0,N,YU,5446
4/27/2018,23:30,Friday,YONGE UNIVERSITY LINE,MUGD,0,0,,YU,0
4/27/2018,23:33,Friday,VAUGHAN MC STATION,MUI,5,10,S,YU,5581
4/27/2018,23:40,Friday,EGLINTON STATION,MUO,0,0,S,YU,5891
4/27/2018,23:46,Friday,DOWNSVIEW PARK STATION,MUD,14,19,N,YU,6101
4/27/2018,23:51,Friday,MCCOWAN STATION,ERTC,7,14,S,SRT,3025
4/27/2018,23:54,Friday,KEELE STATION,SUDP,0,0,,BD,0
4/28/2018,00:25,Saturday,ST CLAIR WEST STATION,TUSC,0,0,N,YU,5916
4/28/2018,00:44,Saturday,SHEPPARD WEST STATION,SUDP,0,0,,YU,0
4/28/2018,00:58,Saturday,DUFFERIN STATION,MUPAA,3,7,W,BD,5011
4/28/2018,02:10,Saturday,GREENWOOD WYE (ENTERI,TUMVS,0,0,E,BD,5301
4/28/2018,05:49,Saturday,KIPLING STATION,TUSC,0,0,E,BD,5336
4/28/2018,05:57,Saturday,ST PATRICK STATION,EUDO,3,0,S,YU,5951
4/28/2018,06:10,Saturday,KIPLING STATION,MUSC,0,0,E,BD,5147
4/28/2018,08:13,Saturday,EGLINTON STATION,TUS,5,10,N,YU,5531
4/28/2018,08:17,Saturday,FINCH STATION,MUSAN,3,8,N,YU,5531
4/28/2018,09:02,Saturday,BLOOR STATION,MUIS,0,0,,YU,0
4/28/2018,10:29,Saturday,KENNEDY BD STATION,EUNT,4,8,W,BD,5045
4/28/2018,11:02,Saturday,FINCH STATION,TUSC,0,0,N,YU,5771
4/28/2018,11:22,Saturday,EGLINTON STATION,EUBO,3,6,S,YU,5851
4/28/2018,11:52,Saturday,YONGE UNIVERSITY LINE,MUGD,0,0,,YU,0
4/28/2018,11:57,Saturday,SHEPPARD WEST STATION,MUSC,0,0,S,YU,6001
4/28/2018,13:09,Saturday,LANSDOWNE STATION,PUMEL,0,0,,BD,0
4/28/2018,13:14,Saturday,CHESTER STATION,MUPAA,0,0,W,BD,5245
4/28/2018,13:22,Saturday,WILSON STATION,MUSC,0,0,S,YU,6056
4/28/2018,13:54,Saturday,COXWELL STATION,TUNOA,4,8,W,BD,5021
4/28/2018,13:59,Saturday,ISLINGTON STATION,MUPAA,6,10,W,BD,5313
4/28/2018,16:11,Saturday,BROADVIEW STATION,MUIS,0,0,,BD,0
4/28/2018,16:51,Saturday,ST GEORGE YUS STATION,SUO,3,6,S,YU,5886
4/28/2018,16:54,Saturday,CASTLE FRANK STATION,TUOS,3,7,W,BD,5264
4/28/2018,17:02,Saturday,BAY STATION,TUO,3,7,W,BD,5264
4/28/2018,17:10,Saturday,YONGE BD STATION,MUIRS,0,0,E,BD,5039
4/28/2018,17:47,Saturday,KIPLING STATION,SUAP,4,8,E,BD,5312
4/28/2018,17:53,Saturday,VICTORIA PARK STATION,MUIR,0,0,E,BD,5061
4/28/2018,17:58,Saturday,EGLINTON STATION,PUMST,0,0,,YU,0
4/28/2018,18:25,Saturday,ST CLAIR STATION,MUPAA,0,0,N,YU,5896
4/28/2018,18:26,Saturday,ST GEORGE BD STATION,MUSC,0,0,W,BD,5095
4/28/2018,19:08,Saturday,ROSEDALE STATION,MUPAA,0,0,N,YU,5596
4/28/2018,19:18,Saturday,ST ANDREW STATION,TUMVS,4,7,N,YU,5891
4/28/2018,20:10,Saturday,OSSINGTON STATION,SUUT,6,10,W,BD,5077
4/28/2018,20:25,Saturday,WARDEN STATION,MUSC,0,0,E,BD,5330
4/28/2018,20:35,Saturday,VAUGHAN MC STATION,EUNT,4,7,N,YU,5536
4/28/2018,20:50,Saturday,WELLESLEY STATION,MUPAA,0,0,N,YU,5811
4/28/2018,20:53,Saturday,SHEPPARD WEST STATION,TUSC,0,0,S,YU,6056
4/28/2018,21:08,Saturday,BAY STATION,MUTO,5,9,W,BD,5216
4/28/2018,21:08,Saturday,WILSON STATION,MUTO,5,10,S,YU,5946
4/28/2018,21:32,Saturday,DAVISVILLE STATION,MUPAA,3,8,N,YU,5751
4/28/2018,21:35,Saturday,LAWRENCE STATION,MUIS,0,0,,YU,0
4/28/2018,22:00,Saturday,YUS/BD/SHEPPARD SUBWAY,MUO,0,0,,YU/BD,0
4/28/2018,22:12,Saturday,LAWRENCE STATION,PUMEL,0,0,,YU,0
4/28/2018,22:25,Saturday,WARDEN STATION,SUDP,3,7,E,BD,5052
4/28/2018,22:37,Saturday,YONGE UNIVERSITY LINE,MUGD,0,0,,YU,0
4/28/2018,22:56,Saturday,BROADVIEW STATION,TUSC,0,0,W,BD,5313
4/29/2018,00:25,Sunday,UNION STATION,MUIS,0,0,,YU,0
4/29/2018,02:00,Sunday,WILSON STATION,EUYRD,0,0,N,YU,5861
4/29/2018,02:15,Sunday,LAWRENCE WEST STATION,SUAE,0,0,,YU,0
4/29/2018,04:52,Sunday,SHEPPARD STATION,PUSTP,29,34,N,YU,5886
4/29/2018,08:20,Sunday,WILSON HOSTLER,MUSC,0,0,S,YU,5906
4/29/2018,08:25,Sunday,FINCH STATION,TUSC,0,0,S,YU,5916
4/29/2018,08:33,Sunday,SHEPPARD STATION,MUSC,0,0,N,YU,6081
4/29/2018,08:41,Sunday,DAVISVILLE STATION,MUSC,0,0,S,YU,5916
4/29/2018,08:44,Sunday,LAWRENCE STATION,SUUT,0,0,N,YU,5496
4/29/2018,09:04,Sunday,SHEPPARD STATION,MUSC,0,0,N,YU,5501
4/29/2018,09:17,Sunday,SHEPPARD STATION,MUSC,0,0,N,YU,5641
4/29/2018,09:28,Sunday,SHEPPARD STATION,MUSC,0,0,N,YU,5566
4/29/2018,10:15,Sunday,EGLINTON WEST STATION,PUMEL,0,0,,YU,0
4/29/2018,10:56,Sunday,JANE STATION,TUSC,0,0,W,BD,5083
4/29/2018,11:00,Sunday,PAPE STATION,MUIS,0,0,E,BD,5151
4/29/2018,11:28,Sunday,WARDEN STATION,PUTIJ,3,7,E,BD,5173
4/29/2018,11:36,Sunday,KENNEDY BD STATION,SUDP,4,8,W,BD,5206
4/29/2018,11:59,Sunday,JANE STATION,TUSC,0,0,W,BD,5254
4/29/2018,13:18,Sunday,FINCH STATION,MUSC,0,0,S,YU,5731
4/29/2018,13:41,Sunday,ST CLAIR STATION,MUPAA,0,0,N,YU,6111
4/29/2018,14:32,Sunday,ST CLAIR WEST STATION,TUSC,0,0,S,YU,5961
4/29/2018,15:15,Sunday,KING STATION,PUSNT,0,0,N,YU,5736
4/29/2018,15:18,Sunday,DON MILLS STATION,PUMEL,0,0,,SHP,0
4/29/2018,17:16,Sunday,SHEPPARD STATION,MUPAA,0,0,E,,5166
4/29/2018,17:32,Sunday,OSSINGTON STATION,MUPAA,0,0,E,BD,5133
4/29/2018,17:49,Sunday,SHERBOURNE STATION,EUSC,0,0,E,,5330
4/29/2018,18:03,Sunday,SHEPPARD STATION,MUIS,0,0,,YU,0
4/29/2018,18:25,Sunday,FINCH STATION,TUSC,0,0,S,YU,5731
4/29/2018,19:17,Sunday,ST GEORGE YUS STATION,TUSC,0,0,S,YU,5981
4/29/2018,20:02,Sunday,KING STATION,PUTDN,0,0,S,YU,6001
4/29/2018,20:14,Sunday,FINCH STATION,MUSAN,5,10,N,YU,5906
4/29/2018,20:30,Sunday,FINCH STATION,MUPAA,5,10,N,YU,5961
4/29/2018,20:55,Sunday,UNION STATION,MUO,0,0,,YU,0
4/29/2018,21:08,Sunday,ST GEORGE YUS STATION,TUO,8,13,S,YU,5626
4/29/2018,21:40,Sunday,KIPLING STATION,MUSC,0,0,W,BD,5330
4/29/2018,21:46,Sunday,DUFFERIN STATION,SUO,0,0,W,BD,5346
4/29/2018,22:00,Sunday,YUS/BD/SHEPPARD SUBWAY,MUO,0,0,,YU/BD,0
4/29/2018,22:04,Sunday,OLD MILL STATION,TUSC,0,0,W,BD,5181
4/29/2018,22:15,Sunday,BLOOR DANFORTH SUBWAY,MUGD,0,0,,BD,0
4/29/2018,22:35,Sunday,YONGE UNIVERSITY LINE,MUGD,0,0,,YU,0
4/29/2018,23:25,Sunday,MAIN STREET STATION,MUIS,0,0,W,BD,0
4/30/2018,00:05,Monday,ST CLAIR WEST STATION,TUMVS,4,9,N,YU,5526
4/30/2018,00:29,Monday,YORK MILLS STATION,SUDP,7,12,N,YU,6066
4/30/2018,01:12,Monday,BROADVIEW STATION,PUMEL,0,0,,BD,0
4/30/2018,01:15,Monday,BLOOR STATION,TUMVS,0,0,N,YU,5556
4/30/2018,05:10,Monday,YONGE BD STATION,MUNCA,0,0,,BD,0
4/30/2018,05:30,Monday,WARDEN STATION,MUNCA,0,0,,BD,0
4/30/2018,05:50,Monday,EGLINTON STATION,TUCC,0,0,S,YU,6131
4/30/2018,05:52,Monday,COXWELL STATION,MUSC,0,0,E,BD,5120
4/30/2018,06:02,Monday,WILSON STATION,EUYRD,7,9,S,YU,5746
4/30/2018,06:06,Monday,GREENWOOD STATION,MUNOA,4,8,E,BD,0
4/30/2018,06:07,Monday,ST GEORGE BD STATION,MUIE,0,0,,BD,0
4/30/2018,06:19,Monday,HIGHWAY 407 STATION,PUTTP,5,10,N,YU,5436
4/30/2018,06:33,Monday,FINCH STATION,SUCOL,0,0,N,YU,6041
4/30/2018,06:52,Monday,GREENWOOD STATION,MUNOA,3,5,E,BD,0
4/30/2018,07:13,Monday,COXWELL STATION,MUSC,0,0,E,BD,5299
4/30/2018,07:44,Monday,FINCH STATION,EUDO,4,6,S,YU,6011
4/30/2018,07:55,Monday,ROSEDALE STATION,MUPAA,0,0,S,YU,5516
4/30/2018,08:04,Monday,ISLINGTON STATION,TUSC,0,0,E,BD,5064
4/30/2018,08:07,Monday,FINCH STATION,MUSC,0,0,S,YU,6056
4/30/2018,08:15,Monday,ST GEORGE YUS STATION,MUIS,0,0,,YU,0
4/30/2018,08:20,Monday,ST GEORGE YUS STATION,MUIS,0,0,,YU,0
4/30/2018,08:21,Monday,COLLEGE STATION,MUPAA,0,0,S,YU,5551
4/30/2018,08:24,Monday,OLD MILL STATION,MUSC,0,0,E,BD,5163
4/30/2018,08:34,Monday,ST CLAIR WEST STATION,MUSC,0,0,N,YU,5841
4/30/2018,09:19,Monday,SPADINA YUS STATION,MUPAA,0,0,N,YU,5896
4/30/2018,09:20,Monday,QUEEN'S PARK STATION,MUIRS,0,0,S,YU,5496
4/30/2018,09:41,Monday,COXWELL STATION,TUSUP,8,11,E,BD,5262
4/30/2018,09:51,Monday,ISLINGTON STATION,TUSC,0,0,W,BD,5260
4/30/2018,10:14,Monday,KENNEDY BD STATION,MUPAA,0,0,W,BD,5075
4/30/2018,10:28,Monday,FINCH STATION,MUSC,0,0,S,YU,6056
4/30/2018,10:36,Monday,FINCH STATION,PUTIJ,6,9,S,YU,5936
4/30/2018,10:44,Monday,DAVISVILLE STATION,PUSTC,3,6,S,YU,5491
4/30/2018,10:44,Monday,ST GEORGE BD STATION,MUSC,0,0,E,BD,5352
4/30/2018,11:01,Monday,KENNEDY BD STATION,TUSC,0,0,E,BD,5241
4/30/2018,11:13,Monday,EGLINTON STATION,MUSC,0,0,N,YU,6101
4/30/2018,11:21,Monday,OSSINGTON STATION,MUIS,0,0,,BD,0
4/30/2018,11:29,Monday,YONGE UNIVERSITY LINE,MUGD,0,0,,YU,0
4/30/2018,11:44,Monday,WELLESLEY STATION,SUDP,0,0,N,YU,5746
4/30/2018,11:57,Monday,ROYAL YORK STATION,SUDP,0,0,W,BD,5346
4/30/2018,12:13,Monday,WARDEN STATION,SUAP,0,0,,BD,7808
4/30/2018,12:18,Monday,WARDEN STATION,PUTIJ,3,6,W,BD,5045
4/30/2018,12:45,Monday,BLOOR STATION,SUAP,0,0,S,YU,0
4/30/2018,13:02,Monday,OLD MILL STATION,MUSC,0,0,W,BD,5031
4/30/2018,13:38,Monday,ST CLAIR WEST STATION,TUSUP,0,0,S,YU,5776
4/30/2018,13:56,Monday,VICTORIA PARK STATION,TUSC,0,0,W,BD,5314
4/30/2018,14:21,Monday,KENNEDY BD STATION,MUIS,0,0,,BD,0
4/30/2018,14:31,Monday,BROADVIEW STATION,MUIS,0,0,,BD,0
4/30/2018,14:45,Monday,BLOOR STATION,SUAE,0,0,S,YU,0
4/30/2018,15:28,Monday,COXWELL STATION,TUNIP,7,9,W,BD,5099
4/30/2018,15:42,Monday,ST CLAIR STATION,MUIS,0,0,S,YU,5485
4/30/2018,15:55,Monday,KIPLING STATION,TUNIP,4,6,E,BD,5170
4/30/2018,15:57,Monday,WARDEN STATION,PUTIJ,3,6,W,BD,5031
4/30/2018,16:02,Monday,ROYAL YORK STATION,PUMEL,0,0,,BD,0
4/30/2018,16:21,Monday,WARDEN STATION,TUMVS,3,5,W,BD,5032
4/30/2018,16:44,Monday,KEELE STATION,MUSC,0,0,W,BD,5264
4/30/2018,16:57,Monday,ST GEORGE YUS STATION,SUSA,0,0,,YU,0
4/30/2018,17:27,Monday,COXWELL STATION,MUTO,0,0,E,BD,5091
4/30/2018,17:37,Monday,FINCH STATION,MUSC,0,0,S,YU,5841
4/30/2018,17:41,Monday,VICTORIA PARK STATION,PUMEL,0,0,,BD,0
4/30/2018,17:42,Monday,DUPONT STATION,TUSC,0,0,S,YU,5991
4/30/2018,17:51,Monday,BATHURST STATION,TUSC,0,0,E,BD,5006
4/30/2018,17:52,Monday,DUNDAS WEST STATION,SUUT,3,5,W,BD,5169
4/30/2018,18:11,Monday,SCARB CTR STATION,MRUI,0,0,,SRT,0
4/30/2018,18:34,Monday,WARDEN STATION,MUPLB,6,8,W,BD,5116
4/30/2018,18:38,Monday,CASTLE FRANK STATION,EUDO,8,10,E,BD,5149
4/30/2018,18:38,Monday,JANE STATION,MUPAA,3,5,E,BD,5201
4/30/2018,19:13,Monday,DAVISVILLE STATION,TUMVS,0,0,N,YU,5931
4/30/2018,19:15,Monday,KENNEDY BD STATION,TUNOA,3,5,W,BD,5826
4/30/2018,19:16,Monday,SHEPPARD STATION,SUSA,0,0,,YU,0
4/30/2018,19:34,Monday,SPADINA BD STATION,PUMEL,0,0,,BD,0
4/30/2018,19:36,Monday,SCARB CTR STATION,MRUI,0,0,,SRT,0
4/30/2018,19:45,Monday,WELLESLEY STATION,MUIS,0,0,,YU,0
4/30/2018,20:05,Monday,VICTORIA PARK STATION,MUSC,0,0,E,BD,5006
4/30/2018,20:16,Monday,ST CLAIR WEST STATION,TUMVS,0,0,N,YU,6071
4/30/2018,20:16,Monday,VICTORIA PARK STATION,MUSC,0,0,E,BD,5182
4/30/2018,20:28,Monday,VICTORIA PARK STATION,PUSI,0,0,E,BD,5095
4/30/2018,20:44,Monday,WARDEN STATION,MUIS,0,0,,BD,0
4/30/2018,20:48,Monday,VICTORIA PARK STATION,MUSC,0,0,E,BD,5066
4/30/2018,21:05,Monday,VICTORIA PARK STATION,MUSC,0,0,E,BD,5078
4/30/2018,21:31,Monday,SHEPPARD STATION,MUSC,0,0,N,YU,5496
4/30/2018,21:34,Monday,COLLEGE STATION,MUIS,0,0,,YU,0
4/30/2018,22:00,Monday,YUS/BD/SHEPPARD SUBWAY,MUO,0,0,,YU/BD,0
4/30/2018,22:01,Monday,SHEPPARD STATION,MUSC,0,0,N,YU,5646
4/30/2018,22:17,Monday,SHEPPARD STATION,PUSNT,0,0,N,YU,5901
4/30/2018,22:32,Monday,SHEPPARD STATION,MUSC,0,0,N,YU,5511
4/30/2018,22:54,Monday,SHEPPARD STATION,MUSC,0,0,N,YU,5556
4/30/2018,22:57,Monday,SHEPPARD STATION,MUSC,0,0,N,YU,5511
4/30/2018,23:30,Monday,BLOOR DANFORTH SUBWAY,MUGD,0,0,,BD,0
