Date,Time,Day,Station,Code,Min Delay,Min Gap,Bound,Line,Vehicle
4/1/2021,01:08,Thursday,PIONEER VILLAGE STATIO,MUATC,3,10,S,YU,5561
4/1/2021,01:15,Thursday,SHEPPARD WEST STATION,SUUT,0,0,S,YU,5691
4/1/2021,02:01,Thursday,UNION STATION,MUIS,0,0,,YU,0
4/1/2021,02:29,Thursday,FINCH WEST STATION,SUDP,0,0,,YU,0
4/1/2021,05:03,Thursday,KEELE YARD,SUG,5,10,W,BD,5303
4/1/2021,05:57,Thursday,DAVISVILLE BUILD UP,PUTOE,0,0,N,YU,0
4/1/2021,06:02,Thursday,GREENWOOD STATION,EUYRD,5,10,E,BD,5315
4/1/2021,06:05,Thursday,DAVISVILLE STATION,PUCSC,6,9,S,YU,5611
4/1/2021,07:54,Thursday,ST CLAIR WEST STATION,SUDP,0,0,S,YU,5826
4/1/2021,08:14,Thursday,BAY STATION,PUSRA,9,13,W,BD,5295
4/1/2021,08:35,Thursday,SHEPPARD STATION,PUEO,3,6,S,YU,6041
4/1/2021,09:44,Thursday,DAVISVILLE STATION,PUCSC,3,6,S,YU,5751
4/1/2021,09:50,Thursday,COLLEGE STATION,MUIS,0,0,,YU,0
4/1/2021,10:09,Thursday,DUFFERIN STATION,SUDP,11,15,W,BD,5173
4/1/2021,10:37,Thursday,KIPLING STATION,MUI,6,11,E,BD,5002
4/1/2021,12:12,Thursday,PAPE STATION,SUDP,0,0,,BD,0
4/1/2021,12:59,Thursday,YORK MILLS STATION,EUSC,0,0,N,YU,5726
4/1/2021,13:31,Thursday,DUNDAS STATION,MUIRS,0,0,,YU,0
4/1/2021,14:01,Thursday,LAWRENCE STATION,SUO,0,0,,YU,0
4/1/2021,14:19,Thursday,RUNNYMEDE STATION,SUO,4,8,W,BD,5338
4/1/2021,15:32,Thursday,VICTORIA PARK STATION,MUPLB,32,36,W,BD,5074
4/1/2021,15:51,Thursday,LAWRENCE STATION,MUPAA,0,0,N,YU,5976
4/1/2021,16:08,Thursday,YORK MILLS STATION,MUTO,3,6,S,YU,5566
4/1/2021,16:27,Thursday,BLOOR STATION,MUIS,0,0,S,YU,0
4/1/2021,16:53,Thursday,PAPE STATION,SUDP,11,15,E,BD,5320
4/1/2021,17:51,Thursday,FINCH STATION,TUNIP,3,6,S,YU,5701
4/1/2021,19:13,Thursday,SHEPPARD WEST STATION,SUAP,0,0,N,YU,0
4/1/2021,19:36,Thursday,MCCOWAN STATION,MRPAA,0,0,S,SRT,3002
4/1/2021,19:47,Thursday,LAWRENCE EAST STATION,SRDP,18,23,S,SRT,3002
4/1/2021,20:04,Thursday,EGLINTON WEST STATION,SUAP,4,9,N,YU,6026
4/1/2021,20:12,Thursday,WELLESLEY STATION,MUIS,0,0,,YU,0
4/1/2021,20:40,Thursday,MAIN STREET STATION,MUPLC,0,0,,BD,0
4/1/2021,20:53,Thursday,BATHURST STATION,SUO,0,0,,BD,0
4/1/2021,21:07,Thursday,DON MILLS STATION,SUO,7,12,W,SHP,6196
4/1/2021,21:22,Thursday,RUNNYMEDE STATION,SUAP,0,0,W,BD,0
4/1/2021,22:00,Thursday,YONGE-UNIVERSITY AND B,MUO,0,0,,YU/BD,0
4/1/2021,22:16,Thursday,GLENCAIRN STATION,SUDP,0,0,S,YU,5636
4/1/2021,22:26,Thursday,SHEPPARD-YONGE STATION,TUSC,0,0,E,SHP,6191
4/1/2021,22:34,Thursday,VAUGHAN MC STATION,MUATC,3,10,S,YU,5561
4/1/2021,23:00,Thursday,SHEPPARD STATION,MUO,0,0,,YU,0
4/2/2021,00:01,Friday,YORK MILLS STATION,MUSC,0,0,S,YU,0
4/2/2021,00:03,Friday,YORK MILLS STATION,MUSC,0,0,S,YU,5771
4/2/2021,00:08,Friday,YORK MILLS STATION,MUSC,0,0,S,YU,5556
4/2/2021,00:11,Friday,YORK MILLS STATION,MUSC,0,0,S,YU,5606
4/2/2021,00:31,Friday,YORK MILLS STATION,MUSC,0,0,S,YU,6121
4/2/2021,00:39,Friday,YORK MILLS STATION,MUSC,0,0,S,YU,5611
4/2/2021,00:42,Friday,YORK MILLS STATION,MUSC,0,0,S,YU,5881
4/2/2021,00:51,Friday,YORK MILLS STATION,MUSC,0,0,S,YU,5871
4/2/2021,00:54,Friday,YORK MILLS STATION,MUSC,0,0,S,YU,5976
4/2/2021,01:00,Friday,YORK MILLS STATION,MUSC,0,0,S,YU,5391
4/2/2021,01:05,Friday,YORK MILLS STATION,MUSC,0,0,S,YU,5621
4/2/2021,01:12,Friday,YORK MILLS STATION,MUSC,0,0,S,YU,5941
4/2/2021,01:19,Friday,EGLINTON STATION,MUIRS,0,0,,YU,0
4/2/2021,01:24,Friday,YORK MILLS STATION,MUSC,0,0,S,YU,5861
4/2/2021,01:29,Friday,SHEPPARD WEST STATION,MUIR,0,0,S,YU,5634
4/2/2021,01:34,Friday,YORK MILLS STATION,MUSC,0,0,S,YU,5986
4/2/2021,01:43,Friday,YORK MILLS STATION,MUSC,0,0,S,YU,5426
4/2/2021,05:51,Friday,GREENWOOD STATION,TUNIP,5,9,E,BD,5021
4/2/2021,06:09,Friday,KIPLING STATION,EUOE,4,8,W,BD,5054
4/2/2021,06:31,Friday,SPADINA YUS STATION,EUDO,0,0,N,YU,6041
4/2/2021,07:24,Friday,YORK MILLS STATION,MUPAA,3,8,N,YU,5551
4/2/2021,08:16,Friday,BAYVIEW STATION,TUSC,0,0,E,SHP,6186
4/2/2021,08:20,Friday,ST CLAIR STATION,MUIRS,0,0,,YU,0
4/2/2021,10:13,Friday,WOODBINE STATION,MUIRS,0,0,,BD,0
4/2/2021,10:48,Friday,ST CLAIR WEST STATION,MUTO,4,9,S,YU,5516
4/2/2021,11:24,Friday,WILSON STATION,TUNOA,4,8,S,YU,5756
4/2/2021,11:55,Friday,SPADINA BD STATION,MUIRS,0,0,E,BD,5322
4/2/2021,13:11,Friday,LANSDOWNE STATION,SUDP,15,19,E,BD,5246
4/2/2021,13:51,Friday,BATHURST STATION,SUO,0,0,E,BD,5285
4/2/2021,13:52,Friday,FINCH WEST STATION,MUPAA,0,0,N,YU,5986
4/2/2021,14:17,Friday,COLLEGE STATION,SUUT,14,18,N,YU,5941
4/2/2021,14:20,Friday,FINCH WEST STATION,MUIRS,0,0,,YU,0
4/2/2021,14:35,Friday,DUNDAS STATION,MUATC,4,8,S,YU,5631
4/2/2021,15:23,Friday,FINCH WEST STATION,PUMEL,0,0,,YU,0
4/2/2021,15:36,Friday,KENNEDY BD STATION,MUTO,5,10,W,BD,5133
4/2/2021,17:01,Friday,SPADINA BD STATION,MUIRS,0,0,W,BD,0
4/2/2021,17:44,Friday,KENNEDY BD STATION,MUNOA,4,8,W,BD,5328
4/2/2021,19:10,Friday,COXWELL STATION,SUDP,13,17,E,BD,5338
4/2/2021,19:39,Friday,SPADINA BD STATION,MUIRS,0,0,E,BD,0
4/2/2021,19:57,Friday,MAIN STREET STATION,MUIS,0,0,,BD,0
4/2/2021,21:06,Friday,KENNEDY BD STATION,EUNT,4,8,W,BD,5079
4/2/2021,21:34,Friday,BLOOR STATION,SUDP,0,0,N,YU,5881
4/2/2021,21:34,Friday,YONGE BD STATION,SUDP,0,0,W,BD,5079
4/2/2021,21:40,Friday,VAUGHAN MC STATION,MUNOA,5,10,S,YU,5796
4/2/2021,22:00,Friday,YONGE-UNIVERSITY AND B,MUO,0,0,,YU/BD,0
4/2/2021,23:45,Friday,YORK MILLS STATION,MUSC,0,0,S,YU,5571
4/2/2021,23:47,Friday,YORK MILLS STATION,MUSC,0,0,S,YU,5566
4/2/2021,23:52,Friday,YORK MILLS STATION,MUSC,0,0,S,YU,5901
4/2/2021,23:56,Friday,YORK MILLS STATION,MUSC,0,0,S,YU,5686
4/3/2021,00:40,Saturday,MCCOWAN STATION,MRUIR,7,14,,SRT,3004
4/3/2021,05:32,Saturday,GREENWOOD STATION,EUOE,0,0,W,BD,5307
4/3/2021,05:48,Saturday,KENNEDY BD STATION,TUNOA,5,10,W,BD,5331
4/3/2021,05:51,Saturday,SPADINA BD STATION,MUIS,0,0,,BD,0
4/3/2021,05:58,Saturday,EGLINTON STATION,MUO,0,0,N,YU,5421
4/3/2021,06:02,Saturday,WILSON CARHOUSE,EUME,0,0,,YU,0
4/3/2021,06:03,Saturday,EGLINTON STATION,MUTO,4,9,N,YU,5981
4/3/2021,06:32,Saturday,EGLINTON STATION,SUAP,0,0,N,YU,5896
4/3/2021,07:32,Saturday,ST CLAIR WEST STATION,MUPAA,5,10,S,YU,5561
4/3/2021,07:38,Saturday,SPADINA YUS STATION,SUDP,0,0,,YU,0
4/3/2021,09:25,Saturday,KENNEDY BD STATION,TUNOA,5,10,W,BD,5198
4/3/2021,11:01,Saturday,COXWELL STATION,TUNOA,4,8,E,BD,5303
4/3/2021,11:28,Saturday,EGLINTON STATION,EUSC,0,0,N,YU,5726
4/3/2021,11:41,Saturday,EGLINTON STATION,PUTD,6,11,N,YU,5511
4/3/2021,12:32,Saturday,GREENWOOD STATION,EUYRD,4,8,E,BD,5036
4/3/2021,12:57,Saturday,DONLANDS STATION,MUIRS,0,0,W,BD,5331
4/3/2021,13:19,Saturday,VAUGHAN MC STATION,TUO,3,6,S,YU,6016
4/3/2021,14:10,Saturday,SHERBOURNE STATION,SUROB,0,0,E,BD,0
4/3/2021,14:16,Saturday,ST GEORGE YUS STATION,SUDP,0,0,S,YU,5991
4/3/2021,15:05,Saturday,ISLINGTON STATION,TUSC,0,0,W,BD,5332
4/3/2021,16:03,Saturday,DAVISVILLE STATION,MUPAA,0,0,S,YU,5906
4/3/2021,16:26,Saturday,OSSINGTON STATION,PUMST,0,0,,BD,0
4/3/2021,16:32,Saturday,UNION STATION,SUUT,9,12,N,YU,6016
4/3/2021,16:49,Saturday,DON MILLS STATION,PUMEL,0,0,,SHP,0
4/3/2021,16:50,Saturday,BATHURST STATION,SUUT,5,9,W,BD,5052
4/3/2021,17:39,Saturday,ST ANDREW STATION,EUCA,3,6,S,YU,6071
4/3/2021,17:55,Saturday,WARDEN STATION,EUSC,0,0,E,BD,5260
4/3/2021,18:17,Saturday,WELLESLEY STATION,SUDP,0,0,S,YU,6001
4/3/2021,19:54,Saturday,KENNEDY BD STATION,SUDP,0,0,,BD,0
4/3/2021,20:20,Saturday,SHERBOURNE STATION,SUDP,0,0,E,BD,5081
4/3/2021,20:25,Saturday,FINCH STATION,MUPAA,0,0,S,YU,6001
4/3/2021,20:33,Saturday,WILSON STATION,SUAP,0,0,S,YU,5981
4/3/2021,21:10,Saturday,CHRISTIE STATION,MUTO,3,8,W,BD,5257
4/3/2021,22:00,Saturday,YONGE-UNIVERSITY AND B,MUO,0,0,,YU/BD,0
4/3/2021,22:25,Saturday,SHEPPARD STATION,EUNT,4,9,S,YU,6011
4/3/2021,23:28,Saturday,BLOOR STATION,SUDP,0,0,N,YU,5876
4/3/2021,23:38,Saturday,BROADVIEW STATION,TUO,0,0,E,BD,5329
4/4/2021,00:25,Sunday,ST ANDREW STATION,SUAP,6,11,S,YU,5791
4/4/2021,01:03,Sunday,MUSEUM STATION,MUATC,5,10,N,YU,5696
4/4/2021,01:42,Sunday,EGLINTON STATION,SUDP,8,13,N,YU,5516
4/4/2021,01:52,Sunday,COLLEGE STATION,SUDP,0,0,,YU,0
4/4/2021,02:00,Sunday,COLLEGE STATION,SUDP,0,0,,YU,0
4/4/2021,02:03,Sunday,KENNEDY BD STATION,MUIS,0,0,,BD,0
4/4/2021,02:32,Sunday,SHEPPARD-YONGE STATION,TUO,3,0,W,SHP,6156
4/4/2021,08:10,Sunday,SHEPPARD WEST STATION,TUNIP,3,8,N,YU,6026
4/4/2021,08:12,Sunday,EGLINTON STATION,MUO,6,11,N,YU,5856
4/4/2021,08:13,Sunday,DAVISVILLE STATION,MUO,9,14,S,YU,5486
4/4/2021,08:18,Sunday,EGLINTON STATION,MUO,12,19,N,YU,5881
4/4/2021,08:40,Sunday,FINCH STATION,MUSC,0,0,S,YU,5856
4/4/2021,09:24,Sunday,VAUGHAN MC STATION,EUTRD,5,10,S,YU,5566
4/4/2021,09:25,Sunday,BATHURST STATION,MUIS,0,0,,BD,0
4/4/2021,10:30,Sunday,KEELE STATION,SUROB,0,0,E,BD,5193
4/4/2021,11:26,Sunday,BAYVIEW STATION,PUMEL,0,0,,SHEP,0
4/4/2021,11:43,Sunday,CHRISTIE STATION,MUDD,10,14,W,BD,5024
4/4/2021,11:55,Sunday,UNION STATION,PUMEL,0,0,,YU,0
4/4/2021,12:25,Sunday,WILSON STATION,EUDO,5,9,N,YU,5611
4/4/2021,12:39,Sunday,FINCH WEST STATION,EUCD,9,13,N,YU,5611
4/4/2021,12:49,Sunday,BATHURST STATION,MUIS,0,0,,BD,0
4/4/2021,13:59,Sunday,KENNEDY BD STATION,SUDP,4,8,W,BD,5138
4/4/2021,14:19,Sunday,YORK MILLS STATION,SUO,0,0,,YU,0
4/4/2021,14:47,Sunday,LANSDOWNE STATION,MUIS,0,0,,BD,0
4/4/2021,16:04,Sunday,BAYVIEW STATION,PUMEL,0,0,,SHP,0
4/4/2021,16:44,Sunday,BLOOR STATION,SUDP,0,0,N,YU,5781
4/4/2021,17:39,Sunday,FINCH STATION,TUSC,0,0,S,YU,6051
4/4/2021,19:54,Sunday,YORK MILLS STATION,MUPAA,0,0,N,YU,6056
4/4/2021,20:04,Sunday,WELLESLEY STATION,SUDP,5,10,S,YU,5766
4/4/2021,20:20,Sunday,DAVISVILLE STATION,MUIS,0,0,,YU,0
4/4/2021,20:43,Sunday,BLOOR STATION,SUDP,0,0,N,YU,5896
4/4/2021,20:49,Sunday,UNION STATION,MUI,23,28,N,YU,5534
4/4/2021,22:00,Sunday,YONGE-UNIVERSITY AND B,MUO,0,0,,YU/BD,0
4/5/2021,01:17,Monday,DUNDAS STATION,MUI,7,14,N,YU,5576
4/5/2021,01:35,Monday,LAWRENCE WEST STATION,SUDP,0,0,S,YU,6871
4/5/2021,01:37,Monday,BAY STATION,MUPR1,17,24,E,BD,5169
4/5/2021,02:23,Monday,KENNEDY BD STATION,MUIS,0,0,,BD,0
4/5/2021,04:08,Monday,UNION STATION,SUDP,0,0,,YU,0
4/5/2021,06:30,Monday,ROSEDALE STATION,MUSC,0,0,N,YU,5831
4/5/2021,07:38,Monday,KIPLING STATION,TUMVS,0,0,W,BD,5089
4/5/2021,08:32,Monday,ROSEDALE STATION,MUSC,0,0,N,YU,5931
4/5/2021,09:11,Monday,BROADVIEW STATION,MUD,6,10,E,BD,5231
4/5/2021,10:11,Monday,FINCH STATION,TUSC,0,0,N,YU,5861
4/5/2021,10:13,Monday,BLOOR STATION,MUIS,0,0,S,YU,0
4/5/2021,10:19,Monday,DAVISVILLE STATION,PUCSC,5,8,S,YU,5741
4/5/2021,11:06,Monday,ROSEDALE STATION,MUSC,0,0,S,YU,5931
4/5/2021,12:17,Monday,ST PATRICK STATION,MUIS,0,0,,YU,0
4/5/2021,13:05,Monday,HIGHWAY 407 STATION,MUIS,0,0,,YU,0
4/5/2021,13:52,Monday,SHEPPARD-YONGE STATION,TUNOA,9,14,E,SHP,6186
4/5/2021,14:33,Monday,DUPONT STATION,MUPAA,3,6,N,YU,6011
4/5/2021,16:39,Monday,ST GEORGE YUS STATION,MUPAA,0,0,S,YU,5761
4/5/2021,17:17,Monday,BROADVIEW STATION,MUIS,0,0,,BD,0
4/5/2021,17:38,Monday,KENNEDY SRT STATION,ERTC,12,17,N,SRT,3004
4/5/2021,18:12,Monday,ISLINGTON STATION,MUSAN,3,7,E,BD,5310
4/5/2021,18:15,Monday,KIPLING STATION,SUDP,3,7,E,BD,5050
4/5/2021,18:28,Monday,LAWRENCE EAST STATION,ERCD,14,19,N,SRT,3004
4/5/2021,18:36,Monday,MUSEUM STATION,SUDP,3,6,N,YU,5856
4/5/2021,18:46,Monday,DUFFERIN STATION,SUUT,4,8,E,BD,5169
4/5/2021,19:00,Monday,LAWRENCE WEST STATION,SUDP,0,0,S,YU,5761
4/5/2021,19:20,Monday,VAUGHAN MC STATION,MUI,0,0,N,YU,5661
4/5/2021,20:20,Monday,FINCH STATION,MUSC,0,0,S,YU,5741
4/5/2021,22:00,Monday,YONGE-UNIVERSITY AND B,MUO,0,0,,YU/BD,0
4/5/2021,23:00,Monday,YONGE-UNIVERSITY AND B,MUO,0,0,,YU,0
4/5/2021,23:07,Monday,DUNDAS STATION,SUO,0,0,N,YU,0
4/6/2021,02:37,Tuesday,FINCH WEST STATION,MUIS,0,0,,YU,0
4/6/2021,05:55,Tuesday,DONLANDS STATION,EUDO,0,0,W,BD,5231
4/6/2021,06:00,Tuesday,CHESTER STATION,EUNT,3,8,W,BD,5231
4/6/2021,06:44,Tuesday,VAUGHAN MC STATION,MUTO,0,0,S,YU,6136
4/6/2021,07:14,Tuesday,BAY STATION,MUO,19,23,E,BD,5074
4/6/2021,07:37,Tuesday,FINCH STATION,MUIR,3,6,N,YU,5532
4/6/2021,08:19,Tuesday,DUNDAS STATION,MUPLB,0,0,S,YU,5536
4/6/2021,08:20,Tuesday,ROSEDALE STATION,TUSC,0,0,N,YU,5726
4/6/2021,08:25,Tuesday,OLD MILL STATION,MUPAA,0,0,W,BD,5257
4/6/2021,08:32,Tuesday,SPADINA YUS STATION,MUI,18,21,N,YU,5436
4/6/2021,09:00,Tuesday,VICTORIA PARK STATION,MUPAA,0,0,W,BD,5010
4/6/2021,09:11,Tuesday,YONGE BD STATION,SUAP,0,0,,BD,0
4/6/2021,09:19,Tuesday,DUFFERIN STATION,MUDD,0,0,E,BD,5293
4/6/2021,09:22,Tuesday,OSSINGTON STATION,EUCD,4,8,E,BD,5293
4/6/2021,09:50,Tuesday,SHERBOURNE STATION,MUIS,0,0,,BD,0
4/6/2021,11:41,Tuesday,FINCH STATION,SUAE,0,0,,YU,0
4/6/2021,12:09,Tuesday,SPADINA YUS STATION,SUAP,0,0,N,YU,0
4/6/2021,12:17,Tuesday,KING STATION,TUO,3,6,S,YU,6001
4/6/2021,12:18,Tuesday,DUNDAS STATION,SUDP,0,0,N,YU,0
4/6/2021,13:13,Tuesday,ROYAL YORK STATION,SUDP,0,0,E,BD,5151
4/6/2021,14:35,Tuesday,SPADINA BD STATION,MUIR,8,12,E,BD,5218
4/6/2021,15:46,Tuesday,OSGOODE STATION,MUI,13,16,N,YU,5901
4/6/2021,15:48,Tuesday,ST GEORGE YUS STATION,MUPAA,3,6,N,YU,5936
4/6/2021,16:05,Tuesday,YONGE BD STATION,MUIS,0,0,,BD,0
4/6/2021,16:59,Tuesday,FINCH STATION,MUTO,3,6,S,YU,5961
4/6/2021,18:04,Tuesday,VAUGHAN MC STATION,SUDP,0,0,,YU,0
4/6/2021,18:13,Tuesday,KEELE STATION,MUPLB,16,20,E,BD,5151
4/6/2021,18:33,Tuesday,WARDEN STATION,SUDP,0,0,E,BD,5282
4/6/2021,18:37,Tuesday,WARDEN STATION,SUDP,0,0,,BD,0
4/6/2021,18:45,Tuesday,FINCH STATION,MUTO,3,6,S,YU,6001
4/6/2021,19:33,Tuesday,BLOOR STATION,MUIS,0,0,S,YU,0
4/6/2021,19:49,Tuesday,YORK MILLS STATION,SUDP,9,14,S,YU,5446
4/6/2021,19:59,Tuesday,DUNDAS WEST STATION,MUIRS,0,0,,BD,0
4/6/2021,20:01,Tuesday,YORK MILLS STATION,MUI,0,0,S,YU,5866
4/6/2021,20:29,Tuesday,DAVISVILLE STATION,SUDP,0,0,S,YU,6131
4/6/2021,21:56,Tuesday,ROSEDALE STATION,MUPAA,0,0,S,YU,6106
4/6/2021,22:00,Tuesday,YONGE-UNIVERSITY AND B,MUO,0,0,,YU/BD,0
4/6/2021,23:00,Tuesday,FINCH WEST TO LAWRENCE,MUO,0,0,,YU,0
4/6/2021,23:05,Tuesday,LAWRENCE STATION,SUUT,8,15,N,YU,5746
4/6/2021,23:30,Tuesday,UNION STATION,MUPAA,0,0,S,YU,5436
4/6/2021,23:31,Tuesday,DUNDAS STATION,MUPAA,0,0,S,YU,5996
4/6/2021,23:54,Tuesday,SUMMERHILL STATION,SUUT,0,0,N,YU,6021
4/7/2021,00:01,Wednesday,ROYAL YORK STATION,SUDP,5,13,E,BD,5079
4/7/2021,00:21,Wednesday,KING STATION,MUPAA,0,0,N,YU,5716
4/7/2021,00:25,Wednesday,DUNDAS STATION,SUDP,3,10,N,YU,5716
4/7/2021,00:29,Wednesday,COLLEGE STATION,SUDP,0,0,N,YU,5716
4/7/2021,00:44,Wednesday,FINCH STATION,SUDP,8,15,S,YU,5836
4/7/2021,01:18,Wednesday,FINCH STATION,TUMVS,0,0,N,YU,5821
4/7/2021,01:34,Wednesday,GREENWOOD STATION,MUIS,0,0,E,BD,0
4/7/2021,01:56,Wednesday,OSSINGTON STATION,SUDP,0,0,,BD,0
4/7/2021,05:59,Wednesday,ST GEORGE YUS STATION,EUDO,3,6,S,YU,5961
4/7/2021,06:27,Wednesday,ROSEDALE STATION,MUSC,3,6,N,YU,5726
4/7/2021,07:54,Wednesday,DON MILLS STATION,PUSSW,70,75,W,SHP,6161
4/7/2021,09:07,Wednesday,BROADVIEW STATION,MUPAA,4,8,E,BD,5002
4/7/2021,09:28,Wednesday,DONLANDS STATION,MUIS,0,0,W,BD,5218
4/7/2021,10:25,Wednesday,VICTORIA PARK STATION,SUDP,8,12,W,BD,5031
4/7/2021,10:47,Wednesday,QUEEN STATION,SUAP,0,0,S,YU,0
4/7/2021,11:05,Wednesday,LESLIE STATION,TUSC,0,0,W,SHP,6161
4/7/2021,11:09,Wednesday,ST GEORGE YUS STATION,TUS,6,9,S,YU,6076
4/7/2021,11:43,Wednesday,VAUGHAN MC STATION,TUO,3,6,S,YU,6006
4/7/2021,11:49,Wednesday,FINCH STATION,MUTO,3,6,S,YU,6071
4/7/2021,11:56,Wednesday,QUEEN STATION,MUIS,0,0,S,YU,0
4/7/2021,12:23,Wednesday,KENNEDY BD STATION,PUSRA,4,8,W,BD,5261
4/7/2021,13:01,Wednesday,VAUGHAN MC STATION,MUPAA,0,0,S,YU,5941
4/7/2021,14:38,Wednesday,EGLINTON STATION,SUSA,0,0,,YU,0
4/7/2021,15:35,Wednesday,BATHURST STATION,SUDP,0,0,,BD,0
4/7/2021,15:46,Wednesday,ST CLAIR WEST STATION,MUIR,6,9,N,YU,5856
4/7/2021,15:57,Wednesday,EGLINTON WEST STATION,MUIS,0,0,,YU,0
4/7/2021,16:13,Wednesday,FINCH WEST STATION,MUPAA,0,0,N,YU,5711
4/7/2021,17:28,Wednesday,OSSINGTON STATION,MUNCA,0,0,,BD,0
4/7/2021,17:38,Wednesday,OLD MILL STATION,MUPAA,0,0,E,BD,5213
4/7/2021,17:58,Wednesday,COLLEGE STATION,SUPOL,0,0,S,YU,6031
4/7/2021,19:54,Wednesday,ST CLAIR WEST STATION,SUDP,0,0,S,YU,6056
4/7/2021,20:22,Wednesday,QUEEN STATION,SUAP,0,0,,YU,0
4/7/2021,21:52,Wednesday,DAVISVILLE STATION,SUEAS,11,18,S,YU,5396
4/7/2021,22:00,Wednesday,YONGE-UNIVERSITY AND B,MUO,0,0,,YU/BD,0
4/7/2021,23:00,Wednesday,FINCH WEST TO LAWRENCE,MUO,0,0,,YU,0
4/7/2021,23:00,Wednesday,SHEPPARD STATION,SUO,0,0,N,YU,6056
4/7/2021,23:24,Wednesday,BLOOR STATION,SUDP,0,0,S,YU,5876
4/7/2021,23:24,Wednesday,YONGE BD STATION,SUO,0,0,W,BD,5050
4/7/2021,23:45,Wednesday,SCARBOROUGH CTR STATIO,MRUIR,0,0,,SRT,0
4/8/2021,01:26,Thursday,YORK MILLS STATION,SUDP,4,0,S,YU,5461
4/8/2021,01:29,Thursday,YORK MILLS STATION,SUDP,0,0,N,YU,5961
4/8/2021,02:23,Thursday,LAWRENCE WEST STATION,SUDP,0,0,S,YU,5856
4/8/2021,05:44,Thursday,WILSON STATION,MUO,9,0,S,YU,5786
4/8/2021,05:56,Thursday,WARDEN STATION,MUPAA,0,0,W,BD,5115
4/8/2021,05:59,Thursday,ST GEORGE YUS STATION,MUO,3,0,S,YU,6021
4/8/2021,06:20,Thursday,FINCH STATION,MUSC,0,0,S,YU,5711
4/8/2021,06:29,Thursday,SHEPPARD-YONGE STATION,PUSSW,5,10,W,SHP,6161
4/8/2021,08:09,Thursday,DUFFERIN STATION,MUDD,3,7,E,BD,5151
4/8/2021,08:21,Thursday,YORK MILLS STATION,EUSC,0,0,S,YU,6126
4/8/2021,08:28,Thursday,YORK MILLS STATION,MUSC,0,0,S,YU,6001
4/8/2021,08:37,Thursday,YORK MILLS STATION,MUSC,0,0,S,YU,6051
4/8/2021,08:40,Thursday,YORK MILLS STATION,MUSC,0,0,S,YU,6096
4/8/2021,08:45,Thursday,YORK MILLS STATION,MUSC,0,0,S,YU,5876
4/8/2021,08:54,Thursday,YORK MILLS STATION,MUSC,0,0,S,YU,5996
4/8/2021,09:12,Thursday,YORK MILLS STATION,MUSC,3,6,S,YU,5701
4/8/2021,09:13,Thursday,HIGHWAY 407 STATION,SUDP,0,0,,YU,0
4/8/2021,09:18,Thursday,YORK MILLS STATION,MUSC,0,0,S,YU,5951
4/8/2021,09:22,Thursday,YORK MILLS STATION,MUSC,0,0,S,YU,6026
4/8/2021,09:33,Thursday,YORK MILLS STATION,MUSC,0,0,S,YU,6076
4/8/2021,09:40,Thursday,YORK MILLS STATION,MUSC,0,0,S,YU,5906
4/8/2021,10:03,Thursday,FINCH STATION,SUAP,0,0,S,YU,5761
4/8/2021,10:11,Thursday,YORK MILLS STATION,MUSC,0,0,S,YU,5761
4/8/2021,10:19,Thursday,SHEPPARD WEST STATION,MUATC,4,7,N,YU,5781
4/8/2021,10:56,Thursday,YORK MILLS STATION,MUSC,0,0,S,YU,5401
4/8/2021,11:15,Thursday,YORK MILLS STATION,MUSC,0,0,S,YU,5441
4/8/2021,11:27,Thursday,YORK MILLS STATION,MUSC,0,0,S,YU,6066
4/8/2021,11:33,Thursday,LAWRENCE STATION,SUAE,3,6,N,YU,5956
4/8/2021,14:13,Thursday,COXWELL STATION,MUCL,6,10,W,BD,5155
4/8/2021,15:23,Thursday,MCCOWAN STATION,MRPAA,0,0,N,SRT,3011
4/8/2021,15:30,Thursday,YORKDALE STATION,MUDD,6,9,N,YU,6076
4/8/2021,16:14,Thursday,HIGHWAY 407 STATION,PUMEL,0,0,,YU,0
4/8/2021,17:32,Thursday,MAIN STREET STATION,TUSC,0,0,W,BD,5275
4/8/2021,17:56,Thursday,ST CLAIR STATION,TUO,3,6,S,YU,5626
4/8/2021,17:57,Thursday,MCCOWAN STATION,TRO,3,8,S,SRT,3004
4/8/2021,19:24,Thursday,OLD MILL STATION,PUSNT,0,0,E,BD,5259
4/8/2021,19:49,Thursday,ROSEDALE STATION,MUSC,0,0,N,YU,5621
4/8/2021,20:35,Thursday,ST GEORGE BD STATION,MUDD,0,0,W,BD,5365
4/8/2021,20:42,Thursday,EGLINTON STATION,SUAP,3,8,S,YU,5936
4/8/2021,21:20,Thursday,OSGOODE STATION,SUDP,7,12,N,YU,5926
4/8/2021,21:56,Thursday,COLLEGE STATION,MUDD,5,12,N,YU,6071
4/8/2021,22:00,Thursday,YONGE-UNIVERSITY AND B,MUO,0,0,,YU/BD,0
4/8/2021,22:26,Thursday,CHRISTIE STATION,SUDP,7,14,W,BD,5170
4/8/2021,23:00,Thursday,FINCH WEST TO LAWRENCE,MUO,0,0,,YU,0
4/8/2021,23:43,Thursday,KEELE STATION,MUIS,0,0,W,BD,0
4/8/2021,23:45,Thursday,DAVISVILLE YARD,MUIE,0,0,,,0
4/9/2021,00:15,Friday,FINCH STATION,EUBO,11,18,S,YU,5781
4/9/2021,01:54,Friday,KIPLING STATION,MUIS,0,0,,BD,0
4/9/2021,05:42,Friday,WARDEN STATION,PUSO,3,0,W,BD,5160
4/9/2021,06:02,Friday,ROSEDALE STATION,MUATC,5,9,S,YU,5981
4/9/2021,06:48,Friday,LAWRENCE STATION,SUAP,0,0,,YU,0
4/9/2021,07:10,Friday,SHEPPARD WEST STATION,MUATC,0,0,N,YU,5781
4/9/2021,07:23,Friday,WOODBINE STATION,MUDD,8,12,E,BD,5016
4/9/2021,08:13,Friday,MIDLAND STATION,MRO,3,8,N,SRT,3017
4/9/2021,08:49,Friday,CHRISTIE STATION,SUAP,0,0,E,BD,0
4/9/2021,09:02,Friday,KENNEDY SRT STATION,ERDO,5,10,S,SRT,3017
4/9/2021,09:12,Friday,CASTLE FRANK STATION,TUO,4,8,W,BD,5335
4/9/2021,09:34,Friday,ST GEORGE YUS STATION,PUMST,0,0,,YU,0
4/9/2021,12:05,Friday,EGLINTON STATION,SUDP,0,0,N,YU,5906
4/9/2021,13:03,Friday,KENNEDY BD STATION,EUSC,0,0,E,BD,5332
4/9/2021,14:12,Friday,LAWRENCE WEST STATION,MUSAN,3,6,S,YU,6006
4/9/2021,14:54,Friday,SHEPPARD WEST STATION,MUATC,3,6,N,YU,5781
4/9/2021,15:23,Friday,ST CLAIR STATION,SUDP,3,6,N,YU,6031
4/9/2021,16:21,Friday,DUNDAS STATION,MUPAA,0,0,S,YU,6131
4/9/2021,16:26,Friday,ELLESMERE STATION,MRUI,0,0,,SRT,0
4/9/2021,16:41,Friday,EGLINTON STATION,MUPR1,59,62,S,YU,5946
4/9/2021,17:14,Friday,EGLINTON STATION,EUSC,0,0,N,YU,5886
4/9/2021,17:50,Friday,SHEPPARD-YONGE STATION,TUSC,0,0,W,SHP,6181
4/9/2021,18:10,Friday,KENNEDY SRT STATION,ERPR,4,9,S,SRT,3020
4/9/2021,18:16,Friday,DAVISVILLE STATION,SUAP,6,9,N,YU,6041
4/9/2021,18:37,Friday,YORKDALE STATION,MUATC,3,6,N,YU,5781
4/9/2021,18:47,Friday,YORK MILLS STATION,TUSC,0,0,S,YU,5461
4/9/2021,18:57,Friday,ST GEORGE YUS STATION,PUMEL,0,0,,YU,0
4/9/2021,20:17,Friday,DON MILLS STATION,MUSC,0,0,W,SHP,6181
4/9/2021,20:40,Friday,KIPLING STATION,MUI,7,14,E,BD,5068
4/9/2021,21:28,Friday,WARDEN STATION,SUO,7,14,E,BD,5223
4/9/2021,22:00,Friday,YONGE-UNIVERSITY AND B,MUO,0,0,,YU/BD,0
4/9/2021,22:36,Friday,MAIN STREET STATION,PUMST,0,0,W,BD,0
4/10/2021,01:16,Saturday,ST CLAIR STATION,MUIS,0,0,,YU,0
4/10/2021,01:42,Saturday,WILSON YARD,EUOE,0,0,,YU,5811
4/10/2021,01:53,Saturday,ZONE 1,PUSZC,22,27,N,YU,5446
4/10/2021,05:44,Saturday,CASTLE FRANK STATION,SUO,0,0,,BD,0
4/10/2021,06:00,Saturday,YONGE UNIVERSITY SUBWA,MUO,0,0,,YU,0
4/10/2021,06:04,Saturday,GREENWOOD STATION,MUIE,0,0,,BD,0
4/10/2021,06:15,Saturday,ROSEDALE STATION,TUATC,4,9,S,YU,6131
4/10/2021,11:34,Saturday,KEELE STATION,MUIE,0,0,,BD,0
4/10/2021,12:52,Saturday,WARDEN STATION,TUO,0,0,E,BD,5371
4/10/2021,13:16,Saturday,ROYAL YORK STATION,TUSC,0,0,E,BD,5332
4/10/2021,13:21,Saturday,DAVISVILLE STATION,SUUT,0,0,N,YU,0
4/10/2021,14:20,Saturday,VICTORIA PARK STATION,MUPAA,11,15,W,BD,5130
4/10/2021,17:11,Saturday,UNION STATION,SUDP,0,0,,YU,0
4/10/2021,17:56,Saturday,ISLINGTON STATION,TUMVS,0,0,E,BD,5020
4/10/2021,18:10,Saturday,BROADVIEW STATION,MUIS,0,0,,BD,0
4/10/2021,18:16,Saturday,JANE STATION,PUSCR,5,9,E,BD,5020
4/10/2021,18:33,Saturday,SUMMERHILL STATION,SUUT,10,15,N,YU,5986
4/10/2021,20:14,Saturday,FINCH STATION,SUDP,0,0,,YU,0
4/10/2021,20:48,Saturday,ISLINGTON STATION,MUIS,0,0,,BD,0
4/10/2021,20:59,Saturday,DONLANDS STATION,MUPAA,0,0,W,BD,5261
4/10/2021,21:47,Saturday,KIPLING STATION,SUDP,17,23,E,BD,5102
4/10/2021,22:00,Saturday,YONGE-UNIVERSITY AND B,MUO,0,0,,YU/BD,0
4/10/2021,22:56,Saturday,WILSON STATION,MUIS,0,0,,YU,0
4/10/2021,23:00,Saturday,WARDEN STATION,MUDD,8,13,E,BD,5068
4/11/2021,01:38,Sunday,WILSON HOSTLER,TUATC,0,0,S,YU,5941
4/11/2021,03:04,Sunday,HIGHWAY 407 STATION,SUDP,0,0,,YU,0
4/11/2021,07:29,Sunday,WILSON YARD,MUATC,0,0,N,YU,5806
4/11/2021,07:49,Sunday,SHEPPARD WEST STATION,MUATC,10,15,N,YU,5981
4/11/2021,07:53,Sunday,SHEPPARD-YONGE STATION,MUSC,0,0,E,SHP,6146
4/11/2021,07:59,Sunday,SHEPPARD WEST STATION,MUATC,12,17,N,YU,6106
4/11/2021,08:00,Sunday,YONGE UNIVERSITY SUBWA,MUO,0,0,,YU,0
4/11/2021,08:04,Sunday,FINCH WEST STATION,MUATC,0,0,N,YU,5801
4/11/2021,08:09,Sunday,DUPONT STATION,MUATC,4,9,S,YU,5956
4/11/2021,08:19,Sunday,SHEPPARD WEST STATION,MUATC,10,15,N,YU,5901
4/11/2021,08:24,Sunday,MUSEUM STATION,MUATC,3,8,N,YU,5456
4/11/2021,08:27,Sunday,ST CLAIR STATION,MUSC,0,0,S,YU,6001
4/11/2021,08:41,Sunday,SHEPPARD WEST STATION,MUATC,7,12,N,YU,5446
4/11/2021,08:43,Sunday,ROSEDALE STATION,MUATC,0,0,S,YU,5991
4/11/2021,08:50,Sunday,YORKDALE STATION,MUATC,3,8,N,YU,5396
4/11/2021,08:54,Sunday,ST CLAIR WEST STATION,MUATC,4,9,N,YU,6001
4/11/2021,09:04,Sunday,ST GEORGE YUS STATION,SUUT,0,0,N,YU,5991
4/11/2021,09:19,Sunday,ROSEDALE STATION,MUATC,0,0,S,YU,6126
4/11/2021,09:26,Sunday,ROSEDALE STATION,MUATC,5,10,S,YU,5981
4/11/2021,09:31,Sunday,ROSEDALE STATION,MUATC,4,9,N,YU,5776
4/11/2021,09:43,Sunday,ST CLAIR WEST STATION,MUATC,4,9,N,YU,6026
4/11/2021,09:52,Sunday,FINCH WEST STATION,MUATC,0,0,S,YU,5996
4/11/2021,09:58,Sunday,ROSEDALE STATION,MUATC,3,8,S,YU,5951
4/11/2021,10:18,Sunday,DUNDAS WEST STATION,MUSC,0,0,E,BD,5364
4/11/2021,10:36,Sunday,BLOOR STATION,MUIS,0,0,,YU,0
4/11/2021,10:56,Sunday,ROSEDALE STATION,MUATC,3,8,S,YU,5791
4/11/2021,11:12,Sunday,ROSEDALE STATION,MUATC,6,11,S,YU,6091
4/11/2021,11:22,Sunday,KENNEDY BD STATION,SUDP,0,0,,BD,0
4/11/2021,11:28,Sunday,COLLEGE STATION,MUATC,0,0,S,YU,6126
4/11/2021,11:31,Sunday,YONGE UNIVERSITY SUBWA,MUATC,144,149,S,YU,6086
4/11/2021,11:34,Sunday,PIONEER VILLAGE STATIO,SUDP,0,0,N,YU,5991
4/11/2021,11:54,Sunday,KENNEDY BD STATION,TUMVS,0,0,E,BD,5035
4/11/2021,12:32,Sunday,DUNDAS WEST STATION,MUIS,0,0,,BD,0
4/11/2021,12:46,Sunday,YONGE BD STATION,SUUT,8,12,E,BD,5061
4/11/2021,13:22,Sunday,DONLANDS STATION,SUDP,0,0,W,BD,5322
4/11/2021,13:58,Sunday,KIPLING STATION,EUDO,4,8,E,BD,5135
4/11/2021,15:44,Sunday,WELLESLEY STATION,MUIRS,0,0,,YU,0
4/11/2021,16:09,Sunday,OSGOODE STATION,MUIS,0,0,,YU,0
4/11/2021,17:53,Sunday,WILSON STATION,MUIRS,0,0,,YU,0
4/11/2021,18:32,Sunday,KEELE STATION,MUIS,0,0,,BD,0
4/11/2021,21:39,Sunday,ST PATRICK STATION,SUDP,3,8,N,YU,5771
4/11/2021,21:47,Sunday,COXWELL STATION,TUNIP,3,7,E,BD,5259
4/11/2021,22:00,Sunday,YONGE-UNIVERSITY AND B,MUO,0,0,,YU/BD,0
4/12/2021,00:52,Monday,COXWELL STATION,MUTO,5,13,W,BD,5371
4/12/2021,02:12,Monday,UNION STATION,MUIS,0,0,,YU,0
4/12/2021,05:35,Monday,DUFFERIN STATION,MUNCA,0,0,,BD,0
4/12/2021,05:36,Monday,FINCH STATION,EUBO,4,8,S,YU,5456
4/12/2021,05:45,Monday,DAVISVILLE STATION,TUSUP,3,7,N,YU,5966
4/12/2021,05:47,Monday,KIPLING STATION,EUVA,6,12,E,BD,5183
4/12/2021,06:00,Monday,ST GEORGE YUS STATION,MUO,0,0,,YU/BD,0
4/12/2021,06:41,Monday,DON MILLS STATION,MUIS,0,0,,SHP,0
4/12/2021,08:21,Monday,UNION STATION,PUMO,4,8,N,YU,5976
4/12/2021,09:15,Monday,VICTORIA PARK STATION,MUNCA,0,0,,BD,0
4/12/2021,10:00,Monday,DUFFERIN STATION,MUDD,10,14,W,BD,5250
4/12/2021,11:17,Monday,CASTLE FRANK STATION,SUO,3,7,E,BD,5201
4/12/2021,12:00,Monday,DAVISVILLE STATION,SUO,4,8,S,YU,5501
4/12/2021,12:36,Monday,WARDEN STATION,PUSTC,9,13,W,BD,5097
4/12/2021,12:47,Monday,SUMMERHILL STATION,SUDP,0,0,S,YU,5936
4/12/2021,13:05,Monday,ST CLAIR STATION,PUMEL,0,0,S,YU,0
4/12/2021,13:08,Monday,ST CLAIR STATION,MUIS,0,0,S,YU,0
4/12/2021,13:13,Monday,FINCH STATION,PUMO,0,0,,YU,0
4/12/2021,13:20,Monday,EGLINTON STATION,PUMEL,0,0,,YU,0
4/12/2021,13:36,Monday,EGLINTON WEST STATION,MUIS,0,0,,YU,0
4/12/2021,14:14,Monday,SCARBOROUGH CTR STATIO,MRO,7,12,S,SRT,3000
4/12/2021,14:17,Monday,PIONEER VILLAGE STATIO,SUDP,3,8,N,YU,5801
4/12/2021,16:17,Monday,DON MILLS STATION,MUSC,0,0,E,SHP,6186
4/12/2021,16:19,Monday,LAWRENCE EAST STATION,ERDO,11,16,S,SRT,3012
4/12/2021,16:36,Monday,EGLINTON STATION,MUPAA,4,8,S,YU,5901
4/12/2021,16:44,Monday,DUPONT STATION,PUMEL,0,0,,YU,0
4/12/2021,17:36,Monday,YONGE BD STATION,SUDP,9,13,W,BD,5071
4/12/2021,17:50,Monday,YONGE BD STATION,PUMEL,0,0,,BD,0
4/12/2021,18:48,Monday,BAYVIEW STATION,SUO,0,0,W,SHP,6141
4/12/2021,18:57,Monday,WELLESLEY STATION,MUPAA,3,7,N,YU,5466
4/12/2021,19:19,Monday,FINCH WEST STATION,SUDP,18,23,N,YU,6001
4/12/2021,19:52,Monday,WARDEN STATION,TUO,3,7,E,BD,5351
4/12/2021,19:53,Monday,KEELE STATION,MUI,14,18,E,BD,5102
4/12/2021,20:09,Monday,WARDEN STATION,TUMVS,0,0,E,BD,5079
4/12/2021,20:14,Monday,DUNDAS WEST STATION,MUPR1,132,138,E,BD,5043
4/12/2021,21:06,Monday,MIDLAND STATION,ERCD,8,14,N,SRT,3012
4/12/2021,21:10,Monday,BLOOR STATION,SUDP,0,0,N,YU,5891
4/12/2021,21:40,Monday,OSSINGTON STATION,TUO,0,0,W,BD,5351
4/12/2021,21:45,Monday,WELLESLEY STATION,MUPAA,0,0,S,YU,5526
4/12/2021,22:00,Monday,YONGE-UNIVERSITY AND B,MUO,0,0,,YU/BD,0
4/12/2021,23:31,Monday,CHRISTIE STATION,MUIRS,0,0,,BD,0
4/13/2021,02:21,Tuesday,VAUGHAN MC STATION,SUDP,3,10,N,YU,5801
4/13/2021,05:32,Tuesday,FINCH STATION,MUSC,0,0,S,YU,5926
4/13/2021,05:53,Tuesday,VICTORIA PARK STATION,PUSTC,7,11,W,BD,5090
4/13/2021,06:00,Tuesday,ST GEORGE YUS STATION,MUO,0,0,,YU,0
4/13/2021,06:18,Tuesday,SHEPPARD WEST STATION,TUNOA,5,10,N,YU,6076
4/13/2021,06:57,Tuesday,UNION STATION,MUATC,4,8,N,YU,5916
4/13/2021,07:40,Tuesday,ST ANDREW STATION,MUIR,4,8,S,YU,5906
4/13/2021,08:18,Tuesday,FINCH STATION,MUIR,4,8,S,YU,5126
4/13/2021,08:22,Tuesday,SHEPPARD STATION,MUPAA,0,0,N,YU,5821
4/13/2021,08:41,Tuesday,UNION STATION,MUATC,4,8,N,YU,6036
4/13/2021,08:44,Tuesday,WILSON CARHOUSE,MUIE,0,0,,YU,0
4/13/2021,08:57,Tuesday,EGLINTON STATION,MUSC,0,0,N,YU,5941
4/13/2021,10:57,Tuesday,SPADINA STATION,SUAE,0,0,,,0
4/13/2021,11:01,Tuesday,DUFFERIN STATION,MUPAA,0,0,W,BD,5150
4/13/2021,11:37,Tuesday,ELLESMERE STATION,MRO,0,0,S,SRT,3010
4/13/2021,11:37,Tuesday,FINCH STATION,TUSUP,4,8,S,YU,5461
4/13/2021,11:57,Tuesday,SHEPPARD STATION,TUMVS,0,0,N,YU,5821
4/13/2021,12:15,Tuesday,MIDLAND STATION,ERDO,0,0,N,SRT,3021
4/13/2021,12:50,Tuesday,DONLANDS STATION,MUPAA,0,0,E,BD,5002
4/13/2021,13:10,Tuesday,ST CLAIR STATION,TUOS,3,7,S,YU,6056
4/13/2021,13:49,Tuesday,BAY STATION,SUDP,3,7,W,BD,5020
4/13/2021,13:55,Tuesday,DUNDAS STATION,SUDP,0,0,S,YU,5901
4/13/2021,14:08,Tuesday,BATHURST STATION,PUMEL,0,0,,BD,0
4/13/2021,15:08,Tuesday,DON MILLS STATION,TUO,3,8,E,SHP,6161
4/13/2021,16:16,Tuesday,KENNEDY BD STATION,SUDP,4,8,E,BD,5069
4/13/2021,16:45,Tuesday,WARDEN STATION,MUDD,3,7,E,BD,5069
4/13/2021,17:19,Tuesday,MAIN STREET STATION,MUIRS,0,0,,BD,0
4/13/2021,17:23,Tuesday,ROSEDALE STATION,TUATC,6,10,S,YU,6011
4/13/2021,17:26,Tuesday,KENNEDY BD STATION,MUNCA,0,0,,BD,0
4/13/2021,18:27,Tuesday,FINCH STATION,TUNIP,5,10,S,YU,6011
4/13/2021,18:42,Tuesday,SHEPPARD STATION,MUIR,0,0,N,YU,5931
4/13/2021,19:18,Tuesday,LESLIE STATION,PUSWZ,6,11,E,SHP,6186
4/13/2021,20:10,Tuesday,EGLINTON WEST STATION,MUIS,0,0,,YU,0
4/13/2021,21:01,Tuesday,PIONEER VILLAGE STATIO,SUDP,0,0,S,YU,6081
4/13/2021,22:00,Tuesday,YONGE-UNIVERSITY AND B,MUO,0,0,,,0
4/13/2021,22:25,Tuesday,WOODBINE STATION,SUDP,7,14,W,BD,5148
4/14/2021,00:21,Wednesday,JANE STATION,SUAP,0,0,,BD,0
4/14/2021,01:30,Wednesday,UNION STATION,MUIRS,0,0,N,YU,5941
4/14/2021,02:34,Wednesday,FINCH STATION,MUIS,0,0,,YU,0
4/14/2021,02:42,Wednesday,VAUGHAN MC STATION,SUDP,0,0,,YU,0
4/14/2021,05:19,Wednesday,KING STATION,PUMST,0,0,,YU,0
4/14/2021,05:49,Wednesday,KEELE STATION,EUNT,13,0,W,BD,5284
4/14/2021,05:59,Wednesday,GREENWOOD STATION,EUNT,4,9,E,BD,5044
4/14/2021,06:00,Wednesday,YONGE UNIVERSITY SUBWA,MUO,0,0,,YU,0
4/14/2021,06:11,Wednesday,BATHURST STATION,MUIE,0,0,,BD,0
4/14/2021,06:13,Wednesday,GREENWOOD STATION,TUNIP,5,10,E,BD,5066
4/14/2021,06:24,Wednesday,BAYVIEW STATION,MUIS,0,0,W,SHP,5618
4/14/2021,06:39,Wednesday,KIPLING STATION,EUOE,0,0,W,BD,5037
4/14/2021,06:52,Wednesday,ST CLAIR WEST STATION,PUMEL,0,0,,YU,0
4/14/2021,07:07,Wednesday,LESLIE STATION,MUIR,13,18,W,SHP,6186
4/14/2021,07:18,Wednesday,BAYVIEW STATION,PUOPO,5,10,W,SHP,6196
4/14/2021,07:23,Wednesday,ROYAL YORK STATION,MUSC,0,0,W,BD,5250
4/14/2021,08:10,Wednesday,BLOOR STATION,MUIS,0,0,,YU,0
4/14/2021,09:31,Wednesday,KIPLING STATION,TUMVS,3,7,W,BD,5077
4/14/2021,09:33,Wednesday,DON MILLS STATION,MUSAN,5,11,W,SHP,6181
4/14/2021,09:38,Wednesday,EGLINTON WEST STATION,MUATC,3,8,N,YU,5816
4/14/2021,09:46,Wednesday,YONGE BD STATION,PUMEL,0,0,,BD,0
4/14/2021,11:40,Wednesday,BAYVIEW STATION,SUDP,0,0,,SHP,0
4/14/2021,11:55,Wednesday,DON MILLS STATION,MUIS,0,0,,SHP,0
4/14/2021,12:04,Wednesday,BATHURST STATION,MUIS,0,0,,BD,0
4/14/2021,13:35,Wednesday,ST GEORGE YUS STATION,MUATC,0,0,S,YU,5876
4/14/2021,14:39,Wednesday,PAPE STATION,PUMST,0,0,,BD,0
4/14/2021,15:47,Wednesday,ST CLAIR STATION,MUIR,0,0,,YU,0
4/14/2021,16:05,Wednesday,PIONEER VILLAGE STATIO,PUMEL,0,0,,YU,0
4/14/2021,16:18,Wednesday,KEELE STATION,SUDP,3,7,W,BD,5320
4/14/2021,16:21,Wednesday,YONGE BD STATION,MUPAA,3,7,E,BD,5351
4/14/2021,16:46,Wednesday,MAIN STREET STATION,MUIR,3,7,E,BD,5292
4/14/2021,16:53,Wednesday,MCCOWAN STATION,ERBO,5,10,N,SRT,3017
4/14/2021,17:00,Wednesday,DONLANDS STATION,SUO,7,11,W,BD,5053
4/14/2021,17:06,Wednesday,VICTORIA PARK STATION,SUDP,30,34,E,BD,5160
4/14/2021,17:18,Wednesday,FINCH STATION,MUNOA,4,8,S,YU,0
4/14/2021,17:34,Wednesday,UNION STATION,MUDD,0,0,N,YU,5821
4/14/2021,17:40,Wednesday,VAUGHAN MC STATION,MUIS,0,0,,YU,0
4/14/2021,19:07,Wednesday,BAYVIEW STATION,SUO,0,0,,SHP,0
4/14/2021,19:31,Wednesday,CHESTER STATION,MUPAA,0,0,E,BD,5218
4/14/2021,19:38,Wednesday,ST CLAIR WEST STATION,PUMEL,0,0,,YU,0
4/14/2021,22:00,Wednesday,YONGE-UNIVERSITY AND B,MUO,0,0,,YU/BD,0
4/14/2021,22:09,Wednesday,FINCH WEST STATION,SUDP,0,0,,YU,0
4/15/2021,05:59,Thursday,SHEPPARD-YONGE STATION,PUSSW,5,10,W,SHP,6161
4/15/2021,06:00,Thursday,YONGE UNIVERSITY SUBWA,MUO,0,0,,YU,0
4/15/2021,07:18,Thursday,BLOOR STATION,SUO,3,7,S,YU,5461
4/15/2021,08:54,Thursday,OLD MILL STATION,MUNCA,0,0,,BD,0
4/15/2021,10:05,Thursday,BATHURST STATION,SUUT,3,7,E,BD,5150
4/15/2021,10:14,Thursday,SPADINA BD STATION,MUIE,3,6,E,BD,5150
4/15/2021,12:03,Thursday,KIPLING STATION,MUIRS,0,0,,BD,0
4/15/2021,12:43,Thursday,KENNEDY BD STATION,PUMEL,0,0,,BD,0
4/15/2021,13:13,Thursday,SHEPPARD STATION,SUDP,0,0,N,YU,5921
4/15/2021,13:19,Thursday,LAWRENCE STATION,SUDP,13,17,S,YU,6011
4/15/2021,13:19,Thursday,SHEPPARD-YONGE STATION,SUAE,5,10,W,SHP,0
4/15/2021,13:42,Thursday,LAWRENCE STATION,SUDP,0,0,N,YU,5926
4/15/2021,14:16,Thursday,CASTLE FRANK STATION,MUIRS,0,0,W,BD,5061
4/15/2021,14:26,Thursday,UNION STATION,SUDP,0,0,,YU,0
4/15/2021,14:58,Thursday,FINCH STATION,TUNIP,6,10,S,YU,5946
4/15/2021,15:27,Thursday,OSSINGTON STATION,SUDP,8,12,W,BD,5147
4/15/2021,15:54,Thursday,OSSINGTON STATION,MUIS,0,0,,BD,0
4/15/2021,16:15,Thursday,ST GEORGE YUS STATION,MUTO,0,0,N,YU,6026
4/15/2021,16:32,Thursday,YORK MILLS STATION,MUIRS,0,0,S,YU,0
4/15/2021,16:42,Thursday,YONGE BD STATION,MUSC,0,0,E,BD,5066
4/15/2021,17:04,Thursday,KIPLING STATION,SUDP,4,8,E,BD,5181
4/15/2021,18:42,Thursday,QUEEN STATION,SUO,0,0,,YU,0
4/15/2021,18:53,Thursday,FINCH WEST STATION,SUDP,0,0,S,YU,5576
4/15/2021,19:26,Thursday,QUEEN STATION,MUIRS,0,0,N,YU,0
4/15/2021,19:55,Thursday,WELLESLEY STATION,MUIRS,0,0,S,YU,0
4/15/2021,20:16,Thursday,SHEPPARD-YONGE STATION,PUSSW,10,15,W,SHP,0
4/15/2021,20:25,Thursday,HIGH PARK STATION,SUDP,0,0,W,BD,5182
4/15/2021,20:38,Thursday,COLLEGE STATION,MUIS,0,0,N,YU,5000
4/15/2021,20:56,Thursday,DONLANDS STATION,SUDP,0,0,W,BD,5061
4/15/2021,21:01,Thursday,DUFFERIN STATION,SUDP,10,17,W,BD,5196
4/15/2021,22:00,Thursday,YONGE-UNIVERSITY AND B,MUO,0,0,,YU/BD,0
4/15/2021,22:34,Thursday,DUNDAS WEST STATION,MUIS,0,0,,BD,0
4/15/2021,22:52,Thursday,DUNDAS STATION,SUDP,6,13,N,YU,5931
4/15/2021,22:55,Thursday,KENNEDY BD STATION,SUG,7,14,W,BD,5181
4/15/2021,23:14,Thursday,KENNEDY BD STATION,SUG,7,14,W,BD,5296
4/15/2021,23:39,Thursday,OSSINGTON STATION,SUAP,0,0,W,BD,0
4/16/2021,00:59,Friday,BATHURST STATION,MUIRS,0,0,,BD,0
4/16/2021,01:32,Friday,DUNDAS STATION,SUUT,5,12,N,YU,5976
4/16/2021,01:46,Friday,WELLESLEY STATION,MUSAN,7,14,N,YU,5976
4/16/2021,02:31,Friday,VAUGHAN MC STATION,MUIS,0,0,,YU,0
4/16/2021,06:00,Friday,YONGE UNIVERSITY SUBWA,MUO,0,0,,YU,0
4/16/2021,06:45,Friday,PAPE STATION,SUG,4,8,E,BD,5351
4/16/2021,07:32,Friday,EGLINTON WEST STATION,MUSAN,5,10,N,YU,5996
4/16/2021,08:59,Friday,BLOOR STATION,MUTO,0,0,S,YU,5906
4/16/2021,10:13,Friday,ST GEORGE YUS STATION,SUDP,3,8,S,YU,6021
4/16/2021,10:37,Friday,SUMMERHILL STATION,MUPAA,3,7,N,YU,5976
4/16/2021,12:01,Friday,KIPLING STATION,TUS,4,8,W,BD,5136
4/16/2021,13:03,Friday,ROSEDALE STATION,MUSC,0,0,N,YU,5976
4/16/2021,13:20,Friday,KENNEDY BD STATION,MUPAA,4,8,W,BD,5266
4/16/2021,13:47,Friday,MIDLAND STATION,ERDO,3,8,S,SRT,3016
4/16/2021,13:53,Friday,ELLESMERE STATION,ERCD,3,8,S,SRT,3016
4/16/2021,14:02,Friday,FINCH STATION,TUNIP,3,7,S,YU,5851
4/16/2021,14:45,Friday,BROADVIEW STATION,MUIS,0,0,,BD,0
4/16/2021,15:48,Friday,OLD MILL STATION,SUDP,3,7,E,BD,5112
4/16/2021,15:49,Friday,SHEPPARD-YONGE STATION,MUSC,0,0,W,SHP,6166
4/16/2021,16:00,Friday,KEELE STATION,SUDP,3,7,E,BD,5112
4/16/2021,17:01,Friday,QUEEN STATION,MUNCA,0,0,,YU,0
4/16/2021,18:50,Friday,BROADVIEW STATION,MUIS,0,0,,BD,0
4/16/2021,19:04,Friday,KENNEDY SRT STATION,TRSET,5,10,N,SRT,3023
4/16/2021,19:06,Friday,WARDEN STATION,MUSC,0,0,E,BD,5276
4/16/2021,19:09,Friday,FINCH STATION,MUIS,0,0,,YU,0
4/16/2021,19:17,Friday,SPADINA BD STATION,SUDP,7,11,E,BD,5061
4/16/2021,19:40,Friday,GREENWOOD YARD,MUIE,0,0,,BD,0
4/16/2021,19:40,Friday,OSSINGTON STATION,TUSC,0,0,W,BD,5268
4/16/2021,20:02,Friday,COLLEGE STATION,MUPAA,0,0,S,YU,5401
4/16/2021,21:25,Friday,BLOOR STATION,MUIS,0,0,,YU,0
4/16/2021,21:41,Friday,DONLANDS STATION,SUAP,9,16,E,BD,5110
4/16/2021,21:44,Friday,BATHURST STATION,MUPAA,0,0,E,BD,5201
4/16/2021,22:00,Friday,YONGE-UNIVERSITY AND B,MUO,0,0,,YU/BD,0
4/16/2021,22:09,Friday,BLOOR STATION,SUDP,0,0,N,YU,5821
4/16/2021,22:57,Friday,DON MILLS STATION,TUMVS,3,8,E,SHP,6141
4/17/2021,00:35,Saturday,EGLINTON STATION,SUROB,3,10,N,YU,5406
4/17/2021,02:14,Saturday,VAUGHAN MC STATION,MUIS,0,0,,YU,0
4/17/2021,05:39,Saturday,SHEPPARD-YONGE STATION,TUSC,0,0,E,SHP,6176
4/17/2021,05:47,Saturday,DAVISVILLE STATION,TUSUP,5,10,N,YU,5926
4/17/2021,06:00,Saturday,YONGE UNIVERSITY SUBWA,MUO,0,0,,YU,0
4/17/2021,06:04,Saturday,BLOOR STATION,TUO,4,0,N,YU,5506
4/17/2021,06:04,Saturday,GREENWOOD PORTAL,MUSC,0,0,E,BD,5084
4/17/2021,06:06,Saturday,ST ANDREW STATION,TUNIP,5,10,S,YU,5946
4/17/2021,06:08,Saturday,FINCH STATION,MUSC,0,0,N,YU,5856
4/17/2021,06:13,Saturday,KENNEDY SRT STATION,ERDO,5,10,N,SRT,3021
4/17/2021,06:27,Saturday,GREENWOOD STATION,TUCC,8,13,E,BD,5143
4/17/2021,06:30,Saturday,FINCH STATION,TUO,5,10,S,YU,5501
4/17/2021,06:38,Saturday,OSSINGTON STATION,TUSC,0,0,E,BD,5165
4/17/2021,07:50,Saturday,LAWRENCE EAST STATION,ERDO,5,10,S,SRT,3010
4/17/2021,09:11,Saturday,BESSARION STATION,MUNCA,0,0,,SHP,0
4/17/2021,09:17,Saturday,COLLEGE STATION,MUIRS,0,0,,YU,0
4/17/2021,11:19,Saturday,DUPONT STATION,MUPAA,0,0,N,YU,5556
4/17/2021,11:23,Saturday,KIPLING STATION,SUDP,5,10,E,BD,5102
4/17/2021,12:04,Saturday,LANSDOWNE STATION,MUSC,0,0,E,BD,5281
4/17/2021,12:29,Saturday,ST CLAIR STATION,MUPAA,0,0,S,YU,5971
4/17/2021,12:36,Saturday,YORK MILLS STATION,MUSC,0,0,S,YU,5851
4/17/2021,12:45,Saturday,YORK MILLS STATION,MUSC,0,0,S,YU,5936
4/17/2021,13:46,Saturday,FINCH STATION,TUNIP,5,10,S,YU,5856
4/17/2021,14:41,Saturday,BATHURST STATION,MUIR,0,0,W,BD,0
4/17/2021,15:54,Saturday,DUFFERIN STATION,MUI,8,12,W,BD,5206
4/17/2021,17:07,Saturday,YONGE BD STATION,SUO,0,0,E,BD,5288
4/17/2021,17:09,Saturday,BLOOR STATION,SUO,0,0,S,YU,5961
4/17/2021,18:14,Saturday,BATHURST STATION,MUIRS,0,0,,BD,0
4/17/2021,19:42,Saturday,FINCH STATION,MUIS,0,0,,YU,0
4/17/2021,20:47,Saturday,YORK MILLS STATION,TUSC,0,0,S,YU,5526
4/17/2021,22:00,Saturday,YONGE-UNIVERSITY AND B,MUO,0,0,,YU/BD,0
4/18/2021,00:25,Sunday,FINCH STATION,MUIS,0,0,,YU,0
4/18/2021,00:53,Sunday,CHRISTIE STATION,TUMVS,0,0,E,BD,5053
4/18/2021,01:02,Sunday,UNION STATION,MUPAA,0,0,N,YU,5896
4/18/2021,01:28,Sunday,KEELE STATION,PUSTS,3,7,E,BD,5174
4/18/2021,02:26,Sunday,FINCH STATION,MUI,0,0,,YU,0
4/18/2021,07:48,Sunday,DAVISVILLE STATION,TUSC,0,0,S,YU,5921
4/18/2021,08:00,Sunday,YONGE UNIVERSITY SUBWA,MUO,0,0,,YU,0
4/18/2021,08:05,Sunday,GREENWOOD PORTAL,MUDD,7,12,E,BD,5059
4/18/2021,08:23,Sunday,BROADVIEW STATION,SUDP,0,0,W,BD,5281
4/18/2021,08:23,Sunday,YONGE BD STATION,PUMST,0,0,,BD,0
4/18/2021,08:26,Sunday,DONLANDS STATION,EUCD,4,9,W,BD,5114
4/18/2021,08:27,Sunday,GREENWOOD STATION,EUCD,4,7,E,BD,5371
4/18/2021,09:19,Sunday,ST GEORGE YUS STATION,MUATC,3,8,S,YU,5881
4/18/2021,09:55,Sunday,SHEPPARD STATION,MUSC,0,0,N,YU,5926
4/18/2021,10:06,Sunday,MAIN STREET STATION,MUSC,0,0,W,BD,5081
4/18/2021,10:34,Sunday,KENNEDY BD STATION,TUMVS,0,0,E,BD,5163
4/18/2021,11:09,Sunday,FINCH STATION,TUMVS,3,8,N,YU,5841
4/18/2021,11:47,Sunday,MAIN STREET STATION,EUSC,0,0,W,BD,5281
4/18/2021,12:13,Sunday,DAVISVILLE STATION,PUSTS,6,11,N,YU,5501
4/18/2021,12:17,Sunday,COLLEGE STATION,TUOS,3,8,S,YU,5961
4/18/2021,12:23,Sunday,COLLEGE STATION,TUOS,7,12,S,YU,5946
4/18/2021,13:09,Sunday,KING STATION,TUOS,6,11,N,YU,5986
4/18/2021,13:09,Sunday,LAWRENCE WEST STATION,MUPAA,0,0,N,YU,6096
4/18/2021,13:52,Sunday,ISLINGTON STATION,SUEAS,16,20,W,BD,5055
4/18/2021,14:42,Sunday,WARDEN STATION,MUIS,0,0,,BD,0
4/18/2021,14:43,Sunday,ST CLAIR STATION,SUDP,0,0,N,YU,5501
4/18/2021,14:51,Sunday,FINCH WEST STATION,MUPAA,7,12,N,YU,5661
4/18/2021,16:11,Sunday,FINCH STATION,SUDP,5,10,S,YU,5921
4/18/2021,16:15,Sunday,SHEPPARD STATION,MUSC,0,0,N,YU,5501
4/18/2021,16:22,Sunday,VAUGHAN MC STATION,MUNOA,5,10,S,YU,5566
4/18/2021,17:43,Sunday,DUNDAS WEST STATION,MUIR,9,13,W,BD,5186
4/18/2021,18:16,Sunday,DONLANDS STATION,SUDP,6,10,E,BD,5330
4/18/2021,19:40,Sunday,KENNEDY BD STATION,MUI,4,8,E,BD,5033
4/18/2021,20:43,Sunday,WELLESLEY STATION,MUPAA,5,12,S,YU,5896
4/18/2021,22:00,Sunday,YONGE-UNIVERSITY AND B,MUO,0,0,,YU/BD,0
4/18/2021,22:38,Sunday,CHRISTIE STATION,SUO,0,0,E,BD,5165
4/18/2021,22:59,Sunday,YONGE BD STATION,MUDD,0,0,E,BD,5330
4/18/2021,23:20,Sunday,DUNDAS STATION,SUUT,0,0,N,YU,5986
4/18/2021,23:29,Sunday,ST GEORGE YUS STATION,SUO,0,0,S,YU,0
4/19/2021,02:00,Monday,SHEPPARD STATION,TUSC,0,0,S,YU,5846
4/19/2021,06:00,Monday,ST GEORGE YUS STATION,MUO,0,0,,YU,0
4/19/2021,06:07,Monday,MCCOWAN STATION,MRCL,5,10,S,SRT,3016
4/19/2021,07:11,Monday,KEELE STATION,PUSTS,4,8,E,BD,5110
4/19/2021,07:47,Monday,KENNEDY BD STATION,MUSAN,4,8,W,BD,5109
4/19/2021,07:47,Monday,SHEPPARD STATION,MUSC,4,8,N,YU,5501
4/19/2021,10:25,Monday,FINCH STATION,MUTO,3,7,N,YU,0
4/19/2021,10:33,Monday,ST ANDREW STATION,MUATC,5,9,S,YU,5946
4/19/2021,11:17,Monday,DUNDAS WEST STATION,PUTO,3,7,E,BD,5259
4/19/2021,11:20,Monday,DON MILLS STATION,TUMVS,0,0,E,SHP,6156
4/19/2021,11:48,Monday,COXWELL STATION,TUNIP,4,8,W,BD,5306
4/19/2021,13:41,Monday,BLOOR STATION,SUAE,15,19,S,YU,5846
4/19/2021,13:43,Monday,YONGE BD STATION,SUDP,13,17,W,BD,5114
4/19/2021,15:21,Monday,ST GEORGE YUS STATION,SUAP,0,0,,YU,0
4/19/2021,15:39,Monday,GREENWOOD STATION,MUTO,0,0,E,BD,5108
4/19/2021,15:43,Monday,KIPLING STATION,MUTO,4,8,E,BD,5090
4/19/2021,16:03,Monday,KENNEDY BD STATION,MUTO,4,8,W,BD,5157
4/19/2021,16:49,Monday,PAPE STATION,SUO,0,0,,BD,0
4/19/2021,18:13,Monday,YORK MILLS STATION,SUDP,0,0,S,YU,6011
4/19/2021,18:24,Monday,KING STATION,MUIRS,0,0,S,YU,0
4/19/2021,18:35,Monday,BATHURST STATION,MUPAA,3,7,W,BD,5084
4/19/2021,18:48,Monday,KENNEDY BD STATION,MUD,4,8,W,BD,5055
4/19/2021,18:54,Monday,ST ANDREW STATION,MUPAA,0,0,S,YU,5856
4/19/2021,19:07,Monday,WILSON STATION,SUUT,0,0,S,YU,5586
4/19/2021,19:49,Monday,KENNEDY BD STATION,SUO,0,0,E,BD,0
4/19/2021,20:38,Monday,DAVISVILLE STATION,SUDP,0,0,S,YU,5961
4/19/2021,20:45,Monday,SUMMERHILL STATION,SUDP,5,12,S,YU,5961
4/19/2021,20:49,Monday,DUNDAS WEST STATION,SUPOL,3,10,W,BD,5257
4/19/2021,20:57,Monday,ROSEDALE STATION,MUPAA,0,0,N,YU,5506
4/19/2021,21:01,Monday,ROSEDALE STATION,MUPAA,3,10,N,YU,5461
4/19/2021,21:05,Monday,QUEEN STATION,MUIS,0,0,,YU,0
4/19/2021,22:00,Monday,YONGE-UNIVERSITY AND B,MUO,0,0,,YU/BD,0
4/19/2021,23:00,Monday,SHEPPARD WEST TO LAWRE,MUO,0,0,,,0
4/19/2021,23:24,Monday,ST CLAIR STATION,MUIS,0,0,,YU,0
4/19/2021,23:30,Monday,GREENWOOD STATION,SUDP,0,0,,BD,0
4/19/2021,23:50,Monday,KIPLING STATION,EUVA,7,14,W,BD,5064
4/20/2021,01:52,Tuesday,KIPLING TO ISLINGTON,SUEAS,12,19,W,BD,5230
4/20/2021,02:21,Tuesday,FINCH STATION,MUIS,0,0,,YU,0
4/20/2021,04:46,Tuesday,EGLINTON STATION,PUTOE,0,0,S,YU,0
4/20/2021,04:51,Tuesday,OSGOODE STATION,PUTWZ,0,0,N,YU,0
4/20/2021,05:41,Tuesday,LAWRENCE STATION,PUSTS,0,0,S,YU,5851
4/20/2021,06:00,Tuesday,ST GEORGE YUS STATION,MUO,0,0,,YU,0
4/20/2021,06:40,Tuesday,ST GEORGE YUS STATION,EUPI,5,10,N,YU,5576
4/20/2021,07:10,Tuesday,BLOOR STATION,MUIS,0,0,,YU,0
4/20/2021,08:15,Tuesday,YONGE BD STATION,MUDD,4,8,W,BD,5228
4/20/2021,08:53,Tuesday,SHEPPARD STATION,MUSC,0,0,N,YU,5906
4/20/2021,09:07,Tuesday,WELLESLEY STATION,MUPLC,4,8,N,YU,5911
4/20/2021,09:56,Tuesday,KIPLING STATION,EUNT,4,8,E,BD,5186
4/20/2021,10:13,Tuesday,ROSEDALE STATION,MUATC,4,8,S,YU,5826
4/20/2021,10:42,Tuesday,MCCOWAN STATION,MRSAN,5,10,S,SRT,3012
4/20/2021,10:46,Tuesday,CHRISTIE STATION,SUAP,0,0,,BD,0
4/20/2021,11:11,Tuesday,KIPLING STATION,SUDP,4,8,E,BD,5325
4/20/2021,11:28,Tuesday,KIPLING STATION,SUDP,4,8,E,BD,5069
4/20/2021,11:33,Tuesday,WILSON STATION,SUDP,5,10,S,YU,5591
4/20/2021,11:50,Tuesday,DON MILLS STATION,MUIE,0,0,W,SHP,6181
4/20/2021,12:01,Tuesday,FINCH STATION,MUPAA,0,0,N,YU,5456
4/20/2021,12:28,Tuesday,FINCH STATION,TUO,3,6,S,YU,5406
4/20/2021,12:34,Tuesday,FINCH STATION,TUNIP,4,8,S,YU,6111
4/20/2021,12:39,Tuesday,SHEPPARD STATION,MUSC,0,0,N,YU,5976
4/20/2021,12:44,Tuesday,ST ANDREW STATION,PUMEL,0,0,,YU,0
4/20/2021,12:54,Tuesday,ROSEDALE STATION,MUATC,4,8,S,YU,5401
4/20/2021,13:37,Tuesday,YORK MILLS STATION,TUOS,4,7,S,YU,5506
4/20/2021,13:43,Tuesday,WILSON STATION,MUPAA,0,0,N,YU,5776
4/20/2021,13:56,Tuesday,WARDEN STATION,SUDP,4,8,W,BD,5156
4/20/2021,15:17,Tuesday,PAPE STATION,MUIRS,0,0,,BD,0
4/20/2021,16:04,Tuesday,SCARBOROUGH CTR STATIO,ERDO,4,9,S,SRT,3012
4/20/2021,16:45,Tuesday,KENNEDY BD STATION,EUBO,4,8,E,BD,5102
4/20/2021,16:49,Tuesday,DUNDAS STATION,MUPAA,4,7,N,YU,5911
4/20/2021,17:07,Tuesday,KIPLING STATION,MUPAA,4,8,E,BD,5291
4/20/2021,17:48,Tuesday,LAWRENCE STATION,PUSTS,3,7,S,YU,5901
4/20/2021,17:48,Tuesday,ROSEDALE STATION,SUDP,3,7,N,YU,5821
4/20/2021,18:14,Tuesday,GREENWOOD YARD,MUIE,0,0,,BD,0
4/20/2021,18:18,Tuesday,SPADINA YUS STATION,PUMEL,0,0,N,YU,0
4/20/2021,18:21,Tuesday,ST CLAIR WEST STATION,SUUT,14,19,S,YU,5421
4/20/2021,18:34,Tuesday,KIPLING STATION,EUNT,4,8,E,BD,5066
4/20/2021,19:07,Tuesday,UNION TO ST ANDREW,SUDP,3,8,N,YU,5916
4/20/2021,19:09,Tuesday,SUMMERHILL STATION,SUDP,0,0,S,YU,5901
4/20/2021,19:53,Tuesday,HIGH PARK STATION,PUMO,0,0,,BD,0
4/20/2021,20:51,Tuesday,WARDEN STATION,MUIRS,0,0,,BD,0
4/20/2021,21:29,Tuesday,SPADINA BD STATION,MUIS,0,0,,BD,0
4/20/2021,22:00,Tuesday,YONGE-UNIVERSITY AND B,MUO,0,0,,YU/BD,0
4/20/2021,23:00,Tuesday,SHEPPARD WEST TO LAWRE,MUO,0,0,,YU,0
4/20/2021,23:07,Tuesday,ST ANDREW STATION,MUI,11,18,S,YU,5466
4/20/2021,23:44,Tuesday,KENNEDY BD STATION,MUIR,7,14,E,BD,5231
4/21/2021,01:24,Wednesday,ST ANDREW STATION,MUPAA,0,0,S,YU,5821
4/21/2021,01:35,Wednesday,COXWELL STATION,MUI,9,16,W,BD,5189
4/21/2021,01:50,Wednesday,SHEPPARD WEST STATION,MUIS,0,0,,YU,0
4/21/2021,04:06,Wednesday,BROADVIEW STATION,PUMEL,0,0,,BD,0
4/21/2021,05:55,Wednesday,KEELE STATION,MUCL,5,10,W,BD,5257
4/21/2021,06:00,Wednesday,YONGE UNIVERSITY SUBWA,MUO,0,0,,YU,0
4/21/2021,06:22,Wednesday,FINCH STATION,MUTO,0,0,S,YU,5461
4/21/2021,06:33,Wednesday,ROSEDALE STATION,MUSC,0,0,N,YU,5986
4/21/2021,06:36,Wednesday,ST GEORGE BD STATION,MUDD,3,8,E,BD,5149
4/21/2021,06:54,Wednesday,BROADVIEW STATION,SUDP,0,0,W,BD,0
4/21/2021,08:34,Wednesday,LANSDOWNE STATION,SUO,6,10,E,BD,5291
4/21/2021,08:50,Wednesday,VICTORIA PARK STATION,SUO,4,8,W,BD,5257
4/21/2021,09:06,Wednesday,SHEPPARD STATION,MUSC,0,0,N,YU,5821
4/21/2021,09:19,Wednesday,SHEPPARD STATION,SUO,0,0,N,YU,5501
4/21/2021,09:30,Wednesday,FINCH STATION,MUSAN,4,8,S,YU,5506
4/21/2021,09:42,Wednesday,COLLEGE STATION,MUPAA,0,0,S,YU,6111
4/21/2021,09:48,Wednesday,WOODBINE STATION,SUAE,0,0,,BD,0
4/21/2021,09:58,Wednesday,SPADINA YUS STATION,MUPAA,0,0,N,YU,5471
4/21/2021,10:21,Wednesday,MAIN STREET STATION,MUPAA,0,0,W,BD,5102
4/21/2021,12:14,Wednesday,BLOOR STATION,SUDP,3,7,S,YU,5456
4/21/2021,14:28,Wednesday,DONLANDS STATION,MUIS,0,0,,BD,0
4/21/2021,14:57,Wednesday,SPADINA YUS STATION,SUDP,5,10,N,YU,5611
4/21/2021,15:07,Wednesday,ISLINGTON STATION,SUDP,3,7,E,BD,5328
4/21/2021,15:09,Wednesday,ST CLAIR STATION,SUDP,4,8,S,YU,6126
4/21/2021,15:25,Wednesday,FINCH STATION,TUNIP,6,10,S,YU,5401
4/21/2021,15:34,Wednesday,EGLINTON WEST STATION,MUATC,0,0,N,YU,6041
4/21/2021,16:18,Wednesday,ST GEORGE YUS STATION,MUIR,3,8,S,YU,5616
4/21/2021,16:22,Wednesday,DUNDAS STATION,SUO,0,0,,YU,0
4/21/2021,16:25,Wednesday,COLLEGE STATION,SUDP,0,0,N,YU,5456
4/21/2021,16:49,Wednesday,BLOOR STATION,MUD,3,7,S,YU,6056
4/21/2021,17:32,Wednesday,WARDEN STATION,SUDP,0,0,,BD,0
4/21/2021,17:44,Wednesday,EGLINTON WEST STATION,MUPAA,0,0,N,YU,5611
4/21/2021,17:50,Wednesday,WILSON STATION,PUMEL,0,0,,YU,0
4/21/2021,17:58,Wednesday,FINCH STATION,MUPAA,0,0,N,YU,5821
4/21/2021,18:02,Wednesday,ROSEDALE STATION,SUAP,6,10,N,YU,5501
4/21/2021,18:31,Wednesday,WELLESLEY STATION,SUDP,0,0,N,YU,5856
4/21/2021,18:59,Wednesday,VICTORIA PARK STATION,MUPAA,5,9,W,BD,5090
4/21/2021,19:00,Wednesday,OLD MILL STATION,SUAE,7,11,E,BD,5077
4/21/2021,19:49,Wednesday,KIPLING STATION,TUO,5,12,E,BD,5149
4/21/2021,20:30,Wednesday,COLLEGE STATION,SUAP,14,21,N,YU,5501
4/21/2021,21:03,Wednesday,QUEEN STATION,MUNCA,0,0,S,YU,0
4/21/2021,21:52,Wednesday,BLOOR STATION,MUIS,0,0,,YU,0
4/21/2021,22:00,Wednesday,YONGE UNIVERSITY AND B,MUO,0,0,,YU/BD,0
4/21/2021,22:31,Wednesday,COLLEGE STATION,MUD,0,0,N,YU,5855
4/21/2021,23:00,Wednesday,SHEPPARD WEST TO LAWRE,MUO,0,0,,YU,0
4/21/2021,23:26,Wednesday,QUEEN STATION,PUMEL,0,0,,YU,0
4/22/2021,00:38,Thursday,SHEPPARD WEST STATION,MUIS,0,0,,YU,0
4/22/2021,00:43,Thursday,FINCH STATION,TUO,7,14,S,YU,6081
4/22/2021,01:51,Thursday,DUNDAS WEST STATION,MUIS,0,0,,BD,0
4/22/2021,01:57,Thursday,FINCH STATION,MUIS,0,0,S,YU,0
4/22/2021,02:15,Thursday,YORK MILLS STATION,MUPAA,0,0,N,YU,5856
4/22/2021,04:47,Thursday,GUNN BUILDING,PUSZC,0,0,,YU,0
4/22/2021,05:38,Thursday,DAVISVILLE STATION,PUTO,6,0,N,YU,5466
4/22/2021,05:42,Thursday,FINCH STATION,SUDP,0,0,,YU,0
4/22/2021,06:01,Thursday,DAVISVILLE STATION,PUSSW,5,10,N,YU,6111
4/22/2021,06:04,Thursday,DAVISVILLE STATION,PUSSW,3,6,S,YU,5901
4/22/2021,06:37,Thursday,CHESTER CENTRE TRACK,EUSC,0,0,W,BD,5286
4/22/2021,08:03,Thursday,BLOOR STATION,SUSA,0,0,,YU,0
4/22/2021,08:52,Thursday,RUNNYMEDE STATION,MUIRS,0,0,,BD,0
4/22/2021,09:40,Thursday,OSGOODE STATION,SUDP,3,6,N,YU,5901
4/22/2021,10:46,Thursday,ISLINGTON STATION,MUIRS,6,10,W,BD,5266
4/22/2021,11:31,Thursday,KENNEDY BD STATION,TUO,6,10,W,BD,5350
4/22/2021,12:34,Thursday,DUNDAS STATION,SUUT,14,17,N,YU,5581
4/22/2021,12:35,Thursday,JANE STATION,EUBO,4,8,E,BD,5069
4/22/2021,12:57,Thursday,KIPLING STATION,SUO,0,0,,BD,0
4/22/2021,12:59,Thursday,BLOOR STATION,MUPAA,5,8,N,YU,5676
4/22/2021,13:10,Thursday,FINCH STATION,MUSAN,3,6,S,YU,5606
4/22/2021,13:33,Thursday,COXWELL STATION,SUDP,4,8,W,BD,5245
4/22/2021,14:01,Thursday,COXWELL STATION,TUNIP,3,7,W,BD,5358
4/22/2021,14:20,Thursday,SPADINA BD STATION,SUDP,13,17,W,BD,5358
4/22/2021,14:29,Thursday,EGLINTON WEST STATION,SUDP,0,0,N,YU,5826
4/22/2021,14:50,Thursday,CHRISTIE STATION,MUSC,0,0,E,BD,5230
4/22/2021,15:14,Thursday,DUPONT STATION,MUPAA,0,0,N,YU,5951
4/22/2021,15:58,Thursday,KIPLING STATION,MUTO,5,9,E,BD,5212
4/22/2021,16:04,Thursday,DAVISVILLE STATION,MUPAA,0,0,N,YU,5891
4/22/2021,16:09,Thursday,FINCH STATION,MUSC,0,0,S,YU,5496
4/22/2021,16:43,Thursday,SPADINA YU STATION,MUIS,0,0,,YU,0
4/22/2021,16:55,Thursday,DUFFERIN STATION,SUDP,0,0,,BD,0
4/22/2021,17:16,Thursday,BLOOR STATION,SUDP,0,0,N,YU,6531
4/22/2021,17:16,Thursday,YONGE BD STATION,SUDP,0,0,W,BD,5066
4/22/2021,17:45,Thursday,CASTLE FRANK STATION,SUAP,0,0,,BD,0
4/22/2021,18:12,Thursday,YORKDALE STATION,SUO,0,0,,YU,0
4/22/2021,18:50,Thursday,SPADINA BD STATION,TUNCA,0,0,,BD,0
4/22/2021,18:56,Thursday,FINCH WEST STATION,SUDP,6,11,N,YU,5916
4/22/2021,19:54,Thursday,COLLEGE STATION,MUPAA,0,0,S,YU,5921
4/22/2021,20:06,Thursday,BLOOR STATION,MUIRS,0,0,S,YU,0
4/22/2021,20:06,Thursday,ROSEDALE STATION,MUATC,9,14,S,YU,5401
4/22/2021,20:16,Thursday,VAUGHAN MC STATION,TUNIP,3,8,S,YU,5891
4/22/2021,21:30,Thursday,KENNEDY BD STATION,MUIR,3,10,W,BD,5102
4/22/2021,21:36,Thursday,KING STATION,PUTO,4,10,N,YU,5926
4/22/2021,21:37,Thursday,YONGE BD STATION,MUD,3,10,W,BD,5257
4/22/2021,22:00,Thursday,YONGE-UNIVERSITY AND B,MUO,0,0,,YU/BD,0
4/22/2021,22:26,Thursday,SHEPPARD WEST STATION,MUIS,0,0,,YU,0
4/22/2021,23:00,Thursday,SHEPPARD WEST TO LAWRE,MUO,0,0,,YU,0
4/22/2021,23:28,Thursday,MCCOWAN STATION,PRSW,12,19,S,SRT,3022
4/22/2021,23:53,Thursday,WILSON YARD,MUIE,0,0,,YU,0
4/23/2021,00:18,Friday,WELLESLEY STATION,MUIS,3,10,N,YU,5551
4/23/2021,01:45,Friday,FINCH STATION,SUDP,0,0,N,YU,5431
4/23/2021,06:25,Friday,MCCOWAN STATION,PRSW,80,85,S,SRT,3022
4/23/2021,07:37,Friday,BAY STATION,SUDP,0,0,E,BD,5029
4/23/2021,07:37,Friday,EGLINTON STATION,MUIRS,0,0,,YU,0
4/23/2021,07:54,Friday,FINCH STATION,EUSC,0,0,S,YU,5726
4/23/2021,08:02,Friday,ISLINGTON STATION,MUTO,3,7,E,BD,5322
4/23/2021,10:04,Friday,DUNDAS STATION,MUIS,0,0,N,YU,0
4/23/2021,10:21,Friday,LAWRENCE STATION,PUTO,24,27,N,YU,5431
4/23/2021,10:32,Friday,KEELE STATION,TUOS,4,8,W,BD,5186
4/23/2021,10:41,Friday,VAUGHAN MC STATION,MUATC,3,6,S,YU,5446
4/23/2021,11:47,Friday,ELLESMERE STATION,TRO,10,15,N,SRT,3019
4/23/2021,12:07,Friday,MCCOWAN STATION,TRO,11,16,S,SRT,3020
4/23/2021,12:08,Friday,FINCH STATION,MUSC,0,0,S,YU,5686
4/23/2021,12:13,Friday,SHEPPARD WEST STATION,MUIS,0,0,,YU,0
4/23/2021,12:41,Friday,OSGOODE STATION,MUATC,3,6,N,YU,5686
4/23/2021,13:24,Friday,BLOOR STATION,MUIRS,0,0,S,YU,0
4/23/2021,13:59,Friday,HIGHWAY 407 STATION,MUIE,0,0,,YU,0
4/23/2021,14:20,Friday,BATHURST STATION,MUPAA,4,8,E,BD,5177
4/23/2021,14:31,Friday,ROSEDALE STATION,MUSAN,4,7,S,YU,6126
4/23/2021,15:16,Friday,BLOOR STATION,PUTR,5,8,S,YU,5946
4/23/2021,15:18,Friday,BAY STATION,MUIS,0,0,,BD,0
4/23/2021,15:38,Friday,KIPLING STATION,MUTO,4,8,E,BD,5169
4/23/2021,16:31,Friday,DUNDAS STATION,SUDP,0,0,N,YU,0
4/23/2021,18:24,Friday,ST CLAIR WEST STATION,MUIRS,0,0,,YU,0
4/23/2021,19:29,Friday,BLOOR STATION,MUIRS,0,0,,YU,0
4/23/2021,20:27,Friday,LAWRENCE WEST STATION,MUIS,0,0,S,YU,0
4/23/2021,20:35,Friday,NORTH YORK CTR STATION,SUDP,0,0,N,YU,5451
4/23/2021,21:47,Friday,DUNDAS WEST STATION,SUAE,13,20,W,BD,5024
4/23/2021,22:00,Friday,YONGE-UNIVERSITY AND B,MUO,0,0,,YU/BD,0
4/24/2021,00:14,Saturday,CHESTER STATION,MUSAN,7,13,E,BD,5174
4/24/2021,00:39,Saturday,HIGH PARK STATION,MUIS,0,0,W,BD,5143
4/24/2021,02:53,Saturday,KIPLING STATION,SUUT,0,0,,BD,0
4/24/2021,05:47,Saturday,DON MILLS STATION,EUBK,3,7,W,SHP,6196
4/24/2021,05:56,Saturday,KEELE STATION,EULV,15,20,E,BD,5169
4/24/2021,06:00,Saturday,YONGE UNIVERSITY SUBWA,MUO,0,0,,YU,0
4/24/2021,06:01,Saturday,KEELE STATION,EUCD,5,10,W,BD,5169
4/24/2021,06:04,Saturday,KENNEDY BD STATION,EUME,5,10,W,BD,5266
4/24/2021,06:21,Saturday,HIGH PARK STATION,MUO,15,0,E,BD,5196
4/24/2021,06:43,Saturday,QUEEN'S PARK STATION,MUIS,0,0,,YU,0
4/24/2021,09:45,Saturday,ST CLAIR STATION,MUIR,19,25,N,YU,6111
4/24/2021,10:20,Saturday,KEELE STATION,PUSTC,0,0,E,BD,5156
4/24/2021,10:22,Saturday,ST CLAIR STATION,MUATC,18,24,S,YU,5741
4/24/2021,10:32,Saturday,KENNEDY BD STATION,PUSTC,0,0,E,BD,5234
4/24/2021,11:28,Saturday,QUEEN'S PARK STATION,EUBK,0,0,N,YU,5616
4/24/2021,12:42,Saturday,GREENWOOD STATION,TUNOA,4,8,E,BD,0
4/24/2021,12:49,Saturday,KENNEDY BD STATION,TUNOA,4,8,W,BD,0
4/24/2021,13:18,Saturday,SPADINA YUS STATION,MUNCA,0,0,,YU,0
4/24/2021,17:17,Saturday,QUEEN STATION,MUNCA,0,0,,YU,0
4/24/2021,17:56,Saturday,VICTORIA PARK STATION,EUBO,5,9,W,BD,5234
4/24/2021,18:14,Saturday,COXWELL STATION,MUPAA,0,0,E,BD,5368
4/24/2021,19:21,Saturday,YORK UNIVERSITY STATIO,MUIS,0,0,S,YU,6086
4/24/2021,20:44,Saturday,OSSINGTON STATION,MUTO,6,12,E,BD,5134
4/24/2021,20:57,Saturday,SHEPPARD-YONGE STATION,TUSC,0,0,W,SHP,6186
4/24/2021,21:21,Saturday,OSSINGTON STATION,MUI,22,28,E,BD,5261
4/24/2021,22:00,Saturday,YONGE-UNIVERSITY AND B,MUO,0,0,,YU/BD,0
4/25/2021,00:06,Sunday,VAUGHAN MC STATION,TUNIP,7,12,S,YU,5431
4/25/2021,00:25,Sunday,KENNEDY BD STATION,PUSSW,30,35,W,BD,5303
4/25/2021,01:33,Sunday,CHESTER STATION,MUIR,3,8,W,BD,5189
4/25/2021,02:07,Sunday,WARDEN STATION,SUPOL,17,23,E,BD,5325
4/25/2021,07:49,Sunday,FINCH STATION,SUAE,0,0,,YU,0
4/25/2021,08:00,Sunday,YONGE UNIVERSITY SUBWA,MUO,0,0,,YU,0
4/25/2021,08:11,Sunday,MAIN STREET STATION,EUCD,4,0,W,BD,5189
4/25/2021,08:25,Sunday,BROADVIEW STATION,EUOE,44,48,W,BD,5189
4/25/2021,09:00,Sunday,ST CLAIR STATION,EUSC,0,0,S,YU,5726
4/25/2021,10:51,Sunday,MAIN STREET STATION,MUSC,0,0,W,BD,5303
4/25/2021,10:55,Sunday,KEELE STATION,PUTIJ,0,0,E,BD,5218
4/25/2021,11:05,Sunday,ST CLAIR STATION,EUSC,0,0,S,YU,5726
4/25/2021,11:23,Sunday,KIPLING STATION,TUMVS,0,0,W,BD,5333
4/25/2021,11:58,Sunday,WARDEN STATION,MUTO,4,8,E,BD,5147
4/25/2021,12:30,Sunday,CHRISTIE STATION,SUUT,15,19,E,BD,5081
4/25/2021,14:37,Sunday,MAIN STREET STATION,SUAP,0,0,,BD,0
4/25/2021,15:26,Sunday,DUNDAS WEST STATION,SUPOL,10,14,W,BD,5147
4/25/2021,16:08,Sunday,OSSINGTON STATION,SUDP,4,10,E,BD,5108
4/25/2021,16:53,Sunday,QUEEN STATION,SUDP,0,0,N,YU,5681
4/25/2021,17:07,Sunday,BLOOR STATION,MUIS,0,0,,YU,0
4/25/2021,21:56,Sunday,VICTORIA PARK STATION,MUIS,0,0,,BD,0
4/25/2021,22:00,Sunday,YONGE-UNIVERSITY AND B,MUO,0,0,,YU/BD,0
4/25/2021,22:32,Sunday,QUEEN STATION,PUTDN,5,10,S,YU,5831
4/25/2021,22:58,Sunday,UNION STATION,MUIS,0,0,,YU,0
4/25/2021,23:35,Sunday,EGLINTON STATION,MUIS,0,0,,YU,0
4/26/2021,00:57,Monday,ST CLAIR WEST STATION,SUDP,7,14,S,YU,6086
4/26/2021,01:00,Monday,SPADINA BD STATION,SUUT,3,10,E,BD,5073
4/26/2021,01:16,Monday,QUEEN STATION,SUDP,3,10,S,YU,5731
4/26/2021,01:30,Monday,GLENCAIRN STATION,PUSCA,4,11,N,YU,6091
4/26/2021,02:00,Monday,WOODBINE STATION,MUPAA,0,0,E,BD,5116
4/26/2021,04:36,Monday,QUEEN'S PARK STATION,SUUT,0,0,N,YU,0
4/26/2021,05:12,Monday,LAWRENCE EAST STATION,TRNCA,0,0,,SRT,0
4/26/2021,05:33,Monday,CHRISTIE STATION,MUNCA,0,0,,BD,0
4/26/2021,05:44,Monday,EGLINTON STATION,PUSTS,3,7,S,YU,6076
4/26/2021,06:00,Monday,SHEPPARD WEST TO WILSO,MUO,0,0,,YU,0
4/26/2021,06:13,Monday,DAVISVILLE STATION,PUSI,0,0,N,YU,5651
4/26/2021,06:19,Monday,FINCH STATION,TUMVS,0,0,N,YU,5691
4/26/2021,06:27,Monday,EGLINTON STATION,TUMVS,0,0,S,YU,5976
4/26/2021,06:37,Monday,LANSDOWNE STATION,MUIE,0,0,E,BD,5086
4/26/2021,07:51,Monday,PAPE STATION,SUDP,3,7,W,BD,5004
4/26/2021,08:06,Monday,FINCH STATION,EUSC,4,8,S,YU,5726
4/26/2021,09:22,Monday,LAWRENCE WEST STATION,SUAP,4,8,N,YU,6091
4/26/2021,09:22,Monday,RUNNYMEDE STATION,SUO,5,9,E,BD,5073
4/26/2021,11:00,Monday,SHEPPARD STATION,MUO,4,8,N,YU,6046
4/26/2021,11:27,Monday,WILSON STATION,PUTWZ,7,11,S,YU,5976
4/26/2021,11:55,Monday,EGLINTON WEST STATION,MUI,16,20,S,YU,5651
4/26/2021,12:54,Monday,KENNEDY BD STATION,MUTD,8,12,W,BD,5316
4/26/2021,13:46,Monday,LAWRENCE STATION,MUIR,6,10,S,YU,6111
4/26/2021,14:06,Monday,SHEPPARD STATION,SUDP,4,8,S,YU,5876
4/26/2021,14:31,Monday,BLOOR STATION,SUDP,4,8,S,YU,5876
4/26/2021,14:41,Monday,UNION STATION,SUDP,14,18,N,YU,5876
4/26/2021,15:01,Monday,MCCOWAN STATION,TRNIP,5,10,S,SRT,3027
4/26/2021,15:10,Monday,KING STATION,PUMEL,0,0,,YU,0
4/26/2021,15:25,Monday,ST GEORGE YUS STATION,MUPAA,0,0,N,YU,6091
4/26/2021,16:22,Monday,FINCH STATION,MUSAN,4,8,S,YU,5686
4/26/2021,16:44,Monday,WILSON STATION,MUIS,0,0,,YU,0
4/26/2021,16:49,Monday,DONLANDS STATION,MUI,0,0,E,BD,5200
4/26/2021,17:03,Monday,QUEEN STATION,MUNCA,0,0,,YU,0
4/26/2021,17:14,Monday,ST CLAIR WEST STATION,MUIRS,0,0,,YU,0
4/26/2021,17:46,Monday,OLD MILL STATION,SUDP,8,12,E,BD,5250
4/26/2021,18:59,Monday,KENNEDY SRT STATION,ERDO,13,18,S,SRT,3026
4/26/2021,19:31,Monday,SHERBOURNE STATION,PUMEL,0,0,,BD,0
4/26/2021,19:34,Monday,SHEPPARD STATION,MUIS,0,0,,YU,0
4/26/2021,20:43,Monday,ELLESMERE STATION,ERDO,9,14,S,SRT,3026
4/26/2021,21:25,Monday,WELLESLEY STATION,MUPAA,3,10,S,YU,5726
4/26/2021,21:28,Monday,BAY STATION,MUIS,0,0,,BD,0
4/26/2021,21:29,Monday,KENNEDY BD STATION,EUDO,7,14,W,BD,5200
4/26/2021,21:51,Monday,DON MILLS STATION,TUSC,0,0,W,SHP,6141
4/26/2021,22:00,Monday,YONGE-UNIVERSITY AND B,MUO,0,0,,YU/BD,0
4/26/2021,22:53,Monday,SUMMERHILL STATION,SUDP,19,26,S,YU,5696
4/27/2021,00:37,Tuesday,COXWELL STATION,MUIS,0,0,,BD,0
4/27/2021,00:38,Tuesday,OSGOODE STATION,MUIR,7,15,S,YU,5396
4/27/2021,00:48,Tuesday,MCCOWAN YARD,SRO,0,0,,SRT,3022
4/27/2021,01:56,Tuesday,FINCH STATION,SUAE,0,0,,YU,0
4/27/2021,02:35,Tuesday,KIPLING STATION,MUIS,0,0,,BD,0
4/27/2021,05:57,Tuesday,EGLINTON STATION,MUTO,3,7,N,YU,5431
4/27/2021,06:00,Tuesday,SHEPPARD WEST TO WILSO,MUO,0,0,,YU,0
4/27/2021,06:00,Tuesday,TORONTO TRANSIT COMMIS,MRO,0,0,,SRT,0
4/27/2021,06:00,Tuesday,TORONTO TRANSIT COMMIS,MUO,0,0,,YU,0
4/27/2021,06:00,Tuesday,TORONTO TRANSIT COMMIS,MUO,0,0,,SHP,0
4/27/2021,06:13,Tuesday,WILSON STATION,MUO,4,8,S,YU,5641
4/27/2021,06:15,Tuesday,EGLINTON STATION,SUG,3,6,N,YU,5381
4/27/2021,07:06,Tuesday,QUEEN STATION,MUI,18,22,S,YU,5761
4/27/2021,08:19,Tuesday,YONGE BD STATION,TUMVS,9,13,W,BD,5160
4/27/2021,08:52,Tuesday,KIPLING STATION,TUO,4,8,E,BD,5232
4/27/2021,09:03,Tuesday,WILSON STATION,MUATC,4,8,S,YU,5901
4/27/2021,09:08,Tuesday,KEELE STATION,SUDP,0,0,,BD,0
4/27/2021,09:45,Tuesday,SPADINA BD STATION,SUUT,3,7,E,BD,5205
4/27/2021,12:13,Tuesday,CASTLE FRANK STATION,MUDD,3,7,E,BD,5180
4/27/2021,12:49,Tuesday,DONLANDS STATION,MUIRS,0,0,,BD,0
4/27/2021,13:32,Tuesday,EGLINTON WEST STATION,MUIR,10,14,S,YU,5431
4/27/2021,13:33,Tuesday,OSSINGTON STATION,MUIS,0,0,,BD,0
4/27/2021,14:43,Tuesday,ST CLAIR WEST STATION,MUSAN,4,8,S,YU,5706
4/27/2021,15:53,Tuesday,WILSON STATION,TUNIP,6,10,S,YU,5601
4/27/2021,16:04,Tuesday,BLOOR STATION,MUIS,0,0,,YU,0
4/27/2021,17:01,Tuesday,CASTLE FRANK STATION,SUAP,0,0,E,BD,5283
4/27/2021,17:29,Tuesday,UNION STATION,MUIR,0,0,N,YU,5976
4/27/2021,17:59,Tuesday,YORK MILLS STATION,MUSC,0,0,N,YU,5481
4/27/2021,18:03,Tuesday,SPADINA YUS STATION,SUUT,5,9,S,YU,6116
4/27/2021,18:05,Tuesday,ST GEORGE YUS STATION,MUWR,7,11,S,YU,6116
4/27/2021,18:50,Tuesday,DUNDAS STATION,MUIS,0,0,S,YU,0
4/27/2021,19:16,Tuesday,VICTORIA PARK STATION,PUSTS,0,0,E,BD,5196
4/27/2021,19:31,Tuesday,VICTORIA PARK STATION,TUMVS,0,0,E,BD,5033
4/27/2021,19:52,Tuesday,COXWELL STATION,SUDP,9,16,W,BD,5172
4/27/2021,21:23,Tuesday,QUEEN'S PARK STATION,SUDP,0,0,N,YU,5961
4/27/2021,22:00,Tuesday,YONGE-UNIVERSITY AND B,MUO,0,0,,YU/BD,0
4/27/2021,22:19,Tuesday,EGLINTON WEST STATION,MUATC,5,13,N,YU,5386
4/28/2021,00:48,Wednesday,KIPLING STATION,MUTO,8,15,E,BD,5189
4/28/2021,01:47,Wednesday,WILSON STATION,MUIS,0,0,,YU,0
4/28/2021,02:24,Wednesday,SHEPPARD STATION,MUIS,0,0,,YU,0
4/28/2021,02:54,Wednesday,FINCH STATION,MUIS,0,0,,YU,0
4/28/2021,05:43,Wednesday,WARDEN STATION,MUPAA,0,0,W,BD,5287
4/28/2021,06:00,Wednesday,SHEPPARD WEST TO WILSO,MUO,0,0,,YU,0
4/28/2021,06:00,Wednesday,TORONTO TRANSIT COMMIS,MRO,0,0,,SRT,0
4/28/2021,06:00,Wednesday,TORONTO TRANSIT COMMIS,MUO,0,0,,YU,0
4/28/2021,06:00,Wednesday,TORONTO TRANSIT COMMIS,MUO,0,0,,SHP,0
4/28/2021,06:03,Wednesday,EGLINTON STATION,EUVA,4,8,N,YU,5926
4/28/2021,06:10,Wednesday,WILSON STATION,MUATC,4,8,S,YU,5476
4/28/2021,06:11,Wednesday,VAUGHAN MC STATION,MUCL,4,8,S,YU,5891
4/28/2021,06:11,Wednesday,WILSON STATION,MUATC,4,8,S,YU,5691
4/28/2021,06:17,Wednesday,EGLINTON STATION,MUIS,0,0,,YU,0
4/28/2021,06:34,Wednesday,WILSON YARD,MUO,0,0,,YU,0
4/28/2021,06:43,Wednesday,ROSEDALE STATION,MUATC,8,12,S,YU,5596
4/28/2021,07:25,Wednesday,SHEPPARD-YONGE STATION,MUIR,4,9,E,SHP,6156
4/28/2021,08:34,Wednesday,ROSEDALE STATION,SUAP,3,7,S,YU,6111
4/28/2021,09:03,Wednesday,SPADINA YUS STATION,EUDO,3,7,S,YU,5786
4/28/2021,09:28,Wednesday,COXWELL STATION,TUNIP,4,8,W,BD,5158
4/28/2021,09:43,Wednesday,EGLINTON WEST STATION,PUSCR,4,8,N,YU,6121
4/28/2021,09:54,Wednesday,SHEPPARD WEST STATION,PUTWZ,4,8,N,YU,5531
4/28/2021,10:06,Wednesday,SHEPPARD STATION,SUDP,0,0,N,YU,6116
4/28/2021,10:36,Wednesday,BROADVIEW STATION,MUSC,3,7,E,BD,5283
4/28/2021,10:42,Wednesday,ISLINGTON STATION,PUSO,4,8,E,BD,5042
4/28/2021,10:50,Wednesday,OLD MILL STATION,MUTO,4,8,E,BD,5042
4/28/2021,11:05,Wednesday,SHEPPARD-YONGE STATION,PUSTS,5,10,W,SHP,6151
4/28/2021,11:54,Wednesday,DUNDAS STATION,MUIR,0,0,N,YU,5946
4/28/2021,12:17,Wednesday,VICTORIA PARK STATION,SUDP,13,17,W,BD,5177
4/28/2021,12:58,Wednesday,QUEEN'S PARK STATION,SUDP,0,0,N,YU,5991
4/28/2021,13:56,Wednesday,ISLINGTON STATION,MUIS,0,0,,BD,0
4/28/2021,14:50,Wednesday,FINCH STATION,SUDP,0,0,,YU,0
4/28/2021,15:23,Wednesday,KENNEDY BD STATION,MUSAN,4,8,W,BD,5217
4/28/2021,15:30,Wednesday,WILSON STATION,PUMST,0,0,,YU,0
4/28/2021,15:54,Wednesday,KIPLING STATION,PUSTS,0,0,W,BD,5024
4/28/2021,15:55,Wednesday,WILSON STATION,TUNIP,5,10,S,YU,5381
4/28/2021,15:59,Wednesday,KIPLING STATION,PUSTS,6,10,E,BD,5156
4/28/2021,16:09,Wednesday,SPADINA BD STATION,SUUT,0,0,W,BD,0
4/28/2021,16:58,Wednesday,KIPLING STATION,MUIR,4,8,E,BD,5207
4/28/2021,17:09,Wednesday,WARDEN STATION,SUDP,0,0,W,BD,5177
4/28/2021,17:32,Wednesday,OSSINGTON STATION,MUIS,0,0,,BD,0
4/28/2021,17:48,Wednesday,BLOOR STATION,SUAP,0,0,S,YU,0
4/28/2021,18:08,Wednesday,DAVISVILLE STATION,MUIR,0,0,N,YU,6115
4/28/2021,18:15,Wednesday,JANE STATION,MUIR,5,9,W,BD,5102
4/28/2021,18:21,Wednesday,OSSINGTON STATION,SUUT,11,15,E,BD,5193
4/28/2021,18:37,Wednesday,ST GEORGE BD STATION,MUIR,6,10,E,BD,5170
4/28/2021,19:09,Wednesday,EGLINTON WEST STATION,SUDP,17,22,S,YU,5786
4/28/2021,19:10,Wednesday,KENNEDY BD STATION,SUAE,0,0,E,BD,5182
4/28/2021,19:25,Wednesday,MCCOWAN STATION,MRO,5,10,S,SRT,3012
4/28/2021,20:33,Wednesday,KIPLING STATION,SUDP,3,10,E,BD,5042
4/28/2021,20:47,Wednesday,OSSINGTON STATION,MUNCA,0,0,,BD,0
4/28/2021,20:58,Wednesday,DUNDAS STATION,SUROB,9,16,N,YU,5691
4/28/2021,21:23,Wednesday,BATHURST STATION,SUAE,16,23,W,BD,5158
4/28/2021,21:34,Wednesday,WARDEN STATION,MUIS,0,0,,BD,0
4/28/2021,21:35,Wednesday,ST GEORGE BD STATION,MUPAA,0,0,W,BD,5015
4/28/2021,21:53,Wednesday,COXWELL STATION,SUDP,0,0,,BD,0
4/28/2021,22:00,Wednesday,YONGE-UNIVERSITY AND B,MUO,0,0,,YU/BD,0
4/28/2021,22:17,Wednesday,DUNDAS STATION,MUIS,0,0,,YU,0
4/28/2021,22:56,Wednesday,KIPLING STATION,MUWR,7,14,E,BD,5189
4/28/2021,23:15,Wednesday,QUEEN STATION,MUIRS,7,14,S,YU,5436
4/28/2021,23:17,Wednesday,KENNEDY BD STATION,MUI,7,14,E,BD,5042
4/28/2021,23:24,Wednesday,FINCH STATION,EUAC,7,14,S,YU,5936
4/29/2021,00:17,Thursday,YONGE STATION,MUIS,0,0,,YU,0
4/29/2021,02:05,Thursday,UNION STATION,MUIS,0,0,,YU,0
4/29/2021,02:44,Thursday,UNION STATION,MUNCA,0,0,,YU,0
4/29/2021,06:00,Thursday,SHEPPARD WEST TO WILSO,MUO,0,0,B,YU,0
4/29/2021,06:09,Thursday,WILSON STATION,MUATC,4,8,S,YU,5661
4/29/2021,06:12,Thursday,DAVISVILLE STATION,EUYRD,4,8,N,YU,6126
4/29/2021,06:31,Thursday,WARDEN STATION,MUPR1,158,162,W,BD,5015
4/29/2021,06:32,Thursday,WARDEN STATION,MUIE,4,8,E,BD,5257
4/29/2021,07:05,Thursday,MAIN STREET STATION,TUSC,0,0,W,BD,5258
4/29/2021,07:27,Thursday,KIPLING STATION,MUIS,0,0,,BD,0
4/29/2021,07:56,Thursday,KING STATION,MUIRS,0,0,,YU,0
4/29/2021,08:25,Thursday,CHESTER STATION,MUSC,0,0,E,BD,5303
4/29/2021,08:26,Thursday,ROSEDALE STATION,MUATC,4,8,S,YU,5781
4/29/2021,09:58,Thursday,ST CLAIR STATION,TUOS,4,8,S,YU,5941
4/29/2021,10:06,Thursday,KENNEDY BD STATION,MUTO,4,8,W,BD,5040
4/29/2021,10:24,Thursday,SHEPPARD-YONGE STATION,TUMVS,0,0,W,SHP,6151
4/29/2021,10:25,Thursday,FINCH STATION,MUSAN,4,8,S,YU,5591
4/29/2021,10:45,Thursday,YORK MILLS STATION,PUSWZ,7,11,S,YU,5446
4/29/2021,11:14,Thursday,DUNDAS WEST STATION,MUI,6,10,E,BD,5042
4/29/2021,11:36,Thursday,SHEPPARD-YONGE STATION,TUMVS,0,0,W,SHP,6166
4/29/2021,11:47,Thursday,KENNEDY BD STATION,EUDO,4,8,W,BD,5069
4/29/2021,12:10,Thursday,HIGH PARK STATION,EUSC,4,8,E,BD,5355
4/29/2021,12:49,Thursday,LANSDOWNE STATION,SUDP,4,8,W,BD,5258
4/29/2021,12:57,Thursday,KENNEDY SRT STATION,MRSAN,8,13,N,SRT,3017
4/29/2021,13:11,Thursday,BLOOR STATION,MUIRS,0,0,,YU,0
4/29/2021,13:18,Thursday,OLD MILL STATION,MUSC,0,0,E,BD,5158
4/29/2021,14:01,Thursday,WARDEN STATION,SUUT,14,18,W,BD,5142
4/29/2021,14:51,Thursday,DAVISVILLE STATION,EUBO,4,8,S,YU,5446
4/29/2021,15:18,Thursday,EGLINTON WEST STATION,SUO,20,24,N,YU,5506
4/29/2021,16:04,Thursday,ISLINGTON STATION,SUDP,0,0,E,BD,5063
4/29/2021,16:32,Thursday,ST GEORGE BD STATION,MUPAA,0,0,W,BD,5186
4/29/2021,17:00,Thursday,UNION STATION,MUIRS,0,0,,YU,0
4/29/2021,17:45,Thursday,YONGE BD STATION,SUSA,0,0,,BD,0
4/29/2021,18:57,Thursday,DUPONT STATION,MUIR,19,23,N,YU,5801
4/29/2021,19:27,Thursday,BATHURST STATION,MUIRS,0,0,,BD,0
4/29/2021,20:03,Thursday,DUNDAS STATION,MUPAA,0,0,N,YU,5806
4/29/2021,20:17,Thursday,COXWELL STATION,TUNIP,3,10,W,BD,5172
4/29/2021,21:00,Thursday,WILSON STATION,MUTO,5,12,S,YU,6026
4/29/2021,21:31,Thursday,WILSON HOSTLER,SUDP,0,0,N,YU,5591
4/29/2021,22:00,Thursday,YONGE UNIVERSITY SPADI,MUO,0,0,,,0
4/29/2021,23:05,Thursday,MAIN STREET STATION,MUPAA,0,0,E,BD,5156
4/29/2021,23:07,Thursday,OSSINGTON STATION,TUMVS,5,12,E,BD,5250
4/29/2021,23:32,Thursday,EGLINTON STATION,PUMO,0,0,,YU,0
4/30/2021,01:04,Friday,SHEPPARD WEST STATION,MUIS,0,0,,YU,0
4/30/2021,01:48,Friday,DUNDAS STATION,SUDP,0,0,,YU,0
4/30/2021,02:09,Friday,DON MILLS STATION,TUMVS,0,0,E,SHP,6161
4/30/2021,05:57,Friday,OSSINGTON STATION,MUTO,3,0,W,BD,5165
4/30/2021,06:00,Friday,YONGE-UNIVERSITY AND B,MUO,0,0,,YU,0
4/30/2021,06:01,Friday,SHEPPARD WEST STATION,PUTWZ,10,14,N,YU,5456
4/30/2021,06:15,Friday,SHEPPARD WEST STATION,PUTWZ,255,259,N,YU,0
4/30/2021,06:15,Friday,UNION STATION,SUDP,0,0,,YU,0
4/30/2021,06:17,Friday,KIPLING STATION,PUMEL,0,0,,BD,0
4/30/2021,06:55,Friday,QUEEN STATION,SUO,14,18,S,YU,5916
4/30/2021,07:13,Friday,YORK MILLS STATION,MUIS,0,0,,YU,0
4/30/2021,07:46,Friday,KIPLING STATION,PUSCR,4,8,E,BD,5103
4/30/2021,09:51,Friday,ST CLAIR WEST STATION,MUPAA,4,8,S,YU,5996
4/30/2021,10:33,Friday,KEELE STATION,PUSO,0,0,E,BD,5217
4/30/2021,11:58,Friday,COLLEGE STATION,SUO,0,0,,YU,0
4/30/2021,12:45,Friday,DUNDAS STATION,SUDP,0,0,N,YU,5786
4/30/2021,13:02,Friday,ST GEORGE BD STATION,SUO,0,0,E,BD,5355
4/30/2021,13:06,Friday,ST GEORGE YUS STATION,SUDP,0,0,S,YU,5481
4/30/2021,13:13,Friday,VICTORIA PARK STATION,PUSTS,0,0,E,BD,5086
4/30/2021,13:27,Friday,ST GEORGE BD STATION,SUBT,17,21,E,BD,5090
4/30/2021,13:27,Friday,ST GEORGE YUS STATION,SUBT,17,21,S,YU,5661
4/30/2021,13:41,Friday,SHERBOURNE STATION,MUIR,5,9,W,BD,5197
4/30/2021,14:08,Friday,EGLINTON WEST STATION,SUDP,5,9,N,YU,5391
4/30/2021,14:11,Friday,BATHURST STATION,MUTO,4,8,W,BD,5024
4/30/2021,14:22,Friday,WILSON STATION,PUMEL,0,0,,YU,0
4/30/2021,14:39,Friday,WILSON STATION,MUTO,4,8,S,YU,5871
4/30/2021,14:50,Friday,FINCH STATION,SUDP,0,0,,YU,0
4/30/2021,14:54,Friday,WARDEN STATION,SUUT,15,19,W,BD,5155
4/30/2021,15:19,Friday,FINCH STATION,MUIS,0,0,,YU,0
4/30/2021,15:28,Friday,PAPE STATION,SUDP,0,0,,BD,0
4/30/2021,15:39,Friday,KENNEDY BD STATION,MUTO,6,10,W,BD,5076
4/30/2021,16:07,Friday,YORK MILLS STATION,TUSC,0,0,S,YU,5486
4/30/2021,16:24,Friday,SPADINA BD STATION,MUIRS,0,0,,BD,0
4/30/2021,16:40,Friday,CHESTER STATION,SUDP,8,12,E,BD,5086
4/30/2021,16:57,Friday,WELLESLEY STATION,MUI,18,22,S,YU,5761
4/30/2021,17:04,Friday,ST GEORGE BD STATION,MUIRS,0,0,E,BD,0
4/30/2021,17:04,Friday,YORK MILLS STATION,TUSC,0,0,N,YU,5996
4/30/2021,17:16,Friday,MIDLAND STATION,ERCO,35,40,N,SRT,3007
4/30/2021,18:02,Friday,YORKDALE STATION,MUDD,5,9,S,YU,5431
4/30/2021,18:03,Friday,OSGOODE STATION,SUUT,12,16,S,YU,5826
4/30/2021,19:02,Friday,DAVISVILLE STATION,SUDP,0,0,N,YU,6046
4/30/2021,19:15,Friday,DONLANDS STATION,SUDP,4,8,E,BD,5053
4/30/2021,19:51,Friday,EGLINTON STATION,MUIR,5,10,N,YU,5481
4/30/2021,19:52,Friday,HIGH PARK STATION,SUDP,3,7,E,BD,5013
4/30/2021,20:50,Friday,BLOOR STATION,SUUT,15,22,S,YU,6016
4/30/2021,22:00,Friday,YONGE-UNIVERSITY AND B,MUO,0,0,,YU/BD,0
