Date,Time,Day,Station,Code,Min Delay,Min Gap,Bound,Line,Vehicle
4/1/2020,00:04,Wednesday,BLOOR STATION,SUDP,6,11,S,YU,5766
4/1/2020,00:06,Wednesday,FINCH STATION,MUI,5,10,S,YU,5401
4/1/2020,01:55,Wednesday,FINCH STATION,MUIS,0,0,,YU,0
4/1/2020,02:37,Wednesday,YONGE SHP STATION,TUMVS,0,0,W,SHP,6186
4/1/2020,05:14,Wednesday,WILSON STATION,MUNOA,3,5,S,YU,0
4/1/2020,05:16,Wednesday,WILSON STATION,MUNOA,3,5,S,YU,0
4/1/2020,05:52,Wednesday,GREENWOOD STATION,MUNOA,4,8,E,BD,0
4/1/2020,05:54,Wednesday,KENNEDY BD STATION,MUNOA,4,8,W,BD,0
4/1/2020,05:56,Wednesday,DAVISVILLE STATION,MUNOA,3,5,S,YU,0
4/1/2020,05:57,Wednesday,GREENWOOD STATION,PUTOE,0,0,E,BD,0
4/1/2020,06:00,Wednesday,DAVISVILLE STATION,MUNOA,3,5,N,YU,0
4/1/2020,06:08,Wednesday,BATHURST STATION,MUIS,0,0,,BD,0
4/1/2020,06:08,Wednesday,DUNDAS WEST STATION,SUDP,3,5,W,BD,5282
4/1/2020,06:13,Wednesday,WILSON STATION,MUNOA,3,5,S,YU,0
4/1/2020,06:21,Wednesday,ISLINGTON STATION,SUDP,3,5,W,BD,5282
4/1/2020,06:23,Wednesday,DUPONT STATION,MUI,3,5,S,YU,5776
4/1/2020,06:26,Wednesday,SHEPPARD WEST STATION,MUNOA,5,10,N,YU,0
4/1/2020,06:27,Wednesday,WILSON STATION,MUNOA,3,5,S,YU,0
4/1/2020,06:28,Wednesday,SHEPPARD WEST STATION,MUNOA,5,10,N,YU,0
4/1/2020,06:29,Wednesday,DONLANDS STATION,MUNOA,3,5,W,BD,0
4/1/2020,06:33,Wednesday,GREENWOOD STATION,MUNOA,3,5,E,BD,0
4/1/2020,06:35,Wednesday,DAVISVILLE STATION,MUNOA,3,5,N,YU,0
4/1/2020,06:38,Wednesday,GREENWOOD STATION,MUNOA,3,5,E,BD,0
4/1/2020,06:41,Wednesday,RUNNYMEDE STATION,SUDP,0,0,E,BD,0
4/1/2020,07:09,Wednesday,WILSON STATION,MUNOA,3,5,S,YU,0
4/1/2020,07:10,Wednesday,KENNEDY BD STATION,MUIS,0,0,,BD,0
4/1/2020,07:11,Wednesday,GREENWOOD STATION,MUNOA,3,5,E,BD,0
4/1/2020,07:21,Wednesday,ST ANDREW STATION,MUATC,3,5,S,YU,5676
4/1/2020,07:39,Wednesday,WILSON STATION,MUNOA,3,5,S,YU,0
4/1/2020,08:25,Wednesday,DUFFERIN STATION,SUDP,3,5,E,BD,5095
4/1/2020,09:09,Wednesday,WILSON STATION,MUATC,5,8,S,YU,5806
4/1/2020,10:08,Wednesday,GREENWOOD STATION,MUNOA,3,5,E,BD,0
4/1/2020,10:21,Wednesday,FINCH STATION,MUIS,0,0,,YU,0
4/1/2020,12:04,Wednesday,FINCH STATION,MUTO,6,9,S,YU,5431
4/1/2020,13:11,Wednesday,WILSON STATION,MUTO,3,6,N,YU,5956
4/1/2020,13:59,Wednesday,VAUGHAN MC STATION,MUNOA,3,5,S,YU,0
4/1/2020,14:11,Wednesday,VAUGHAN MC STATION,MUNOA,3,5,S,YU,0
4/1/2020,14:19,Wednesday,SPADINA BD STATION,SUUT,4,7,E,BD,5315
4/1/2020,14:47,Wednesday,SPADINA YUS STATION,SUUT,47,50,N,YU,6046
4/1/2020,15:05,Wednesday,MCCOWAN STATION,MRNOA,3,8,S,SRT,3000
4/1/2020,15:23,Wednesday,DONLANDS STATION,MUNOA,3,6,W,BD,0
4/1/2020,15:26,Wednesday,COXWELL STATION,MUNOA,3,6,E,BD,0
4/1/2020,15:34,Wednesday,VAUGHAN MC STATION,MUNOA,3,5,S,YU,0
4/1/2020,15:36,Wednesday,COXWELL STATION,MUNOA,3,6,E,BD,0
4/1/2020,15:38,Wednesday,COXWELL STATION,MUNOA,3,6,E,BD,0
4/1/2020,15:51,Wednesday,COXWELL STATION,MUNOA,3,6,E,BD,0
4/1/2020,15:53,Wednesday,COXWELL STATION,MUNOA,3,6,E,BD,0
4/1/2020,15:55,Wednesday,COXWELL STATION,MUNOA,3,6,E,BD,0
4/1/2020,16:00,Wednesday,ISLINGTON STATION,TUMVS,4,7,W,BD,5260
4/1/2020,16:08,Wednesday,WILSON STATION,MUNOA,3,5,S,YU,0
4/1/2020,16:35,Wednesday,VAUGHAN MC STATION,MUNOA,3,5,S,YU,0
4/1/2020,17:09,Wednesday,VAUGHAN MC STATION,MUNOA,3,6,S,YU,0
4/1/2020,17:36,Wednesday,COLLEGE STATION,MUSAN,4,6,S,YU,6036
4/1/2020,17:43,Wednesday,FINCH STATION,MUTO,3,6,S,YU,5591
4/1/2020,17:59,Wednesday,DUNDAS WEST STATION,SUROB,0,0,,BD,0
4/1/2020,18:08,Wednesday,DON MILLS STATION,MUI,5,10,W,SHP,6151
4/1/2020,18:33,Wednesday,COXWELL STATION,SUDP,0,0,E,BD,5132
4/1/2020,18:58,Wednesday,VAUGHAN MC STATION,MUNOA,3,6,S,YU,0
4/1/2020,19:03,Wednesday,WARDEN STATION,TUMVS,0,0,W,BD,5013
4/1/2020,19:12,Wednesday,LAWRENCE WEST STATION,MUI,9,12,N,YU,5541
4/1/2020,19:33,Wednesday,LAWRENCE EAST STATION,SRAP,0,0,N,SRT,3015
4/1/2020,19:45,Wednesday,ELLESMERE STATION,SRAP,0,0,N,SRT,3027
4/1/2020,20:44,Wednesday,ISLINGTON STATION,MUNCA,0,0,,BD,0
4/1/2020,20:44,Wednesday,OLD MILL STATION,TUMVS,0,0,E,BD,5294
4/1/2020,21:27,Wednesday,CHRISTIE STATION,MUDD,6,9,E,BD,5343
4/1/2020,22:00,Wednesday,YUS/BD/SHEPPARD SUBWAY,MUO,0,0,,YU/BD,0
4/1/2020,22:03,Wednesday,DUNDAS STATION,SUDP,5,8,N,YU,5881
4/1/2020,22:20,Wednesday,MUSEUM STATION,SUDP,12,16,N,YU,5686
4/1/2020,22:32,Wednesday,LESLIE STATION,MUIS,0,0,,SHP,0
4/1/2020,22:48,Wednesday,VICTORIA PARK STATION,MUI,15,19,E,BD,5077
4/1/2020,23:36,Wednesday,VAUGHAN MC STATION,MUNOA,3,6,S,YU,0
4/1/2020,23:38,Wednesday,YORK MILLS STATION,MUDD,3,8,S,YU,5921
4/1/2020,23:46,Wednesday,VAUGHAN MC STATION,MUNOA,3,6,S,YU,0
4/1/2020,23:49,Wednesday,YONGE SHP STATION,MUSC,0,0,E,SHP,6171
4/2/2020,00:53,Thursday,BROADVIEW STATION,MUIS,0,0,,,0
4/2/2020,01:01,Thursday,YONGE SHP STATION,EUOE,5,10,E,SHP,6171
4/2/2020,01:50,Thursday,DON MILLS STATION,MUO,8,13,W,SHP,6171
4/2/2020,05:43,Thursday,WILSON YARD,PUSSW,0,0,,YU,0
4/2/2020,05:56,Thursday,EGLINTON STATION,TUNOA,5,10,N,YU,0
4/2/2020,05:57,Thursday,EGLINTON STATION,TUNOA,5,10,N,YU,0
4/2/2020,05:58,Thursday,SHEPPARD WEST STATION,TUNOA,5,10,N,YU,0
4/2/2020,05:58,Thursday,WILSON STATION,TUNOA,3,5,S,YU,0
4/2/2020,05:59,Thursday,SHEPPARD WEST STATION,TUNOA,5,10,N,YU,0
4/2/2020,06:04,Thursday,WILSON STATION,TUNOA,3,5,S,YU,0
4/2/2020,06:05,Thursday,WILSON STATION,TUNOA,3,5,S,YU,0
4/2/2020,06:09,Thursday,ST GEORGE YUS STATION,MUIR,6,10,S,YU,6016
4/2/2020,06:11,Thursday,KENNEDY BD STATION,TUNOA,4,8,,BD,0
4/2/2020,06:14,Thursday,GREENWOOD STATION,TUNOA,4,8,,BD,0
4/2/2020,06:19,Thursday,DONLANDS STATION,TUNOA,3,5,,BD,0
4/2/2020,06:21,Thursday,GREENWOOD STATION,TUNOA,3,5,,BD,0
4/2/2020,06:22,Thursday,GREENWOOD STATION,TUNOA,3,5,E,BD,0
4/2/2020,06:24,Thursday,WILSON STATION,TUNOA,3,5,S,YU,0
4/2/2020,06:25,Thursday,DAVISVILLE STATION,TUNOA,5,10,S,YU,0
4/2/2020,06:25,Thursday,WILSON STATION,TUNOA,3,5,S,YU,0
4/2/2020,06:26,Thursday,WILSON STATION,TUNOA,3,5,S,YU,0
4/2/2020,06:28,Thursday,GREENWOOD STATION,TUNOA,3,5,,BD,0
4/2/2020,06:47,Thursday,VAUGHAN MC STATION,EUTRD,5,10,S,YU,5766
4/2/2020,06:52,Thursday,MAIN STREET STATION,MUIS,0,0,,BD,0
4/2/2020,06:53,Thursday,GREENWOOD STATION,TUNOA,3,5,E,BD,0
4/2/2020,08:10,Thursday,ISLINGTON STATION,MUO,0,0,,BD,0
4/2/2020,08:34,Thursday,KIPLING STATION,MUSAN,3,6,E,BD,5077
4/2/2020,09:04,Thursday,KIPLING STATION,TUSC,3,6,E,BD,5275
4/2/2020,09:47,Thursday,EGLINTON STATION,EUSC,0,0,N,YU,6001
4/2/2020,10:01,Thursday,COXWELL STATION,TUNOA,3,6,E,BD,0
4/2/2020,10:46,Thursday,COXWELL STATION,TUNOA,3,6,E,BD,0
4/2/2020,10:58,Thursday,QUEEN STATION,MUIS,0,0,,YU,0
4/2/2020,11:17,Thursday,LAWRENCE STATION,TUOS,3,6,N,YU,5926
4/2/2020,11:26,Thursday,KENNEDY BD STATION,MUSAN,3,6,E,BD,5077
4/2/2020,12:00,Thursday,EGLINTON STATION,MUIR,6,9,S,YU,6086
4/2/2020,12:21,Thursday,BLOOR STATION,MUIS,0,0,,YU,0
4/2/2020,12:48,Thursday,HIGH PARK STATION,SUUT,3,6,W,BD,5315
4/2/2020,12:58,Thursday,VAUGHAN MC STATION,TUNOA,3,6,S,YU,6021
4/2/2020,13:20,Thursday,VAUGHAN MC STATION,MUNOA,3,6,S,YU,0
4/2/2020,13:27,Thursday,NORTH YORK CTR STATION,MUSC,0,0,N,YU,5881
4/2/2020,13:47,Thursday,SCARBOROUGH CTR STATIO,ERDO,12,18,N,SRT,3007
4/2/2020,13:58,Thursday,COXWELL STATION,MUNOA,3,6,E,BD,0
4/2/2020,14:11,Thursday,VAUGHAN MC STATION,MUNOA,3,5,S,YU,0
4/2/2020,14:11,Thursday,VAUGHAN MC STATION,MUNOA,3,5,S,YU,0
4/2/2020,14:18,Thursday,COXWELL STATION,MUNOA,3,6,E,BD,0
4/2/2020,14:35,Thursday,KIPLING STATION,MUTO,3,6,E,BD,5354
4/2/2020,14:35,Thursday,VAUGHAN MC STATION,MUNOA,3,5,S,YU,0
4/2/2020,14:40,Thursday,SPADINA BD STATION,TUS,3,6,E,BD,5354
4/2/2020,15:12,Thursday,COXWELL STATION,MUNOA,3,6,W,BD,0
4/2/2020,15:23,Thursday,VAUGHAN MC STATION,MUNOA,3,6,S,YU,0
4/2/2020,15:34,Thursday,BAY STATION,EUME,17,20,E,BD,5095
4/2/2020,15:34,Thursday,VAUGHAN MC STATION,MUNOA,3,5,S,YU,0
4/2/2020,16:02,Thursday,QUEEN STATION,MUATC,5,7,S,YU,6061
4/2/2020,16:06,Thursday,KIPLING STATION,TUMVS,0,0,W,BD,5344
4/2/2020,16:08,Thursday,VAUGHAN MC STATION,MUNOA,3,5,S,YU,0
4/2/2020,16:10,Thursday,UNION STATION,SUDP,21,23,N,YU,5386
4/2/2020,16:31,Thursday,YONGE BD STATION,MUIS,0,0,,BD,0
4/2/2020,16:35,Thursday,VAUGHAN MC STATION,MUNOA,3,6,S,YU,0
4/2/2020,17:09,Thursday,VAUGHAN MC STATION,MUNOA,3,6,S,YU,0
4/2/2020,17:19,Thursday,VAUGHAN MC STATION,MUO,3,5,S,YU,5531
4/2/2020,17:59,Thursday,BAYVIEW STATION,MUSC,0,0,W,SHP,6151
4/2/2020,18:14,Thursday,FINCH STATION,EUPI,3,5,S,YU,5601
4/2/2020,18:45,Thursday,COXWELL STATION,MUNOA,3,6,E,BD,0
4/2/2020,18:58,Thursday,VAUGHAN MC STATION,MUNOA,3,6,S,YU,0
4/2/2020,20:44,Thursday,SHEPPARD WEST STATION,SUDP,0,0,N,YU,6126
4/2/2020,21:53,Thursday,BATHURST STATION,SUDP,6,9,E,BD,5073
4/2/2020,21:56,Thursday,BAYVIEW STATION,MUIS,0,0,,SHP,0
4/2/2020,22:00,Thursday,YUS/BD/SHEPPARD SUBWAY,MUO,0,0,,YU/BD,0
4/2/2020,22:15,Thursday,WARDEN STATION,SUG,0,0,,BD,0
4/2/2020,22:50,Thursday,SPADINA YUS STATION,SUROB,0,0,S,YU,0
4/2/2020,23:11,Thursday,VAUGHAN MC STATION,MUNOA,4,8,S,YU,0
4/2/2020,23:36,Thursday,VAUGHAN MC STATION,MUNOA,4,8,S,YU,0
4/2/2020,23:46,Thursday,VAUGHAN MC STATION,MUNOA,4,8,S,YU,0
4/2/2020,23:50,Thursday,ISLINGTON STATION,TUCC,3,8,W,BD,5191
4/3/2020,00:05,Friday,WARDEN STATION,SUO,4,8,,BD,5239
4/3/2020,00:32,Friday,LESLIE STATION,TUSC,0,0,W,SHP,6186
4/3/2020,01:04,Friday,PIONEER VILLAGE STATIO,MUIS,0,0,,YU,0
4/3/2020,02:07,Friday,EGLINTON STATION,EUOE,0,0,S,YU,6171
4/3/2020,02:29,Friday,EGLINTON STATION,MUIS,0,0,,YU,0
4/3/2020,02:34,Friday,FINCH STATION,MUIS,0,0,,YU,0
4/3/2020,02:39,Friday,YONGE SHP STATION,TUMVS,0,0,W,SHP,6166
4/3/2020,05:30,Friday,GREENWOOD STATION,TUNOA,3,5,E,BD,0
4/3/2020,05:49,Friday,KENNEDY BD STATION,EULV,4,8,W,BD,5001
4/3/2020,05:50,Friday,GREENWOOD STATION,TUNOA,4,8,E,BD,0
4/3/2020,05:54,Friday,KENNEDY BD STATION,TUNOA,4,8,W,BD,0
4/3/2020,05:57,Friday,EGLINTON STATION,TUNOA,5,10,N,YU,0
4/3/2020,06:00,Friday,DAVISVILLE STATION,TUNOA,5,10,S,YU,0
4/3/2020,06:04,Friday,SHEPPARD WEST STATION,TUNOA,3,5,S,YU,0
4/3/2020,06:05,Friday,WILSON STATION,TUNOA,3,5,S,YU,0
4/3/2020,06:15,Friday,WILSON STATION,TUNOA,3,5,S,YU,0
4/3/2020,06:25,Friday,WILSON STATION,TUNOA,3,5,S,YU,0
4/3/2020,06:26,Friday,SHEPPARD WEST STATION,TUNOA,5,10,N,YU,0
4/3/2020,06:26,Friday,WILSON STATION,TUNOA,3,5,S,YU,0
4/3/2020,06:28,Friday,DONLANDS STATION,TUNOA,3,5,,BD,0
4/3/2020,06:28,Friday,SHEPPARD WEST STATION,TUNOA,5,10,N,YU,0
4/3/2020,06:34,Friday,LAWRENCE EAST STATION,ERCO,60,65,N,SRT,3015
4/3/2020,06:36,Friday,GREENWOOD STATION,TUNOA,3,5,E,BD,0
4/3/2020,06:54,Friday,GREENWOOD STATION,TUNOA,3,5,E,BD,0
4/3/2020,07:08,Friday,GREENWOOD STATION,TUNOA,3,5,E,BD,0
4/3/2020,07:15,Friday,EGLINTON STATION,TUNOA,5,10,N,YU,0
4/3/2020,07:29,Friday,DONLANDS STATION,TUO,3,6,E,BD,5342
4/3/2020,07:39,Friday,WILSON STATION,TUNOA,3,5,S,YU,0
4/3/2020,12:33,Friday,BLOOR STATION,MUIS,0,0,N,YU,0
4/3/2020,12:34,Friday,FINCH STATION,TUNOA,3,6,S,YU,0
4/3/2020,12:39,Friday,QUEEN'S PARK STATION,SUDP,12,15,N,YU,5736
4/3/2020,12:54,Friday,BATHURST STATION,MUPAA,3,6,E,BD,5282
4/3/2020,13:07,Friday,CHESTER STATION,SUDP,7,10,E,BD,5262
4/3/2020,13:46,Friday,EGLINTON WEST STATION,SUDP,34,37,S,YU,5911
4/3/2020,13:50,Friday,WELLESLEY STATION,MUIS,0,0,S,YU,0
4/3/2020,13:53,Friday,EGLINTON STATION,SUDP,10,13,S,YU,5951
4/3/2020,13:59,Friday,VAUGHAN MC STATION,MUNOA,3,5,S,YU,0
4/3/2020,14:04,Friday,DONLANDS STATION,MUNOA,3,6,W,BD,0
4/3/2020,14:26,Friday,EGLINTON STATION,TUMVS,0,0,S,YU,5881
4/3/2020,14:54,Friday,GLENCAIRN STATION,MUTO,4,7,N,YU,6116
4/3/2020,15:05,Friday,MCCOWAN STATION,MRNOA,3,8,S,SRT,3000
4/3/2020,15:12,Friday,DONLANDS STATION,MUNOA,3,6,W,BD,0
4/3/2020,15:34,Friday,VAUGHAN MC STATION,MUNOA,3,5,S,YU,0
4/3/2020,16:08,Friday,VAUGHAN MC STATION,MUNOA,3,5,S,YU,0
4/3/2020,16:39,Friday,VAUGHAN MC STATION,MUNOA,3,5,S,YU,0
4/3/2020,16:58,Friday,VAUGHAN MC STATION,MUNOA,3,5,S,YU,0
4/3/2020,17:43,Friday,KENNEDY BD STATION,MUI,3,6,W,BD,5089
4/3/2020,17:43,Friday,OLD MILL STATION,TUMVS,0,0,E,BD,5288
4/3/2020,17:56,Friday,VAUGHAN MC STATION,MUNOA,3,5,S,YU,0
4/3/2020,18:03,Friday,VAUGHAN MC STATION,MUNOA,3,6,S,YU,0
4/3/2020,18:08,Friday,FINCH STATION,MUNOA,3,6,S,YU,0
4/3/2020,18:45,Friday,BROADVIEW STATION,SUDP,3,6,E,BD,5271
4/3/2020,18:50,Friday,VAUGHAN MC STATION,MUNOA,3,6,S,YU,0
4/3/2020,19:16,Friday,SPADINA BD STATION,MUIRS,0,0,,BD,0
4/3/2020,19:29,Friday,FINCH STATION,MUNOA,3,6,S,YU,0
4/3/2020,19:36,Friday,BLOOR STATION,PUMST,0,0,S,YU,0
4/3/2020,19:42,Friday,VAUGHAN MC STATION,MUNOA,3,6,S,YU,0
4/3/2020,20:08,Friday,SHEPPARD WEST STATION,MUO,3,6,S,YU,5381
4/3/2020,21:20,Friday,ROSEDALE STATION,MUIS,0,0,N,YU,0
4/3/2020,22:00,Friday,YUS/BD/SHEPPARD SUBWAY,MUO,0,0,,YU,0
4/3/2020,22:39,Friday,SPADINA YUS STATION,SUDP,0,0,S,YU,5756
4/3/2020,23:11,Friday,VAUGHAN MC STATION,MUNOA,4,8,S,YU,0
4/3/2020,23:36,Friday,VAUGHAN MC STATION,MUNOA,4,8,S,YU,0
4/3/2020,23:46,Friday,FINCH STATION,MUNOA,4,8,S,YU,0
4/3/2020,23:48,Friday,EGLINTON STATION,SUDP,0,0,,YU,0
4/4/2020,00:41,Saturday,FINCH WEST STATION,MUPAA,0,0,S,YU,6121
4/4/2020,01:33,Saturday,LESLIE STATION,TUSC,0,0,W,SHP,6166
4/4/2020,01:57,Saturday,FINCH STATION,MUIS,0,0,,,0
4/4/2020,05:51,Saturday,DAVISVILLE STATION,MUNOA,5,10,N,YU,0
4/4/2020,05:51,Saturday,DAVISVILLE STATION,MUNOA,5,10,N,YU,5941
4/4/2020,05:57,Saturday,ST PATRICK STATION,MUNOA,5,10,S,YU,0
4/4/2020,06:00,Saturday,GREENWOOD STATION,MUNOA,5,10,E,BD,0
4/4/2020,06:01,Saturday,KEELE STATION,MUNOA,5,10,W,BD,0
4/4/2020,06:06,Saturday,DAVISVILLE STATION,MUNOA,5,10,N,YU,0
4/4/2020,06:33,Saturday,SHEPPARD WEST STATION,MUNOA,5,10,N,YU,0
4/4/2020,06:51,Saturday,WILSON STATION,MUNOA,5,10,W,YU,0
4/4/2020,08:08,Saturday,SPADINA YUS STATION,SUAE,0,0,N,YU,5946
4/4/2020,08:22,Saturday,BLOOR STATION,SUDP,5,10,N,YU,6106
4/4/2020,09:22,Saturday,WARDEN STATION,MUIS,0,0,,BD,0
4/4/2020,11:05,Saturday,WILSON STATION,MUNOA,4,8,S,YU,0
4/4/2020,11:08,Saturday,DAVISVILLE STATION,MUNOA,4,8,N,YU,0
4/4/2020,11:20,Saturday,WILSON STATION,MUNOA,4,8,S,YU,0
4/4/2020,11:29,Saturday,KENNEDY BD STATION,MUIR,5,10,E,BD,5244
4/4/2020,11:30,Saturday,WILSON STATION,MUNOA,4,8,S,YU,0
4/4/2020,12:06,Saturday,MAIN STREET STATION,SUDP,3,7,E,BD,5203
4/4/2020,12:08,Saturday,GREENWOOD STATION,MUSC,0,0,W,BD,5083
4/4/2020,12:45,Saturday,GREENWOOD STATION,MUNOA,5,10,E,BD,0
4/4/2020,14:01,Saturday,KIPLING STATION,TUOS,5,9,W,BD,5016
4/4/2020,14:46,Saturday,COXWELL STATION,MUNOA,5,10,E,BD,0
4/4/2020,15:41,Saturday,COLLEGE STATION,TUO,3,8,N,YU,5891
4/4/2020,15:51,Saturday,KENNEDY BD STATION,TUMVS,0,0,E,BD,5365
4/4/2020,15:51,Saturday,VAUGHAN MC STATION,MUPAA,0,0,N,YU,5566
4/4/2020,16:36,Saturday,EGLINTON STATION,SUUT,10,15,N,YU,6106
4/4/2020,17:52,Saturday,ISLINGTON STATION,TUMVS,0,0,W,BD,5066
4/4/2020,18:02,Saturday,MIDLAND STATION,TRNCA,0,0,,SRT,0
4/4/2020,18:08,Saturday,COXWELL STATION,MUNOA,4,8,,BD,0
4/4/2020,18:20,Saturday,FINCH STATION,TUSC,0,0,N,YU,5856
4/4/2020,19:16,Saturday,YONGE SHP STATION,TUSC,3,8,E,SHP,6141
4/4/2020,19:29,Saturday,BLOOR STATION,MUPAA,0,0,N,YU,5566
4/4/2020,19:45,Saturday,YORK MILLS STATION,MUPAA,4,9,N,YU,5566
4/4/2020,21:03,Saturday,LANSDOWNE STATION,MUO,10,15,E,BD,5083
4/4/2020,22:00,Saturday,YUS/BD/SHEPPARD SUBWAY,MUO,0,0,,YU / BD,0
4/4/2020,22:13,Saturday,MUSEUM STATION,SUDP,0,0,,YU,0
4/4/2020,23:07,Saturday,LAWRENCE STATION,MUPAA,0,0,N,YU,6121
4/4/2020,23:26,Saturday,GUNN BUILDING,PUSRA,0,0,,YU,0
4/4/2020,23:26,Saturday,GUNN BUILDING,PUSRA,0,0,,SHP,0
4/5/2020,00:35,Sunday,OSGOODE STATION,MUIRS,0,0,,YU,0
4/5/2020,00:36,Sunday,COXWELL STATION,PUSCR,3,7,W,BD,5346
4/5/2020,00:59,Sunday,MUSEUM STATION,MUATC,0,0,N,YU,5911
4/5/2020,02:13,Sunday,LAWRENCE STATION,MUIS,0,0,,YU,0
4/5/2020,07:55,Sunday,VAUGHAN MC STATION,MUNOA,5,10,S,YU,5781
4/5/2020,07:58,Sunday,DAVISVILLE STATION,MUNOA,3,0,S,YU,0
4/5/2020,07:58,Sunday,WILSON STATION,MUNOA,5,10,S,YU,0
4/5/2020,08:03,Sunday,SUMMERHILL STATION,PUTO,14,0,S,YU,5856
4/5/2020,08:14,Sunday,KIPLING STATION,SUG,5,10,E,BD,5016
4/5/2020,08:19,Sunday,KENNEDY BD STATION,MUNOA,5,10,W,BD,0
4/5/2020,08:24,Sunday,SHEPPARD WEST STATION,MUNOA,5,10,N,YU,0
4/5/2020,08:26,Sunday,DAVISVILLE STATION,MUNOA,5,10,N,YU,0
4/5/2020,08:29,Sunday,GREENWOOD STATION,MUNOA,5,10,E,BD,0
4/5/2020,08:38,Sunday,KENNEDY SRT STATION,MRTO,5,10,,SRT,3007
4/5/2020,08:38,Sunday,ST PATRICK STATION,SUAE,0,0,,YU,0
4/5/2020,10:24,Sunday,KENNEDY BD STATION,MUNOA,4,8,W,BD,5175
4/5/2020,11:29,Sunday,YORKDALE STATION,MUATC,0,0,S,YU,5796
4/5/2020,11:40,Sunday,BROADVIEW STATION,SUDP,3,7,E,BD,5348
4/5/2020,11:58,Sunday,WILSON STATION,MUNOA,5,10,S,YU,0
4/5/2020,12:08,Sunday,ATC AREA,MUATC,30,34,,YU,0
4/5/2020,12:12,Sunday,YONGE SHP STATION,TUNIP,5,10,W,SHP,6181
4/5/2020,12:37,Sunday,COXWELL STATION,MUNOA,4,8,W,BD,0
4/5/2020,12:53,Sunday,SUMMERHILL STATION,MUPAA,3,7,N,YU,5971
4/5/2020,14:29,Sunday,DUNDAS WEST STATION,TUMVS,3,7,W,BD,5050
4/5/2020,15:58,Sunday,DUPONT STATION,SUDP,0,0,S,YU,0
4/5/2020,16:39,Sunday,WILSON STATION,MUPAA,0,0,S,YU,5796
4/5/2020,16:46,Sunday,EGLINTON WEST STATION,SUAP,0,0,N,YU,0
4/5/2020,16:46,Sunday,LAWRENCE WEST STATION,MUI,15,19,S,YU,5796
4/5/2020,16:59,Sunday,KENNEDY BD STATION,MUNOA,4,8,W,BD,5237
4/5/2020,17:10,Sunday,COXWELL STATION,MUNOA,4,8,E,BD,0
4/5/2020,18:11,Sunday,SHEPPARD WEST STATION,SUDP,0,0,N,YU,0
4/5/2020,19:06,Sunday,BAYVIEW STATION,MUSC,0,0,E,SHP,6196
4/5/2020,19:33,Sunday,HIGH PARK STATION,TUOS,3,7,E,BD,5359
4/5/2020,20:36,Sunday,ST GEORGE BD STATION,MUPAA,3,7,W,BD,5013
4/5/2020,20:56,Sunday,ISLINGTON STATION,SUDP,0,0,,BD,0
4/5/2020,22:00,Sunday,YUS/BD/SHEPPARD SUBWAY,MUO,0,0,,YU/BD,0
4/5/2020,22:11,Sunday,KENNEDY BD STATION,MUD,3,7,W,BD,5013
4/5/2020,22:34,Sunday,SHERBOURNE STATION,MUO,6,10,E,BD,5163
4/5/2020,23:34,Sunday,WARDEN STATION,TUMVS,0,0,E,BD,5330
4/5/2020,23:58,Sunday,YONGE BD STATION,SUUT,6,10,W,BD,5164
4/6/2020,00:12,Monday,COXWELL STATION,MUNOA,0,0,E,BD,0
4/6/2020,05:14,Monday,WILSON STATION,MUNOA,4,8,S,YU,0
4/6/2020,05:16,Monday,WILSON STATION,MUNOA,4,8,S,YU,0
4/6/2020,05:40,Monday,GREENWOOD STATION,MUNOA,4,8,E,BD,0
4/6/2020,05:50,Monday,GREENWOOD YARD,TUMVS,3,7,E,BD,5014
4/6/2020,05:52,Monday,GREENWOOD STATION,MUNOA,4,8,E,BD,0
4/6/2020,05:53,Monday,EGLINTON STATION,MUNOA,4,8,N,YU,0
4/6/2020,06:00,Monday,DAVISVILLE STATION,MUNOA,4,8,N,YU,0
4/6/2020,06:11,Monday,WILSON STATION,MUNOA,4,8,S,YU,0
4/6/2020,06:22,Monday,SHEPPARD WEST STATION,MUNOA,4,8,N,YU,0
4/6/2020,06:26,Monday,SHEPPARD WEST STATION,MUNOA,4,8,N,YU,0
4/6/2020,06:27,Monday,WILSON STATION,MUNOA,4,8,S,YU,0
4/6/2020,06:30,Monday,DONLANDS STATION,MUNOA,3,5,W,BD,0
4/6/2020,06:32,Monday,EGLINTON STATION,MUNOA,4,8,N,YU,0
4/6/2020,06:32,Monday,GREENWOOD STATION,MUNOA,3,5,E,BD,0
4/6/2020,06:38,Monday,GREENWOOD STATION,MUNOA,3,5,E,BD,0
4/6/2020,06:46,Monday,SPADINA YUS STATION,EUDO,13,17,S,YU,5781
4/6/2020,06:56,Monday,GREENWOOD STATION,MUNOA,3,5,E,BD,0
4/6/2020,07:02,Monday,MCCOWAN STATION,ERDB,5,10,S,SRT,3003
4/6/2020,07:08,Monday,SHEPPARD WEST STATION,MUNOA,4,8,S,YU,0
4/6/2020,07:10,Monday,GREENWOOD STATION,MUNOA,3,5,E,BD,0
4/6/2020,07:36,Monday,WILSON STATION,MUNOA,4,8,S,YU,0
4/6/2020,08:52,Monday,EGLINTON WEST STATION,SUDP,8,10,N,YU,5591
4/6/2020,09:15,Monday,GREENWOOD STATION,TUSUP,9,11,E,BD,5125
4/6/2020,09:35,Monday,DONLANDS STATION,TUCC,3,5,E,BD,5233
4/6/2020,10:05,Monday,KENNEDY BD STATION,TUSUP,10,13,W,BD,5282
4/6/2020,12:33,Monday,KEELE STATION,SUAE,0,0,,BD,0
4/6/2020,12:52,Monday,GREENWOOD STATION,MUIS,0,0,W,BD,5111
4/6/2020,12:58,Monday,VAUGHAN MC STATION,MUNOA,3,5,S,YU,0
4/6/2020,13:20,Monday,VAUGHAN MC STATION,MUNOA,3,5,S,YU,0
4/6/2020,13:26,Monday,PAPE STATION,SUDP,4,7,W,BD,5071
4/6/2020,13:55,Monday,WILSON STATION,MUNOA,3,5,S,YU,0
4/6/2020,13:59,Monday,VAUGHAN MC STATION,MUNOA,3,5,S,YU,0
4/6/2020,14:02,Monday,COXWELL STATION,MUNOA,5,8,W,BD,5106
4/6/2020,14:06,Monday,ST CLAIR WEST STATION,EUBO,3,6,S,YU,6051
4/6/2020,15:09,Monday,KENNEDY BD STATION,MUIS,0,0,,BD,0
4/6/2020,15:23,Monday,VAUGHAN MC STATION,MUNOA,3,5,S,YU,0
4/6/2020,15:34,Monday,VAUGHAN MC STATION,MUNOA,3,5,S,YU,0
4/6/2020,15:53,Monday,SHERBOURNE STATION,SUDP,3,5,W,BD,5041
4/6/2020,16:35,Monday,VAUGHAN MC STATION,MUNOA,3,5,S,YU,0
4/6/2020,16:56,Monday,JANE STATION,SUDP,0,0,,BD,0
4/6/2020,17:28,Monday,COXWELL STATION,MUSAN,7,9,W,BD,5026
4/6/2020,17:57,Monday,EGLINTON STATION,MUNCA,0,0,,YU,0
4/6/2020,18:29,Monday,PIONEER VILLAGE STATIO,MUIS,0,0,,YU,0
4/6/2020,18:48,Monday,COLLEGE STATION,MUSC,0,0,N,YU,6036
4/6/2020,18:55,Monday,VAUGHAN MC STATION,MUNOA,3,5,S,YU,0
4/6/2020,21:29,Monday,HIGH PARK STATION,PUMEL,0,0,,BD,0
4/6/2020,21:32,Monday,QUEEN STATION,MUSC,0,0,N,YU,6036
4/6/2020,22:00,Monday,YUS/BD/SHEPPARD SUBWAY,MUO,0,0,,YU/BD,0
4/6/2020,22:15,Monday,DUFFERIN STATION,SUDP,0,0,,BD,0
4/6/2020,23:11,Monday,VAUGHAN MC STATION,MUNOA,3,5,S,YU,0
4/6/2020,23:36,Monday,WILSON STATION,MUNOA,3,5,S,YU,0
4/6/2020,23:46,Monday,VAUGHAN MC STATION,MUNOA,3,5,S,YU,0
4/7/2020,00:15,Tuesday,GREENWOOD CARHOUSE,MUIE,0,0,,BD,0
4/7/2020,01:44,Tuesday,QUEEN STATION,SUAE,0,0,,YU,0
4/7/2020,02:01,Tuesday,VAUGHAN MC STATION,MUIS,0,0,,YU,0
4/7/2020,05:14,Tuesday,WILSON STATION,MUNOA,4,8,S,YU,0
4/7/2020,05:16,Tuesday,WILSON STATION,MUNOA,4,8,S,YU,0
4/7/2020,05:40,Tuesday,GREENWOOD STATION,MUNOA,4,8,E,BD,0
4/7/2020,05:52,Tuesday,GREENWOOD STATION,MUNOA,4,8,E,BD,0
4/7/2020,06:00,Tuesday,DAVISVILLE STATION,MUNOA,4,8,N,YU,0
4/7/2020,06:13,Tuesday,WILSON STATION,MUNOA,4,8,S,YU,0
4/7/2020,06:26,Tuesday,SHEPPARD WEST STATION,MUNOA,4,8,N,YU,0
4/7/2020,06:27,Tuesday,WILSON STATION,MUNOA,4,8,S,YU,0
4/7/2020,06:28,Tuesday,SHEPPARD WEST STATION,MUNOA,4,8,N,YU,0
4/7/2020,06:30,Tuesday,DONLANDS STATION,MUNOA,3,5,W,BD,0
4/7/2020,06:32,Tuesday,GREENWOOD STATION,MUNOA,3,5,E,BD,0
4/7/2020,06:37,Tuesday,EGLINTON STATION,MUNOA,4,8,N,YU,0
4/7/2020,06:38,Tuesday,GREENWOOD STATION,MUNOA,3,5,E,BD,0
4/7/2020,06:56,Tuesday,GREENWOOD STATION,MUNOA,3,5,E,BD,0
4/7/2020,07:08,Tuesday,GREENWOOD STATION,MUNOA,3,5,E,BD,0
4/7/2020,07:09,Tuesday,WILSON STATION,MUNOA,4,8,S,YU,0
4/7/2020,07:39,Tuesday,WILSON STATION,MUNOA,4,8,S,YU,0
4/7/2020,07:52,Tuesday,ISLINGTON STATION,MUPAA,0,0,W,BD,5053
4/7/2020,08:38,Tuesday,YORK MILLS STATION,TUMVS,3,5,S,YU,5916
4/7/2020,09:13,Tuesday,NORTH YORK CTR STATION,MUTD,3,5,S,YU,5656
4/7/2020,09:54,Tuesday,ST GEORGE YUS STATION,MUIR,7,9,N,YU,5421
4/7/2020,10:05,Tuesday,RUNNYMEDE STATION,MUIRS,0,0,,BD,0
4/7/2020,11:05,Tuesday,BLOOR STATION,SUAP,0,0,S,YU,0
4/7/2020,13:04,Tuesday,UNION STATION,MUPAA,0,0,N,YU,5606
4/7/2020,13:23,Tuesday,FINCH STATION,MUNOA,3,5,S,YU,0
4/7/2020,13:43,Tuesday,BAY STATION,SUUT,7,10,W,BD,5077
4/7/2020,13:59,Tuesday,VAUGHAN MC STATION,MUNOA,3,5,S,YU,0
4/7/2020,14:28,Tuesday,DOWNSVIEW PARK STATION,MUPAA,4,7,N,YU,5451
4/7/2020,14:39,Tuesday,YORK MILLS STATION,MUSC,0,0,S,YU,5241
4/7/2020,15:34,Tuesday,VAUGHAN MC STATION,MUNOA,3,5,S,YU,0
4/7/2020,15:50,Tuesday,LESLIE STATION,TUSC,0,0,W,SHP,6161
4/7/2020,15:58,Tuesday,WILSON STATION,MUNOA,3,5,S,YU,0
4/7/2020,16:11,Tuesday,ST CLAIR STATION,TUMVS,0,0,S,YU,5466
4/7/2020,16:29,Tuesday,VAUGHAN MC STATION,MUNOA,3,5,S,YU,0
4/7/2020,17:36,Tuesday,KENNEDY BD STATION,MUIS,0,0,,BD,0
4/7/2020,18:13,Tuesday,EGLINTON WEST STATION,PUMEL,0,0,,YU,0
4/7/2020,18:18,Tuesday,VAUGHAN MC STATION,MUNOA,3,5,S,YU,0
4/7/2020,18:50,Tuesday,VAUGHAN MC STATION,MUNOA,3,5,S,YU,0
4/7/2020,20:00,Tuesday,COXWELL STATION,MUNOA,0,0,E,BD,0
4/7/2020,20:20,Tuesday,DAVISVILLE STATION,TUOS,0,0,N,YU,5881
4/7/2020,21:03,Tuesday,QUEEN STATION,PUMEL,0,0,,YU,0
4/7/2020,22:00,Tuesday,YONGE UNIVERSITY LINE,MUO,0,0,,YU/BD,0
4/7/2020,23:11,Tuesday,VAUGHAN MC STATION,MUNOA,3,5,S,YU,0
4/7/2020,23:36,Tuesday,VAUGHAN MC STATION,MUNOA,3,5,S,YU,0
4/7/2020,23:46,Tuesday,VAUGHAN MC STATION,MUNOA,3,5,S,YU,0
4/8/2020,00:35,Wednesday,SHERBOURNE STATION,SUDP,0,0,,BD,0
4/8/2020,00:58,Wednesday,MCCOWAN YARD,SRO,0,0,,SRT,0
4/8/2020,01:04,Wednesday,GREENWOOD STATION,MUPAA,0,0,E,BD,5359
4/8/2020,01:35,Wednesday,SHEPPARD WEST STATION,SUDP,0,0,,YU,0
4/8/2020,02:40,Wednesday,FINCH STATION,MUIRS,0,0,,YU,0
4/8/2020,05:14,Wednesday,WILSON STATION,MUNOA,4,8,S,YU,0
4/8/2020,05:16,Wednesday,WILSON STATION,MUNOA,4,8,S,YU,0
4/8/2020,05:40,Wednesday,GREENWOOD STATION,MUNOA,4,8,E,BD,0
4/8/2020,05:44,Wednesday,MAIN STREET STATION,TUKEY,3,8,E,BD,5315
4/8/2020,05:52,Wednesday,GREENWOOD STATION,MUNOA,4,8,E,BD,0
4/8/2020,06:00,Wednesday,DAVISVILLE STATION,MUNOA,4,8,N,YU,0
4/8/2020,06:00,Wednesday,TORONTO TRANSIT COMMIS,MUO,0,0,,YU/BD,0
4/8/2020,06:00,Wednesday,TRANSIT CONTROL,MUO,0,0,,SHP,0
4/8/2020,06:00,Wednesday,TRANSIT CONTROL,MRO,0,0,,SRT,0
4/8/2020,06:09,Wednesday,KING STATION,EUDO,7,9,N,YU,5801
4/8/2020,06:13,Wednesday,WILSON STATION,MUNOA,4,8,S,YU,0
4/8/2020,06:27,Wednesday,WILSON STATION,MUNOA,4,8,S,YU,0
4/8/2020,06:28,Wednesday,SHEPPARD WEST STATION,MUNOA,4,8,N,YU,0
4/8/2020,06:30,Wednesday,DONLANDS STATION,MUNOA,3,5,E,BD,0
4/8/2020,06:32,Wednesday,GREENWOOD STATION,MUNOA,3,5,E,BD,0
4/8/2020,06:37,Wednesday,DAVISVILLE STATION,MUNOA,4,8,N,YU,0
4/8/2020,06:38,Wednesday,GREENWOOD STATION,MUNOA,3,5,E,BD,0
4/8/2020,06:56,Wednesday,GREENWOOD STATION,MUNOA,3,5,E,BD,0
4/8/2020,07:07,Wednesday,DUNDAS STATION,SUUT,0,0,N,YU,5961
4/8/2020,07:09,Wednesday,WILSON STATION,MUNOA,4,8,S,YU,0
4/8/2020,07:10,Wednesday,GREENWOOD STATION,MUNOA,3,5,E,BD,0
4/8/2020,07:13,Wednesday,VAUGHAN MC STATION,PUSRA,3,5,S,YU,5641
4/8/2020,07:39,Wednesday,WILSON STATION,MUNOA,4,8,S,YU,0
4/8/2020,08:37,Wednesday,VAUGHAN MC STATION,SUCOL,4,6,S,YU,5476
4/8/2020,09:12,Wednesday,BLOOR STATION,PUSRA,12,14,N,YU,6046
4/8/2020,09:27,Wednesday,KENNEDY BD STATION,MUSAN,3,6,,BD,5121
4/8/2020,09:57,Wednesday,FINCH STATION,TUMVS,21,24,N,YU,5896
4/8/2020,10:13,Wednesday,WARDEN STATION,SUO,0,0,,BD,0
4/8/2020,11:29,Wednesday,YONGE BD STATION,MUIS,0,0,,BD,0
4/8/2020,13:11,Wednesday,CASTLE FRANK STATION,SUUT,19,22,E,BD,5353
4/8/2020,13:23,Wednesday,FINCH STATION,MUNOA,3,5,S,YU,0
4/8/2020,13:28,Wednesday,ST GEORGE BD STATION,TUSC,0,0,E,BD,5271
4/8/2020,13:59,Wednesday,VAUGHAN MC STATION,MUNOA,3,5,S,YU,0
4/8/2020,14:37,Wednesday,FINCH WEST STATION,MUIS,0,0,,YU,0
4/8/2020,14:41,Wednesday,PAPE STATION,PUMEL,0,0,E,BD,0
4/8/2020,14:58,Wednesday,KEELE STATION,PUMEL,0,0,,BD,0
4/8/2020,15:39,Wednesday,ST CLAIR STATION,TUOS,3,6,S,YU,5606
4/8/2020,15:58,Wednesday,WILSON STATION,MUNOA,3,5,S,YU,0
4/8/2020,16:29,Wednesday,VAUGHAN MC STATION,MUNOA,3,5,S,YU,0
4/8/2020,16:42,Wednesday,EGLINTON STATION,MUTO,4,7,S,YU,5886
4/8/2020,17:00,Wednesday,QUEEN STATION,MUATC,3,5,S,YU,5886
4/8/2020,18:02,Wednesday,BAY STATION,SUDP,0,0,,BD,0
4/8/2020,18:18,Wednesday,VAUGHAN MC STATION,MUNOA,3,5,S,YU,0
4/8/2020,18:50,Wednesday,VAUGHAN MC STATION,MUNOA,3,5,S,YU,0
4/8/2020,19:51,Wednesday,COXWELL STATION,MUNOA,0,0,E,BD,0
4/8/2020,20:23,Wednesday,YONGE SHP STATION,TUSC,0,0,W,SHP,6191
4/8/2020,21:12,Wednesday,SUMMERHILL STATION,SUDP,0,0,N,YU,6126
4/8/2020,21:28,Wednesday,YONGE SHP STATION,TUSC,0,0,E,SHP,6166
4/8/2020,21:28,Wednesday,SPADINA YUS STATION,SUDP,10,15,S,YU,5761
4/8/2020,21:56,Wednesday,QUEEN STATION,MUATC,3,8,N,YU,5511
4/8/2020,22:00,Wednesday,YUS/BD/SHEPPARD SUBWAY,MUO,0,0,,YU/BD,0
4/8/2020,22:33,Wednesday,ISLINGTON STATION,TUMVS,4,8,W,BD,5054
4/8/2020,22:42,Wednesday,SPADINA YUS STATION,TUCC,0,0,N,YU,5411
4/8/2020,23:11,Wednesday,VAUGHAN MC STATION,MUNOA,3,5,S,YU,0
4/8/2020,23:16,Wednesday,EGLINTON STATION,EUSC,0,0,S,YU,6086
4/8/2020,23:27,Wednesday,DON MILLS STATION,MUPLB,0,0,W,SHP,6161
4/8/2020,23:36,Wednesday,VAUGHAN MC STATION,MUNOA,3,5,S,YU,0
4/8/2020,23:46,Wednesday,VAUGHAN MC STATION,MUNOA,3,5,S,YU,0
4/9/2020,00:13,Thursday,UNION STATION,SUROB,4,9,N,YU,6091
4/9/2020,00:23,Thursday,LANSDOWNE STATION,MUIS,0,0,,BD,0
4/9/2020,01:44,Thursday,FINCH STATION,MUIS,0,0,,YU,0
4/9/2020,02:26,Thursday,KIPLING STATION,SUDP,8,0,W,BD,5240
4/9/2020,05:14,Thursday,WILSON STATION,MUNOA,3,6,S,YU,0
4/9/2020,05:16,Thursday,WILSON STATION,MUNOA,4,8,S,YU,0
4/9/2020,05:40,Thursday,GREENWOOD STATION,MUNOA,4,8,E,BD,0
4/9/2020,05:52,Thursday,GREENWOOD STATION,MUNOA,4,8,E,BD,0
4/9/2020,06:00,Thursday,DAVISVILLE STATION,MUNOA,4,8,S,YU,0
4/9/2020,06:00,Thursday,EGLINTON STATION,MUSAN,6,10,N,YU,5446
4/9/2020,06:03,Thursday,KEELE STATION,MUSC,0,0,W,BD,5288
4/9/2020,06:06,Thursday,SHERBOURNE STATION,SUUT,10,14,W,BD,5307
4/9/2020,06:13,Thursday,WILSON STATION,MUNOA,4,8,S,YU,0
4/9/2020,06:20,Thursday,SHEPPARD WEST STATION,MUNOA,4,8,N,YU,0
4/9/2020,06:27,Thursday,WILSON STATION,MUNOA,4,8,S,YU,0
4/9/2020,06:30,Thursday,DONLANDS STATION,MUNOA,3,5,W,BD,0
4/9/2020,06:32,Thursday,GREENWOOD STATION,MUNOA,3,5,E,BD,0
4/9/2020,06:37,Thursday,DAVISVILLE STATION,MUNOA,4,8,S,YU,0
4/9/2020,06:38,Thursday,GREENWOOD STATION,MUNOA,3,5,E,BD,0
4/9/2020,06:56,Thursday,GREENWOOD STATION,MUNOA,3,5,E,BD,0
4/9/2020,07:09,Thursday,WILSON STATION,MUNOA,4,8,S,YU,0
4/9/2020,07:10,Thursday,GREENWOOD STATION,MUNOA,3,5,E,BD,0
4/9/2020,07:22,Thursday,ST CLAIR STATION,MUSC,0,0,S,YU,6031
4/9/2020,07:32,Thursday,OSSINGTON STATION,MUIS,0,0,,BD,0
4/9/2020,07:33,Thursday,YORK MILLS STATION,TUMVS,9,11,N,YU,5461
4/9/2020,07:39,Thursday,WILSON STATION,MUNOA,4,8,S,YU,0
4/9/2020,08:39,Thursday,QUEEN STATION,MUATC,3,5,S,YU,5636
4/9/2020,08:48,Thursday,DONLANDS STATION,MUPAA,0,0,E,BD,5050
4/9/2020,10:48,Thursday,KIPLING STATION,SUDP,0,0,W,BD,5203
4/9/2020,12:05,Thursday,WOODBINE STATION,SUDP,4,7,E,BD,5196
4/9/2020,13:37,Thursday,BROADVIEW STATION,MUPAA,0,0,E,BD,5124
4/9/2020,14:16,Thursday,VAUGHAN MC STATION,SUDP,0,0,N,YU,6131
4/9/2020,15:03,Thursday,VAUGHAN MC STATION,MUTO,3,6,S,YU,5471
4/9/2020,15:46,Thursday,WOODBINE STATION,SUDP,3,5,E,BD,5243
4/9/2020,15:52,Thursday,QUEEN STATION,EUDO,8,11,S,YU,5691
4/9/2020,16:05,Thursday,KENNEDY BD STATION,MUSAN,3,5,W,BD,5183
4/9/2020,16:08,Thursday,WILSON STATION,MUNOA,3,5,S,YU,0
4/9/2020,17:45,Thursday,QUEEN'S PARK STATION,MUATC,4,6,N,YU,6041
4/9/2020,17:55,Thursday,GREENWOOD STATION,MUPAA,0,0,E,BD,5022
4/9/2020,21:10,Thursday,ST CLAIR STATION,SUDP,4,7,N,YU,5781
4/9/2020,22:00,Thursday,YUS/BD/SHEPPARD SUBWAY,MUO,0,0,,YU/BD,0
4/10/2020,05:29,Friday,ROYAL YORK STATION,EUVE,22,27,E,BD,0
4/10/2020,05:35,Friday,EGLINTON WEST STATION,MUNCA,0,0,,YU,0
4/10/2020,05:38,Friday,WILSON STATION,TUNOA,5,10,S,YU,0
4/10/2020,05:48,Friday,WILSON STATION,TUNOA,5,10,S,YU,0
4/10/2020,05:55,Friday,GREENWOOD STATION,TUNOA,3,7,E,BD,0
4/10/2020,05:55,Friday,KEELE STATION,TUNOA,3,7,W,BD,0
4/10/2020,05:55,Friday,WILSON STATION,MUATC,5,10,S,YU,5621
4/10/2020,06:38,Friday,WILSON STATION,TUNOA,5,10,S,YU,0
4/10/2020,07:06,Friday,GREENWOOD STATION,TUNOA,3,7,E,BD,0
4/10/2020,09:31,Friday,COXWELL STATION,TUNOA,3,7,E,BD,0
4/10/2020,10:57,Friday,BLOOR STATION,SUO,0,0,,YU,0
4/10/2020,11:05,Friday,DAVISVILLE STATION,TUNOA,5,10,N,YU,0
4/10/2020,12:33,Friday,ST CLAIR WEST STATION,MUPLC,5,10,N,YU,5891
4/10/2020,12:46,Friday,MAIN STREET STATION,MUIRS,0,0,W,BD,0
4/10/2020,13:12,Friday,COXWELL STATION,TUNOA,5,10,W,BD,0
4/10/2020,14:23,Friday,LANSDOWNE STATION,MUNCA,0,0,,BD,0
4/10/2020,16:31,Friday,PAPE STATION,MUIS,0,0,,BD,0
4/10/2020,17:43,Friday,BAYVIEW STATION,TUSC,0,0,E,SHP,6156
4/10/2020,17:48,Friday,ST GEORGE BD STATION,MUNCA,0,0,,BD,0
4/10/2020,17:59,Friday,ST ANDREW STATION,SUO,4,8,N,YU,6061
4/10/2020,18:19,Friday,VAUGHAN MC STATION,SUDP,0,0,,YU,0
4/10/2020,20:00,Friday,ST GEORGE YUS STATION,SUPOL,10,14,S,YU,6071
4/10/2020,20:06,Friday,ST GEORGE BD STATION,SUO,11,15,E,BD,5160
4/10/2020,22:05,Friday,VAUGHAN MC STATION,MUIS,0,0,,YU,0
4/10/2020,23:20,Friday,BAYVIEW STATION,TUOS,5,10,E,SHP,6191
4/11/2020,00:06,Saturday,YONGE SHP STATION,SUDP,0,0,,SHP,0
4/11/2020,00:17,Saturday,YONGE BD STATION,MUPAA,3,9,E,BD,5156
4/11/2020,01:44,Saturday,KENNEDY BD STATION,SUDP,0,0,,BD,0
4/11/2020,02:12,Saturday,VAUGHAN MC STATION,MUIS,0,0,,YU,0
4/11/2020,05:44,Saturday,MCCOWAN STATION,MRCL,5,10,S,SRT,3022
4/11/2020,05:52,Saturday,EGLINTON STATION,TUNOA,5,10,N,YU,0
4/11/2020,05:55,Saturday,KEELE STATION,MUO,5,10,W,BD,5057
4/11/2020,05:57,Saturday,EGLINTON STATION,TUO,3,8,N,YU,5586
4/11/2020,05:57,Saturday,ST PATRICK STATION,TUNOA,5,10,S,YU,0
4/11/2020,06:01,Saturday,KEELE STATION,TUNOA,5,10,W,BD,0
4/11/2020,06:05,Saturday,EGLINTON STATION,TUNOA,5,10,N,YU,0
4/11/2020,06:12,Saturday,YONGE BD STATION,PUTO,22,27,E,BD,5262
4/11/2020,06:33,Saturday,SHEPPARD WEST STATION,TUNOA,5,10,N,YU,0
4/11/2020,06:51,Saturday,WILSON STATION,TUNOA,5,10,S,YU,0
4/11/2020,06:57,Saturday,BESSARION STATION,TUOS,5,10,E,SHP,6146
4/11/2020,07:02,Saturday,VAUGHAN MC STATION,MUNOA,3,5,S,YU,0
4/11/2020,07:23,Saturday,DONLANDS STATION,EUSC,0,0,W,BD,5220
4/11/2020,07:50,Saturday,MAIN STREET STATION,SUDP,0,0,,BD,0
4/11/2020,09:05,Saturday,GREENWOOD STATION,TUNOA,5,10,E,BD,0
4/11/2020,09:20,Saturday,BESSARION STATION,MUNCA,0,0,,SHP,0
4/11/2020,09:59,Saturday,LAWRENCE WEST STATION,TUOS,3,8,N,YU,5426
4/11/2020,11:03,Saturday,WILSON STATION,TUNOA,3,6,S,YU,0
4/11/2020,11:07,Saturday,EGLINTON STATION,TUNOA,5,10,N,YU,0
4/11/2020,11:12,Saturday,BAYVIEW STATION,TUSC,0,0,E,SHP,6156
4/11/2020,11:18,Saturday,WILSON STATION,MUNOA,3,6,S,YU,0
4/11/2020,11:29,Saturday,WILSON STATION,TUNOA,3,6,S,YU,0
4/11/2020,11:45,Saturday,KENNEDY BD STATION,MUIS,0,0,,BD,0
4/11/2020,12:28,Saturday,OSSINGTON STATION,TUMVS,6,10,E,BD,5245
4/11/2020,12:42,Saturday,GREENWOOD STATION,TUNOA,4,8,E,BD,0
4/11/2020,13:42,Saturday,MCCOWAN STATION,MRNOA,6,11,S,SRT,0
4/11/2020,13:42,Saturday,SUMMERHILL STATION,SUDP,3,6,S,YU,6001
4/11/2020,16:25,Saturday,BATHURST STATION,SUAP,4,8,W,BD,5040
4/11/2020,16:40,Saturday,VAUGHAN MC STATION,TUNOA,3,6,S,YU,0
4/11/2020,16:57,Saturday,NORTH YORK CTR STATION,TUSC,0,0,S,YU,5461
4/11/2020,17:47,Saturday,KING STATION,MUNCA,0,0,,YU,0
4/11/2020,17:48,Saturday,DUNDAS WEST STATION,MUNCA,0,0,,BD,0
4/11/2020,18:13,Saturday,VICTORIA PARK STATION,SUDP,0,0,E,BD,5115
4/11/2020,18:56,Saturday,BROADVIEW STATION,PUMEL,0,0,,BD,0
4/11/2020,19:08,Saturday,NORTH YORK CTR STATION,MUIS,0,0,,YU,0
4/11/2020,19:38,Saturday,SPADINA BD STATION,SUDP,5,10,E,BD,5177
4/11/2020,19:47,Saturday,VICTORIA PARK STATION,SUDP,4,9,W,BD,5249
4/11/2020,21:29,Saturday,EGLINTON WEST STATION,MUIS,0,0,N,YU,6016
4/11/2020,21:32,Saturday,KENNEDY BD STATION,MUIR,0,0,W,BD,0
4/11/2020,22:00,Saturday,YUS/BD/SHEPPARD SUBWAY,MUO,0,0,,YU / BD,0
4/11/2020,23:16,Saturday,BROADVIEW STATION,MUTO,10,16,E,BD,5177
4/12/2020,01:43,Sunday,SPADINA YUS STATION,MUPAA,3,8,N,YU,6116
4/12/2020,07:56,Sunday,YONGE SHP STATION,TUSC,0,0,E,SHP,6196
4/12/2020,07:58,Sunday,DAVISVILLE STATION,TUNOA,5,10,N,YU,0
4/12/2020,07:59,Sunday,WILSON STATION,TUNOA,5,10,S,YU,0
4/12/2020,08:19,Sunday,KENNEDY BD STATION,TUNOA,5,10,W,BD,0
4/12/2020,08:26,Sunday,DAVISVILLE STATION,TUNOA,5,10,N,YU,0
4/12/2020,08:28,Sunday,SHEPPARD WEST STATION,TUNOA,5,10,N,YU,0
4/12/2020,08:29,Sunday,GREENWOOD STATION,TUNOA,5,10,E,BD,0
4/12/2020,10:27,Sunday,COXWELL STATION,TUNOA,5,10,W,BD,0
4/12/2020,11:58,Sunday,WILSON STATION,TUNOA,5,10,S,YU,0
4/12/2020,14:57,Sunday,OLD MILL STATION,TUOS,3,9,E,BD,5240
4/12/2020,15:23,Sunday,VAUGHAN MC STATION,SUDP,0,0,N,YU,5496
4/12/2020,15:32,Sunday,KENNEDY BD STATION,PUMEL,0,0,,BD,0
4/12/2020,18:07,Sunday,COXWELL STATION,TUNOA,5,10,E,BD,0
4/12/2020,19:06,Sunday,MAIN STREET STATION,SUDP,0,0,E,BD,5010
4/12/2020,20:18,Sunday,VAUGHAN MC STATION,MUTO,5,10,S,YU,5386
4/12/2020,20:21,Sunday,VAUGHAN MC STATION,SUUT,13,18,S,YU,5501
4/12/2020,21:11,Sunday,WELLESLEY STATION,MUIS,0,0,,YU,0
4/12/2020,22:00,Sunday,YUS/BD/SHEPPARD SUBWAY,MUO,0,0,,YU/BD,0
4/12/2020,23:20,Sunday,FINCH STATION,EUHV,5,10,S,YU,5801
4/12/2020,23:54,Sunday,DUNDAS WEST STATION,MUIS,0,0,,BD,0
4/13/2020,02:25,Monday,KIPLING STATION,MUIRS,0,0,,BD,0
4/13/2020,05:14,Monday,WILSON STATION,MUNOA,4,8,S,YU,0
4/13/2020,05:16,Monday,WILSON STATION,MUNOA,4,8,S,YU,0
4/13/2020,05:45,Monday,FINCH STATION,EUECD,4,8,S,YU,5626
4/13/2020,05:52,Monday,GREENWOOD STATION,TUNOA,5,10,W,BD,0
4/13/2020,05:54,Monday,KENNEDY BD STATION,TUNOA,5,10,W,BD,0
4/13/2020,06:00,Monday,DAVISVILLE STATION,MUNOA,4,8,N,YU,0
4/13/2020,06:13,Monday,WILSON STATION,MUNOA,4,8,S,YU,0
4/13/2020,06:18,Monday,NORTH YORK CTR STATION,EUNT,4,8,N,YU,5516
4/13/2020,06:22,Monday,QUEEN STATION,MUATC,0,0,S,YU,5571
4/13/2020,06:26,Monday,COLLEGE STATION,PUSRA,10,14,S,YU,5706
4/13/2020,06:27,Monday,WILSON STATION,MUNOA,4,8,S,YU,0
4/13/2020,06:28,Monday,SHEPPARD WEST STATION,MUNOA,4,8,N,YU,0
4/13/2020,06:29,Monday,DONLANDS STATION,MUNOA,3,5,W,BD,0
4/13/2020,06:33,Monday,GREENWOOD STATION,MUNOA,3,5,E,BD,0
4/13/2020,06:37,Monday,EGLINTON STATION,TUNOA,4,8,N,YU,0
4/13/2020,06:38,Monday,GREENWOOD STATION,MUNOA,3,5,E,BD,0
4/13/2020,06:57,Monday,GREENWOOD STATION,MUNOA,3,5,E,BD,0
4/13/2020,07:09,Monday,WILSON STATION,MUNOA,4,8,S,YU,0
4/13/2020,07:11,Monday,GREENWOOD STATION,MUNOA,3,5,E,BD,0
4/13/2020,07:15,Monday,JANE STATION,TUSC,0,0,W,BD,5013
4/13/2020,07:39,Monday,WILSON STATION,MUNOA,4,8,S,YU,0
4/13/2020,09:02,Monday,KIPLING STATION,TUMVS,3,5,W,BD,5128
4/13/2020,09:13,Monday,YORKDALE STATION,MUATC,5,7,N,YU,6051
4/13/2020,09:31,Monday,DUFFERIN STATION,MUIS,0,0,,BD,0
4/13/2020,09:46,Monday,ROSEDALE STATION,SUDP,0,0,N,YU,5546
4/13/2020,09:58,Monday,SHEPPARD STATION,MUSC,0,0,N,YU,5861
4/13/2020,10:01,Monday,EGLINTON STATION,MUPAA,3,5,N,YU,5091
4/13/2020,10:21,Monday,LAWRENCE STATION,TUSC,0,0,S,YU,5506
4/13/2020,11:17,Monday,BLOOR STATION,SUEAS,6,9,S,YU,5531
4/13/2020,11:47,Monday,QUEEN STATION,MUPAA,4,7,N,YU,6131
4/13/2020,12:32,Monday,QUEEN STATION,MUSC,0,0,N,YU,5861
4/13/2020,14:05,Monday,DON MILLS STATION,TUSC,0,0,E,SHP,6166
4/13/2020,15:11,Monday,BLOOR STATION,SUUT,0,0,N,YU,6071
4/13/2020,15:24,Monday,DONLANDS STATION,MUNOA,5,10,W,BD,0
4/13/2020,16:56,Monday,CHESTER STATION,MUIS,0,0,,BD,0
4/13/2020,17:06,Monday,LAWRENCE STATION,SUDP,0,0,N,YU,6131
4/13/2020,17:33,Monday,BATHURST STATION,MUPAA,0,0,E,BD,5348
4/13/2020,18:03,Monday,ST PATRICK STATION,MUPR1,105,108,N,YU,6006
4/13/2020,18:26,Monday,LAWRENCE STATION,SUDP,5,7,N,YU,5596
4/13/2020,18:50,Monday,VAUGHAN MC STATION,MUNOA,3,6,S,YU,0
4/13/2020,18:59,Monday,KIPLING STATION,PUCSC,3,6,W,BD,5249
4/13/2020,19:03,Monday,DAVISVILLE STATION,MUO,25,28,N,YU,5521
4/13/2020,19:16,Monday,KENNEDY BD STATION,MUIS,0,0,,BD,0
4/13/2020,19:16,Monday,KENNEDY BD STATION,MUI,4,8,E,BD,5080
4/13/2020,19:46,Monday,LAWRENCE WEST STATION,SUDP,0,0,N,YU,5666
4/13/2020,19:52,Monday,KIPLING STATION,SUO,0,0,,BD,8007
4/13/2020,19:56,Monday,WILSON CARHOUSE,PUMO,0,0,,YU,0
4/13/2020,20:26,Monday,LAWRENCE STATION,EUTRD,6,9,N,YU,5621
4/13/2020,20:53,Monday,KIPLING STATION,SUDP,5,9,E,BD,5280
4/13/2020,21:17,Monday,KENNEDY BD STATION,MUIS,0,0,,BD,0
4/13/2020,21:27,Monday,VICTORIA PARK STATION,SUDP,5,9,E,BD,5036
4/13/2020,21:34,Monday,QUEEN STATION,MUATC,10,13,S,YU,5626
4/13/2020,22:00,Monday,YUS/BD/SHEPPARD SUBWAY,MUO,0,0,,YU/BD,0
4/13/2020,22:38,Monday,ISLINGTON STATION,SUDP,0,0,,BD,0
4/13/2020,23:11,Monday,VAUGHAN MC STATION,MUNOA,3,6,S,YU,0
4/13/2020,23:36,Monday,VAUGHAN MC STATION,MUNOA,3,6,S,YU,0
4/13/2020,23:46,Monday,VAUGHAN MC STATION,MUNOA,3,6,S,YU,0
4/14/2020,00:42,Tuesday,SHEPPARD WEST STATION,SUO,0,0,,YU,0
4/14/2020,00:56,Tuesday,EGLINTON STATION,PUSNT,0,0,S,YU,5946
4/14/2020,01:02,Tuesday,DON MILLS STATION,MUIR,24,29,W,SHP,6176
4/14/2020,01:44,Tuesday,VAUGHAN MC STATION,SUDP,0,0,,YU,0
4/14/2020,02:10,Tuesday,VAUGHAN MC STATION,SUDP,0,0,,YU,0
4/14/2020,04:12,Tuesday,KIPLING STATION,PUTWZ,0,0,W,BD,6
4/14/2020,05:14,Tuesday,WILSON STATION,MUNOA,4,8,S,YU,0
4/14/2020,05:16,Tuesday,WILSON STATION,MUNOA,4,8,S,YU,0
4/14/2020,05:52,Tuesday,GREENWOOD STATION,MUNOA,3,5,E,BD,0
4/14/2020,05:54,Tuesday,KENNEDY BD STATION,MUNOA,5,10,W,BD,0
4/14/2020,06:00,Tuesday,DAVISVILLE STATION,MUNOA,4,8,N,YU,0
4/14/2020,06:12,Tuesday,COXWELL STATION,MUTO,3,5,W,BD,5276
4/14/2020,06:13,Tuesday,WILSON STATION,MUNOA,4,8,S,YU,0
4/14/2020,06:22,Tuesday,SHEPPARD WEST STATION,MUTO,5,9,N,YU,5686
4/14/2020,06:27,Tuesday,WILSON STATION,MUNOA,4,8,S,YU,0
4/14/2020,06:28,Tuesday,SHEPPARD WEST STATION,MUNOA,4,8,N,YU,0
4/14/2020,06:29,Tuesday,DONLANDS STATION,MUNOA,3,5,W,BD,0
4/14/2020,06:33,Tuesday,GREENWOOD STATION,MUNOA,3,5,E,BD,0
4/14/2020,06:37,Tuesday,EGLINTON STATION,MUNOA,4,8,N,YU,0
4/14/2020,06:38,Tuesday,GREENWOOD STATION,MUNOA,3,5,E,BD,0
4/14/2020,06:43,Tuesday,EGLINTON STATION,MUTO,6,0,N,YU,6096
4/14/2020,06:57,Tuesday,GREENWOOD STATION,MUNOA,3,5,E,BD,0
4/14/2020,07:02,Tuesday,GREENWOOD STATION,MUDD,8,10,E,BD,5092
4/14/2020,07:09,Tuesday,WILSON STATION,MUNOA,4,8,S,YU,0
4/14/2020,07:11,Tuesday,GREENWOOD STATION,MUNOA,3,5,E,BD,0
4/14/2020,07:18,Tuesday,BLOOR STATION,EUSC,0,0,S,YU,5646
4/14/2020,07:39,Tuesday,WILSON STATION,MUNOA,4,8,S,YU,0
4/14/2020,07:44,Tuesday,SHEPPARD STATION,MUPAA,0,0,N,YU,5941
4/14/2020,07:47,Tuesday,EGLINTON STATION,MUPAA,3,5,S,YU,6101
4/14/2020,08:24,Tuesday,ST GEORGE BD STATION,SUDP,5,7,W,BD,5289
4/14/2020,08:48,Tuesday,DONLANDS STATION,MUIR,6,8,E,BD,5106
4/14/2020,08:58,Tuesday,QUEEN STATION,MUATC,4,7,S,YU,5496
4/14/2020,09:03,Tuesday,ST CLAIR WEST STATION,SUDP,4,6,S,YU,5016
4/14/2020,09:08,Tuesday,OSSINGTON STATION,SUDP,5,7,E,BD,5298
4/14/2020,09:41,Tuesday,WELLESLEY STATION,MUPAA,3,5,N,YU,5681
4/14/2020,09:47,Tuesday,BLOOR STATION,SUDP,14,16,N,YU,5881
4/14/2020,09:51,Tuesday,YONGE BD STATION,SUO,0,0,E,BD,5074
4/14/2020,10:09,Tuesday,CASTLE FRANK STATION,MUPR1,40,44,W,BD,5289
4/14/2020,10:23,Tuesday,OLD MILL STATION,MUO,5,8,E,BD,5106
4/14/2020,10:38,Tuesday,QUEEN STATION,MUATC,5,8,S,YU,6051
4/14/2020,10:47,Tuesday,BAY STATION,SUAE,0,0,,BD,0
4/14/2020,10:52,Tuesday,BROADVIEW STATION,PUMEL,0,0,,BD,0
4/14/2020,10:53,Tuesday,UNION STATION,SUUT,0,0,N,YU,5421
4/14/2020,11:13,Tuesday,YONGE SHP STATION,PUSWZ,0,0,E,SHP,6196
4/14/2020,11:52,Tuesday,ST CLAIR WEST STATION,PUSWZ,17,21,S,YU,6031
4/14/2020,13:14,Tuesday,KIPLING STATION,EUCO,3,6,E,BD,5160
4/14/2020,14:23,Tuesday,FINCH STATION,MUNOA,3,6,S,YU,5856
4/14/2020,15:02,Tuesday,OSSINGTON STATION,MUI,6,9,E,BD,5218
4/14/2020,15:24,Tuesday,DONLANDS STATION,MUNOA,5,10,W,BD,0
4/14/2020,15:38,Tuesday,SHEPPARD WEST STATION,SUDP,3,6,N,YU,5571
4/14/2020,15:49,Tuesday,DUPONT STATION,SUDP,3,6,S,YU,5876
4/14/2020,16:10,Tuesday,VAUGHAN MC STATION,SUDP,3,5,S,YU,5541
4/14/2020,16:12,Tuesday,KEELE STATION,PUSTS,5,7,E,BD,5328
4/14/2020,16:29,Tuesday,DAVISVILLE STATION,EUYRD,4,8,S,YU,5846
4/14/2020,16:44,Tuesday,ST CLAIR STATION,SUO,0,0,,YU,0
4/14/2020,17:29,Tuesday,VICTORIA PARK STATION,EUDO,0,0,W,BD,5292
4/14/2020,17:35,Tuesday,OSSINGTON STATION,SUDP,14,16,W,BD,5276
4/14/2020,17:59,Tuesday,DON MILLS STATION,TUSC,0,0,E,SHP,6171
4/14/2020,18:33,Tuesday,CHRISTIE STATION,MUPR1,80,83,E,BD,5128
4/14/2020,18:37,Tuesday,QUEEN STATION,SUUT,8,10,N,YU,5856
4/14/2020,18:54,Tuesday,OLD MILL STATION,TUMVS,0,0,E,BD,5094
4/14/2020,20:22,Tuesday,BLOOR STATION,MUIS,0,0,S,YU,0
4/14/2020,21:43,Tuesday,FINCH WEST STATION,SUDP,0,0,N,YU,5386
4/14/2020,22:00,Tuesday,YUS/BD/SHEPPARD SUBWAY,MUO,0,0,,YU/BD,0
4/14/2020,22:19,Tuesday,DON MILLS STATION,TUSC,0,0,W,SHP,6151
4/14/2020,22:21,Tuesday,BAY STATION,EUNT,3,7,W,BD,5022
4/14/2020,23:05,Tuesday,DUNDAS WEST STATION,SUAP,0,0,E,BD,5532
4/15/2020,00:43,Wednesday,KIPLING STATION,MUTO,4,9,E,BD,5112
4/15/2020,05:14,Wednesday,WILSON STATION,MUNOA,4,8,S,YU,0
4/15/2020,05:16,Wednesday,WILSON STATION,MUNOA,4,8,S,YU,0
4/15/2020,06:00,Wednesday,DAVISVILLE STATION,MUNOA,4,8,N,YU,0
4/15/2020,06:01,Wednesday,WILSON STATION,MUNOA,4,8,S,YU,0
4/15/2020,06:13,Wednesday,WILSON STATION,MUNOA,4,8,S,YU,0
4/15/2020,06:27,Wednesday,WILSON STATION,MUNOA,4,8,S,YU,0
4/15/2020,06:37,Wednesday,EGLINTON STATION,MUNOA,4,8,N,YU,0
4/15/2020,07:09,Wednesday,WILSON STATION,MUNOA,4,8,S,YU,0
4/15/2020,07:24,Wednesday,MCCOWAN STATION,ERDO,5,11,S,SRT,3006
4/15/2020,07:39,Wednesday,WILSON STATION,MUNOA,4,8,S,YU,0
4/15/2020,09:36,Wednesday,DON MILLS STATION,TUSC,0,0,E,SHP,6141
4/15/2020,09:38,Wednesday,KIPLING STATION,MUSAN,3,6,,BD,5013
4/15/2020,10:02,Wednesday,WELLESLEY STATION,SUDP,3,5,S,YU,5596
4/15/2020,10:19,Wednesday,KENNEDY BD STATION,MUIS,0,0,,BD,0
4/15/2020,10:32,Wednesday,LAWRENCE STATION,EUSC,0,0,N,YU,5451
4/15/2020,12:22,Wednesday,MAIN STREET STATION,SUO,3,6,E,BD,5174
4/15/2020,12:50,Wednesday,DUFFERIN STATION,MUIRS,0,0,W,BD,0
4/15/2020,13:36,Wednesday,HIGH PARK STATION,SUUT,16,19,W,BD,5117
4/15/2020,13:51,Wednesday,CHRISTIE STATION,TUMVS,0,0,E,BD,5195
4/15/2020,13:59,Wednesday,YORKDALE STATION,SUDP,20,23,N,YU,5516
4/15/2020,14:16,Wednesday,VAUGHAN MC STATION,SUDP,0,0,N,YU,5986
4/15/2020,14:29,Wednesday,SHEPPARD STATION,MUSC,3,6,N,YU,5556
4/15/2020,14:58,Wednesday,DUPONT STATION,SUPOL,6,9,S,YU,5921
4/15/2020,15:57,Wednesday,LAWRENCE STATION,SUDP,0,0,,YU,0
4/15/2020,16:42,Wednesday,DUFFERIN STATION,SUDP,5,7,W,BD,5077
4/15/2020,16:44,Wednesday,DUFFERIN STATION,SUAP,0,0,,BD,0
4/15/2020,18:07,Wednesday,BAYVIEW STATION,PUSTS,4,9,E,SHP,6171
4/15/2020,18:53,Wednesday,KENNEDY BD STATION,MUIRS,0,0,W,BD,0
4/15/2020,18:57,Wednesday,FINCH WEST STATION,SUCOL,0,0,N,YU,6131
4/15/2020,20:31,Wednesday,BROADVIEW STATION,MUIRS,0,0,,BD,0
4/15/2020,21:05,Wednesday,BAY STATION,MUIS,0,0,,BD,0
4/15/2020,21:41,Wednesday,BAY STATION,MUIRS,0,0,,BD,0
4/15/2020,22:00,Wednesday,YUS/BD/SHEPPARD SUBWAY,MUO,0,0,,YU/BD,0
4/15/2020,22:17,Wednesday,BROADVIEW STATION,TUOS,4,8,E,BD,5227
4/15/2020,23:20,Wednesday,ST PATRICK STATION,SUO,3,8,S,YU,5511
4/16/2020,00:46,Thursday,LAWRENCE WEST STATION,MUATC,5,10,N,YU,5521
4/16/2020,01:16,Thursday,YONGE BD STATION,SUDP,3,7,E,BD,5537
4/16/2020,01:50,Thursday,GREENWOOD YARD,SUG,0,0,,BD,5266
4/16/2020,05:14,Thursday,WILSON STATION,MUNOA,4,8,S,YU,0
4/16/2020,05:16,Thursday,WILSON STATION,MUNOA,4,8,S,YU,0
4/16/2020,06:00,Thursday,DAVISVILLE STATION,MUNOA,4,8,S,YU,0
4/16/2020,06:01,Thursday,WILSON STATION,MUNOA,4,8,S,YU,0
4/16/2020,06:13,Thursday,WILSON STATION,MUNOA,4,8,S,YU,0
4/16/2020,06:27,Thursday,WILSON STATION,MUNOA,4,8,S,YU,0
4/16/2020,07:09,Thursday,WILSON STATION,MUNOA,4,8,S,YU,0
4/16/2020,07:39,Thursday,WILSON STATION,MUNOA,4,8,S,YU,0
4/16/2020,07:44,Thursday,QUEEN STATION,MUSC,0,0,N,YU,5526
4/16/2020,08:56,Thursday,SHEPPARD WEST STATION,MUPAA,3,6,N,YU,5421
4/16/2020,10:25,Thursday,KENNEDY BD STATION,PUMEL,0,0,,BD,0
4/16/2020,10:37,Thursday,KENNEDY BD STATION,MUIS,0,0,,BD,0
4/16/2020,10:53,Thursday,COLLEGE STATION,SUUT,10,13,N,YU,5981
4/16/2020,11:35,Thursday,WELLESLEY STATION,MUSAN,3,6,S,YU,5991
4/16/2020,13:16,Thursday,KENNEDY BD STATION,MUPAA,0,0,,BD,5033
4/16/2020,13:54,Thursday,QUEEN STATION,SUDP,3,6,N,YU,5491
4/16/2020,14:20,Thursday,KIPLING STATION,MUI,3,6,E,BD,5034
4/16/2020,14:46,Thursday,BLOOR STATION,SUDP,0,0,S,YU,0
4/16/2020,16:01,Thursday,QUEEN STATION,MUSC,0,0,N,YU,5576
4/16/2020,16:26,Thursday,FINCH WEST STATION,MUPAA,0,0,S,YU,5671
4/16/2020,16:37,Thursday,COLLEGE STATION,SUUT,0,0,N,YU,0
4/16/2020,16:46,Thursday,NORTH YORK CTR STATION,SUUT,13,16,S,YU,6091
4/16/2020,17:09,Thursday,CASTLE FRANK STATION,MUPLB,4,6,W,BD,5026
4/16/2020,17:21,Thursday,KENNEDY BD STATION,MUPAA,0,0,W,BD,5306
4/16/2020,17:22,Thursday,MCCOWAN YARD,ERO,0,0,,SRT,0
4/16/2020,17:37,Thursday,DUFFERIN STATION,SUDP,0,0,W,BD,5148
4/16/2020,17:47,Thursday,BATHURST STATION,SUEAS,18,20,W,BD,5016
4/16/2020,17:52,Thursday,BROADVIEW STATION,SUDP,0,0,,BD,0
4/16/2020,18:02,Thursday,DUFFERIN STATION,MUO,0,0,,BD,0
4/16/2020,18:50,Thursday,KENNEDY BD STATION,MUSC,0,0,W,BD,5266
4/16/2020,19:30,Thursday,ST PATRICK STATION,EUDO,4,7,S,YU,5786
4/16/2020,19:46,Thursday,WARDEN STATION,MUIS,0,0,E,BD,5347
4/16/2020,19:53,Thursday,VICTORIA PARK STATION,MUIS,0,0,,BD,0
4/16/2020,20:14,Thursday,BATHURST STATION,SUDP,4,7,W,BD,5244
4/16/2020,20:19,Thursday,YONGE SHP STATION,MUDD,4,9,E,SHP,6156
4/16/2020,21:05,Thursday,MCCOWAN CARHOUSE,ERDB,0,0,,SRT,0
4/16/2020,21:54,Thursday,KIPLING STATION,MUPAA,0,0,E,BD,5340
4/16/2020,22:00,Thursday,YUS/BD/SHEPPARD SUBWAY,MUO,0,0,,YU / BD,0
4/16/2020,22:18,Thursday,KIPLING STATION,MUIR,0,0,W,BD,5292
4/16/2020,22:28,Thursday,ST GEORGE BD STATION,SUG,4,8,W,BD,5264
4/17/2020,00:11,Friday,KIPLING STATION,SUAP,0,0,,BD,0
4/17/2020,02:18,Friday,LAWRENCE EAST STATION,SRO,0,0,,SRT,0
4/17/2020,02:32,Friday,ISLINGTON STATION,SUDP,0,0,,BD,0
4/17/2020,03:26,Friday,CASTLE FRANK STATION,MUFS,0,0,,BD,0
4/17/2020,05:14,Friday,WILSON STATION,MUNOA,4,8,S,YU,0
4/17/2020,05:16,Friday,WILSON STATION,MUNOA,4,8,S,YU,0
4/17/2020,05:32,Friday,FINCH STATION,TUSC,0,0,S,YU,5996
4/17/2020,06:00,Friday,DAVISVILLE STATION,MUNOA,4,8,N,YU,0
4/17/2020,06:01,Friday,WILSON STATION,MUNOA,4,8,S,YU,0
4/17/2020,06:11,Friday,WILSON STATION,MUNOA,4,8,S,YU,0
4/17/2020,06:27,Friday,WILSON STATION,MUNOA,4,8,S,YU,0
4/17/2020,06:32,Friday,DAVISVILLE STATION,MUNOA,4,8,N,YU,0
4/17/2020,06:33,Friday,WILSON STATION,MUATC,7,10,S,YU,5886
4/17/2020,06:48,Friday,BESSARION STATION,TUOS,4,9,W,SHP,6151
4/17/2020,06:54,Friday,ST GEORGE BD STATION,TUMVS,6,9,E,BD,5275
4/17/2020,07:06,Friday,KING STATION,SUAE,3,6,N,YU,5886
4/17/2020,07:08,Friday,WILSON STATION,MUNOA,4,8,S,YU,0
4/17/2020,07:25,Friday,ISLINGTON STATION,MUSC,0,0,W,BD,5026
4/17/2020,07:39,Friday,WILSON STATION,MUNOA,4,8,S,YU,0
4/17/2020,07:55,Friday,CHRISTIE STATION,TUSC,0,0,W,BD,5256
4/17/2020,08:09,Friday,VICTORIA PARK STATION,EUDO,4,6,W,BD,5038
4/17/2020,08:55,Friday,DONLANDS STATION,SUO,8,10,E,BD,5124
4/17/2020,09:31,Friday,FINCH STATION,MUIS,0,0,,YU,0
4/17/2020,09:37,Friday,ST ANDREW STATION,MUIS,0,0,S,YU,0
4/17/2020,10:05,Friday,KIPLING STATION,MUIR,5,10,W,BD,5233
4/17/2020,11:12,Friday,COXWELL STATION,TUNOA,7,10,W,BD,5283
4/17/2020,11:45,Friday,YONGE BD STATION,SUDP,7,10,E,BD,5077
4/17/2020,12:37,Friday,BATHURST STATION,PUMEL,0,0,,BD,0
4/17/2020,12:45,Friday,DUNDAS WEST STATION,MUIRS,0,0,W,BD,5003
4/17/2020,15:06,Friday,EGLINTON WEST STATION,EUDO,6,9,N,YU,5756
4/17/2020,15:08,Friday,FINCH STATION,TUSC,0,0,N,YU,5456
4/17/2020,16:00,Friday,DAVISVILLE STATION,EUOE,10,13,N,YU,5966
4/17/2020,16:08,Friday,WILSON STATION,MUNOA,3,6,S,YU,0
4/17/2020,16:24,Friday,KENNEDY BD STATION,MUIRS,0,0,,BD,0
4/17/2020,16:38,Friday,CHESTER STATION,SUDP,4,6,E,BD,5087
4/17/2020,16:40,Friday,MCCOWAN STATION,TRNOA,5,10,S,SRT,0
4/17/2020,16:53,Friday,DUNDAS WEST STATION,SUCOL,0,0,W,BD,5343
4/17/2020,17:15,Friday,FINCH STATION,SUDP,0,0,N,YU,5981
4/17/2020,18:04,Friday,KIPLING STATION,MUTO,3,5,E,BD,5075
4/17/2020,18:11,Friday,KIPLING STATION,SUDP,3,5,W,BD,5003
4/17/2020,18:23,Friday,COXWELL STATION,MUTO,3,5,E,BD,5143
4/17/2020,18:50,Friday,WARDEN STATION,SUDP,14,17,W,BD,5083
4/17/2020,19:16,Friday,COXWELL STATION,TUO,12,15,W,BD,5243
4/17/2020,19:17,Friday,COXWELL STATION,MUIE,3,6,W,BD,0
4/17/2020,19:39,Friday,YONGE BD STATION,MUIR,3,6,E,BD,5280
4/17/2020,19:52,Friday,YONGE BD STATION,SUDP,3,6,E,BD,5077
4/17/2020,20:32,Friday,CHRISTIE STATION,MUI,14,17,W,BD,5365
4/17/2020,20:49,Friday,KENNEDY BD STATION,TUO,10,14,W,BD,5077
4/17/2020,20:57,Friday,ISLINGTON STATION,MUI,13,16,W,BD,5292
4/17/2020,21:21,Friday,FINCH WEST STATION,MUI,0,0,N,YU,6066
4/17/2020,21:37,Friday,FINCH WEST STATION,MUIS,3,6,N,YU,5986
4/17/2020,22:00,Friday,YUS/BD/SHEPPARD SUBWAY,MUO,0,0,,YU / BD,0
4/17/2020,23:07,Friday,YORKDALE STATION,SUDP,8,13,N,YU,5566
4/17/2020,23:14,Friday,BLOOR STATION,SUO,0,0,N,YU,5541
4/18/2020,00:24,Saturday,YONGE SHP STATION,TUNOA,5,11,W,SHP,6186
4/18/2020,00:33,Saturday,EGLINTON STATION,MUIS,0,0,,YU,0
4/18/2020,00:45,Saturday,MCCOWAN STATION,TRNOA,6,12,E,SRT,3007
4/18/2020,01:31,Saturday,KIPLING STATION,SUDP,0,0,,BD,0
4/18/2020,01:52,Saturday,KIPLING STATION,MUIRS,0,0,,BD,0
4/18/2020,02:21,Saturday,MCCOWAN STATION,TRNOA,6,12,S,SRT,0
4/18/2020,03:23,Saturday,MCCOWAN STATION,TRNOA,6,12,S,SRT,0
4/18/2020,05:20,Saturday,OSSINGTON STATION,MUNCA,0,0,,BD,0
4/18/2020,05:30,Saturday,EGLINTON STATION,TUNOA,5,10,N,YU,0
4/18/2020,05:32,Saturday,EGLINTON STATION,TUNOA,5,10,N,YU,0
4/18/2020,05:35,Saturday,SHERBOURNE STATION,MUNCA,0,0,,BD,0
4/18/2020,05:57,Saturday,ST PATRICK STATION,MUNOA,8,0,S,YU,0
4/18/2020,05:59,Saturday,GREENWOOD STATION,TUNOA,5,10,E,BD,0
4/18/2020,06:02,Saturday,ST CLAIR WEST STATION,MUATC,4,0,S,YU,5756
4/18/2020,06:08,Saturday,EGLINTON STATION,TUNOA,5,10,N,YU,0
4/18/2020,06:16,Saturday,KEELE STATION,TUNOA,5,10,W,BD,0
4/18/2020,06:33,Saturday,SHEPPARD WEST STATION,TUNOA,5,10,N,YU,0
4/18/2020,07:44,Saturday,FINCH WEST STATION,MUATC,10,15,S,YU,6046
4/18/2020,08:55,Saturday,EGLINTON WEST STATION,PUMO,0,0,,YU,0
4/18/2020,09:06,Saturday,FINCH STATION,MUI,5,10,S,YU,5791
4/18/2020,09:15,Saturday,SHEPPARD STATION,EUDO,4,9,S,YU,5976
4/18/2020,10:02,Saturday,LAWRENCE STATION,EUSC,0,0,N,YU,5761
4/18/2020,10:11,Saturday,CHRISTIE STATION,MUNCA,0,0,,BD,0
4/18/2020,11:05,Saturday,WILSON STATION,TUNOA,3,6,S,YU,0
4/18/2020,11:10,Saturday,MCCOWAN STATION,TRNOA,6,12,S,SRT,0
4/18/2020,11:10,Saturday,ST CLAIR STATION,MUPAA,0,0,S,YU,5546
4/18/2020,11:20,Saturday,WILSON STATION,TUNOA,5,10,S,YU,0
4/18/2020,11:31,Saturday,WILSON STATION,TUNOA,3,6,S,YU,0
4/18/2020,11:39,Saturday,MCCOWAN STATION,TRNOA,6,12,S,SRT,0
4/18/2020,12:45,Saturday,GREENWOOD STATION,TUNOA,5,10,E,BD,0
4/18/2020,13:34,Saturday,SUMMERHILL STATION,EUSC,0,0,S,YU,5431
4/18/2020,14:17,Saturday,FINCH STATION,SUDP,0,0,N,YU,5896
4/18/2020,14:52,Saturday,VAUGHAN MC STATION,TUNOA,3,6,S,YU,0
4/18/2020,15:16,Saturday,ST CLAIR STATION,MUSC,3,6,N,YU,5716
4/18/2020,16:00,Saturday,DAVISVILLE STATION,SUDP,0,0,,YU,0
4/18/2020,17:34,Saturday,LAWRENCE STATION,PUMEL,0,0,,YU,0
4/18/2020,18:16,Saturday,BLOOR STATION,MUIS,0,0,,YU,0
4/18/2020,19:10,Saturday,KENNEDY BD STATION,TUNOA,4,8,W,BD,0
4/18/2020,19:29,Saturday,YONGE SHP STATION,MUIS,0,0,,SHP,6151
4/18/2020,20:01,Saturday,GREENWOOD STATION,SUDP,3,7,E,BD,5264
4/18/2020,22:00,Saturday,YUS/BD/SHEPPARD SUBWAY,MUO,0,0,,YU/BD,0
4/18/2020,22:23,Saturday,LESLIE STATION,MUNCA,0,0,,SHP,0
4/18/2020,23:04,Saturday,FINCH STATION,TUSC,0,0,N,YU,6016
4/18/2020,23:19,Saturday,KEELE STATION,SUDP,6,12,E,BD,5264
4/18/2020,23:24,Saturday,WELLESLEY STATION,MUPAA,0,0,S,YU,5926
4/19/2020,05:56,Sunday,YONGE UNIVERSITY LINE,PUSRA,0,0,,YU,0
4/19/2020,08:00,Sunday,YONGE UNIVERSITY LINE,MUO,0,0,,YU,0
4/19/2020,08:07,Sunday,EGLINTON STATION,TUNOA,5,10,N,YU,0
4/19/2020,08:10,Sunday,EGLINTON STATION,MUNOA,5,10,N,YU,0
4/19/2020,08:19,Sunday,KENNEDY BD STATION,TUNOA,5,10,W,BD,0
4/19/2020,08:22,Sunday,EGLINTON STATION,TUNOA,5,10,N,YU,0
4/19/2020,08:31,Sunday,GREENWOOD STATION,TUNOA,5,10,E,BD,0
4/19/2020,10:21,Sunday,KENNEDY BD STATION,TUNOA,5,10,W,BD,0
4/19/2020,10:45,Sunday,LAWRENCE STATION,MUSC,0,0,S,YU,5996
4/19/2020,11:01,Sunday,ROYAL YORK STATION,MUPAA,3,8,W,BD,5042
4/19/2020,11:22,Sunday,WILSON STATION,TUNOA,5,10,S,YU,0
4/19/2020,11:57,Sunday,WILSON STATION,TUNOA,5,10,S,YU,0
4/19/2020,13:42,Sunday,BAY STATION,MUIS,0,0,W,BD,5007
4/19/2020,14:21,Sunday,YONGE SHP STATION,TUSC,0,0,W,SHP,6166
4/19/2020,16:03,Sunday,GREENWOOD STATION,MUIS,0,0,,BD,0
4/19/2020,17:13,Sunday,COXWELL STATION,TUNOA,5,10,E,BD,0
4/19/2020,18:09,Sunday,WELLESLEY STATION,MUIS,0,0,,YU,0
4/19/2020,21:53,Sunday,PIONEER VILLAGE STATIO,MUIS,0,0,,YU,0
4/19/2020,22:00,Sunday,YUS/BD/SHEPPARD SUBWAY,MUO,0,0,,YU/BD,0
4/19/2020,23:57,Sunday,KIPLING STATION,SUDP,0,0,,BD,0
4/20/2020,01:11,Monday,BROADVIEW STATION,MUIRS,0,0,,BD,0
4/20/2020,01:24,Monday,ISLINGTON STATION,TUMVS,0,0,W,BD,5042
4/20/2020,01:55,Monday,KEELE STATION,PUSTS,0,0,E,BD,5048
4/20/2020,03:09,Monday,SPADINA BD STATION,MUNCA,0,0,,BD,0
4/20/2020,05:14,Monday,ST CLAIR STATION,MUNOA,3,5,S,YU,0
4/20/2020,05:16,Monday,ST CLAIR STATION,MUNOA,3,5,S,YU,0
4/20/2020,05:28,Monday,DONLANDS STATION,MUSC,0,0,W,BD,5204
4/20/2020,05:52,Monday,GREENWOOD STATION,MUNOA,3,5,E,BD,0
4/20/2020,05:54,Monday,KENNEDY BD STATION,MUNOA,5,10,W,BD,0
4/20/2020,06:00,Monday,ST CLAIR STATION,MUNOA,3,5,S,YU,0
4/20/2020,06:01,Monday,WILSON STATION,MUNOA,3,5,S,YU,0
4/20/2020,06:10,Monday,EGLINTON STATION,EUBO,4,8,S,YU,5711
4/20/2020,06:13,Monday,WILSON STATION,MUNOA,3,5,S,YU,0
4/20/2020,06:14,Monday,DONLANDS STATION,MUNOA,3,5,W,BD,0
4/20/2020,06:26,Monday,SHEPPARD WEST STATION,MUNOA,4,8,N,YU,0
4/20/2020,06:27,Monday,ST CLAIR STATION,MUNOA,3,5,S,YU,0
4/20/2020,06:28,Monday,SHEPPARD WEST STATION,MUNOA,4,8,N,YU,0
4/20/2020,06:29,Monday,DONLANDS STATION,MUNOA,3,5,W,BD,0
4/20/2020,06:33,Monday,GREENWOOD STATION,MUNOA,3,5,E,BD,0
4/20/2020,06:37,Monday,EGLINTON STATION,MUNOA,4,8,N,YU,0
4/20/2020,06:38,Monday,GREENWOOD STATION,MUNOA,3,5,E,BD,0
4/20/2020,06:40,Monday,KENNEDY BD STATION,EUCA,3,5,W,BD,5269
4/20/2020,06:41,Monday,YORK MILLS STATION,MUSC,3,5,N,YU,5606
4/20/2020,06:49,Monday,VAUGHAN MC STATION,EUAC,4,8,S,YU,6066
4/20/2020,06:57,Monday,GREENWOOD STATION,MUNOA,3,5,E,BD,0
4/20/2020,07:09,Monday,WILSON STATION,MUNOA,3,5,S,YU,0
4/20/2020,07:11,Monday,GREENWOOD STATION,MUNOA,3,5,E,BD,0
4/20/2020,07:39,Monday,WILSON STATION,MUNOA,3,5,S,YU,0
4/20/2020,08:15,Monday,EGLINTON STATION,TUMVS,3,5,N,YU,5741
4/20/2020,08:27,Monday,YONGE SHP STATION,TUSC,0,0,E,SHP,6161
4/20/2020,08:30,Monday,ST CLAIR STATION,TUMVS,0,0,S,YU,5811
4/20/2020,09:00,Monday,CHRISTIE STATION,TUMVS,4,7,W,BD,5132
4/20/2020,10:14,Monday,BAY STATION,MUPAA,0,0,E,BD,5180
4/20/2020,10:26,Monday,ST CLAIR STATION,EUSC,0,0,S,YU,5456
4/20/2020,11:04,Monday,KENNEDY BD STATION,MUSC,3,6,W,BD,5002
4/20/2020,11:08,Monday,CHRISTIE STATION,SUAP,7,10,W,BD,5243
4/20/2020,13:07,Monday,ST ANDREW STATION,SUDP,8,11,S,YU,5981
4/20/2020,13:56,Monday,ST PATRICK STATION,SUPOL,3,6,S,YU,6081
4/20/2020,17:54,Monday,CHESTER STATION,SUDP,4,6,W,BD,5132
4/20/2020,17:59,Monday,VICTORIA PARK STATION,TUMVS,0,0,W,BD,5172
4/20/2020,19:19,Monday,LANSDOWNE STATION,MUPAA,0,0,E,BD,5166
4/20/2020,22:00,Monday,YUS/BD/SHEPPARD SUBWAY,MUO,0,0,,YU/BD,0
4/20/2020,23:04,Monday,OSSINGTON STATION,SUDP,0,0,E,BD,5109
4/20/2020,23:37,Monday,FINCH STATION,TUSC,0,0,N,YU,5681
4/20/2020,23:43,Monday,LANSDOWNE STATION,MUIRS,0,0,,BD,0
4/21/2020,00:00,Tuesday,BLOOR STATION,EUSC,0,0,S,YU,6001
4/21/2020,00:02,Tuesday,BLOOR STATION,EUSC,0,0,S,YU,6001
4/21/2020,00:20,Tuesday,COXWELL STATION,MUIS,0,0,,BD,0
4/21/2020,00:38,Tuesday,BROADVIEW STATION,MUPAA,0,0,E,BD,5012
4/21/2020,00:47,Tuesday,FINCH WEST STATION,MUIRS,0,0,,YU,0
4/21/2020,01:56,Tuesday,FINCH STATION,MUIS,0,0,,YU,0
4/21/2020,05:14,Tuesday,ST CLAIR STATION,MUNOA,3,5,S,YU,0
4/21/2020,05:16,Tuesday,ST CLAIR STATION,MUNOA,3,5,S,YU,0
4/21/2020,05:25,Tuesday,YORKDALE STATION,MUATC,0,0,S,YU,5521
4/21/2020,05:31,Tuesday,WILSON HOSTLER ,MUATC,0,0,N,YU,5571
4/21/2020,05:52,Tuesday,GREENWOOD STATION,MUNOA,3,5,E,BD,0
4/21/2020,05:54,Tuesday,KENNEDY BD STATION,MUNOA,5,10,W,BD,0
4/21/2020,06:00,Tuesday,ST CLAIR STATION,MUNOA,3,5,S,YU,0
4/21/2020,06:13,Tuesday,WILSON STATION,MUNOA,3,5,S,YU,0
4/21/2020,06:17,Tuesday,SHEPPARD WEST STATION,TUO,7,12,N,YU,5441
4/21/2020,06:27,Tuesday,ST CLAIR STATION,MUNOA,3,5,S,YU,0
4/21/2020,06:28,Tuesday,SHEPPARD WEST STATION,MUNOA,4,8,N,YU,0
4/21/2020,06:29,Tuesday,DONLANDS STATION,MUNOA,3,5,W,BD,0
4/21/2020,06:33,Tuesday,GREENWOOD STATION,MUNOA,3,5,E,BD,0
4/21/2020,06:37,Tuesday,EGLINTON STATION,MUNOA,4,8,N,YU,0
4/21/2020,06:38,Tuesday,GREENWOOD STATION,MUNOA,3,5,E,BD,0
4/21/2020,06:57,Tuesday,GREENWOOD STATION,MUNOA,3,5,E,BD,0
4/21/2020,07:09,Tuesday,WILSON STATION,MUNOA,3,5,S,YU,0
4/21/2020,07:11,Tuesday,GREENWOOD STATION,MUNOA,3,5,E,BD,0
4/21/2020,07:39,Tuesday,WILSON STATION,MUNOA,3,5,S,YU,0
4/21/2020,09:29,Tuesday,QUEEN STATION,MUIR,0,0,N,YU,6011
4/21/2020,10:12,Tuesday,LESLIE STATION,MUNCA,0,0,,SHP,0
4/21/2020,13:50,Tuesday,VAUGHAN MC STATION,PUMEL,0,0,,YU,0
4/21/2020,14:17,Tuesday,ISLINGTON STATION,SUAP,0,0,,BD,0
4/21/2020,14:19,Tuesday,EGLINTON STATION,MUO,0,0,N,YU,5576
4/21/2020,15:21,Tuesday,SHEPPARD WEST STATION,SUDP,0,0,,YU,0
4/21/2020,16:09,Tuesday,WILSON STATION,MUNOA,3,8,S,YU,0
4/21/2020,17:08,Tuesday,VAUGHAN MC STATION,SUDP,6,8,S,YU,6116
4/21/2020,18:02,Tuesday,ST GEORGE YUS STATION,SUDP,3,5,S,YU,5426
4/21/2020,18:03,Tuesday,CASTLE FRANK STATION,MUPAA,0,0,E,BD,5132
4/21/2020,18:12,Tuesday,ST GEORGE BD STATION,SUO,0,0,W,BD,5138
4/21/2020,19:31,Tuesday,KENNEDY BD STATION,MUPAA,3,6,W,BD,5275
4/21/2020,20:18,Tuesday,YORK UNIVERSITY STATIO,MUPAA,0,0,W,YU,5421
4/21/2020,21:32,Tuesday,SHEPPARD STATION,MUIS,0,0,,YU,0
4/21/2020,22:00,Tuesday,YUS/BD/SHEPPARD SUBWAY,MUO,0,0,,YU/BD,0
4/21/2020,22:26,Tuesday,SHERBOURNE STATION,SUEAS,14,18,W,BD,5042
4/21/2020,22:54,Tuesday,BLOOR STATION,SUROB,0,0,N,YU,5796
4/21/2020,22:57,Tuesday,YONGE BD STATION,SUO,0,0,W,BD,5283
4/21/2020,23:07,Tuesday,BAYVIEW STATION,EUSC,0,0,W,SHP,6156
4/21/2020,23:53,Tuesday,WOODBINE STATION,SUUT,9,13,W,BD,5119
4/22/2020,00:21,Wednesday,JANE STATION,MUIS,0,0,E,BD,0
4/22/2020,01:02,Wednesday,SHERBOURNE STATION,SUAP,0,0,W,BD,0
4/22/2020,01:08,Wednesday,COLLEGE STATION,SUDP,4,11,S,YU,5591
4/22/2020,01:20,Wednesday,EGLINTON STATION,SUDP,0,0,N,YU,5416
4/22/2020,02:13,Wednesday,ST CLAIR WEST STATION,MUIRS,0,0,S,YU,0
4/22/2020,02:22,Wednesday,SPADINA YUS STATION,SUO,0,0,,YU,0
4/22/2020,05:14,Wednesday,WILSON STATION,MUNOA,4,8,S,YU,0
4/22/2020,05:16,Wednesday,WILSON STATION,MUNOA,4,8,S,YU,0
4/22/2020,06:00,Wednesday,WILSON STATION,MUNOA,4,8,S,YU,0
4/22/2020,06:06,Wednesday,EGLINTON STATION,PUTWZ,7,11,S,YU,5656
4/22/2020,06:13,Wednesday,WILSON STATION,MUNOA,4,8,S,YU,0
4/22/2020,06:19,Wednesday,DAVISVILLE YARD,PUTOE,0,0,,YU,0
4/22/2020,06:24,Wednesday,BLOOR STATION,EUSC,0,0,S,YU,6001
4/22/2020,06:27,Wednesday,WILSON STATION,MUNOA,4,8,S,YU,0
4/22/2020,06:28,Wednesday,SHEPPARD WEST STATION,MUNOA,4,8,N,YU,0
4/22/2020,06:37,Wednesday,EGLINTON STATION,MUNOA,4,8,N,YU,0
4/22/2020,07:07,Wednesday,YORK MILLS STATION,TUMVS,0,0,N,YU,6066
4/22/2020,07:09,Wednesday,WILSON STATION,MUNOA,4,8,S,YU,0
4/22/2020,07:14,Wednesday,KENNEDY BD STATION,TUMVS,0,0,E,BD,5145
4/22/2020,07:39,Wednesday,WILSON STATION,MUNOA,4,8,S,YU,0
4/22/2020,07:41,Wednesday,DUNDAS WEST STATION,TUMVS,0,0,W,BD,5367
4/22/2020,07:41,Wednesday,KENNEDY BD STATION,SUO,0,0,,BD,0
4/22/2020,07:44,Wednesday,ST GEORGE YUS STATION,MUATC,6,8,S,YU,5786
4/22/2020,07:56,Wednesday,ST GEORGE YUS STATION,MUATC,3,5,S,YU,5431
4/22/2020,08:20,Wednesday,ST CLAIR WEST STATION,EUDO,6,8,S,YU,5851
4/22/2020,08:41,Wednesday,ST GEORGE YUS STATION,SUDP,6,8,S,YU,5541
4/22/2020,08:55,Wednesday,PAPE STATION,SUDP,0,0,W,BD,5042
4/22/2020,09:04,Wednesday,KENNEDY BD STATION,EUAC,3,6,W,BD,5367
4/22/2020,10:02,Wednesday,FINCH STATION,MUSC,0,0,N,YU,5576
4/22/2020,10:26,Wednesday,YONGE BD STATION,SUDP,4,6,W,BD,5254
4/22/2020,11:03,Wednesday,BLOOR STATION,SUDP,5,8,S,YU,5391
4/22/2020,11:29,Wednesday,BAY STATION,SUDP,0,0,W,BD,5219
4/22/2020,11:43,Wednesday,SPADINA YUS STATION,MUIS,0,0,,YU,0
4/22/2020,12:00,Wednesday,VAUGHAN MC STATION,MUI,3,6,,YU,5391
4/22/2020,12:06,Wednesday,KENNEDY BD STATION,PUMEL,0,0,,BD,0
4/22/2020,13:19,Wednesday,VAUGHAN MC STATION,TUNIP,3,6,S,YU,5941
4/22/2020,14:04,Wednesday,JANE STATION,SUDP,4,7,E,BD,5222
4/22/2020,14:25,Wednesday,DUNDAS STATION,SUUT,0,0,N,YU,5966
4/22/2020,14:41,Wednesday,KENNEDY BD STATION,EUNT,3,6,W,BD,5233
4/22/2020,14:45,Wednesday,WOODBINE STATION,EUSC,0,0,W,BD,5028
4/22/2020,14:56,Wednesday,SHEPPARD WEST STATION,PUMO,3,5,S,YU,6051
4/22/2020,15:16,Wednesday,YONGE BD STATION,MUIS,0,0,,BD,0
4/22/2020,15:18,Wednesday,JANE STATION,EUSC,0,0,W,BD,5028
4/22/2020,15:22,Wednesday,OLD MILL STATION,EUSC,0,0,W,BD,5028
4/22/2020,15:31,Wednesday,KIPLING STATION,EUO,3,6,W,BD,5292
4/22/2020,16:18,Wednesday,WILSON STATION,SUCOL,0,0,N,YU,5801
4/22/2020,16:33,Wednesday,BLOOR STATION,EUSC,0,0,S,YU,6001
4/22/2020,16:55,Wednesday,SHERBOURNE STATION,SUO,17,19,E,BD,5095
4/22/2020,17:23,Wednesday,CHESTER STATION,MUPAA,0,0,W,BD,5017
4/22/2020,18:19,Wednesday,OSSINGTON STATION,MUO,0,0,,BD,0
4/22/2020,18:22,Wednesday,OSGOODE STATION,MUO,0,0,,YU,0
4/22/2020,18:40,Wednesday,KEELE STATION,MUI,12,15,W,BD,5119
4/22/2020,19:32,Wednesday,VAUGHAN MC STATION,PUSRA,0,0,,YU,0
4/22/2020,20:15,Wednesday,FINCH STATION,EUBO,3,6,S,YU,5861
4/22/2020,20:28,Wednesday,KIPLING STATION,MUIS,0,0,,BD,0
4/22/2020,22:00,Wednesday,YUS/BD/SHEPPARD SUBWAY,MUO,0,0,,YU/BD,0
4/22/2020,22:13,Wednesday,OSSINGTON STATION,SUAP,11,16,E,BD,5158
4/22/2020,23:15,Wednesday,QUEEN STATION,SUUT,23,31,S,YU,5536
4/22/2020,23:26,Wednesday,SHERBOURNE STATION,MUIRS,0,0,W,BD,0
4/22/2020,23:43,Wednesday,YONGE BD STATION,TUKEY,0,0,W,BD,5162
4/23/2020,00:26,Thursday,COXWELL STATION,MUIRS,0,0,,BD,0
4/23/2020,00:45,Thursday,BATHURST STATION,MUIS,0,0,,BD,0
4/23/2020,01:08,Thursday,FINCH STATION,PUTOE,0,0,N,YU,0
4/23/2020,01:22,Thursday,YONGE BD STATION,TUS,5,10,W,BD,5017
4/23/2020,01:31,Thursday,WARDEN STATION,TUS,5,10,W,BD,5219
4/23/2020,02:20,Thursday,TETRA RADIO ZONE YU/SH,PUSRA,0,0,,YU,0
4/23/2020,05:14,Thursday,WILSON STATION,MUNOA,4,8,S,YU,0
4/23/2020,05:16,Thursday,WILSON STATION,MUNOA,4,8,S,YU,0
4/23/2020,05:52,Thursday,GREENWOOD STATION,MUNOA,3,5,E,BD,0
4/23/2020,05:54,Thursday,KENNEDY BD STATION,MUNOA,5,10,W,BD,0
4/23/2020,06:00,Thursday,DAVISVILLE STATION,MUNOA,4,8,N,YU,0
4/23/2020,06:11,Thursday,WILSON STATION,MUNOA,4,8,S,YU,0
4/23/2020,06:22,Thursday,LAWRENCE WEST STATION,MUIS,0,0,,YU,0
4/23/2020,06:26,Thursday,SHEPPARD WEST STATION,MUNOA,4,8,N,YU,0
4/23/2020,06:27,Thursday,WILSON STATION,MUNOA,4,8,S,YU,0
4/23/2020,06:29,Thursday,DONLANDS STATION,MUNOA,3,5,W,BD,0
4/23/2020,06:32,Thursday,DAVISVILLE STATION,MUNOA,4,8,N,YU,0
4/23/2020,06:33,Thursday,GREENWOOD STATION,MUNOA,3,5,E,BD,0
4/23/2020,06:38,Thursday,GREENWOOD STATION,MUNOA,3,5,E,BD,0
4/23/2020,06:57,Thursday,GREENWOOD STATION,MUNOA,3,5,E,BD,0
4/23/2020,07:08,Thursday,WILSON STATION,MUNOA,4,8,S,YU,0
4/23/2020,07:11,Thursday,GREENWOOD STATION,MUNOA,3,5,E,BD,0
4/23/2020,07:39,Thursday,WILSON STATION,MUNOA,4,8,S,YU,0
4/23/2020,08:00,Thursday,LAWRENCE WEST STATION,TUSC,3,5,S,YU,5746
4/23/2020,09:24,Thursday,QUEEN STATION,SUDP,6,8,N,YU,5586
4/23/2020,10:14,Thursday,ST CLAIR WEST STATION,SUO,0,0,S,YU,5771
4/23/2020,10:27,Thursday,DONLANDS STATION,MUNOA,5,10,W,BD,0
4/23/2020,10:30,Thursday,MAIN STREET STATION,PUMEL,0,0,,BD,0
4/23/2020,11:09,Thursday,EGLINTON STATION,MUIS,0,0,N,YU,0
4/23/2020,12:54,Thursday,SUMMERHILL STATION,SUDP,4,7,S,YU,5581
4/23/2020,12:57,Thursday,ROYAL YORK STATION,EUSC,0,0,E,BD,5201
4/23/2020,14:08,Thursday,DONLANDS STATION,MUNOA,5,10,W,BD,0
4/23/2020,14:28,Thursday,DONLANDS STATION,MUNOA,5,10,W,BD,0
4/23/2020,15:16,Thursday,ST CLAIR STATION,TUOS,3,6,S,YU,6126
4/23/2020,15:22,Thursday,ST GEORGE BD STATION,SUDP,3,5,W,BD,5254
4/23/2020,15:24,Thursday,DONLANDS STATION,MUNOA,5,10,W,BD,0
4/23/2020,15:30,Thursday,KENNEDY BD STATION,SUDP,3,6,,BD,5502
4/23/2020,15:34,Thursday,VICTORIA PARK STATION,MUDD,4,6,E,BD,5069
4/23/2020,15:54,Thursday,ROSEDALE STATION,TUOS,0,0,S,YU,5991
4/23/2020,16:37,Thursday,DAVISVILLE STATION,SUDP,3,6,S,YU,5566
4/23/2020,16:53,Thursday,SUMMERHILL STATION,MUSAN,5,8,S,YU,5566
4/23/2020,17:06,Thursday,BLOOR STATION,MUIRS,0,0,,YU,0
4/23/2020,18:19,Thursday,LAWRENCE STATION,MUPAA,0,0,N,YU,5696
4/23/2020,18:35,Thursday,DONLANDS STATION,MUNOA,5,10,W,BD,0
4/23/2020,20:06,Thursday,YONGE BD STATION,MUIS,0,0,,BD,0
4/23/2020,20:38,Thursday,YONGE BD STATION,MUPAA,0,0,W,BD,5303
4/23/2020,20:40,Thursday,COXWELL STATION,SUUT,0,0,E,BD,5203
4/23/2020,22:00,Thursday,YUS/BD/SHEPPARD SUBWAY,MUO,0,0,,YU/BD,0
4/23/2020,22:20,Thursday,ST GEORGE BD STATION,SUDP,5,9,E,BD,5087
4/23/2020,22:51,Thursday,LAWRENCE STATION,SUUT,9,16,N,YU,5871
4/23/2020,23:47,Thursday,EGLINTON STATION,MUIRS,0,0,,YU,0
4/24/2020,01:32,Friday,ST GEORGE YUS STATION,EUDO,11,17,N,YU,6011
4/24/2020,02:33,Friday,FINCH STATION,SUDP,0,0,,YU,0
4/24/2020,04:51,Friday,WARDEN TO VICTORIA PAR,EUVE,10,0,W,BD,5232
4/24/2020,05:14,Friday,WILSON STATION,MUNOA,4,8,S,YU,0
4/24/2020,05:16,Friday,WILSON STATION,MUNOA,4,8,S,YU,0
4/24/2020,05:52,Friday,GREENWOOD STATION,MUNOA,3,5,E,BD,0
4/24/2020,05:54,Friday,KENNEDY BD STATION,MUNOA,5,10,W,BD,0
4/24/2020,06:00,Friday,DAVISVILLE STATION,MUNOA,4,8,N,YU,0
4/24/2020,06:11,Friday,WILSON STATION,MUNOA,4,8,S,YU,0
4/24/2020,06:26,Friday,SHEPPARD WEST STATION,MUNOA,4,8,N,YU,0
4/24/2020,06:27,Friday,WILSON STATION,MUNOA,4,8,S,YU,0
4/24/2020,06:28,Friday,BLOOR STATION,MUSC,0,0,S,YU,5981
4/24/2020,06:32,Friday,DAVISVILLE STATION,MUNOA,4,8,S,YU,0
4/24/2020,06:33,Friday,GREENWOOD STATION,MUNOA,3,5,E,BD,0
4/24/2020,06:38,Friday,GREENWOOD STATION,MUNOA,3,5,E,BD,0
4/24/2020,06:57,Friday,GREENWOOD STATION,MUNOA,3,5,E,BD,0
4/24/2020,07:08,Friday,WILSON STATION,MUNOA,4,8,S,YU,0
4/24/2020,07:11,Friday,GREENWOOD STATION,MUNOA,3,5,E,BD,0
4/24/2020,07:14,Friday,ST GEORGE YUS STATION,MUATC,5,8,S,YU,5806
4/24/2020,07:31,Friday,BLOOR STATION,MUSC,0,0,S,YU,5771
4/24/2020,07:34,Friday,BLOOR STATION,TUSC,0,0,S,YU,5771
4/24/2020,07:36,Friday,YONGE BD STATION,MUI,0,0,W,BD,5111
4/24/2020,07:39,Friday,WILSON STATION,MUNOA,4,8,S,YU,0
4/24/2020,07:44,Friday,DONLANDS STATION,MUNOA,3,5,W,BD,0
4/24/2020,09:38,Friday,SPADINA YUS STATION,MUATC,4,6,N,YU,5981
4/24/2020,10:21,Friday,BLOOR STATION,MUSC,4,4,S,YU,5771
4/24/2020,10:27,Friday,DONLANDS STATION,MUNOA,5,10,W,BD,0
4/24/2020,10:44,Friday,COXWELL STATION,MUNOA,3,6,E,BD,0
4/24/2020,12:51,Friday,YONGE BD STATION,MUI,17,20,W,BD,5201
4/24/2020,12:56,Friday,EGLINTON STATION,MUI,10,13,S,YU,5466
4/24/2020,12:59,Friday,HIGHWAY 407 STATION,SUSP,8,11,N,YU,5651
4/24/2020,13:15,Friday,MIDLAND STATION,TRNCA,0,0,,SRT,0
4/24/2020,13:46,Friday,BROADVIEW STATION,TUMVS,7,10,E,BD,5303
4/24/2020,14:02,Friday,WELLESLEY STATION,SUDP,4,7,N,YU,5611
4/24/2020,14:08,Friday,DONLANDS STATION,MUNOA,5,10,W,BD,0
4/24/2020,14:22,Friday,VAUGHAN MC STATION,SUDP,3,6,S,YU,5391
4/24/2020,14:28,Friday,DONLANDS STATION,MUNOA,5,10,W,BD,0
4/24/2020,14:30,Friday,ST CLAIR WEST STATION,SUAP,3,6,S,YU,5551
4/24/2020,15:24,Friday,DONLANDS STATION,MUNOA,5,10,W,BD,0
4/24/2020,16:18,Friday,BATHURST STATION,EUVA,3,5,W,BD,5254
4/24/2020,17:28,Friday,KIPLING STATION,EUBK,3,5,E,BD,5275
4/24/2020,17:37,Friday,WELLESLEY STATION,SUUT,8,10,S,YU,5641
4/24/2020,17:46,Friday,YONGE BD STATION,SUUT,0,0,W,BD,5146
4/24/2020,18:35,Friday,DONLANDS STATION,MUNOA,5,10,W,BD,0
4/24/2020,21:14,Friday,SPADINA BD STATION,SUG,0,0,W,BD,5152
4/24/2020,21:18,Friday,DUFFERIN STATION,SUSA,0,0,,BD,0
4/24/2020,21:31,Friday,COLLEGE STATION,TUMVS,0,0,S,YU,5451
4/24/2020,22:00,Friday,YUS/BD/SHEPPARD SUBWAY,MUO,0,0,,YU/BD,0
4/24/2020,23:02,Friday,COXWELL STATION,SUDP,6,10,E,BD,5068
4/24/2020,23:02,Friday,YONGE SHP STATION,TUSC,0,0,W,SHP,6161
4/25/2020,01:54,Saturday,KENNEDY BD STATION,MUIS,0,0,W,BD,5662
4/25/2020,05:33,Saturday,WILSON STATION,MUNOA,5,10,S,YU,0
4/25/2020,05:51,Saturday,DAVISVILLE STATION,MUNOA,5,10,N,YU,0
4/25/2020,06:00,Saturday,GREENWOOD STATION,MUNOA,5,10,E,BD,0
4/25/2020,06:01,Saturday,KEELE STATION,MUNOA,5,10,W,BD,0
4/25/2020,06:08,Saturday,EGLINTON STATION,MUNOA,5,10,N,YU,0
4/25/2020,06:29,Saturday,SHEPPARD WEST STATION,MUNOA,5,10,N,YU,0
4/25/2020,06:43,Saturday,FINCH STATION,SUDP,0,0,S,YU,5796
4/25/2020,08:19,Saturday,OSSINGTON STATION,TUSC,0,0,W,BD,5191
4/25/2020,08:37,Saturday,BLOOR STATION,MUPLC,0,0,S,YU,5901
4/25/2020,08:41,Saturday,YONGE BD STATION,MUPLC,0,0,E,BD,5020
4/25/2020,08:56,Saturday,BAY STATION,PUMEL,0,0,,BD,0
4/25/2020,10:36,Saturday,YONGE SHP STATION,MUTO,3,8,W,SHP,6191
4/25/2020,10:39,Saturday,YONGE SHP STATION,TUCC,6,11,E,SHP,6156
4/25/2020,11:01,Saturday,WILSON STATION,MUNOA,5,10,S,YU,0
4/25/2020,11:02,Saturday,FINCH STATION,MUIS,0,0,,YU,0
4/25/2020,11:10,Saturday,EGLINTON STATION,MUNOA,5,10,N,YU,0
4/25/2020,11:16,Saturday,WILSON STATION,MUNOA,5,10,S,YU,0
4/25/2020,11:27,Saturday,WILSON STATION,MUNOA,5,10,S,YU,0
4/25/2020,11:43,Saturday,WILSON STATION,TUNIP,7,10,S,YU,5446
4/25/2020,12:45,Saturday,GREENWOOD STATION,MUNOA,5,10,E,BD,0
4/25/2020,13:23,Saturday,WARDEN STATION,TUKEY,0,0,W,BD,5217
4/25/2020,14:04,Saturday,DON MILLS STATION,TUOPO,3,8,E,SHP,6181
4/25/2020,14:11,Saturday,VICTORIA PARK STATION,MUPAA,0,0,W,BD,5312
4/25/2020,14:46,Saturday,COXWELL STATION,MUNOA,5,10,E,BD,0
4/25/2020,14:49,Saturday,SHEPPARD STATION,TUO,0,0,N,YU,5556
4/25/2020,15:55,Saturday,ST GEORGE YUS STATION,MUI,0,0,S,YU,5761
4/25/2020,17:35,Saturday,BLOOR STATION,MUIS,0,0,,YU,0
4/25/2020,17:55,Saturday,ST CLAIR WEST STATION,MUATC,10,13,S,YU,5906
4/25/2020,18:28,Saturday,BLOOR STATION,MUSAN,3,6,N,YU,5446
4/25/2020,19:02,Saturday,BATHURST STATION,MUI,10,16,W,BD,5180
4/25/2020,21:14,Saturday,DUNDAS WEST STATION,SUAP,14,20,W,BD,5334
4/25/2020,22:00,Saturday,YUS/BD/SHEPPARD SUBWAY,MUO,0,0,,YU/BD,0
4/25/2020,23:42,Saturday,SHEPPARD LINE,MUO,0,0,,SHP,0
4/26/2020,00:18,Sunday,BLOOR STATION,EUDO,3,8,S,YU,5785
4/26/2020,00:58,Sunday,GREENWOOD YARD,MUIE,0,0,,BD,5216
4/26/2020,01:19,Sunday,VAUGHAN MC STATION,EUTRD,5,10,S,YU,5781
4/26/2020,05:58,Sunday,GREENWOOD YARD,MUIE,0,0,,BD,0
4/26/2020,06:28,Sunday,OSSINGTON STATION,SUCOL,0,0,,BD,0
4/26/2020,07:59,Sunday,WILSON STATION,MUNOA,5,15,S,YU,0
4/26/2020,08:00,Sunday,YONGE UNIVERSITY LINE,MUO,0,0,,YU,0
4/26/2020,08:04,Sunday,FINCH STATION,TUSUP,6,11,S,YU,5736
4/26/2020,08:19,Sunday,KENNEDY BD STATION,MUNOA,5,10,W,BD,0
4/26/2020,08:31,Sunday,GREENWOOD STATION,MUNOA,5,10,E,BD,0
4/26/2020,08:39,Sunday,SHEPPARD WEST STATION,MUNOA,5,10,N,YU,0
4/26/2020,10:24,Sunday,KENNEDY BD STATION,MUNOA,5,10,W,BD,5143
4/26/2020,14:24,Sunday,SHEPPARD STATION,MUPAA,0,0,S,YU,5736
4/26/2020,15:19,Sunday,COLLEGE STATION,SUDP,10,15,S,YU,5921
4/26/2020,16:36,Sunday,VAUGHAN MC STATION,MUSAN,6,12,S,YU,5751
4/26/2020,17:30,Sunday,DUFFERIN STATION,MUNCA,0,0,,BD,0
4/26/2020,17:46,Sunday,BLOOR STATION,EUSC,0,0,S,YU,5876
4/26/2020,19:45,Sunday,VICTORIA PARK STATION,EUOE,0,0,W,BD,5217
4/26/2020,20:21,Sunday,NORTH YORK CTR STATION,MUIS,0,0,,YU,0
4/26/2020,20:33,Sunday,SHEPPARD STATION,MUPAA,0,0,S,YU,5736
4/26/2020,21:20,Sunday,YORKDALE STATION,SUEAS,8,13,S,YU,5621
4/26/2020,21:31,Sunday,SHEPPARD WEST STATION,MUPAA,3,8,N,YU,5626
4/26/2020,21:51,Sunday,CASTLE FRANK STATION,MUSAN,3,7,W,BD,5084
4/26/2020,21:55,Sunday,WILSON STATION,SUDP,0,0,S,YU,5456
4/26/2020,22:00,Sunday,YUS/BD/SHEPPARD SUBWAY,MUO,0,0,,YU/BD,0
4/26/2020,23:54,Sunday,BLOOR STATION,EUSC,0,0,S,YU,5876
4/27/2020,01:39,Monday,QUEEN STATION,MUIS,0,0,,YU,0
4/27/2020,01:41,Monday,DAVISVILLE YARD,TUMVS,0,0,,,0
4/27/2020,05:14,Monday,WILSON STATION,MUNOA,4,8,S,YU,0
4/27/2020,05:16,Monday,WILSON STATION,MUNOA,4,8,S,YU,0
4/27/2020,05:26,Monday,DONLANDS STATION,PUTOE,0,0,E,BD,74
4/27/2020,05:48,Monday,DUNDAS STATION,MUNCA,0,0,,YU,0
4/27/2020,05:52,Monday,GREENWOOD STATION,MUNOA,3,5,E,BD,0
4/27/2020,05:54,Monday,KENNEDY BD STATION,MUNOA,5,10,W,BD,0
4/27/2020,06:00,Monday,EGLINTON STATION,MUNOA,4,8,N,YU,0
4/27/2020,06:00,Monday,SCARBOROUGH CTR STATIO,ERTC,0,0,S,SRT,3004
4/27/2020,06:06,Monday,ELLESMERE STATION,TRNCA,0,0,,SRT,0
4/27/2020,06:07,Monday,ELLESMERE STATION,ERTC,0,0,S,SRT,3004
4/27/2020,06:13,Monday,WILSON STATION,MUNOA,4,8,S,YU,0
4/27/2020,06:15,Monday,KENNEDY SRT STATION,ERTC,5,10,N,SRT,3004
4/27/2020,06:27,Monday,WILSON STATION,MUNOA,4,8,S,YU,0
4/27/2020,06:28,Monday,SHEPPARD WEST STATION,MUNOA,4,8,N,YU,0
4/27/2020,06:29,Monday,DONLANDS STATION,MUNOA,3,5,W,BD,0
4/27/2020,06:33,Monday,GREENWOOD STATION,MUNOA,3,5,E,BD,0
4/27/2020,06:37,Monday,EGLINTON STATION,MUNOA,4,8,N,YU,0
4/27/2020,06:38,Monday,GREENWOOD STATION,MUNOA,3,5,E,BD,0
4/27/2020,06:41,Monday,EGLINTON STATION,MUSC,0,0,N,YU,5446
4/27/2020,06:57,Monday,GREENWOOD STATION,MUNOA,3,5,E,BD,0
4/27/2020,07:03,Monday,HIGH PARK STATION,SUUT,10,12,W,BD,5307
4/27/2020,07:09,Monday,WILSON STATION,MUNOA,4,8,S,YU,0
4/27/2020,07:11,Monday,GREENWOOD STATION,MUNOA,3,5,E,BD,0
4/27/2020,07:39,Monday,WILSON STATION,MUNOA,4,8,S,YU,0
4/27/2020,11:26,Monday,YORK MILLS STATION,SUDP,0,0,,YU,0
4/27/2020,11:51,Monday,WOODBINE STATION,MUIS,0,0,,BD,0
4/27/2020,11:53,Monday,DON MILLS STATION,TUSC,0,0,E,SHP,6156
4/27/2020,12:34,Monday,SHEPPARD WEST STATION,TUO,0,0,N,YU,5551
4/27/2020,13:02,Monday,VAUGHAN MC STATION,MUATC,0,0,S,YU,5421
4/27/2020,13:48,Monday,ROYAL YORK STATION,PUMEL,0,0,,BD,0
4/27/2020,14:02,Monday,KIPLING STATION,TUSC,0,0,W,BD,5204
4/27/2020,14:18,Monday,COXWELL STATION,MUNOA,3,5,E,BD,0
4/27/2020,14:28,Monday,COXWELL STATION,MUNOA,3,5,E,BD,0
4/27/2020,14:37,Monday,SHEPPARD WEST STATION,MUSC,4,7,N,YU,5801
4/27/2020,14:43,Monday,COXWELL STATION,SUO,7,10,W,BD,5069
4/27/2020,15:01,Monday,KENNEDY BD STATION,MUIR,6,8,W,BD,5233
4/27/2020,15:10,Monday,WELLESLEY STATION,SUDP,0,0,N,YU,0
4/27/2020,15:24,Monday,DONLANDS STATION,MUNOA,5,10,W,BD,0
4/27/2020,16:19,Monday,ST CLAIR STATION,EUDO,7,11,S,YU,5596
4/27/2020,16:30,Monday,BLOOR STATION,MUSC,0,0,S,YU,5596
4/27/2020,16:39,Monday,UNION STATION,MUATC,3,6,S,YU,5601
4/27/2020,17:03,Monday,KING STATION,MUIRS,0,0,,YU,0
4/27/2020,17:25,Monday,BLOOR STATION,MUSC,0,0,S,YU,6001
4/27/2020,18:01,Monday,DON MILLS STATION,TUSC,0,0,E,SHP,6166
4/27/2020,18:23,Monday,WOODBINE STATION,SUDP,9,11,W,BD,5182
4/27/2020,18:37,Monday,MAIN STREET STATION,MUIS,0,0,,BD,0
4/27/2020,19:25,Monday,MAIN STREET STATION,SUDP,4,8,E,BD,5172
4/27/2020,22:00,Monday,YUS/BD/SHEPPARD SUBWAY,MUO,0,0,,YU/BD,0
4/27/2020,23:01,Monday,EGLINTON STATION,TUMVS,3,8,N,YU,5921
4/28/2020,01:43,Tuesday,ST GEORGE YUS STATION,SUDP,4,9,N,YU,6136
4/28/2020,01:48,Tuesday,KIPLING STATION,SUDP,0,0,,BD,0
4/28/2020,01:56,Tuesday,CASTLE FRANK STATION,MUIRS,0,0,W,BD,0
4/28/2020,04:57,Tuesday,UNION STATION,PUTWZ,12,0,N,YU,6041
4/28/2020,05:16,Tuesday,WILSON STATION,MUNOA,3,5,S,YU,0
4/28/2020,05:18,Tuesday,WILSON STATION,MUNOA,3,5,S,YU,0
4/28/2020,05:52,Tuesday,GREENWOOD STATION,MUNOA,3,5,E,BD,0
4/28/2020,05:54,Tuesday,KENNEDY BD STATION,MUNOA,5,10,W,BD,0
4/28/2020,06:01,Tuesday,WILSON STATION,MUNOA,3,5,S,YU,0
4/28/2020,06:02,Tuesday,EGLINTON STATION,MUNOA,3,5,N,YU,0
4/28/2020,06:28,Tuesday,SHEPPARD WEST STATION,MUNOA,4,8,N,YU,0
4/28/2020,06:29,Tuesday,DONLANDS STATION,MUNOA,3,5,W,BD,0
4/28/2020,06:29,Tuesday,WILSON STATION,MUNOA,3,5,S,YU,0
4/28/2020,06:33,Tuesday,GREENWOOD STATION,MUNOA,3,5,E,BD,0
4/28/2020,06:34,Tuesday,EGLINTON STATION,MUNOA,3,5,N,YU,0
4/28/2020,06:38,Tuesday,GREENWOOD STATION,MUNOA,3,5,E,BD,0
4/28/2020,06:57,Tuesday,GREENWOOD STATION,MUNOA,3,5,E,BD,0
4/28/2020,07:10,Tuesday,WILSON STATION,MUNOA,3,5,S,YU,0
4/28/2020,07:11,Tuesday,GREENWOOD STATION,MUNOA,3,5,E,BD,0
4/28/2020,07:27,Tuesday,COLLEGE STATION,MUNCA,0,0,,YU,0
4/28/2020,07:38,Tuesday,WILSON STATION,MUNOA,3,5,S,YU,0
4/28/2020,08:22,Tuesday,BLOOR STATION,SUSA,5,7,S,YU,5486
4/28/2020,09:47,Tuesday,ST CLAIR WEST STATION,SUDP,4,7,S,YU,5481
4/28/2020,09:52,Tuesday,PIONEER VILLAGE STATIO,MUPAA,0,0,N,YU,5996
4/28/2020,10:32,Tuesday,FINCH STATION,PUSWZ,4,7,N,YU,5831
4/28/2020,10:35,Tuesday,CHRISTIE STATION,MUIS,0,0,,BD,0
4/28/2020,10:39,Tuesday,WELLESLEY STATION,MUPAA,0,0,S,YU,5901
4/28/2020,11:00,Tuesday,YORK MILLS STATION,SUO,0,0,N,YU,6136
4/28/2020,11:11,Tuesday,COXWELL STATION,TUKEY,4,7,E,BD,5312
4/28/2020,11:18,Tuesday,SHEPPARD WEST STATION,TUO,0,0,S,YU,5526
4/28/2020,11:33,Tuesday,KENNEDY BD STATION,MUIS,0,0,,BD,0
4/28/2020,11:36,Tuesday,WILSON STATION,MUATC,3,6,N,YU,5836
4/28/2020,11:58,Tuesday,FINCH STATION,MUSC,0,0,S,YU,5656
4/28/2020,12:04,Tuesday,KIPLING STATION,MUTO,4,7,E,BD,5012
4/28/2020,12:35,Tuesday,BAY STATION,SUO,0,0,W,BD,5349
4/28/2020,13:32,Tuesday,KEELE STATION,MUSC,0,0,W,BD,5087
4/28/2020,14:11,Tuesday,FINCH STATION,MUNOA,3,6,S,YU,0
4/28/2020,14:18,Tuesday,COXWELL STATION,MUNOA,3,5,E,BD,0
4/28/2020,14:28,Tuesday,COXWELL STATION,MUNOA,3,5,E,BD,0
4/28/2020,14:41,Tuesday,FINCH STATION,MUSC,0,0,S,YU,5656
4/28/2020,14:45,Tuesday,GREENWOOD YARD,MUO,8,10,W,BD,5334
4/28/2020,15:10,Tuesday,BLOOR STATION,SUDP,12,15,S,YU,6061
4/28/2020,15:24,Tuesday,DONLANDS STATION,MUNOA,5,10,W,BD,0
4/28/2020,15:37,Tuesday,KENNEDY BD STATION,TUNOA,3,5,W,BD,5079
4/28/2020,15:53,Tuesday,WILSON STATION,MUNOA,3,5,S,YU,0
4/28/2020,15:58,Tuesday,UNION STATION,SUCOL,0,0,S,YU,5446
4/28/2020,16:46,Tuesday,CHRISTIE STATION,TUSC,0,0,E,BD,5164
4/28/2020,17:09,Tuesday,VAUGHAN MC STATION,MUNOA,3,5,S,YU,0
4/28/2020,17:40,Tuesday,ST CLAIR WEST STATION,PUSSW,19,21,S,YU,5791
4/28/2020,18:54,Tuesday,SPADINA BD STATION,MUIRS,0,0,,BD,0
4/28/2020,18:58,Tuesday,VAUGHAN MC STATION,MUNOA,3,5,S,YU,0
4/28/2020,19:26,Tuesday,EGLINTON WEST STATION,MUIRS,0,0,S,YU,0
4/28/2020,20:17,Tuesday,LAWRENCE STATION,SUDP,9,12,N,YU,5451
4/28/2020,20:35,Tuesday,LAWRENCE STATION,EUSC,0,0,N,YU,5761
4/28/2020,21:06,Tuesday,DUNDAS WEST STATION,MUPR1,107,111,E,BD,5088
4/28/2020,22:00,Tuesday,YUS/BD/SHEPPARD SUBWAY,MUO,0,0,,YU/BD,0
4/28/2020,22:42,Tuesday,DUFFERIN STATION,SUUT,0,0,W,BD,0
4/28/2020,23:25,Tuesday,MCCOWAN STATION,TRNIP,3,9,S,SRT,3012
4/28/2020,23:27,Tuesday,YORKDALE STATION,SUDP,0,0,N,YU,5396
4/29/2020,00:54,Wednesday,EGLINTON STATION,PUSTS,0,0,S,YU,5481
4/29/2020,01:53,Wednesday,LAWRENCE STATION,TUSC,0,0,S,YU,5616
4/29/2020,01:54,Wednesday,DUNDAS WEST STATION,SUDP,0,0,,BD,0
4/29/2020,02:20,Wednesday,KIPLING STATION,MUIS,0,0,,BD,0
4/29/2020,05:16,Wednesday,WILSON STATION,MUNOA,3,5,S,YU,0
4/29/2020,05:18,Wednesday,WILSON STATION,MUNOA,3,5,S,YU,0
4/29/2020,05:52,Wednesday,GREENWOOD STATION,MUNOA,3,5,E,BD,0
4/29/2020,05:54,Wednesday,KENNEDY BD STATION,MUNOA,5,10,W,BD,0
4/29/2020,06:01,Wednesday,WILSON STATION,MUNOA,3,5,S,YU,0
4/29/2020,06:02,Wednesday,DAVISVILLE STATION,MUNOA,3,5,N,YU,0
4/29/2020,06:28,Wednesday,SHEPPARD WEST STATION,MUNOA,4,8,N,YU,0
4/29/2020,06:29,Wednesday,DONLANDS STATION,MUNOA,3,5,W,BD,0
4/29/2020,06:29,Wednesday,WILSON STATION,MUNOA,3,5,S,YU,0
4/29/2020,06:33,Wednesday,GREENWOOD STATION,MUNOA,3,5,E,BD,0
4/29/2020,06:34,Wednesday,DAVISVILLE STATION,MUNOA,3,5,N,YU,0
4/29/2020,06:38,Wednesday,DONLANDS STATION,MUNOA,3,5,W,BD,0
4/29/2020,06:57,Wednesday,GREENWOOD STATION,MUNOA,3,5,E,BD,0
4/29/2020,07:10,Wednesday,WILSON STATION,MUNOA,3,5,S,YU,0
4/29/2020,07:11,Wednesday,GREENWOOD STATION,MUNOA,3,5,E,BD,0
4/29/2020,07:38,Wednesday,WILSON STATION,MUNOA,3,5,S,YU,0
4/29/2020,08:51,Wednesday,UNION STATION,MUIS,0,0,,YU,0
4/29/2020,09:41,Wednesday,BLOOR STATION,SUDP,0,0,,YU,0
4/29/2020,10:22,Wednesday,NORTH YORK CTR STATION,EUDO,3,6,S,YU,5506
4/29/2020,10:28,Wednesday,SHEPPARD STATION,MUIS,0,0,N,YU,0
4/29/2020,11:51,Wednesday,DOWNSVIEW PARK STATION,MUIS,8,12,N,YU,5456
4/29/2020,13:27,Wednesday,SHERBOURNE STATION,PUMST,0,0,,BD,0
4/29/2020,14:04,Wednesday,SHEPPARD STATION,SUDP,0,0,N,YU,5576
4/29/2020,14:05,Wednesday,ELLESMERE STATION,MRO,0,0,S,SRT,3014
4/29/2020,14:13,Wednesday,FINCH STATION,MUNOA,3,6,S,YU,0
4/29/2020,14:18,Wednesday,COXWELL STATION,MUNOA,3,5,E,BD,0
4/29/2020,14:28,Wednesday,COXWELL STATION,MUNOA,3,5,E,BD,0
4/29/2020,15:11,Wednesday,WOODBINE STATION,EUPI,8,11,E,BD,5363
4/29/2020,15:24,Wednesday,DONLANDS STATION,MUNOA,3,5,W,BD,0
4/29/2020,15:26,Wednesday,WARDEN STATION,EUCD,5,8,E,BD,5363
4/29/2020,15:30,Wednesday,EGLINTON STATION,TUMVS,5,8,N,YU,6051
4/29/2020,15:43,Wednesday,KENNEDY BD STATION,TUO,5,8,E,BD,5260
4/29/2020,15:55,Wednesday,WILSON STATION,MUNOA,3,5,S,YU,0
4/29/2020,17:04,Wednesday,COXWELL STATION,MUIS,0,0,,BD,0
4/29/2020,17:11,Wednesday,VAUGHAN MC STATION,MUNOA,3,5,S,YU,0
4/29/2020,17:24,Wednesday,ST GEORGE BD STATION,MUSAN,5,7,W,BD,5233
4/29/2020,17:38,Wednesday,BLOOR STATION,MUIS,0,0,,YU,0
4/29/2020,17:59,Wednesday,SPADINA BD STATION,MUIRS,0,0,W,BD,0
4/29/2020,18:54,Wednesday,SHEPPARD STATION,TUSC,0,0,N,YU,5666
4/29/2020,19:00,Wednesday,VAUGHAN MC STATION,MUNOA,3,5,S,YU,0
4/29/2020,20:14,Wednesday,SHERBOURNE STATION,MUPAA,0,0,E,BD,5317
4/29/2020,21:15,Wednesday,COXWELL STATION,TUNIP,3,7,W,BD,5152
4/29/2020,21:38,Wednesday,YORK MILLS STATION,SUDP,13,17,N,YU,5576
4/29/2020,22:00,Wednesday,YUS/BD/SHEPPARD SUBWAY,MUO,0,0,,YU/BD,0
4/29/2020,22:54,Wednesday,DUNDAS WEST STATION,TUO,4,8,W,BD,5050
4/29/2020,23:33,Wednesday,SHEPPARD WEST STATION,TUNIP,7,15,S,YU,0
4/30/2020,00:48,Thursday,KENNEDY BD STATION,MUIRS,0,0,,BD,0
4/30/2020,02:01,Thursday,BATHURST STATION,SUBT,0,0,W,BD,0
4/30/2020,02:20,Thursday,KENNEDY BD STATION,SUDP,0,0,E,BD,5088
4/30/2020,03:11,Thursday,SHEPPARD STATION,MUIE,0,0,,YU,0
4/30/2020,05:14,Thursday,WILSON STATION,MUNOA,4,8,S,YU,0
4/30/2020,05:16,Thursday,WILSON STATION,MUNOA,4,8,S,YU,0
4/30/2020,05:41,Thursday,LAWRENCE STATION,PUTD,10,14,S,YU,5691
4/30/2020,05:45,Thursday,MCCOWAN STATION,MRO,5,0,S,SRT,3026
4/30/2020,05:52,Thursday,GREENWOOD STATION,MUNOA,3,5,E,BD,0
4/30/2020,05:54,Thursday,KENNEDY BD STATION,MUNOA,5,10,W,BD,0
4/30/2020,06:00,Thursday,DAVISVILLE STATION,MUNOA,4,8,N,YU,0
4/30/2020,06:01,Thursday,WILSON STATION,MUNOA,4,8,S,YU,0
4/30/2020,06:26,Thursday,SHEPPARD WEST STATION,MUNOA,4,8,N,YU,0
4/30/2020,06:27,Thursday,WILSON STATION,MUNOA,4,8,S,YU,0
4/30/2020,06:29,Thursday,DONLANDS STATION,MUNOA,3,5,W,BD,0
4/30/2020,06:32,Thursday,DAVISVILLE STATION,MUNOA,4,8,N,YU,0
4/30/2020,06:33,Thursday,GREENWOOD STATION,MUNOA,3,5,E,BD,0
4/30/2020,06:38,Thursday,GREENWOOD STATION,MUNOA,3,5,E,BD,0
4/30/2020,06:49,Thursday,GREENWOOD WYE,TUMVS,0,0,E,BD,5369
4/30/2020,06:57,Thursday,GREENWOOD STATION,MUNOA,3,5,E,BD,0
4/30/2020,07:08,Thursday,WILSON STATION,MUNOA,4,8,S,YU,0
4/30/2020,07:11,Thursday,GREENWOOD STATION,MUNOA,3,5,E,BD,0
4/30/2020,07:39,Thursday,WILSON STATION,MUNOA,4,8,S,YU,0
4/30/2020,08:26,Thursday,KIPLING STATION,PUMST,0,0,,BD,0
4/30/2020,08:30,Thursday,LAWRENCE STATION,SUDP,3,6,N,YU,5451
4/30/2020,10:11,Thursday,QUEEN STATION,MUIS,0,0,,YU,0
4/30/2020,10:13,Thursday,FINCH STATION,TUMVS,0,0,N,YU,5476
4/30/2020,10:54,Thursday,VICTORIA PARK STATION,SUAP,4,7,W,BD,5272
4/30/2020,11:12,Thursday,YONGE BD STATION,SUDP,3,6,E,BD,5272
4/30/2020,11:50,Thursday,DONLANDS STATION,MUPAA,3,6,E,BD,5262
4/30/2020,12:40,Thursday,BLOOR STATION,MUIRS,0,0,S,YU,0
4/30/2020,12:52,Thursday,HIGH PARK STATION,PUMEL,0,0,,BD,0
4/30/2020,13:42,Thursday,KEELE STATION,SUAP,3,6,,BD,5180
4/30/2020,14:09,Thursday,COXWELL STATION,MUNOA,3,5,E,BD,0
4/30/2020,14:13,Thursday,FINCH STATION,SUDP,0,0,S,YU,6101
4/30/2020,14:18,Thursday,COXWELL STATION,MUNOA,3,5,E,BD,0
4/30/2020,14:26,Thursday,DUFFERIN STATION,SUDP,3,6,E,BD,5349
4/30/2020,14:27,Thursday,WILSON STATION,MUNOA,4,8,S,YU,0
4/30/2020,14:28,Thursday,COXWELL STATION,MUNOA,3,5,E,BD,0
4/30/2020,15:24,Thursday,DONLANDS STATION,MUNOA,3,5,W,BD,0
4/30/2020,15:39,Thursday,WARDEN STATION,TUOS,0,0,W,BD,5233
4/30/2020,15:53,Thursday,GREENWOOD WYE,EUME,3,5,W,BD,5309
4/30/2020,15:53,Thursday,WILSON STATION,MUNOA,4,8,S,YU,0
4/30/2020,16:35,Thursday,QUEEN'S PARK STATION,MUIS,0,0,,YU,0
4/30/2020,16:53,Thursday,SHERBOURNE STATION,SUUT,0,0,W,BD,5355
4/30/2020,17:09,Thursday,EGLINTON WEST STATION,MUIE,0,0,,YU,0
4/30/2020,18:26,Thursday,BROADVIEW STATION,SUROB,0,0,,BD,0
4/30/2020,20:19,Thursday,LANSDOWNE STATION,SUAP,4,7,E,BD,5276
4/30/2020,21:39,Thursday,KIPLING STATION,MUIR,5,9,E,BD,5052
4/30/2020,22:00,Thursday,YUS/BD/SHEPPARD SUBWAY,MUO,0,0,,,0
4/30/2020,22:22,Thursday,KENNEDY BD STATION,PUMEL,0,0,,BD,0
4/30/2020,22:43,Thursday,WILSON STATION,MUI,3,8,S,YU,5711
4/30/2020,23:31,Thursday,ST GEORGE BD STATION,MUO,3,8,E,BD,5204
4/30/2020,23:46,Thursday,DAVISVILLE STATION,EUSC,0,0,S,YU,5431
