Date,Time,Day,Station,Code,Min Delay,Min Gap,Bound,Line,Vehicle
8/1/2021,05:35,Sunday,VMC TO ST GEORGE STATI,MUO,0,0,,YU,0
8/1/2021,07:36,Sunday,YORK UNIVERSITY STATIO,PUOPO,6,12,N,YU,6121
8/1/2021,08:00,Sunday,VMC TO ST GEORGE STATI,MUO,0,0,,YU,0
8/1/2021,08:32,Sunday,KENNEDY BD STATION,MUIE,0,0,W,BD,5023
8/1/2021,08:47,Sunday,EGLINTON STATION,MUCL,6,12,N,YU,5671
8/1/2021,09:13,Sunday,ST GEORGE YUS STATION,MUO,5,10,N,YU,5976
8/1/2021,09:21,Sunday,WILSON STATION,MUWR,5,10,S,YU,6061
8/1/2021,09:50,Sunday,DUNDAS WEST STATION,MUIS,0,0,,BD,0
8/1/2021,10:00,Sunday,SPADINA YUS STATION,PUOPO,7,12,N,YU,5676
8/1/2021,10:09,Sunday,DUPONT STATION,PUOPO,5,10,N,YU,5676
8/1/2021,10:15,Sunday,ST GEORGE YUS STATION,PUOPO,10,15,N,YU,5701
8/1/2021,10:53,Sunday,COLLEGE STATION,MUPAA,4,9,S,YU,6066
8/1/2021,11:06,Sunday,DUPONT STATION,MUI,3,8,N,YU,5426
8/1/2021,12:54,Sunday,HIGH PARK STATION,MUO,0,0,,BD,0
8/1/2021,13:06,Sunday,EGLINTON STATION,SUO,0,0,,YU,0
8/1/2021,13:52,Sunday,BROADVIEW STATION,SUDP,4,9,E,BD,5180
8/1/2021,13:53,Sunday,YORK MILLS STATION,SUDP,0,0,S,YU,5741
8/1/2021,14:01,Sunday,WOODBINE STATION,SUDP,12,17,E,BD,5248
8/1/2021,14:01,Sunday,BAY STATION,PUSRA,4,9,E,BD,5132
8/1/2021,17:10,Sunday,SUMMERHILL STATION,SUDP,4,9,N,YU,5991
8/1/2021,17:42,Sunday,ST CLAIR WEST STATION,TUO,5,10,S,YU,6081
8/1/2021,18:11,Sunday,ISLINGTON STATION,SUDP,0,0,E,BD,5131
8/1/2021,18:17,Sunday,ROSEDALE STATION,SUDP,0,0,,YU,0
8/1/2021,19:56,Sunday,EGLINTON STATION,MUSAN,7,14,N,YU,5991
8/1/2021,20:23,Sunday,UNION STATION,MUIS,0,0,,YU,0
8/1/2021,21:57,Sunday,BAY STATION,MUO,12,19,E,BD,5156
8/1/2021,22:00,Sunday,YONGE-UNIVERSITY AND B,MUO,0,0,,YU/BD,0
8/1/2021,23:02,Sunday,WARDEN STATION,EUDO,7,14,E,BD,5132
8/1/2021,23:12,Sunday,KENNEDY BD STATION,EUCD,7,14,W,BD,5177
8/1/2021,23:45,Sunday,BATHURST STATION,SUUT,0,0,E,BD,5362
8/1/2021,23:47,Sunday,CASTLE FRANK STATION,MUDD,9,16,W,BD,5015
8/1/2021,00:29,Sunday,PAPE STATION,MUIS,0,0,,BD,0
8/1/2021,01:38,Sunday,BAY STATION,MUIS,0,0,,BD,0
8/1/2021,01:46,Sunday,QUEEN STATION,MUPAA,0,0,S,YU,5996
8/1/2021,01:59,Sunday,SHERBOURNE STATION,MUIRS,0,0,E,BD,0
8/2/2021,05:47,Monday,GREENWOOD STATION,TUNIP,3,0,E,BD,5075
8/2/2021,18:05,Monday,SCARBOROUGH CTR STATIO,SRDP,0,0,W,SRT,0
8/2/2021,05:52,Monday,GREENWOOD STATION,MUTO,6,11,E,BD,5341
8/2/2021,06:17,Monday,OSSINGTON STATION,MUIS,0,0,,BD,0
8/2/2021,06:54,Monday,EGLINTON STATION,MUNOA,6,12,N,YU,5791
8/2/2021,08:16,Monday,BLOOR STATION,MUPAA,3,9,N,YU,5806
8/2/2021,08:20,Monday,WARDEN STATION,SUO,0,0,W,BD,5288
8/2/2021,08:50,Monday,EGLINTON STATION,EUYRD,5,10,N,YU,6116
8/2/2021,09:40,Monday,YORK MILLS STATION,SUG,5,10,S,YU,5831
8/2/2021,10:46,Monday,COXWELL STATION,MUIS,0,0,,BD,0
8/2/2021,12:35,Monday,WARDEN STATION,SUO,0,0,,BD,0
8/2/2021,14:38,Monday,DUNDAS STATION,SUDP,0,0,S,YU,5816
8/2/2021,14:49,Monday,GLENCAIRN STATION,EUNT,7,12,N,YU,5516
8/2/2021,16:26,Monday,OSSINGTON STATION,PUMEL,0,0,,BD,0
8/2/2021,16:35,Monday,QUEEN'S PARK STATION,MUIS,0,0,,YU,0
8/2/2021,17:13,Monday,WELLESLEY STATION,SUDP,0,0,,YU,0
8/2/2021,18:00,Monday,SHERBOURNE STATION,MUIS,0,0,,BD,0
8/2/2021,18:43,Monday,NORTH YORK CTR STATION,PUMEL,0,0,,YU,0
8/2/2021,20:20,Monday,BLOOR STATION,MUIS,0,0,,YU,0
8/2/2021,21:55,Monday,DOWNSVIEW PARK STATION,MUIS,0,0,,YU,0
8/2/2021,22:00,Monday,YONGE-UNIVERSITY AND B,MUO,0,0,,YU/BD,0
8/2/2021,23:40,Monday,YORK MILLS STATION,TUSC,0,0,N,YU,5786
8/2/2021,23:59,Monday,CHRISTIE STATION,MUDD,7,14,E,BD,5144
8/2/2021,00:19,Monday,RUNNYMEDE STATION,SUDP,13,20,E,BD,5275
8/2/2021,01:12,Monday,ST GEORGE BD STATION,PUSI,5,12,W,BD,5190
8/2/2021,07:48,Monday,SHEPPARD-YONGE STATION,MUSC,0,0,E,SHP,6146
8/2/2021,13:02,Monday,BESSARION STATION,MUNCA,0,0,,SHP,0
8/2/2021,16:34,Monday,BAYVIEW STATION,PUOPO,0,0,E,SHP,6161
8/3/2021,05:56,Tuesday,DAVISVILLE STATION,TUNIP,4,10,N,YU,5536
8/3/2021,04:20,Tuesday,SCARBOROUGH CTR STATIO,MRUI,0,0,,SRT,0
8/3/2021,13:28,Tuesday,MCCOWAN STATION,MRTO,10,16,N,SRT,3025
8/3/2021,06:21,Tuesday,ROSEDALE STATION,MUATC,7,10,S,YU,5491
8/3/2021,07:49,Tuesday,FINCH STATION,MUIE,0,0,,YU,0
8/3/2021,13:30,Tuesday,SCARBOROUGH RAPID TRAN,MRWEA,0,0,,SRT,0
8/3/2021,21:28,Tuesday,LAWRENCE EAST STATION,MRUIR,0,0,,SRT,0
8/3/2021,07:53,Tuesday,SHEPPARD STATION,SUDP,4,7,S,YU,5476
8/3/2021,08:09,Tuesday,COXWELL STATION,MUIS,0,0,,BD,0
8/3/2021,22:33,Tuesday,MCCOWAN STATION,MRO,6,12,S,SRT,3026
8/3/2021,08:35,Tuesday,SHERBOURNE STATION,MUIRS,0,0,W,BD,0
8/3/2021,08:59,Tuesday,DAVISVILLE STATION,SUDP,4,7,N,YU,5431
8/3/2021,09:01,Tuesday,BROADVIEW STATION,MUIS,0,0,,BD,0
8/3/2021,10:01,Tuesday,ISLINGTON STATION,TUMVS,4,8,E,BD,5144
8/3/2021,10:48,Tuesday,EGLINTON STATION,MUTO,0,0,N,YU,5466
8/3/2021,10:57,Tuesday,BATHURST STATION,SUDP,0,0,,BD,0
8/3/2021,12:35,Tuesday,PAPE STATION,SUAE,19,23,E,BD,5362
8/3/2021,14:28,Tuesday,QUEEN STATION,MUIRS,0,0,S,YU,5791
8/3/2021,14:42,Tuesday,QUEEN STATION,MUIRS,0,0,,YU,0
8/3/2021,14:58,Tuesday,EGLINTON STATION,SUDP,0,0,S,YU,5911
8/3/2021,15:20,Tuesday,VAUGHAN MC STATION,MUTO,10,13,S,YU,5701
8/3/2021,15:32,Tuesday,CHRISTIE STATION,MUI,13,17,E,BD,5020
8/3/2021,16:05,Tuesday,WILSON STATION,PUTWZ,0,0,N,YU,5566
8/3/2021,17:12,Tuesday,KENNEDY BD STATION,MUIRS,0,0,,BD,0
8/3/2021,17:30,Tuesday,DONLANDS STATION,MUIS,0,0,,BD,0
8/3/2021,17:31,Tuesday,ST PATRICK STATION,SUBT,21,24,S,YU,6111
8/3/2021,18:20,Tuesday,SPADINA YUS STATION,MUIS,0,0,,YU,0
8/3/2021,18:26,Tuesday,YORK MILLS STATION,MUIRS,0,0,,YU,0
8/3/2021,18:38,Tuesday,ROYAL YORK STATION,MUPAA,0,0,E,BD,5043
8/3/2021,19:10,Tuesday,ST CLAIR WEST STATION,MUPAA,0,0,S,YU,6131
8/3/2021,19:14,Tuesday,YONGE BD STATION,SUDP,0,0,E,BD,5239
8/3/2021,19:14,Tuesday,BLOOR STATION,SUDP,0,0,N,YU,5806
8/3/2021,19:18,Tuesday,CASTLE FRANK STATION,SUDP,4,8,E,BD,5035
8/3/2021,19:36,Tuesday,BLOOR STATION,MUIRS,0,0,,YU,0
8/3/2021,20:16,Tuesday,YORK MILLS STATION,PUSO,4,9,S,YU,6136
8/3/2021,21:09,Tuesday,SPADINA BD STATION,MUIS,0,0,E,BD,0
8/3/2021,21:19,Tuesday,SHEPPARD STATION,MUSC,0,0,N,YU,5666
8/3/2021,21:21,Tuesday,VAUGHAN MC STATION,SUDP,15,22,S,YU,6131
8/3/2021,21:26,Tuesday,WARDEN STATION,MUPAA,0,0,E,BD,5131
8/3/2021,21:49,Tuesday,FINCH STATION,MUIRS,0,0,,YU,0
8/3/2021,22:00,Tuesday,YONGE-UNIVERSITY AND B,MUO,0,0,,YU/BD,0
8/3/2021,22:16,Tuesday,DUNDAS STATION,SUEAS,9,16,N,YU,6096
8/3/2021,22:45,Tuesday,KIPLING STATION,SUEAS,5,12,E,BD,5284
8/3/2021,23:05,Tuesday,KING STATION TO SPADIN,MUO,0,0,,YU,0
8/3/2021,23:33,Tuesday,LAWRENCE STATION,SUUT,12,19,S,YU,5391
8/3/2021,23:37,Tuesday,WARDEN STATION,MUIRS,0,0,,BD,0
8/3/2021,23:46,Tuesday,LAWRENCE STATION,MUO,7,14,S,YU,5391
8/3/2021,23:50,Tuesday,DUNDAS WEST STATION,MUIS,0,0,,BD,0
8/3/2021,00:04,Tuesday,SUMMERHILL STATION,MUSC,0,0,S,YU,5426
8/3/2021,00:42,Tuesday,DUPONT STATION,PUTWZ,6,13,N,YU,5461
8/3/2021,01:00,Tuesday,SHEPPARD STATION,MUSC,0,0,S,YU,5741
8/3/2021,01:13,Tuesday,VICTORIA PARK STATION,MUIS,0,0,,YU,0
8/3/2021,01:40,Tuesday,ST CLAIR WEST STATION,MUIS,0,0,,YU,0
8/3/2021,01:42,Tuesday,SHEPPARD STATION,MUIRS,0,0,,YU,0
8/3/2021,23:42,Tuesday,DON MILLS STATION,TUMVS,0,0,E,SHP,6196
8/4/2021,02:24,Wednesday,KIPLING STATION,MUIRS,0,0,,BD,5148
8/4/2021,05:52,Wednesday,MCCOWAN STATION,MRCL,5,10,S,SRT,3000
8/4/2021,10:33,Wednesday,SCARBOROUGH CTR STATIO,ERTC,5,10,S,SRT,3022
8/4/2021,05:19,Wednesday,SHEPPARD STATION,MUIRS,0,0,,YU,0
8/4/2021,05:58,Wednesday,EGLINTON STATION,TUO,4,9,N,YU,6076
8/4/2021,11:30,Wednesday,ELLESMERE STATION,MRTO,0,0,N,SRT,3025
8/4/2021,07:45,Wednesday,BLOOR STATION,MUTO,0,0,S,YU,5541
8/4/2021,12:25,Wednesday,SCARBOROUGH RAPID TRAN,MRWEA,0,0,,SRT,0
8/4/2021,13:11,Wednesday,SCARBOROUGH CTR STATIO,MRTO,4,9,S,SRT,3010
8/4/2021,08:25,Wednesday,SHERBOURNE STATION,EUNT,5,9,E,BD,5071
8/4/2021,08:36,Wednesday,EGLINTON STATION,TUOS,0,0,S,YU,5391
8/4/2021,08:44,Wednesday,ROSEDALE STATION,MUO,6,9,S,YU,5391
8/4/2021,09:07,Wednesday,ST GEORGE YUS STATION,MUO,3,6,N,YU,5391
8/4/2021,09:10,Wednesday,ROSEDALE STATION,MUSC,0,0,N,YU,5466
8/4/2021,10:01,Wednesday,BLOOR STATION,SUDP,5,8,S,YU,5461
8/4/2021,10:53,Wednesday,NORTH YORK CTR STATION,PUMEL,0,0,,YU,0
8/4/2021,10:55,Wednesday,SHEPPARD STATION,PUSNT,0,0,N,YU,5396
8/4/2021,11:00,Wednesday,KENNEDY BD STATION,PUMEL,0,0,,BD,0
8/4/2021,11:22,Wednesday,BLOOR STATION,MUIS,0,0,N,YU,0
8/4/2021,11:50,Wednesday,SHEPPARD STATION,SUUT,13,16,N,YU,5736
8/4/2021,12:17,Wednesday,YORK MILLS STATION,MUTO,0,0,S,YU,5736
8/4/2021,12:55,Wednesday,DOWNSVIEW PARK STATION,MUPAA,0,0,N,YU,6061
8/4/2021,14:24,Wednesday,YORK MILLS STATION,TUSC,0,0,N,YU,5991
8/4/2021,14:28,Wednesday,CHRISTIE STATION,TUMVS,4,8,E,BD,5042
8/4/2021,16:07,Wednesday,YORK MILLS STATION,TUSC,3,6,N,YU,5471
8/4/2021,16:25,Wednesday,KIPLING STATION,TUKEY,3,7,E,BD,5216
8/4/2021,16:42,Wednesday,OLD MILL STATION,SUBT,14,18,E,BD,5209
8/4/2021,17:18,Wednesday,ST GEORGE BD STATION,SUDP,10,14,W,BD,5023
8/4/2021,17:50,Wednesday,BLOOR STATION,MUPAA,3,6,N,YU,5386
8/4/2021,18:49,Wednesday,BLOOR STATION,SUAE,0,0,,YU,0
8/4/2021,18:59,Wednesday,ROYAL YORK STATION,MUIS,0,0,,BD,0
8/4/2021,19:21,Wednesday,KIPLING STATION,MUTO,4,8,E,BD,5266
8/4/2021,19:26,Wednesday,KENNEDY BD STATION,TUSUP,4,11,W,BD,5101
8/4/2021,21:23,Wednesday,LAWRENCE STATION,SUDP,0,0,,YU,0
8/4/2021,21:45,Wednesday,ST CLAIR STATION,SUDP,6,13,N,YU,6096
8/4/2021,23:00,Wednesday,KING STATION TO SPADIN,MUO,0,0,,YU,0
8/4/2021,00:27,Wednesday,SHERBOURNE STATION,PUMEL,0,0,,BD,0
8/4/2021,00:34,Wednesday,HIGH PARK STATION,MUIRS,0,0,,BD,0
8/4/2021,01:16,Wednesday,WOODBINE STATION,MUIS,0,0,W,BD,0
8/4/2021,09:05,Wednesday,SHEPPARD-YONGE STATION,MUSC,0,0,E,SHP,6156
8/4/2021,16:40,Wednesday,BAYVIEW STATION,MUIS,0,0,,SHP,0
8/5/2021,06:48,Thursday,KENNEDY SRT STATION,ERTC,4,10,S,SRT,3026
8/5/2021,02:30,Thursday,ST GEORGE YUS STATION,PUMO,0,0,,YU,0
8/5/2021,05:44,Thursday,KEELE STATION,EUBO,5,10,W,BD,5161
8/5/2021,12:50,Thursday,SCARBOROUGH RAPID TRAN,MRWEA,0,0,B,SRT,0
8/5/2021,05:52,Thursday,KENNEDY BD STATION,EUME,6,12,W,BD,5101
8/5/2021,23:26,Thursday,MIDLAND STATION,SRDP,6,12,N,SRT,3021
8/5/2021,05:53,Thursday,KIPLING STATION,SUG,5,10,E,BD,5266
8/5/2021,23:32,Thursday,SCARBOROUGH CTR STATIO,SRDP,0,0,N,SRT,3021
8/5/2021,05:55,Thursday,YONGE BD STATION,MUO,5,0,W,BD,5182
8/5/2021,06:19,Thursday,ST CLAIR STATION,SUDP,0,0,,YU,0
8/5/2021,06:24,Thursday,GREENWOOD YARD,MUO,0,0,,BD,0
8/5/2021,06:58,Thursday,ROSEDALE STATION,MUSC,0,0,N,YU,6096
8/5/2021,09:58,Thursday,VICTORIA PARK STATION,TUMVS,0,0,W,BD,5012
8/5/2021,10:31,Thursday,UNION STATION,SUAE,0,0,,YU,0
8/5/2021,10:49,Thursday,FINCH STATION,MUWR,3,6,N,YU,5711
8/5/2021,10:56,Thursday,QUEEN STATION,MUO,0,0,S,YU,6061
8/5/2021,11:02,Thursday,HIGH PARK STATION,PUMEL,0,0,,BD,0
8/5/2021,11:05,Thursday,WARDEN STATION,EUVA,0,0,E,BD,5027
8/5/2021,11:41,Thursday,JANE STATION,MUIRS,0,0,,BD,0
8/5/2021,11:43,Thursday,JANE STATION,PUTWZ,0,0,E,BD,5003
8/5/2021,12:13,Thursday,COXWELL STATION,MUIE,0,0,E,BD,5003
8/5/2021,12:31,Thursday,BLOOR STATION,MUPAA,0,0,S,YU,6036
8/5/2021,15:25,Thursday,RUNNYMEDE STATION,PUMEL,0,0,,BD,0
8/5/2021,16:23,Thursday,KING STATION,SUDP,0,0,S,YU,5786
8/5/2021,16:40,Thursday,EGLINTON STATION,SUEAS,13,16,S,YU,5391
8/5/2021,17:23,Thursday,FINCH STATION,MUIS,0,0,,YU,0
8/5/2021,17:46,Thursday,KIPLING STATION,MUWR,4,8,W,BD,5298
8/5/2021,18:11,Thursday,LANSDOWNE STATION,SUDP,3,7,E,BD,5295
8/5/2021,18:14,Thursday,KEELE STATION,MUIRS,0,0,W,BD,5199
8/5/2021,18:22,Thursday,ST CLAIR WEST STATION,MUPAA,0,0,S,YU,5396
8/5/2021,18:30,Thursday,VAUGHAN MC STATION,TUNIP,6,10,,YU,5541
8/5/2021,18:32,Thursday,ROSEDALE STATION,MUSC,0,0,N,YU,5466
8/5/2021,20:32,Thursday,WOODBINE STATION,MUO,312,319,W,BD,5232
8/5/2021,20:57,Thursday,EGLINTON STATION,MUIS,0,0,,YU,0
8/5/2021,21:08,Thursday,VICTORIA PARK STATION,MUPAA,0,0,W,BD,5002
8/5/2021,22:00,Thursday,YONGE-UNIVERSITY AND B,MUO,0,0,,YU/BD,0
8/5/2021,22:01,Thursday,ISLINGTON STATION,MUIS,0,0,,BD,0
8/5/2021,00:26,Thursday,SPADINA STATION TO KIN,MUO,0,0,,YU,0
8/5/2021,00:57,Thursday,SPADINA YUS STATION,PUEO,6,13,N,YU,5871
8/5/2021,01:47,Thursday,WELLESLEY STATION,SUUT,0,0,S,YU,0
8/5/2021,01:58,Thursday,SHEPPARD STATION,PUSI,3,10,N,YU,5881
8/5/2021,13:57,Thursday,SHEPPARD-YONGE STATION,TUMVS,0,0,E,SHP,6146
8/6/2021,10:30,Friday,SCARBOROUGH RAPID TRAN,MRWEA,0,0,,SRT,0
8/6/2021,02:24,Friday,ST GEORGE YUS STATION,MUIE,0,0,,YU,0
8/6/2021,11:05,Friday,ELLESMERE STATION,MRPAA,3,8,S,SRT,3024
8/6/2021,03:03,Friday,WARDEN STATION,PUMO,0,0,,BD,0
8/6/2021,20:30,Friday,KENNEDY SRT STATION,ERCO,10,16,N,SRT,3000
8/6/2021,06:28,Friday,SHEPPARD WEST STATION,EUDO,0,0,N,YU,5436
8/6/2021,06:49,Friday,KENNEDY BD STATION,MUIS,0,0,W,BD,8778
8/6/2021,20:41,Friday,LAWRENCE EAST STATION,ERCD,15,21,N,SRT,3000
8/6/2021,06:51,Friday,GREENWOOD STATION,TUNOA,4,8,E,BD,5370
8/6/2021,00:13,Friday,LAWRENCE EAST STATION,TRSET,6,12,N,SRT,3011
8/6/2021,07:03,Friday,HIGHWAY 407 STATION,EUDO,8,11,S,YU,5891
8/6/2021,08:52,Friday,YORK UNIVERSITY STATIO,MUIS,0,0,,YU,0
8/6/2021,08:54,Friday,ST CLAIR WEST STATION,EUDO,4,7,N,YU,5641
8/6/2021,10:25,Friday,LAWRENCE STATION,SUDP,0,0,S,YU,5636
8/6/2021,11:06,Friday,COXWELL STATION,MUIS,0,0,E,BD,0
8/6/2021,11:30,Friday,ROSEDALE STATION,MUATC,15,18,S,YU,6091
8/6/2021,11:47,Friday,SUMMERHILL STATION,TUMVS,4,7,S,YU,5796
8/6/2021,12:15,Friday,KIPLING STATION,MUI,4,8,E,BD,5084
8/6/2021,12:56,Friday,COLLEGE STATION,MUIE,0,0,,YU,0
8/6/2021,13:12,Friday,ST ANDREW STATION,MUPAA,4,7,S,YU,5561
8/6/2021,13:52,Friday,BATHURST STATION,PUMEL,0,0,E,BD,0
8/6/2021,16:22,Friday,DUFFERIN STATION,MUPAA,0,0,W,BD,5094
8/6/2021,16:43,Friday,EGLINTON STATION,MUTO,3,6,S,YU,6091
8/6/2021,17:24,Friday,KENNEDY BD STATION,MUIS,0,0,,BD,0
8/6/2021,17:58,Friday,EGLINTON STATION,MUPAA,3,6,N,YU,5851
8/6/2021,18:08,Friday,ROSEDALE STATION,MUATC,5,8,S,YU,5531
8/6/2021,18:13,Friday,MAIN STREET STATION,MUNCA,0,0,,BD,0
8/6/2021,18:18,Friday,YONGE BD STATION,SUDP,3,7,W,BD,5193
8/6/2021,19:16,Friday,LAWRENCE WEST STATION,TUATC,3,8,S,YU,5401
8/6/2021,20:02,Friday,WOODBINE STATION,PUSO,0,0,W,BD,5261
8/6/2021,20:09,Friday,YORK MILLS STATION,TUSC,0,0,N,YU,5881
8/6/2021,20:10,Friday,WILSON STATION,MUIS,0,0,,YU,0
8/6/2021,20:53,Friday,EGLINTON STATION,MUIE,3,8,N,YU,5811
8/6/2021,21:16,Friday,SUMMERHILL STATION,MUPAA,5,12,N,YU,6051
8/6/2021,21:41,Friday,OLD MILL STATION,MUSC,0,0,W,BD,5366
8/6/2021,22:00,Friday,YONGE-UNIVERSITY AND B,MUO,0,0,,YU/BD,0
8/6/2021,22:25,Friday,QUEEN'S PARK STATION,SUUT,47,54,S,YU,5601
8/6/2021,22:56,Friday,YORK MILLS STATION,TUSC,0,0,S,YU,5951
8/6/2021,23:18,Friday,OSGOODE STATION,SUDP,11,18,N,YU,5546
8/6/2021,23:45,Friday,CHRISTIE STATION,MUIR,10,17,E,BD,5045
8/6/2021,23:57,Friday,BLOOR STATION,SUDP,0,0,N,YU,0
8/6/2021,00:32,Friday,PAPE STATION,SUO,4,11,E,BD,5110
8/6/2021,00:51,Friday,HIGH PARK STATION,SUDP,0,0,,BD,0
8/6/2021,01:55,Friday,DUNDAS STATION,SUAE,0,0,,YU,0
8/6/2021,06:55,Friday,DON MILLS STATION,TUSC,0,0,E,SHP,6156
8/6/2021,00:20,Friday,SHEPPARD-YONGE STATION,TUSC,0,0,E,SHP,6161
8/7/2021,03:06,Saturday,KIPLING STATION,SUO,0,0,,BD,0
8/7/2021,06:00,Saturday,ST. CLAIR TO FINCH STA,MUO,0,0,,YUS,0
8/7/2021,06:03,Saturday,MAIN STREET STATION,TUSC,0,0,W,BD,5291
8/7/2021,06:43,Saturday,EGLINTON WEST STATION,MUATC,4,10,N,YU,5841
8/7/2021,06:56,Saturday,GREENWOOD STATION (APP,EUSC,0,0,E,BD,5229
8/7/2021,07:27,Saturday,ISLINGTON STATION,TUMVS,5,10,E,BD,5053
8/7/2021,08:35,Saturday,COLLEGE STATION,MUIRS,0,0,,YU,0
8/7/2021,09:22,Saturday,KENNEDY BD STATION,TUMVS,0,0,E,BD,5042
8/7/2021,10:16,Saturday,GREENWOOD STATION,MUO,0,0,E,BD,5145
8/7/2021,12:22,Saturday,ST CLAIR WEST STATION,SUDP,0,0,,YU,0
8/7/2021,12:51,Saturday,CHESTER STATION,SUAP,0,0,W,BD,5134
8/7/2021,12:58,Saturday,CASTLE FRANK STATION,SUUT,40,44,W,BD,5030
8/7/2021,13:20,Saturday,BROADVIEW STATION,TUKEY,3,8,W,BD,5229
8/7/2021,13:32,Saturday,COLLEGE STATION,MUIS,0,0,,YU,0
8/7/2021,14:29,Saturday,YORKDALE STATION,MUIR,22,27,N,YU,6006
8/7/2021,14:49,Saturday,KENNEDY BD STATION,SUO,5,9,,BD,5138
8/7/2021,15:14,Saturday,CHRISTIE STATION,MUPAA,0,0,,BD,5083
8/7/2021,15:21,Saturday,BATHURST STATION,SUO,4,8,W,BD,5243
8/7/2021,15:36,Saturday,ROSEDALE STATION,SUAP,0,0,,YU,0
8/7/2021,15:38,Saturday,WELLESLEY STATION,MUPAA,0,0,S,YU,5696
8/7/2021,15:52,Saturday,CHRISTIE STATION,TUMVS,12,16,W,BD,5160
8/7/2021,17:24,Saturday,SPADINA BD STATION,EUNT,3,7,E,BD,5144
8/7/2021,17:56,Saturday,ST CLAIR STATION,MUSC,0,0,N,YU,5386
8/7/2021,18:07,Saturday,ST CLAIR STATION,TUO,12,18,S,YU,5381
8/7/2021,18:25,Saturday,SPADINA BD STATION,SUUT,25,29,E,BD,5129
8/7/2021,18:29,Saturday,YORKDALE STATION,MUIS,0,0,N,YU,0
8/7/2021,18:55,Saturday,CHRISTIE STATION,MUIR,0,0,E,BD,5035
8/7/2021,19:46,Saturday,HIGH PARK STATION,MUIS,0,0,,BD,0
8/7/2021,20:36,Saturday,SUMMERHILL STATION,SUUT,5,11,S,YU,5576
8/7/2021,20:58,Saturday,HIGH PARK STATION,MUIS,0,0,,BD,0
8/7/2021,21:00,Saturday,ST CLAIR STATION,MUIRS,0,0,S,YU,0
8/7/2021,22:00,Saturday,YONGE-UNIVERSITY AND B,MUO,0,0,,YU/BD,0
8/7/2021,22:20,Saturday,BATHURST STATION,MUD,4,11,W,BD,5177
8/7/2021,23:47,Saturday,YONGE BD STATION,MUIRS,0,0,E,BD,0
8/7/2021,00:29,Saturday,ST CLAIR STATION,MUIS,0,0,N,YU,0
8/7/2021,13:40,Saturday,SHEPPARD-YONGE STATION,MUCL,7,12,E,SHP,6146
8/7/2021,00:54,Saturday,LESLIE STATION,MUIS,0,0,,SHP,0
8/8/2021,10:35,Sunday,SCARBOROUGH RAPID TRAN,MRWEA,0,0,,SRT,0
8/8/2021,07:50,Sunday,VAUGHAN MC STATION,MUATC,0,0,S,YU,5391
8/8/2021,18:43,Sunday,SCARBOROUGH CTR STATIO,SRDP,0,0,,SRT,0
8/8/2021,08:00,Sunday,YONGE-UNIVERSITY AND B,MUO,0,0,,YU,0
8/8/2021,08:00,Sunday,BLOOR-DANFORTH SUBWAY,MUO,0,0,,BD,0
8/8/2021,22:48,Sunday,MCCOWAN STATION,MRO,0,0,N,SRT,3011
8/8/2021,08:11,Sunday,ST GEORGE BD STATION,TUO,14,0,W,BD,5133
8/8/2021,08:17,Sunday,ST GEORGE BD STATION,TUO,5,10,W,BD,5280
8/8/2021,09:23,Sunday,ST GEORGE YUS STATION,MUO,3,9,S,YU,5646
8/8/2021,09:45,Sunday,KIPLING STATION,PUTWZ,5,10,E,BD,5071
8/8/2021,09:52,Sunday,ST GEORGE BD STATION,MUPAA,0,0,W,BD,5045
8/8/2021,11:23,Sunday,DUPONT STATION,PUOPO,6,12,N,YU,5566
8/8/2021,11:25,Sunday,DAVISVILLE STATION,PUMEL,0,0,,YU,0
8/8/2021,12:07,Sunday,VAUGHAN MC STATION,TUNIP,3,9,S,YU,5386
8/8/2021,12:14,Sunday,KIPLING STATION,TUMVS,0,0,W,BD,5232
8/8/2021,12:29,Sunday,COXWELL STATION,TUO,4,9,E,BD,5165
8/8/2021,12:40,Sunday,QUEEN STATION,SUUT,26,32,S,YU,5541
8/8/2021,12:56,Sunday,COXWELL STATION,MUIS,0,0,,BD,0
8/8/2021,13:18,Sunday,YORKDALE STATION,SUAP,0,0,,YU,0
8/8/2021,13:26,Sunday,HIGHWAY 407 STATION,PUOPO,0,0,S,YU,5451
8/8/2021,15:18,Sunday,GREENWOOD YARD,MUO,0,0,,BD,0
8/8/2021,15:39,Sunday,HIGHWAY 407 STATION,PUOPO,6,12,S,YU,5606
8/8/2021,16:10,Sunday,SPADINA YUS STATION,PUOPO,0,0,N,YU,6026
8/8/2021,16:56,Sunday,HIGHWAY 407 STATION,PUOPO,0,0,S,YU,5581
8/8/2021,17:05,Sunday,HIGHWAY 407 STATION,TUOPO,0,0,N,YU,5776
8/8/2021,17:27,Sunday,WILSON STATION,MUIS,0,0,,YU,0
8/8/2021,17:40,Sunday,HIGHWAY 407 STATION,PUOPO,7,12,S,YU,5451
8/8/2021,17:59,Sunday,ST CLAIR STATION,EUNT,4,9,N,YU,5581
8/8/2021,18:06,Sunday,HIGHWAY 407 STATION,PUOPO,3,8,N,YU,5856
8/8/2021,18:15,Sunday,ROSEDALE STATION,SUUT,15,20,S,YU,5481
8/8/2021,18:23,Sunday,YORKDALE STATION,MUO,5,10,S,YU,5856
8/8/2021,18:35,Sunday,KENNEDY BD STATION,MUSAN,4,9,W,BD,5232
8/8/2021,19:39,Sunday,ST CLAIR WEST STATION,PUOPO,7,14,N,YU,5541
8/8/2021,19:46,Sunday,DAVISVILLE BUILDD UP,TUCC,4,9,,YU,5696
8/8/2021,21:40,Sunday,SPADINA YUS STATION,PUOPO,0,0,N,YU,6001
8/8/2021,22:00,Sunday,YONGE-UNIVERSITY AND B,MUO,0,0,,YU/BD,0
8/8/2021,22:06,Sunday,BAY STATION,SUO,9,16,W,BD,5045
8/8/2021,22:24,Sunday,FINCH WEST STATION,PUOPO,5,12,N,YU,6126
8/8/2021,22:38,Sunday,PIONEER VILLAGE STATIO,PUOPO,7,14,N,YU,6126
8/8/2021,00:08,Sunday,HIGHWAY 407 STATION,PUOPO,0,0,S,YU,5451
8/8/2021,00:16,Sunday,ST CLAIR WEST STATION,PUOPO,7,14,N,YU,5461
8/8/2021,01:15,Sunday,WILSON STATION,EUOPO,7,14,S,YU,5596
8/8/2021,01:32,Sunday,ST GEORGE YUS STATION,TUNIP,10,17,N,YU,5456
8/8/2021,01:41,Sunday,FINCH STATION,MUIS,0,0,,YU,0
8/8/2021,10:12,Sunday,SHEPPARD-YONGE STATION,TUSC,0,0,E,SHP,6161
8/9/2021,05:50,Monday,FINCH STATION,EUTRD,4,8,S,YU,5886
8/9/2021,05:49,Monday,MCCOWAN YARD,MRTO,5,10,S,SRT,3008
8/9/2021,06:14,Monday,SCARBOROUGH CTR STATIO,MRD,0,0,N,SRT,3020
8/9/2021,06:01,Monday,VICTORIA PARK STATION,PUMO,0,0,,BD,0
8/9/2021,06:19,Monday,FINCH STATION,SUDP,0,0,,YU,0
8/9/2021,06:20,Monday,MCCOWAN STATION,MRTO,0,0,S,SRT,3022
8/9/2021,06:35,Monday,FINCH STATION,MUSC,0,0,S,YU,5466
8/9/2021,13:39,Monday,LINE 3 SCARBOROUGH SRT,MRWEA,0,0,,SRT,0
8/9/2021,07:39,Monday,DUNDAS STATION,MUIS,0,0,S,YU,0
8/9/2021,14:06,Monday,LAWRENCE EAST STATION,MRUI,0,0,,SRT,0
8/9/2021,10:36,Monday,ROSEDALE STATION,MUSC,3,6,N,YU,5571
8/9/2021,11:27,Monday,DUNDAS WEST STATION,SUDP,0,0,,BD,0
8/9/2021,11:47,Monday,ST CLAIR WEST STATION,SUAP,0,0,,YU,0
8/9/2021,13:30,Monday,DUFFERIN STATION,SUUT,3,7,E,BD,5248
8/9/2021,13:49,Monday,KEELE STATION,MUSC,0,0,W,BD,5207
8/9/2021,14:04,Monday,SHEPPARD STATION,MUIE,11,14,S,YU,5471
8/9/2021,14:38,Monday,MUSEUM STATION,MUPAA,0,0,S,YU,5566
8/9/2021,17:13,Monday,FINCH STATION,SUROB,0,0,,YU,0
8/9/2021,17:24,Monday,OSGOODE STATION,SUUT,0,0,N,YU,5951
8/9/2021,18:16,Monday,ST GEORGE BD STATION,SUDP,0,0,W,BD,5170
8/9/2021,18:28,Monday,KIPLING STATION,PUMEL,0,0,,BD,0
8/9/2021,18:40,Monday,ST PATRICK STATION,SUAP,0,0,,YU,0
8/9/2021,18:41,Monday,DUNDAS STATION,SUDP,0,0,N,YU,5461
8/9/2021,19:15,Monday,DON MILLS STATION,SUO,12,17,E,BD,6146
8/9/2021,19:23,Monday,COLLEGE STATION,SUAP,0,0,,YU,0
8/9/2021,20:00,Monday,EGLINTON STATION,MUIR,9,14,N,YU,6056
8/9/2021,20:00,Monday,NORTH YORK CTR STATION,EUNT,7,12,S,YU,5556
8/9/2021,20:29,Monday,ST CLAIR STATION,SUO,5,10,S,YU,6066
8/9/2021,21:07,Monday,KIPLING STATION,MUIR,7,14,E,BD,5279
8/9/2021,21:17,Monday,UNION STATION,MUIRS,0,0,,YU,0
8/9/2021,21:35,Monday,QUEEN STATION,PUMEL,0,0,,YU,0
8/9/2021,22:00,Monday,YONGE-UNIVERSITY AND B,MUO,0,0,,YU/BD,0
8/9/2021,23:00,Monday,LAWRENCE STATION,MUSC,5,12,N,YU,6126
8/9/2021,23:09,Monday,SPADINA YUS STATION,TUO,0,0,N,YU,5841
8/9/2021,23:25,Monday,QUEEN STATION,SUDP,0,0,N,YU,5881
8/9/2021,23:25,Monday,SHEPPARD WEST STATION,MUO,0,0,,YU,0
8/9/2021,01:39,Monday,ST GEORGE BD STATION,MUI,11,18,W,BD,5133
8/9/2021,01:55,Monday,SHEPPARD WEST STATION,PUATC,0,0,S,YU,5846
8/9/2021,08:25,Monday,BESSARION STATION,TUMVS,3,8,E,SHP,6146
8/9/2021,18:13,Monday,SHEPPARD-YONGE STATION,TUNOA,3,8,E,SHP,6196
8/9/2021,22:11,Monday,DON MILLS STATION,MUO,0,0,,SHP,0
8/10/2021,02:55,Tuesday,HIGHWAY 407 STATION,PUMO,0,0,,YU,0
8/10/2021,06:17,Tuesday,LINE 3 SCARBOROUGH SRT,MRWEA,0,0,,SRT,0
8/10/2021,06:01,Tuesday,SHEPPARD WEST STATION,MUIS,0,0,,YU,0
8/10/2021,06:09,Tuesday,ST PATRICK STATION,MUIS,0,0,,YU,0
8/10/2021,07:55,Tuesday,ROSEDALE STATION,MUSC,0,0,N,YU,5571
8/10/2021,09:41,Tuesday,ROSEDALE STATION,MUSC,0,0,N,YU,5841
8/10/2021,10:34,Tuesday,DUNDAS WEST STATION,SUUT,22,26,W,BD,5369
8/10/2021,13:43,Tuesday,DUPONT STATION,SUDP,0,0,S,YU,5971
8/10/2021,14:14,Tuesday,FINCH STATION,EUSC,3,6,S,YU,5636
8/10/2021,14:34,Tuesday,FINCH STATION,MUIRS,0,0,,YU,0
8/10/2021,14:45,Tuesday,HIGHWAY 407 STATION,TUO,3,6,N,YU,6071
8/10/2021,15:36,Tuesday,ST ANDREW STATION,MUIR,4,7,N,YU,5806
8/10/2021,16:20,Tuesday,ROYAL YORK STATION,MUSC,0,0,E,BD,5219
8/10/2021,16:38,Tuesday,LANSDOWNE STATION,MUSC,0,0,E,BD,5214
8/10/2021,16:48,Tuesday,SHERBOURNE STATION,PUMEL,0,0,,BD,0
8/10/2021,17:24,Tuesday,PAPE STATION,MUNCA,0,0,,BD,0
8/10/2021,17:44,Tuesday,SHERBOURNE STATION,MUIS,0,0,,BD,0
8/10/2021,18:38,Tuesday,ST ANDREW STATION,MUPAA,0,0,N,YU,5876
8/10/2021,20:37,Tuesday,EGLINTON WEST STATION,PUSAC,7,14,N,YU,5776
8/10/2021,20:39,Tuesday,SPADINA YUS STATION,MUPAA,0,0,S,YU,5966
8/10/2021,20:40,Tuesday,LAWRENCE STATION,MUIR,4,9,S,YU,5476
8/10/2021,20:55,Tuesday,ST CLAIR STATION,MUIS,0,0,S,YU,5821
8/10/2021,21:05,Tuesday,HIGH PARK STATION,MUIRS,0,0,E,BD,5132
8/10/2021,21:13,Tuesday,LAWRENCE STATION,SUDP,7,14,N,YU,5966
8/10/2021,21:23,Tuesday,OSSINGTON STATION,MUPAA,0,0,W,BD,5251
8/10/2021,21:39,Tuesday,EGLINTON WEST STATION,PUSAC,4,11,N,YU,5856
8/10/2021,21:42,Tuesday,SHEPPARD STATION,SUDP,7,14,N,YU,5526
8/10/2021,22:00,Tuesday,YONGE-UNIVERSITY AND B,MUO,0,0,,YU/BD,0
8/10/2021,22:50,Tuesday,LAWRENCE STATION,SUO,4,11,S,YU,5591
8/10/2021,23:00,Tuesday,SHEPPARD WEST TO ST CL,MUO,0,0,,YU,0
8/10/2021,00:43,Tuesday,SHEPPARD WEST STATION,PUTTP,4,11,N,YU,5551
8/10/2021,00:50,Tuesday,KEELE STATION,SUO,0,0,W,BD,5251
8/10/2021,05:19,Tuesday,SHEPPARD-YONGE STATION,EUSC,0,0,E,SHP,6176
8/10/2021,05:36,Tuesday,DON MILLS STATION,MUSC,0,0,W,SHP,6191
8/10/2021,05:48,Tuesday,DON MILLS STATION,MUSC,0,0,W,SHP,6151
8/11/2021,06:26,Wednesday,GLENCAIRN STATION,PUSAC,8,12,N,YU,5866
8/11/2021,10:14,Wednesday,SCARBOROUGH RAPID TRAN,MRWEA,0,0,,SRT,0
8/11/2021,14:22,Wednesday,MCCOWAN STATION,MRUI,0,0,,SRT,0
8/11/2021,06:34,Wednesday,VAUGHAN MC STATION,MUATC,3,6,S,YU,6066
8/11/2021,18:45,Wednesday,MCCOWAN STATION,SRAP,0,0,,SRT,0
8/11/2021,07:02,Wednesday,VAUGHAN MC STATION,TUO,3,6,S,YU,5861
8/11/2021,07:18,Wednesday,GLENCAIRN STATION,PUSAC,4,7,N,YU,5631
8/11/2021,23:24,Wednesday,KENNEDY SRT STATION,MRUI,0,0,,SRT,0
8/11/2021,07:22,Wednesday,WILSON STATION,TUO,9,12,S,YU,5861
8/11/2021,07:46,Wednesday,TRANSIT CONTROL,MUIE,0,0,,,0
8/11/2021,09:26,Wednesday,DOWNSVIEW PARK STATION,MUPAA,0,0,S,YU,5966
8/11/2021,09:33,Wednesday,SHEPPARD STATION,PUMST,0,0,,YU,0
8/11/2021,10:40,Wednesday,ST CLAIR WEST STATION,MUIS,0,0,,YU,0
8/11/2021,10:55,Wednesday,SUMMERHILL STATION,TUOS,0,0,N,YU,6096
8/11/2021,11:04,Wednesday,WELLESLEY STATION,SUDP,0,0,,YU,0
8/11/2021,12:08,Wednesday,KEELE STATION,PUSO,3,7,W,BD,5020
8/11/2021,13:35,Wednesday,BAY STATION,MUPAA,0,0,W,BD,5113
8/11/2021,13:52,Wednesday,SPADINA BD STATION,MUWR,0,0,,BD,0
8/11/2021,14:16,Wednesday,YORK MILLS STATION,SUDP,0,0,N,YU,5381
8/11/2021,14:24,Wednesday,HIGH PARK STATION,SUDP,0,0,W,BD,5256
8/11/2021,14:36,Wednesday,YORK MILLS STATION,TUSC,0,0,S,YU,6111
8/11/2021,16:42,Wednesday,KING STATION,SUDP,0,0,,YU,0
8/11/2021,17:46,Wednesday,SHEPPARD WEST STATION,MUPAA,3,6,N,YU,5631
8/11/2021,18:02,Wednesday,YONGE BD STATION,MUPAA,3,7,W,BD,5035
8/11/2021,18:29,Wednesday,SHEPPARD STATION,SUO,0,0,,YU,0
8/11/2021,19:37,Wednesday,KIPLING STATION,MUPAA,0,0,E,BD,5303
8/11/2021,20:32,Wednesday,FINCH STATION,SUDP,0,0,N,YU,6086
8/11/2021,20:58,Wednesday,WELLESLEY STATION,MUIS,0,0,,YU,0
8/11/2021,22:00,Wednesday,YONGE-UNIVERSITY AND B,MUO,0,0,,YU/BD,0
8/11/2021,22:32,Wednesday,MUSEUM STATION,MUATC,3,10,N,YU,5866
8/11/2021,23:02,Wednesday,COLLEGE STATION,PUMST,0,0,,YU,0
8/11/2021,23:25,Wednesday,SHEPPARD WEST STATION,MUO,0,0,,YU,0
8/11/2021,23:30,Wednesday,QUEEN STATION,SUDP,0,0,N,YU,0
8/11/2021,23:53,Wednesday,ST CLAIR WEST STATION,MUO,5,12,N,YU,5391
8/11/2021,00:09,Wednesday,ST CLAIR WEST STATION,SUDP,10,17,S,YU,5966
8/11/2021,01:07,Wednesday,FINCH STATION,MUI,7,14,S,YU,6061
8/11/2021,04:19,Wednesday,SHEPPARD-YONGE STATION,TUMVS,0,0,W,SHP,6141
8/11/2021,05:28,Wednesday,LESLIE STATION,PUOPO,12,0,E,SHP,6176
8/11/2021,07:15,Wednesday,SHEPPARD-YONGE STATION,TUO,3,8,E,SHP,6176
8/11/2021,09:19,Wednesday,BAYVIEW STATION,PUOPO,0,0,E,SHP,6156
8/11/2021,18:51,Wednesday,SHEPPARD-YONGE STATION,SUDP,0,0,W,SHP,6146
8/11/2021,00:16,Wednesday,LESLIE STATION,TUMVS,4,10,W,SHP,6141
8/12/2021,06:20,Thursday,ELLESMERE STATION,ERDO,3,8,N,SRT,3021
8/12/2021,05:55,Thursday,GREENWOOD STATION,MUTO,4,9,E,BD,5125
8/12/2021,05:57,Thursday,DUNDAS STATION,SUDP,0,0,,YU,0
8/12/2021,12:21,Thursday,SCARBOROUGH RAPID TRAN,MRWEA,0,0,,SRT,0
8/12/2021,15:49,Thursday,MCCOWAN STATION,ERTC,5,10,S,SRT,3002
8/12/2021,06:32,Thursday,ROSEDALE STATION,MUSC,0,0,N,YU,5851
8/12/2021,23:55,Thursday,KENNEDY SRT STATION,MRUI,10,16,N,SRT,3019
8/12/2021,07:41,Thursday,WILSON STATION,EUNEA,3,6,S,YU,5806
8/12/2021,07:59,Thursday,PAPE STATION,EUDO,7,11,E,BD,5013
8/12/2021,08:36,Thursday,WILSON STATION,MUIS,0,0,,YU,0
8/12/2021,10:50,Thursday,ISLINGTON STATION,MUTO,3,7,E,BD,5378
8/12/2021,10:58,Thursday,ISLINGTON STATION,TUSC,0,0,W,BD,5105
8/12/2021,13:14,Thursday,SHEPPARD STATION,MUIS,0,0,,YU,0
8/12/2021,13:37,Thursday,VAUGHAN MC STATION,MUNOA,3,6,S,YU,0
8/12/2021,13:39,Thursday,VICTORIA PARK STATION,SUROB,0,0,,BD,0
8/12/2021,14:07,Thursday,VAUGHAN MC STATION,MUNOA,3,6,S,YU,5701
8/12/2021,15:51,Thursday,SHEPPARD STATION,SUDP,3,6,N,YU,5571
8/12/2021,16:16,Thursday,SHEPPARD STATION,MUSC,0,0,N,YU,5391
8/12/2021,16:19,Thursday,FINCH STATION,MUSC,0,0,S,YU,5726
8/12/2021,16:22,Thursday,HIGH PARK STATION,PUMEL,0,0,,BD,0
8/12/2021,16:25,Thursday,SHEPPARD STATION,MUSC,0,0,N,YU,5796
8/12/2021,16:30,Thursday,DUNDAS STATION,EUNT,4,7,N,YU,5956
8/12/2021,16:39,Thursday,ROYAL YORK STATION,TUSC,0,0,E,BD,5303
8/12/2021,17:43,Thursday,KENNEDY BD STATION,PUMEL,0,0,,BD,0
8/12/2021,18:46,Thursday,ROSEDALE STATION,TUOS,5,10,S,YU,5621
8/12/2021,19:12,Thursday,DOWNSVIEW PARK STATION,SUDP,4,9,S,YU,5696
8/12/2021,19:32,Thursday,WILSON STATION,MUPAA,0,0,S,YU,5661
8/12/2021,19:45,Thursday,DAVISVILLE STATION,MUPLB,16,21,S,YU,5901
8/12/2021,20:23,Thursday,DUFFERIN STATION,SUO,0,0,,BD,0
8/12/2021,20:49,Thursday,UNION STATION,PUMEL,0,0,,YU,0
8/12/2021,21:26,Thursday,DUPONT STATION,PUMEL,0,0,,YU,0
8/12/2021,22:00,Thursday,YONGE-UNIVERSITY AND B,MUO,0,0,,YU/BD,0
8/12/2021,22:45,Thursday,ROSEDALE STATION,MUSC,3,10,N,YU,5661
8/12/2021,23:23,Thursday,ST GEORGE YUS STATION,MUATC,3,10,S,YU,5721
8/12/2021,01:50,Thursday,KIPLING STATION,SUO,17,24,W,BD,5317
8/12/2021,05:19,Thursday,SHEPPARD-YONGE STATION,MUSC,0,0,E,SHP,6196
8/12/2021,20:47,Thursday,SHEPPARD-YONGE STATION,TUMVS,0,0,W,SHP,6151
8/12/2021,23:23,Thursday,DON MILLS STATION,SUO,5,10,W,SHP,6161
8/12/2021,23:35,Thursday,DON MILLS STATION,SUO,5,10,W,SHP,6151
8/12/2021,00:17,Thursday,SHEPPARD-YONGE STATION,TUMVS,0,0,W,SHP,6191
8/13/2021,08:51,Friday,KEELE STATION,MUSC,0,0,W,BD,5116
8/13/2021,09:04,Friday,SCARBOROUGH RAPID TRAN,MRWEA,0,0,,SRT,0
8/13/2021,10:32,Friday,KIPLING STATION,MUIR,0,0,W,BD,5133
8/13/2021,23:09,Friday,SCARBOROUGH CTR STATIO,SRUT,17,23,S,SRT,3008
8/13/2021,10:52,Friday,MAIN STREET STATION,PUMEL,0,0,,BD,0
8/13/2021,11:26,Friday,BATHURST STATION,SUAE,15,19,W,BD,5214
8/13/2021,11:52,Friday,WILSON STATION,MUPAA,0,0,S,YU,5591
8/13/2021,12:35,Friday,DAVISVILLE STATION,SUAP,0,0,,YU,0
8/13/2021,13:27,Friday,ST ANDREW STATION,MUATC,7,10,N,YU,5856
8/13/2021,13:48,Friday,ROSEDALE STATION,MUATC,3,6,S,YU,5876
8/13/2021,14:05,Friday,MUSEUM STATION,MUATC,3,6,N,YU,5531
8/13/2021,14:07,Friday,COXWELL STATION,TUCC,9,14,W,BD,5255
8/13/2021,14:27,Friday,VAUGHAN MC STATION,TUNIP,3,6,S,YU,0
8/13/2021,14:29,Friday,MAIN STREET STATION,SUO,0,0,,BD,0
8/13/2021,14:35,Friday,KIPLING STATION,TUMVS,0,0,W,BD,5133
8/13/2021,15:16,Friday,YORK MILLS STATION,TUSC,0,0,S,YU,5991
8/13/2021,15:48,Friday,YORK MILLS STATION,SUDP,0,0,,YU,0
8/13/2021,16:07,Friday,YORK UNIVERSITY STATIO,MUPAA,0,0,N,YU,6136
8/13/2021,16:43,Friday,VICTORIA PARK STATION,TUMVS,3,7,W,BD,5116
8/13/2021,17:25,Friday,JANE STATION,MUIS,0,0,,BD,0
8/13/2021,18:49,Friday,KEELE STATION,MUIS,0,0,,BD,0
8/13/2021,18:49,Friday,ROSEDALE STATION,MUSC,8,11,N,YU,5846
8/13/2021,20:15,Friday,DONLANDS STATION,SUAP,16,23,E,BD,5207
8/13/2021,21:09,Friday,PAPE STATION,SUAP,6,13,E,BD,5220
8/13/2021,21:37,Friday,SPADINA YUS STATION,MUPAA,4,9,N,YU,5796
8/13/2021,21:51,Friday,DUNDAS STATION,MUIS,0,0,N,YU,0
8/13/2021,22:07,Friday,OSSINGTON STATION,MUIR,3,10,W,BD,5116
8/13/2021,22:48,Friday,KEELE STATION,MUPAA,0,0,W,BD,5045
8/13/2021,22:59,Friday,KING STATION,MUATC,9,16,N,YU,5796
8/13/2021,00:28,Friday,ST GEORGE YUS STATION,MUIRS,0,0,S,YU,0
8/13/2021,09:13,Friday,DON MILLS STATION,MUNCA,0,0,,SHP,0
8/13/2021,00:06,Friday,SHEPPARD-YONGE STATION,EUOE,13,18,E,SHP,6186
8/14/2021,17:10,Saturday,SCARBOROUGH RAPID TRAN,MRWEA,0,0,,SRT,3000
8/14/2021,04:27,Saturday,ST CLAIR WEST STATION,MUIRS,0,0,,YU,0
8/14/2021,05:42,Saturday,EGLINTON STATION,MUNOA,6,12,N,YU,5626
8/14/2021,23:35,Saturday,SCARBOROUGH CTR STATIO,MRUIR,0,0,S,SRT,0
8/14/2021,05:43,Saturday,OSGOODE STATION,MUATC,0,0,N,YU,5716
8/14/2021,05:47,Saturday,ROSEDALE STATION,MUATC,0,0,S,YU,5406
8/14/2021,06:00,Saturday,SHEPPARD WEST TO ST CL,MUO,0,0,,YU,0
8/14/2021,06:18,Saturday,OLD MILL STATION,MUIR,14,19,W,BD,5153
8/14/2021,06:53,Saturday,MAIN STREET STATION,TUSC,0,0,W,BD,5291
8/14/2021,07:51,Saturday,YONGE BD STATION,MUIS,0,0,W,BD,5248
8/14/2021,08:00,Saturday,WELLESLEY STATION,MUIRS,0,0,N,YU,0
8/14/2021,08:09,Saturday,ISLINGTON STATION,MUIRS,0,0,,BD,0
8/14/2021,10:15,Saturday,EGLINTON STATION,PUMEL,0,0,,YU,0
8/14/2021,11:00,Saturday,ST CLAIR WEST STATION,MUO,0,0,N,YU,5626
8/14/2021,11:08,Saturday,PIONEER VILLAGE STATIO,SUDP,0,0,,YU,0
8/14/2021,11:11,Saturday,ST CLAIR STATION,SUEAS,13,19,S,YU,5656
8/14/2021,12:08,Saturday,NORTH YORK CTR STATION,MUPR1,151,156,S,YU,5841
8/14/2021,12:52,Saturday,YONGE BD STATION,SUDP,0,0,E,BD,5223
8/14/2021,13:03,Saturday,CHRISTIE STATION,SUDP,3,7,W,BD,5013
8/14/2021,14:57,Saturday,YONGE-UNIVERSITY AND B,SUAP,0,0,,YU,0
8/14/2021,15:49,Saturday,LAWRENCE STATION,SUDP,14,19,S,YU,6096
8/14/2021,16:53,Saturday,SPADINA BD STATION,SUDP,3,7,E,BD,5186
8/14/2021,18:30,Saturday,SHEPPARD WEST STATION,SUDP,0,0,,YU,0
8/14/2021,18:45,Saturday,EGLINTON STATION,MUPAA,0,0,S,YU,5631
8/14/2021,18:56,Saturday,MAIN STREET STATION,SUDP,3,7,E,BD,5167
8/14/2021,19:25,Saturday,WARDEN STATION,SUDP,5,12,W,BD,5129
8/14/2021,20:33,Saturday,KIPLING STATION,SUSA,8,15,E,BD,5251
8/14/2021,20:53,Saturday,CASTLE FRANK STATION,MUDD,9,16,W,BD,5029
8/14/2021,22:00,Saturday,YONGE-UNIVERSITY AND B,MUO,0,0,,YU/BD,0
8/14/2021,22:30,Saturday,KING STATION,PUMEL,0,0,,YU,0
8/14/2021,22:57,Saturday,YONGE BD STATION,MUIS,0,0,,BD,0
8/14/2021,23:15,Saturday,DUNDAS STATION,MUIS,0,0,N,YU,0
8/14/2021,01:26,Saturday,UNION STATION,MUIRS,0,0,N,YU,5961
8/14/2021,01:42,Saturday,ST CLAIR WEST STATION,MUIRS,0,0,N,YU,0
8/14/2021,01:46,Saturday,COLLEGE STATION,SUDP,5,10,S,YU,5631
8/14/2021,01:47,Saturday,KIPLING STATION,MUIS,0,0,,BD,0
8/14/2021,01:56,Saturday,KING STATION,SUAE,0,0,,YU,0
8/15/2021,08:03,Sunday,WARDEN STATION,TUSUP,3,0,W,BD,5073
8/15/2021,08:17,Sunday,GREENWOOD STATION,EUNT,4,9,E,BD,5033
8/15/2021,08:35,Sunday,KENNEDY BD STATION,PUSTS,4,9,E,BD,5032
8/15/2021,08:39,Sunday,DOWNSVIEW PARK STATION,PUOPO,0,0,N,YU,6106
8/15/2021,08:56,Sunday,HIGHWAY 407 STATION,PUOPO,6,12,S,YU,6041
8/15/2021,09:13,Sunday,BROADVIEW STATION,EUSC,0,0,E,BD,5214
8/15/2021,09:22,Sunday,DUPONT STATION,PUOPO,6,12,N,YU,5896
8/15/2021,09:38,Sunday,ST GEORGE YUS STATION,MUTO,3,9,N,YU,5791
8/15/2021,09:46,Sunday,FINCH STATION,MUSC,0,0,S,YU,5726
8/15/2021,11:04,Sunday,SPADINA YUS STATION,PUOPO,6,12,N,YU,6036
8/15/2021,11:11,Sunday,QUEEN STATION,MUIRS,0,0,,YU,0
8/15/2021,11:16,Sunday,DOWNSVIEW PARK STATION,PUOPO,3,9,S,YU,5496
8/15/2021,11:28,Sunday,YORKDALE STATION,PUOPO,6,12,S,YU,5496
8/15/2021,12:36,Sunday,VAUGHAN MC STATION,PUOPO,0,0,S,YU,5911
8/15/2021,13:16,Sunday,DAVISVILLE STATION,MUPAA,0,0,S,YU,5491
8/15/2021,13:27,Sunday,YORKDALE STATION,PUOPO,0,0,N,YU,5721
8/15/2021,13:36,Sunday,ST GEORGE YUS STATION,PUOPO,5,10,N,YU,5491
8/15/2021,13:46,Sunday,JANE STATION,MUPAA,3,8,W,BD,5299
8/15/2021,14:25,Sunday,HIGHWAY 407 STATION,PUOPO,3,8,S,YU,5386
8/15/2021,14:47,Sunday,EGLINTON WEST STATION,PUOPO,0,0,N,YU,5621
8/15/2021,16:56,Sunday,HIGHWAY 407 STATION,PUOPO,0,0,S,YU,5636
8/15/2021,17:46,Sunday,ROYAL YORK STATION,TUSC,0,0,E,BD,5214
8/15/2021,18:10,Sunday,VICTORIA PARK STATION,MUIR,3,8,E,BD,5189
8/15/2021,18:26,Sunday,WELLESLEY STATION,MUNCA,0,0,,YU,0
8/15/2021,19:00,Sunday,VAUGHAN MC STATION,PUOPO,0,0,S,YU,5736
8/15/2021,19:03,Sunday,COLLEGE STATION,MUIS,0,0,,YU,0
8/15/2021,19:31,Sunday,HIGHWAY 407 STATION,PUOPO,0,0,S,YU,5636
8/15/2021,20:48,Sunday,HIGHWAY 407 STATION,PUOPO,0,0,S,YU,5686
8/15/2021,21:47,Sunday,VICTORIA PARK STATION,SUPOL,0,0,W,BD,5105
8/15/2021,21:50,Sunday,HIGHWAY 407 STATION,PUOPO,0,0,S,YU,6101
8/15/2021,21:57,Sunday,HIGHWAY 407 STATION,PUOPO,0,0,S,YU,5381
8/15/2021,22:00,Sunday,YONGE-UNIVERSITY AND B,MUO,0,0,,YU/BD,0
8/15/2021,22:15,Sunday,SHEPPARD WEST STATION,PUOPO,0,0,S,YU,5911
8/15/2021,23:31,Sunday,KEELE STATION,MUSC,0,0,W,BD,5153
8/15/2021,23:44,Sunday,YORKDALE STATION,PUOPO,4,11,S,YU,5611
8/15/2021,01:21,Sunday,FINCH STATION,MUIS,0,0,,YU,0
8/15/2021,01:25,Sunday,COLLEGE STATION,SUO,0,0,S,YU,0
8/16/2021,04:40,Monday,CHESTER STATION,PUMO,0,0,,BD,0
8/16/2021,04:51,Monday,KIPLING STATION,SUEAS,0,0,,BD,0
8/16/2021,05:54,Monday,ST CLAIR STATION,MUDD,0,0,S,YU,5431
8/16/2021,07:32,Monday,ROSEDALE STATION,MUSC,0,0,N,YU,5721
8/16/2021,07:48,Monday,MAIN STREET STATION,PUMEL,0,0,,BD,0
8/16/2021,09:28,Monday,VAUGHAN MC STATION,TUNIP,3,6,S,YU,5516
8/16/2021,11:47,Monday,KEELE STATION,MUSC,0,0,W,BD,5076
8/16/2021,11:56,Monday,YORK MILLS STATION,TUMVS,3,6,N,YU,5666
8/16/2021,13:42,Monday,KIPLING STATION,PUSRA,4,8,E,BD,5220
8/16/2021,13:54,Monday,DUNDAS STATION,MUPAA,0,0,S,YU,5601
8/16/2021,14:41,Monday,LAWRENCE STATION,PUMEL,0,0,,YU,0
8/16/2021,15:36,Monday,YONGE BD STATION,SUUT,19,23,E,BD,5125
8/16/2021,15:58,Monday,SUMMERHILL STATION,SUAP,10,13,N,YU,5736
8/16/2021,16:52,Monday,EGLINTON WEST STATION,MUI,8,11,N,YU,5566
8/16/2021,17:09,Monday,WARDEN STATION,MUIS,0,0,,BD,0
8/16/2021,18:55,Monday,MAIN STREET STATION,PUSTS,0,0,W,BD,5076
8/16/2021,18:57,Monday,HIGH PARK STATION,SUDP,0,0,,BD,0
8/16/2021,19:47,Monday,VAUGHAN MC STATION,TUNIP,3,8,S,YU,6091
8/16/2021,19:47,Monday,FINCH WEST STATION,MUIS,0,0,,YU,0
8/16/2021,19:58,Monday,CASTLE FRANK STATION,MUIS,0,0,,BD,0
8/16/2021,21:30,Monday,COLLEGE STATION,MUIS,0,0,,YU,0
8/16/2021,21:33,Monday,KIPLING STATION,MUIRS,0,0,,BD,0
8/16/2021,21:44,Monday,KIPLING STATION,MUIRS,0,0,,BD,0
8/16/2021,22:00,Monday,YONGE-UNIVERSITY AND B,MUO,0,0,,YU/BD,0
8/16/2021,22:24,Monday,SPADINA YUS STATION,SUDP,4,11,N,YU,6136
8/16/2021,23:25,Monday,MAIN STREET STATION,MUIS,0,0,,BD,0
8/16/2021,23:28,Monday,SHEPPARD WEST STATION,MUO,0,0,,YU,0
8/16/2021,00:58,Monday,YONGE BD STATION,SUDP,0,0,W,BD,5231
8/16/2021,00:59,Monday,BLOOR STATION,SUDP,0,0,N,YU,5911
8/16/2021,01:08,Monday,FINCH STATION,MUIS,0,0,,YU,0
8/16/2021,01:21,Monday,SHEPPARD WEST STATION,PUTWZ,8,15,N,YU,6081
8/16/2021,13:35,Monday,LESLIE STATION,SUUT,10,15,E,SHP,6181
8/16/2021,19:21,Monday,SHEPPARD-YONGE STATION,TUSC,0,0,E,SHP,6166
8/16/2021,20:05,Monday,DON MILLS STATION,MUIR,5,10,W,SHP,6186
8/17/2021,09:23,Tuesday,ELLESMERE STATION,ERPR,3,9,S,SRT,3008
8/17/2021,07:15,Tuesday,ST CLAIR STATION,SUDP,0,0,,YU,0
8/17/2021,09:21,Tuesday,JANE STATION,EUBO,4,8,E,BD,5129
8/17/2021,12:21,Tuesday,SCARBOROUGH RAPID TRAN,MRWEA,0,0,,SRT,0
8/17/2021,11:17,Tuesday,DUNDAS WEST STATION,MUIR,10,14,E,BD,5035
8/17/2021,13:13,Tuesday,FINCH WEST STATION,PUMEL,0,0,,YU,0
8/17/2021,13:22,Tuesday,OLD MILL STATION,TUOS,4,8,E,BD,5002
8/17/2021,13:28,Tuesday,QUEEN'S PARK STATION,MUPAA,0,0,S,YU,5051
8/17/2021,14:01,Tuesday,YORK UNIVERSITY STATIO,EUDO,6,9,N,YU,5511
8/17/2021,14:26,Tuesday,SHEPPARD STATION,MUIS,0,0,S,YU,5566
8/17/2021,14:38,Tuesday,FINCH STATION,TUNIP,3,6,S,YU,5626
8/17/2021,14:57,Tuesday,FINCH STATION,EUNT,3,6,S,YU,5746
8/17/2021,15:25,Tuesday,SHEPPARD WEST STATION,EUAC,3,6,N,YU,5881
8/17/2021,16:13,Tuesday,FINCH STATION,SUO,3,6,S,YU,5872
8/17/2021,17:50,Tuesday,FINCH WEST STATION,PUMEL,0,0,,YU,8356
8/17/2021,17:51,Tuesday,ROYAL YORK STATION,TUSC,4,8,E,BD,5203
8/17/2021,18:04,Tuesday,BLOOR STATION,MUIRS,0,0,,YU,0
8/17/2021,18:28,Tuesday,WARDEN STATION,MUIS,0,0,,BD,0
8/17/2021,18:52,Tuesday,KIPLING STATION,MUIRS,0,0,,BD,0
8/17/2021,18:58,Tuesday,FINCH STATION,MUIS,0,0,,YU,0
8/17/2021,19:12,Tuesday,ROSEDALE STATION,TUO,14,19,N,YU,5466
8/17/2021,19:39,Tuesday,KIPLING STATION,MUIS,0,0,,BD,0
8/17/2021,20:12,Tuesday,NORTH YORK CTR STATION,SUPOL,21,26,N,YU,5681
8/17/2021,21:34,Tuesday,DUFFERIN STATION,SUDP,0,0,E,BD,5242
8/17/2021,22:00,Tuesday,YONGE-UNIVERSITY AND B,MUO,0,0,,YU/BD,0
8/17/2021,22:47,Tuesday,BLOOR STATION,MUIS,0,0,,YU,0
8/17/2021,00:27,Tuesday,YORK MILLS STATION,MUIS,0,0,S,YU,5661
8/17/2021,01:20,Tuesday,WELLESLEY STATION,SUDP,9,16,N,YU,5786
8/17/2021,01:37,Tuesday,KENNEDY BD STATION,PUMEL,0,0,E,BD,0
8/17/2021,02:35,Tuesday,SHEPPARD-YONGE STATION,TUMVS,0,0,W,SHP,6141
8/17/2021,09:48,Tuesday,SHEPPARD-YONGE STATION,TUSC,0,0,W,SHP,6151
8/17/2021,12:39,Tuesday,BESSARION STATION,SUDP,0,0,,SHP,0
8/17/2021,16:20,Tuesday,SHEPPARD-YONGE STATION,TUSC,0,0,E,SHP,6181
8/17/2021,16:25,Tuesday,BAYVIEW STATION,TUOS,3,8,E,SHP,6181
8/17/2021,16:38,Tuesday,LESLIE STATION,TUOS,0,0,W,SHP,6181
8/18/2021,05:52,Wednesday,ROSEDALE STATION,MUATC,5,0,S,YU,5446
8/18/2021,14:50,Wednesday,SCARBOROUGH RAPID TRAN,MRWEA,0,0,,SRT,0
8/18/2021,06:03,Wednesday,BROADVIEW STATION,SUDP,0,0,W,BD,5177
8/18/2021,06:30,Wednesday,KEELE STATION,MUIS,0,0,,BD,0
8/18/2021,06:49,Wednesday,FINCH STATION,MUSC,0,0,S,YU,5596
8/18/2021,11:00,Wednesday,ROSEDALE STATION,MUSC,0,0,N,YU,5466
8/18/2021,11:17,Wednesday,ISLINGTON STATION,PUSTS,4,8,E,BD,5299
8/18/2021,11:25,Wednesday,COXWELL STATION,PUSTC,6,10,W,BD,5022
8/18/2021,11:27,Wednesday,YONGE BD STATION,EUTR,44,48,E,BD,5352
8/18/2021,11:29,Wednesday,BLOOR STATION,MUO,0,0,N,YU,5591
8/18/2021,12:14,Wednesday,DUFFERIN STATION,SUDP,4,7,W,BD,5330
8/18/2021,12:58,Wednesday,WARDEN STATION,MUIRS,0,0,,BD,0
8/18/2021,13:12,Wednesday,KENNEDY BD STATION,MUIR,4,8,W,BD,5040
8/18/2021,13:45,Wednesday,DUFFERIN STATION,MUPAA,0,0,E,BD,5045
8/18/2021,14:03,Wednesday,ST GEORGE BD STATION,MUIS,0,0,,BD,0
8/18/2021,14:10,Wednesday,BLOOR STATION,MUIS,0,0,N,YU,0
8/18/2021,14:34,Wednesday,SHEPPARD WEST STATION,MUO,0,0,,YU,0
8/18/2021,16:13,Wednesday,KENNEDY BD STATION,TUMVS,0,0,,BD,5196
8/18/2021,17:05,Wednesday,ROYAL YORK STATION,PUMST,0,0,E,BD,0
8/18/2021,17:22,Wednesday,FINCH STATION,PUMEL,0,0,,YU,0
8/18/2021,17:47,Wednesday,DUNDAS WEST STATION,SUDP,0,0,W,BD,5191
8/18/2021,18:08,Wednesday,FINCH STATION,MUIS,0,0,,YU,0
8/18/2021,19:35,Wednesday,KENNEDY BD STATION,MUI,7,14,,BD,5242
8/18/2021,20:44,Wednesday,BROADVIEW STATION,EUNT,4,11,W,BD,5002
8/18/2021,21:05,Wednesday,PAPE STATION,MUIS,0,0,,BD,0
8/18/2021,21:11,Wednesday,HIGHWAY 407 STATION,EUDO,4,11,N,YU,5511
8/18/2021,21:16,Wednesday,ST GEORGE BD STATION,MUIS,0,0,S,YU,0
8/18/2021,22:00,Wednesday,YONGE-UNIVERSITY AND B,MUO,0,0,,YU / BD,0
8/18/2021,23:22,Wednesday,SPADINA BD STATION,SUO,0,0,E,BD,5161
8/18/2021,23:30,Wednesday,SHEPPARD WEST STATION,MUO,0,0,,YU,0
8/18/2021,23:36,Wednesday,FINCH STATION,PUMEL,0,0,,YU,0
8/18/2021,00:10,Wednesday,PIONEER VILLAGE STATIO,SUDP,0,0,N,YU,5761
8/18/2021,00:38,Wednesday,SHEPPARD WEST STATION,PUTWZ,4,11,S,YU,5766
8/18/2021,01:53,Wednesday,KIPLING STATION,SUDP,0,0,,BD,0
8/18/2021,05:25,Wednesday,SHEPPARD-YONGE STATION,MUSC,0,0,E,SHP,6146
8/18/2021,06:31,Wednesday,DON MILLS STATION,EUNT,5,10,W,SHP,6151
8/19/2021,05:51,Thursday,MAIN STREET STATION,SUDP,0,0,,BD,0
8/19/2021,06:00,Thursday,TORONTO TRANSIT COMMIS,MRO,0,0,,SRT,0
8/19/2021,10:17,Thursday,SCARBOROUGH RAPID TRAN,MRWEA,0,0,,SRT,0
8/19/2021,06:00,Thursday,TORONTO TRANSIT COMMIS,MUO,0,0,,BD,0
8/19/2021,06:51,Thursday,WOODBINE STATION,MUIS,0,0,,BD,0
8/19/2021,08:38,Thursday,DUFFERIN STATION,MUPAA,0,0,W,BD,5069
8/19/2021,09:25,Thursday,PIONEER VILLAGE STATIO,MUIS,0,0,N,YU,5541
8/19/2021,10:57,Thursday,DAVISVILLE STATION,PUMEL,0,0,,YU,0
8/19/2021,11:46,Thursday,BAY STATION,MUNCA,0,0,,BD,0
8/19/2021,12:03,Thursday,KENNEDY BD STATION,EUAC,4,8,W,BD,5227
8/19/2021,12:18,Thursday,FINCH WEST STATION,MUO,0,0,,YU,0
8/19/2021,12:40,Thursday,BLOOR STATION,MUO,0,0,S,YU,0
8/19/2021,13:02,Thursday,VAUGHAN MC STATION,MUNOA,3,6,S,YU,0
8/19/2021,13:10,Thursday,VAUGHAN MC STATION,MUATC,16,20,N,YU,5636
8/19/2021,13:15,Thursday,ST CLAIR WEST STATION,PUMEL,0,0,,YU,0
8/19/2021,13:43,Thursday,BATHURST STATION,MUPAA,0,0,W,BD,5115
8/19/2021,14:21,Thursday,WELLESLEY STATION,MUIRS,0,0,N,YU,5906
8/19/2021,16:33,Thursday,FINCH STATION,MUATC,3,6,S,YU,6066
8/19/2021,16:56,Thursday,KENNEDY BD STATION,MUIE,4,8,E,BD,5196
8/19/2021,17:48,Thursday,RUNNYMEDE STATION,MUIS,0,0,,BD,0
8/19/2021,18:00,Thursday,EGLINTON STATION,MUNCA,0,0,,YU,0
8/19/2021,19:47,Thursday,OSSINGTON STATION,PUSO,5,12,E,BD,5220
8/19/2021,19:53,Thursday,ROYAL YORK STATION,TUOS,0,0,W,BD,5029
8/19/2021,20:24,Thursday,COXWELL STATION,TUSUP,4,8,E,BD,5346
8/19/2021,20:36,Thursday,FINCH STATION,MUPAA,0,0,S,YU,5756
8/19/2021,21:28,Thursday,EGLINTON STATION,SUDP,0,0,N,YU,5606
8/19/2021,22:00,Thursday,YONGE-UNIVERSITY AND B,MUO,0,0,,YU/BD,0
8/19/2021,22:20,Thursday,ST CLAIR STATION,EUTM,7,14,N,YU,6006
8/19/2021,23:22,Thursday,ST GEORGE BD STATION,SUAE,18,25,W,BD,5132
8/19/2021,00:23,Thursday,VICTORIA PARK STATION,SUAP,6,13,W,BD,5029
8/19/2021,05:05,Thursday,DON MILLS STATION,MUNCA,0,0,,SHP,0
8/19/2021,06:00,Thursday,TORONTO TRANSIT COMMIS,MUO,0,0,,SHP,0
8/20/2021,06:11,Friday,SCARBORUOGH RAPID TRAN,MRWEA,0,0,,SRT,0
8/20/2021,02:12,Friday,ST CLAIR WEST STATION,MUIS,0,0,,YU,0
8/20/2021,06:02,Friday,BLOOR STATION,PUTO,3,6,S,YU,5751
8/20/2021,07:46,Friday,MCCOWAN STATION,PRO,9,14,S,SRT,3016
8/20/2021,06:07,Friday,BLOOR STATION,PUTO,3,6,S,YU,5611
8/20/2021,12:07,Friday,MIDLAND STATION,PRO,6,13,N,SRT,3003
8/20/2021,06:08,Friday,CASTLE FRANK STATION,SUAE,0,0,,BD,0
8/20/2021,15:02,Friday,MIDLAND STATION,PREL,0,0,,SRT,0
8/20/2021,06:15,Friday,COLLEGE STATION,TUO,5,8,S,YU,5611
8/20/2021,15:28,Friday,MCCOWAN STATION,MRPAA,0,0,S,SRT,3013
8/20/2021,19:43,Friday,MCCOWAN STATION,PRO,17,23,W,SRT,3016
8/20/2021,06:31,Friday,UNION STATION,MUO,4,7,,YU,5611
8/20/2021,06:45,Friday,LAWRENCE STATION,MUI,6,9,S,YU,5641
8/20/2021,07:03,Friday,WILSON STATION,EUNT,3,6,S,YU,5621
8/20/2021,07:17,Friday,CHESTER STATION,SUDP,0,0,E,BD,5330
8/20/2021,07:55,Friday,FINCH STATION,PUMEL,0,0,,YU,5465
8/20/2021,08:04,Friday,FINCH STATION,SUDP,0,0,,YU,0
8/20/2021,09:03,Friday,KIPLING STATION,TUMVS,0,0,W,BD,5031
8/20/2021,09:30,Friday,EGLINTON STATION,PUTDN,7,10,N,YU,5936
8/20/2021,09:55,Friday,QUEEN STATION,MUPAA,0,0,N,YU,5846
8/20/2021,11:22,Friday,KIPLING STATION,MUO,4,8,E,BD,5066
8/20/2021,11:40,Friday,OLD MILL STATION,PUSNT,4,8,E,BD,5137
8/20/2021,11:48,Friday,HIGH PARK STATION,TUO,4,8,E,BD,5137
8/20/2021,11:53,Friday,JANE STATION,MUSC,0,0,E,BD,5282
8/20/2021,12:49,Friday,SHEPPARD STATION,SUEAS,10,13,S,YU,5406
8/20/2021,12:53,Friday,DUPONT STATION,EUDO,5,8,N,YU,5486
8/20/2021,13:14,Friday,GREENWOOD YARD,PUMO,0,0,,BD,0
8/20/2021,13:53,Friday,FINCH STATION,MUNOA,3,6,S,YU,0
8/20/2021,14:04,Friday,VAUGHAN MC STATION,MUNOA,3,6,S,YU,0
8/20/2021,14:23,Friday,EGLINTON STATION,EUTL,3,6,S,YU,5476
8/20/2021,14:33,Friday,LANSDOWNE STATION,MUPAA,0,0,E,BD,5116
8/20/2021,14:52,Friday,SHERBOURNE STATION,MUIS,0,0,E,BD,5231
8/20/2021,15:27,Friday,YONGE BD STATION,EUBK,17,21,W,BD,5031
8/20/2021,16:00,Friday,PAPE STATION,SUO,11,15,E,BD,5336
8/20/2021,16:38,Friday,CHRISTIE STATION,SUO,0,0,E,BD,5116
8/20/2021,16:58,Friday,ST CLAIR STATION,MUSC,0,0,S,YU,6026
8/20/2021,18:16,Friday,UNION STATION,SUAP,0,0,,YU,0
8/20/2021,18:58,Friday,CASTLE FRANK STATION,SUUT,7,11,W,BD,5359
8/20/2021,19:29,Friday,KENNEDY BD STATION,PUSTC,7,14,W,BD,5002
8/20/2021,21:30,Friday,GREENWOOD AND DANFORTH,PUMO,0,0,,BD,5245
8/20/2021,22:00,Friday,YONGE-UNIVERSITY AND B,MUO,0,0,,YU/BD,0
8/20/2021,22:55,Friday,ROSEDALE STATION,MUIRS,0,0,N,YU,5806
8/20/2021,22:59,Friday,NORTH YORK CTR STATION,SUDP,0,0,,YU,0
8/20/2021,23:03,Friday,ROSEDALE STATION,MUPAA,3,10,N,YU,5401
8/20/2021,23:39,Friday,BLOOR VIADUCT,SUO,28,35,W,BD,5236
8/20/2021,00:32,Friday,CHESTER STATION,MUSAN,7,14,E,BD,5231
8/20/2021,00:39,Friday,WARDEN STATION,SUDP,6,13,E,BD,5134
8/20/2021,01:12,Friday,DUNDAS STATION,MUIRS,0,0,N,YU,0
8/20/2021,01:16,Friday,GLENCAIRN STATION,MUPR1,59,66,N,YU,5426
8/20/2021,01:45,Friday,BAY STATION,SUDP,0,0,,BD,0
8/20/2021,01:58,Friday,SHEPPARD WEST STATION,SUDP,0,0,N,YU,5681
8/21/2021,02:09,Saturday,FINCH STATION,SUDP,0,0,,YU,0
8/21/2021,06:00,Saturday,KENNEDY TO MCCOWAN,MRO,0,0,,SRT,0
8/21/2021,02:20,Saturday,KENNEDY BD STATION,MUIS,0,0,,BD,0
8/21/2021,05:22,Saturday,CHESTER STATION,MUNCA,0,0,,BD,0
8/21/2021,05:45,Saturday,ST ANDREW STATION,MUNCA,0,0,,YU,0
8/21/2021,06:19,Saturday,YORKDALE STATION,PUMST,0,0,,YU,0
8/21/2021,06:56,Saturday,GREENWOOD STATION,MUSC,0,0,W,BD,5255
8/21/2021,07:05,Saturday,ROSEDALE STATION,MUSC,0,0,N,YU,5466
8/21/2021,07:24,Saturday,QUEEN STATION,SUAE,0,0,,YU,0
8/21/2021,08:09,Saturday,LANSDOWNE STATION,SUDP,0,0,W,BD,5300
8/21/2021,09:15,Saturday,LAWRENCE STATION,TUOS,0,0,S,YU,5431
8/21/2021,10:06,Saturday,EGLINTON STATION,EUYRD,4,8,N,YU,5391
8/21/2021,10:47,Saturday,LANSDOWNE STATION,SUDP,3,7,W,BD,5049
8/21/2021,11:27,Saturday,SUMMERHILL STATION,TUOS,0,0,N,YU,5686
8/21/2021,12:09,Saturday,EGLINTON STATION,TUOS,0,0,S,YU,5596
8/21/2021,12:22,Saturday,COXWELL STATION,MUIS,0,0,,BD,0
8/21/2021,13:37,Saturday,VAUGHAN MC STATION,MUNOA,4,8,S,YU,0
8/21/2021,14:18,Saturday,DUNDAS WEST STATION,MUIS,0,0,,BD,0
8/21/2021,15:18,Saturday,ISLINGTON STATION,SUO,0,0,W,BD,0
8/21/2021,15:44,Saturday,VAUGHAN MC STATION,MUNOA,4,8,S,YU,0
8/21/2021,17:29,Saturday,YORK MILLS STATION,SUDP,0,0,N,YU,6106
8/21/2021,17:57,Saturday,VAUGHAN MC STATION,MUNOA,4,8,S,YU,0
8/21/2021,18:44,Saturday,LANSDOWNE STATION,MUIS,0,0,,BD,0
8/21/2021,19:05,Saturday,VAUGHAN MC STATION,TUNIP,5,10,S,YU,5481
8/21/2021,19:33,Saturday,KENNEDY BD STATION,PUSTS,0,0,E,BD,5232
8/21/2021,19:46,Saturday,VICTORIA PARK STATION,TUO,4,11,W,BD,5164
8/21/2021,20:58,Saturday,ROSEDALE STATION,SUUT,0,0,N,YU,5526
8/21/2021,21:02,Saturday,SUMMERHILL STATION,MUPAA,0,0,N,YU,5526
8/21/2021,21:34,Saturday,BLOOR STATION,MUO,0,0,N,YU,6111
8/21/2021,22:00,Saturday,YONGE-UNIVERSITY AND B,MUO,0,0,,YU/BD,0
8/21/2021,23:00,Saturday,KING TO EGLINTON STATO,MUO,0,0,,YU,0
8/21/2021,01:47,Saturday,KING STATION,SUDP,15,0,N,YU,5686
8/22/2021,07:30,Sunday,RUNNYMEDE STATION,MUNCA,0,0,,BD,0
8/22/2021,10:01,Sunday,SCARBOROUGH RAPID TRAN,MRO,0,0,,SRT,0
8/22/2021,08:00,Sunday,YONGE-UNIVERSITY AND B,MUO,0,0,,YU,0
8/22/2021,08:20,Sunday,SHEPPARD STATION,TUMVS,4,9,S,YU,5576
8/22/2021,08:57,Sunday,ST GEORGE YUS STATION,MUTO,3,6,S,YU,5656
8/22/2021,09:09,Sunday,VAUGHAN MC STATION,PUOPO,6,12,S,YU,5676
8/22/2021,09:24,Sunday,PIONEER VILLAGE STATIO,PUOPO,5,9,S,YU,6066
8/22/2021,09:31,Sunday,YORK UNIVERSITY STATIO,PUOPO,4,8,S,YU,6066
8/22/2021,12:52,Sunday,DOWNSVIEW PARK STATION,PUOPO,0,0,S,YU,5466
8/22/2021,12:57,Sunday,DOWNSVIEW PARK STATION,PUOPO,6,11,N,YU,5446
8/22/2021,13:15,Sunday,DOWNSVIEW PARK STATION,PUOPO,0,0,N,YU,6081
8/22/2021,13:17,Sunday,DOWNSVIEW PARK STATION,PUOPO,0,0,N,YU,5806
8/22/2021,13:44,Sunday,SHEPPARD STATION,TUSC,0,0,N,YU,5571
8/22/2021,13:50,Sunday,LAWRENCE WEST STATION,MUIRS,0,0,,YU,0
8/22/2021,14:01,Sunday,VAUGHAN MC STATION,TUO,5,10,S,YU,5731
8/22/2021,15:23,Sunday,SHERBOURNE STATION,MUI,8,13,E,BD,5018
8/22/2021,15:39,Sunday,SHERBOURNE STATION,MUPAA,3,8,E,BD,5206
8/22/2021,15:54,Sunday,QUEEN STATION,PUMEL,0,0,S,YU,0
8/22/2021,16:00,Sunday,HIGHWAY 407 STATION,PUOPO,0,0,S,YU,5736
8/22/2021,16:27,Sunday,BROADVIEW STATION,MUPAA,4,9,W,BD,5100
8/22/2021,17:06,Sunday,NORTH YORK CTR STATION,MUNCA,0,0,,YU,0
8/22/2021,17:57,Sunday,NORTH YORK CTR STATION,MUPAA,3,8,S,YU,5576
8/22/2021,18:00,Sunday,HIGHWAY 407 STATION,PUOPO,4,9,S,YU,5491
8/22/2021,18:21,Sunday,YONGE BD STATION,MUPR1,124,128,W,BD,5228
8/22/2021,18:58,Sunday,BLOOR STATION,MUO,120,127,N,YU,5766
8/22/2021,19:16,Sunday,GLENCAIRN STATION,SUUT,0,0,S,YU,5441
8/22/2021,21:26,Sunday,MUSEUM STATION,MUPAA,4,11,N,YU,5996
8/22/2021,21:39,Sunday,HIGHWAY 407 STATION,PUOPO,3,10,S,YU,5491
8/22/2021,22:00,Sunday,YONGE-UNIVERSITY AND B,MUO,0,0,,YU/BD,0
8/22/2021,22:13,Sunday,HIGHWAY 407 STATION,PUOPO,3,10,S,YU,5991
8/22/2021,22:39,Sunday,SHEPPARD STATION,PUMEL,0,0,,YU,0
8/22/2021,22:44,Sunday,FINCH STATION,TUSUP,4,11,S,YU,6096
8/22/2021,23:28,Sunday,HIGHWAY 407 STATION,PUOPO,0,0,S,YU,5491
8/22/2021,23:34,Sunday,WILSON STATION,SUDP,0,0,S,YU,0
8/22/2021,00:00,Sunday,BLOOR STATION,EUDO,4,7,S,YU,5651
8/22/2021,01:15,Sunday,HIGHWAY 407 STATION,PUOPO,0,0,S,YU,5491
8/22/2021,01:20,Sunday,YORKDALE STATION,PUOPO,13,20,N,YU,5996
8/22/2021,01:28,Sunday,WILSON STATION,MUIS,0,0,,YU,0
8/22/2021,01:39,Sunday,ST GEORGE YUS STATION,TUSUP,9,16,S,YU,5811
8/22/2021,11:24,Sunday,DON MILLS STATION,TUMVS,0,0,E,SHP,6191
8/23/2021,05:40,Monday,PIONEER VILLAGE STATIO,MUATC,0,0,N,YU,5801
8/23/2021,09:21,Monday,SCARBOROUGH RAPID TRAN,MRWEA,0,0,,SRT,0
8/23/2021,06:01,Monday,FINCH STATION,EUAC,3,6,N,YU,6136
8/23/2021,23:00,Monday,SCARBOROUGH RAPID TRAN,MRO,0,0,B,SRT,0
8/23/2021,06:10,Monday,WILSON STATION,PUATC,0,0,S,YU,5801
8/23/2021,06:10,Monday,VAUGHAN MC STATION,EUDO,3,6,S,YU,5836
8/23/2021,06:14,Monday,DUFFERIN STATION,PUTD,4,9,E,BD,5170
8/23/2021,06:15,Monday,FINCH WEST STATION,PUATC,0,0,S,YU,6116
8/23/2021,06:18,Monday,VAUGHAN MC STATION,PUATC,0,0,N,YU,5476
8/23/2021,06:19,Monday,GLENCAIRN STATION,PUATC,0,0,N,YU,6096
8/23/2021,06:21,Monday,OLD MILL STATION,TUMVS,0,0,W,BD,5002
8/23/2021,06:24,Monday,ROSEDALE STATION,MUATC,7,10,S,YU,5561
8/23/2021,06:25,Monday,SHEPPARD WEST STATION,EUYRD,3,6,N,YU,5996
8/23/2021,06:30,Monday,FINCH STATION,TUSC,0,0,S,YU,5796
8/23/2021,06:35,Monday,WILSON STATION,PUATC,0,0,S,YU,5586
8/23/2021,06:39,Monday,EGLINTON WEST STATION,EUDO,0,0,S,YU,5836
8/23/2021,06:48,Monday,FINCH WEST STATION,PUATC,0,0,N,YU,6056
8/23/2021,07:02,Monday,DOWNSVIEW PARK STATION,MUATC,6,9,N,YU,6101
8/23/2021,07:05,Monday,ST CLAIR WEST STATION,PUATC,0,0,N,YU,5431
8/23/2021,07:08,Monday,GLENCAIRN STATION,PUATC,0,0,N,YU,6136
8/23/2021,07:12,Monday,SHEPPARD WEST STATION,PUATC,0,0,N,YU,5636
8/23/2021,07:14,Monday,ST GEORGE YUS STATION,PUATC,0,0,S,YU,5931
8/23/2021,07:16,Monday,PIONEER VILLAGE STATIO,MUATC,3,6,N,YU,6101
8/23/2021,07:26,Monday,DOWNSVIEW PARK STATION,PUATC,0,0,N,YU,5611
8/23/2021,07:31,Monday,YORK UNIVERSITY STATIO,PUATC,0,0,S,YU,6106
8/23/2021,07:45,Monday,HIGHWAY 407 STATION,PUATC,0,0,S,YU,5436
8/23/2021,07:50,Monday,YORKDALE STATION,PUATC,0,0,S,YU,5671
8/23/2021,07:54,Monday,DOWNSVIEW PARK STATION,MUATC,4,7,S,YU,5436
8/23/2021,07:57,Monday,ST GEORGE YUS STATION,PUATC,0,0,S,YU,5481
8/23/2021,08:05,Monday,YORKDALE STATION,PUATC,0,0,S,YU,5436
8/23/2021,08:07,Monday,FINCH WEST STATION,PUATC,0,0,S,YU,5596
8/23/2021,08:12,Monday,EGLINTON WEST STATION,PUATC,0,0,S,YU,5436
8/23/2021,08:12,Monday,YORK UNIVERSITY STATIO,PUATC,0,0,S,YU,5696
8/23/2021,08:18,Monday,YORKDALE STATION,PUATC,0,0,S,YU,5596
8/23/2021,08:19,Monday,DUPONT STATION,PUATC,0,0,S,YU,5616
8/23/2021,08:26,Monday,YORKDALE STATION,PUATC,0,0,S,YU,5696
8/23/2021,08:31,Monday,GLENCAIRN STATION,PUATC,0,0,N,YU,5476
8/23/2021,08:33,Monday,ST GEORGE YUS STATION,PUATC,3,6,N,YU,5816
8/23/2021,08:40,Monday,SHEPPARD WEST STATION,MUATC,0,0,N,YU,5476
8/23/2021,08:51,Monday,ROYAL YORK STATION,SUDP,10,14,E,BD,5082
8/23/2021,08:52,Monday,VAUGHAN MC STATION,PUATC,4,7,S,YU,5746
8/23/2021,10:09,Monday,CHRISTIE STATION,MUNCA,0,0,,BD,0
8/23/2021,10:19,Monday,ISLINGTON STATION,PUMEL,0,0,,BD,0
8/23/2021,10:53,Monday,WILSON STATION,PUMEL,0,0,,YU,0
8/23/2021,12:09,Monday,LAWRENCE STATION,SUDP,6,9,N,YU,5746
8/23/2021,12:29,Monday,SHEPPARD STATION,PUSTS,0,0,N,YU,5606
8/23/2021,12:40,Monday,KIPLING STATION,TUKEY,4,8,E,BD,5154
8/23/2021,13:21,Monday,KING STATION,SUO,8,11,S,YU,5711
8/23/2021,13:40,Monday,LAWRENCE STATION,EUSC,0,0,N,YU,6081
8/23/2021,13:48,Monday,CHESTER STATION,TUMVS,3,7,E,BD,5096
8/23/2021,13:57,Monday,KENNEDY BD STATION,SUO,4,8,E,BD,5002
8/23/2021,14:33,Monday,BLOOR STATION,SUDP,0,0,N,YU,5746
8/23/2021,14:50,Monday,SPADINA YUS STATION,MUPAA,4,7,S,YU,5766
8/23/2021,15:07,Monday,VAUGHAN MC STATION,MUCL,3,6,S,YU,5631
8/23/2021,15:38,Monday,WILSON STATION,MUIE,0,0,,YU,0
8/23/2021,15:49,Monday,WELLESLEY STATION,MUIS,0,0,,YU,0
8/23/2021,15:57,Monday,HIGH PARK STATION,SUAE,0,0,,BD,0
8/23/2021,17:01,Monday,WILSON STATION,MUPAA,0,0,S,YU,5471
8/23/2021,17:48,Monday,ISLINGTON STATION,MUNCA,0,0,,BD,0
8/23/2021,17:54,Monday,LAWRENCE STATION,MUSAN,3,6,S,YU,5646
8/23/2021,18:19,Monday,VAUGHAN MC STATION,MUTO,3,6,S,YU,5826
8/23/2021,18:23,Monday,WARDEN STATION,SUDP,4,8,W,BD,5153
8/23/2021,18:26,Monday,VICTORIA PARK STATION,MUPAA,0,0,E,BD,5021
8/23/2021,18:45,Monday,CASTLE FRANK STATION,SUAP,15,19,W,BD,5153
8/23/2021,20:44,Monday,SHERBOURNE STATION,SUAE,0,0,,BD,0
8/23/2021,21:53,Monday,ST GEORGE BD STATION,MUSC,0,0,W,BD,5277
8/23/2021,22:00,Monday,YONGE-UNIVERSITY AND B,MUO,0,0,,YU/BD,0
8/23/2021,00:43,Monday,FINCH STATION,SUDP,7,14,S,YU,5381
8/23/2021,00:57,Monday,SHEPPARD STATION,PUSTS,7,14,N,YU,5746
8/23/2021,20:41,Monday,LESLIE STATION,MUIS,0,0,,SHP,0
8/24/2021,02:08,Tuesday,FINCH STATION,MUIS,0,0,,YU,0
8/24/2021,10:05,Tuesday,SCARBOROUGH RAPID TRAN,MRWEA,0,0,,SRT,0
8/24/2021,05:35,Tuesday,KEELE STATION,MUIRS,0,0,,BD,0
8/24/2021,15:17,Tuesday,MIDLAND STATION,MRUIR,3,8,N,SRT,3013
8/24/2021,20:15,Tuesday,SCARBOROUGH CTR STATIO,SRDP,0,0,,SRT,0
8/24/2021,05:41,Tuesday,WILSON STATION,TUNIP,4,8,S,YU,5886
8/24/2021,05:57,Tuesday,KIPLING STATION,EUAC,5,10,E,BD,5357
8/24/2021,23:00,Tuesday,SCARBOROUGH RAPID TRAN,MRO,0,0,,SRT,0
8/24/2021,06:50,Tuesday,YORK MILLS STATION,TUSC,0,0,N,YU,5786
8/24/2021,07:12,Tuesday,UNION STATION,PUMEL,0,0,,YU,0
8/24/2021,07:59,Tuesday,KIPLING STATION,PUSCR,4,8,E,BD,5236
8/24/2021,08:47,Tuesday,EGLINTON STATION,MUIS,0,0,,YU,0
8/24/2021,08:54,Tuesday,EGLINTON STATION,MUPAA,0,0,S,YU,5711
8/24/2021,09:17,Tuesday,MAIN STREET STATION,SUDP,4,8,E,BD,5255
8/24/2021,09:43,Tuesday,HIGHWAY 407 STATION,MUATC,3,6,S,YU,5541
8/24/2021,11:04,Tuesday,KENNEDY BD STATION,EUBO,4,8,W,BD,5371
8/24/2021,11:21,Tuesday,KENNEDY BD STATION,PUMST,0,0,,BD,0
8/24/2021,13:21,Tuesday,PAPE STATION,PUSRA,4,8,E,BD,5236
8/24/2021,13:35,Tuesday,COXWELL STATION,SUDP,0,0,,BD,0
8/24/2021,13:45,Tuesday,JANE STATION,MUSC,0,0,E,BD,5106
8/24/2021,13:50,Tuesday,OLD MILL STATION,PUSTS,0,0,E,BD,5255
8/24/2021,13:58,Tuesday,KEELE STATION,TUO,4,8,E,BD,5255
8/24/2021,14:01,Tuesday,SPADINA BD STATION,SUPOL,0,0,W,BD,5035
8/24/2021,14:36,Tuesday,ISLINGTON STATION,MUI,5,9,W,BD,5105
8/24/2021,16:16,Tuesday,LAWRENCE STATION,MUSC,0,0,N,YU,5641
8/24/2021,16:26,Tuesday,SUMMERHILL STATION,PUMST,0,0,N,YU,5766
8/24/2021,16:36,Tuesday,KING STATION,SUUT,0,0,S,YU,5991
8/24/2021,16:55,Tuesday,MUSEUM STATION,SUDP,8,11,N,YU,5821
8/24/2021,17:12,Tuesday,BLOOR STATION,MUIS,0,0,S,YU,0
8/24/2021,17:49,Tuesday,WELLESLEY STATION,MUIS,0,0,S,YU,0
8/24/2021,17:52,Tuesday,DAVISVILLE STATION,SUUT,0,0,S,YU,5381
8/24/2021,18:26,Tuesday,KENNEDY BD STATION,PUTDN,7,11,E,BD,5206
8/24/2021,18:56,Tuesday,FINCH STATION,SUO,5,10,S,YU,5581
8/24/2021,20:19,Tuesday,SHEPPARD STATION,MUI,8,13,N,YU,5971
8/24/2021,20:49,Tuesday,ST CLAIR STATION,MUPAA,0,0,N,YU,5776
8/24/2021,22:00,Tuesday,YONGE-UNIVERSITY AND B,MUO,0,0,,YU/BD,0
8/24/2021,22:40,Tuesday,WILSON STATION,MUPAA,0,0,N,YU,5646
8/24/2021,00:53,Tuesday,ROSEDALE STATION,MUSC,0,0,N,YU,5726
8/24/2021,01:23,Tuesday,COLLEGE STATION,EUDO,5,12,S,YU,5781
8/24/2021,01:35,Tuesday,SPADINA YUS STATION,MUIS,0,0,S,YU,0
8/24/2021,01:38,Tuesday,DUPONT STATION,MUIS,0,0,,YU,0
8/24/2021,02:43,Tuesday,SHEPPARD-YONGE STATION,TUMVS,3,8,W,SHP,6186
8/24/2021,05:47,Tuesday,DON MILLS STATION,MUSC,0,0,W,SHP,6161
8/24/2021,09:13,Tuesday,SHEPPARD-YONGE STATION,TUO,9,15,E,SHP,6141
8/24/2021,09:33,Tuesday,DON MILLS STATION,PUEO,0,0,W,SHP,6161
8/24/2021,15:18,Tuesday,BAYVIEW STATION,PUOPO,0,0,E,SHP,6181
8/24/2021,18:26,Tuesday,DON MILLS STATION,PUSTS,3,8,E,SHP,6191
8/24/2021,19:59,Tuesday,SHEPPARD-YONGE STATION,TUSC,0,0,W,SHP,6186
8/25/2021,06:09,Wednesday,ELLESMERE STATION,ERDB,5,10,N,SRT,3019
8/25/2021,04:43,Wednesday,LAWRENCE WEST TO EGLIN,PUTWZ,0,0,,YU,0
8/25/2021,08:16,Wednesday,SCARBOROUGH RAPID TRAN,MRWEA,0,0,,SRT,0
8/25/2021,06:07,Wednesday,VAUGHAN MC STATION,MUATC,3,6,S,YU,5431
8/25/2021,07:41,Wednesday,WILSON STATION,MUATC,3,6,S,YU,5551
8/25/2021,08:15,Wednesday,YORK UNIVERSITY STATIO,SUDP,6,9,N,YU,5761
8/25/2021,08:17,Wednesday,NORTH YORK CTR STATION,SUAP,3,6,S,YU,5791
8/25/2021,09:41,Wednesday,MAIN STREET STATION,SUAP,0,0,,BD,0
8/25/2021,09:44,Wednesday,SHEPPARD STATION,SUSP,0,0,,YU,0
8/25/2021,10:23,Wednesday,MAIN STREET STATION,EUDO,3,7,E,BD,5217
8/25/2021,10:36,Wednesday,CHRISTIE STATION,SUDP,3,7,E,BD,5236
8/25/2021,11:08,Wednesday,DUNDAS WEST STATION,MUIS,0,0,,BD,0
8/25/2021,11:45,Wednesday,KIPLING STATION,EUCD,4,8,E,BD,5217
8/25/2021,11:51,Wednesday,KIPLING STATION,TUMVS,0,0,W,BD,5336
8/25/2021,13:41,Wednesday,LAWRENCE STATION,PUATC,0,0,N,YU,0
8/25/2021,13:54,Wednesday,LAWRENCE WEST STATION,EUBO,3,6,N,YU,5646
8/25/2021,15:15,Wednesday,WARDEN STATION,MUPAA,0,0,E,BD,5205
8/25/2021,15:28,Wednesday,MAIN STREET STATION,MUIS,0,0,,BD,0
8/25/2021,16:02,Wednesday,ST ANDREW STATION,MUPAA,3,6,N,YU,5496
8/25/2021,16:35,Wednesday,DAVISVILLE STATION,SUEAS,10,13,S,YU,5706
8/25/2021,16:59,Wednesday,EGLINTON STATION,MUDD,9,12,S,YU,5786
8/25/2021,17:14,Wednesday,PAPE STATION,MUIRS,0,0,,BD,0
8/25/2021,17:35,Wednesday,ROSEDALE STATION,MUIR,11,14,N,YU,6021
8/25/2021,17:49,Wednesday,BATHURST STATION,SUDP,0,0,W,BD,5102
8/25/2021,18:29,Wednesday,FINCH STATION,MUSC,0,0,N,YU,5881
8/25/2021,18:51,Wednesday,FINCH STATION,MUSC,0,0,S,YU,5846
8/25/2021,19:10,Wednesday,ISLINGTON STATION,MUIS,0,0,,BD,0
8/25/2021,19:55,Wednesday,GREENWOOD STATION,SUDP,4,11,E,BD,5239
8/25/2021,20:08,Wednesday,COXWELL STATION,SUPOL,11,18,E,BD,5239
8/25/2021,20:35,Wednesday,DAVISVILLE STATION,SUEAS,8,13,S,YU,5391
8/25/2021,20:39,Wednesday,SUMMERHILL STATION,MUPLC,0,0,S,YU,0
8/25/2021,21:53,Wednesday,ROYAL YORK STATION,PUMEL,0,0,,BD,0
8/25/2021,22:00,Wednesday,YONGE-UNIVERSITY AND B,MUO,0,0,,YU/BD,0
8/25/2021,22:27,Wednesday,VICTORIA PARK STATION,MUIS,0,0,,BD,0
8/25/2021,22:37,Wednesday,HIGHWAY 407 STATION,MUIS,0,0,N,YU,0
8/25/2021,22:54,Wednesday,ISLINGTON STATION,MUIRS,0,0,,BD,0
8/25/2021,23:00,Wednesday,BLOOR STATION,SUDP,0,0,S,YU,5496
8/25/2021,23:10,Wednesday,UNION STATION,MUTO,5,12,S,YU,5496
8/25/2021,23:48,Wednesday,FINCH STATION,SUDP,0,0,N,YU,0
8/25/2021,00:34,Wednesday,LAWRENCE STATION,EUSC,0,0,N,YU,5781
8/25/2021,00:59,Wednesday,FINCH STATION,MUIS,0,0,,YU,0
8/25/2021,01:16,Wednesday,BAY STATION,MUD,3,10,W,BD,5026
8/25/2021,05:43,Wednesday,DON MILLS STATION,MUSC,0,0,W,SHP,6146
8/25/2021,18:28,Wednesday,DON MILLS STATION,SUDP,0,0,,SHP,0
8/25/2021,19:30,Wednesday,BESSARION STATION,TUMVS,8,13,E,SHP,6141
8/26/2021,06:00,Thursday,TORONTO TRANSIT COMMIS,MRO,0,0,,SRT,0
8/26/2021,02:19,Thursday,WILSON STATION,MUIRS,0,0,,YU,0
8/26/2021,05:36,Thursday,KENNEDY BD STATION,MUPAA,0,0,E,BD,5355
8/26/2021,07:34,Thursday,KENNEDY SRT STATION,SRDP,0,0,E,SRT,3015
8/26/2021,05:55,Thursday,KEELE STATION,EUOE,3,7,W,BD,5236
8/26/2021,09:25,Thursday,SCARBOROUGH RAPID TRAN,MRWEA,0,0,,SRT,0
8/26/2021,14:32,Thursday,LAWRENCE EAST STATION,MRUI,0,0,,SRT,1340
8/26/2021,06:00,Thursday,TORONTO TRANSIT COMMIS,MUO,0,0,,YU/BD,0
8/26/2021,23:00,Thursday,SCARBOROUGH RAPID TRAN,MRO,0,0,,SRT,0
8/26/2021,06:16,Thursday,SHEPPARD WEST STATION,TUNIP,4,7,N,YU,5786
8/26/2021,06:49,Thursday,OSSINGTON STATION,SUDP,0,0,,BD,0
8/26/2021,06:54,Thursday,FINCH WEST STATION,PUMEL,0,0,,YU,0
8/26/2021,08:10,Thursday,YORK MILLS STATION,MUPAA,0,0,N,YU,5851
8/26/2021,08:15,Thursday,ROSEDALE STATION,MUATC,6,9,S,YU,5566
8/26/2021,09:15,Thursday,QUEEN STATION,SUUT,9,12,N,YU,6051
8/26/2021,09:25,Thursday,UNION STATION,EUTRD,3,6,N,YU,5731
8/26/2021,09:26,Thursday,DAVISVILLE STATION,MUPLC,0,0,,YU,0
8/26/2021,09:54,Thursday,COXWELL STATION,SUDP,8,12,E,BD,5206
8/26/2021,10:18,Thursday,KENNEDY BD STATION,EUAC,11,15,W,BD,5100
8/26/2021,10:34,Thursday,PAPE STATION,EUAC,4,8,E,BD,5291
8/26/2021,11:42,Thursday,KEELE STATION,MUIS,0,0,,BD,0
8/26/2021,12:02,Thursday,KIPLING STATION,MUIS,0,0,,BD,0
8/26/2021,12:21,Thursday,ROSEDALE STATION,MUSC,0,0,N,YU,5466
8/26/2021,13:00,Thursday,DUPONT STATION,SUDP,6,9,N,YU,6026
8/26/2021,13:13,Thursday,KENNEDY BD STATION,MUIRS,0,0,,BD,0
8/26/2021,13:46,Thursday,SHEPPARD WEST STATION,SUEAS,11,14,S,YU,5651
8/26/2021,14:09,Thursday,KENNEDY BD STATION,MUDD,4,8,W,BD,5332
8/26/2021,14:38,Thursday,VICTORIA PARK STATION,EUAL,4,8,W,BD,5178
8/26/2021,15:36,Thursday,FINCH STATION,MUIS,0,0,,YU,0
8/26/2021,15:54,Thursday,KEELE STATION,MUSC,0,0,W,BD,5154
8/26/2021,16:07,Thursday,ROSEDALE STATION,SUDP,6,9,S,YU,6121
8/26/2021,16:30,Thursday,ISLINGTON STATION,EUSC,0,0,W,BD,5332
8/26/2021,17:29,Thursday,MAIN STREET STATION,MUSC,0,0,W,BD,5355
8/26/2021,17:40,Thursday,DUNDAS WEST STATION,SUAP,0,0,,BD,0
8/26/2021,18:12,Thursday,COLLEGE STATION,MUNCA,0,0,,YU,0
8/26/2021,18:46,Thursday,YORK MILLS STATION,TUSC,0,0,S,YU,5786
8/26/2021,21:38,Thursday,YONGE BD STATION,SUDP,6,13,W,BD,5117
8/26/2021,21:54,Thursday,EGLINTON STATION,SUDP,3,10,S,YU,6101
8/26/2021,21:58,Thursday,SPADINA YUS STATION,MUPAA,4,11,S,YU,5586
8/26/2021,22:00,Thursday,YONGE-UNIVERSITY AND B,MUO,0,0,,YU/BD,0
8/26/2021,23:36,Thursday,FINCH STATION,SUAP,24,31,S,YU,5761
8/26/2021,23:42,Thursday,FINCH WEST STATION,MUIRS,0,0,S,YU,5586
8/26/2021,01:22,Thursday,DUPONT STATION,MUSAN,7,14,S,YU,6126
8/26/2021,06:00,Thursday,TORONTO TRANSIT COMMIS,MUO,0,0,,SHP,0
8/26/2021,16:53,Thursday,BAYVIEW STATION,TUMVS,0,0,E,SHP,6176
8/27/2021,05:33,Friday,MAIN STREET STATION,MUNCA,0,0,,BD,0
8/27/2021,06:00,Friday,TORONTO TRANSIT COMMIS,MRO,0,0,,SRT,0
8/27/2021,05:56,Friday,BROADVIEW STATION,MUIR,3,8,W,BD,5117
8/27/2021,13:20,Friday,SCARBOROUGH RAPID TRAN,MRWEA,0,0,,SRT,0
8/27/2021,14:00,Friday,LAWRENCE EAST STATION,MRTO,7,13,W,SRT,3003
8/27/2021,06:00,Friday,TORONTO TRANSIT COMMIS,MUO,0,0,,YU & BD LINES,0
8/27/2021,06:07,Friday,BLOOR STATION,PUTO,5,8,S,YU,5391
8/27/2021,06:10,Friday,ROSEDALE STATION,MUATC,8,11,S,YU,5566
8/27/2021,08:02,Friday,FINCH STATION,MUSC,0,0,S,YU,5721
8/27/2021,09:08,Friday,ST CLAIR WEST STATION,SUAE,0,0,S,YU,5826
8/27/2021,10:25,Friday,OSSINGTON STATION,MUIS,0,0,,BD,0
8/27/2021,10:41,Friday,BLOOR STATION,MUIRS,0,0,N,YU,0
8/27/2021,10:52,Friday,DOWNSVIEW PARK STATION,MUPAA,0,0,N,YU,5741
8/27/2021,11:03,Friday,PIONEER VILLAGE STATIO,MUPAA,0,0,N,YU,5741
8/27/2021,11:13,Friday,SHEPPARD WEST STATION,MUPAA,0,0,N,YU,5886
8/27/2021,11:19,Friday,KEELE STATION,MUTO,3,7,E,BD,5067
8/27/2021,11:29,Friday,DAVISVILLE STATION,PUSO,5,8,S,YU,5991
8/27/2021,12:07,Friday,KING STATION,MUPAA,0,0,S,YU,5656
8/27/2021,12:12,Friday,NORTH YORK CTR STATION,SUDP,0,0,S,YU,0
8/27/2021,13:00,Friday,BAY STATION,PUMEL,0,0,,BD,0
8/27/2021,13:17,Friday,KEELE STATION,MUIS,0,0,,BD,0
8/27/2021,13:24,Friday,YORK MILLS STATION,TUSC,0,0,S,YU,5596
8/27/2021,13:43,Friday,CASTLE FRANK STATION,MUIR,7,11,E,BD,5030
8/27/2021,14:09,Friday,COLLEGE STATION,MUIRS,0,0,,YU,0
8/27/2021,14:10,Friday,YORK MILLS STATION,TUSC,0,0,S,YU,5461
8/27/2021,14:18,Friday,KENNEDY BD STATION,PUSTS,4,8,W,BD,5202
8/27/2021,15:44,Friday,WOODBINE STATION,PUMST,0,0,,BD,0
8/27/2021,15:45,Friday,ROYAL YORK STATION,MUPAA,0,0,E,BD,5001
8/27/2021,17:43,Friday,KIPLING STATION,SUDP,0,0,E,BD,5293
8/27/2021,19:20,Friday,QUEEN STATION,MUPAA,0,0,N,YU,5451
8/27/2021,21:28,Friday,CHRISTIE STATION,SUDP,10,17,W,BD,5084
8/27/2021,22:00,Friday,YONGE-UNIVERSITY AND B,MUO,0,0,,YU/BD,0
8/27/2021,06:00,Friday,TORONTO TRANSIT COMMIS,MUO,0,0,,SHP,0
8/28/2021,04:40,Saturday,DOWNSVIEW PARK STATION,MUNCA,0,0,,YU,0
8/28/2021,13:20,Saturday,SCARBOROUGH RAPID TRAN,MRWEA,0,0,,SRT,0
8/28/2021,05:45,Saturday,KEELE STATION,TUO,3,0,W,BD,5026
8/28/2021,06:00,Saturday,YONGE BD STATION,TUO,3,9,W,BD,5084
8/28/2021,06:00,Saturday,YONGE-UNIVERSITY AND B,MUO,0,0,,YU,0
8/28/2021,06:40,Saturday,DONLANDS STATION,TUNIP,12,0,W,BD,5117
8/28/2021,07:23,Saturday,KEELE STATION,MUIRS,0,0,,BD,0
8/28/2021,07:41,Saturday,ISLINGTON STATION,EUDO,6,11,W,BD,5026
8/28/2021,08:03,Saturday,BLOOR STATION,MUPR1,0,0,N,YU,5546
8/28/2021,08:06,Saturday,ST CLAIR STATION,MUO,6,12,N,YU,5546
8/28/2021,08:14,Saturday,YORKDALE STATION,MUIS,0,0,N,YU,0
8/28/2021,12:49,Saturday,VICTORIA PARK STATION,SUO,0,0,W,BD,5293
8/28/2021,12:58,Saturday,DONLANDS STATION,SUO,14,18,W,BD,5293
8/28/2021,14:08,Saturday,ST CLAIR STATION,MUIS,0,0,,YU,0
8/28/2021,15:04,Saturday,SPADINA BD STATION,SUDP,9,13,W,BD,5165
8/28/2021,15:17,Saturday,ST GEORGE BD STATION,MUIS,0,0,,BD,0
8/28/2021,15:41,Saturday,EGLINTON STATION,MUIS,0,0,,YU,0
8/28/2021,15:49,Saturday,SHEPPARD WEST STATION,SUEAS,10,15,N,YU,5771
8/28/2021,15:52,Saturday,MAIN STREET STATION,MUSAN,0,0,E,BD,5335
8/28/2021,16:38,Saturday,DUNDAS WEST STATION,TUMVS,0,0,W,BD,5175
8/28/2021,18:07,Saturday,OSSINGTON STATION,EUDO,4,9,E,BD,5247
8/28/2021,18:32,Saturday,BATHURST STATION,MUIS,0,0,,BD,0
8/28/2021,18:43,Saturday,KENNEDY BD STATION,EUCD,5,10,E,BD,5369
8/28/2021,19:55,Saturday,ISLINGTON STATION,MUI,17,24,E,BD,5220
8/28/2021,20:47,Saturday,WILSON STATION,MUTO,3,10,N,YU,5711
8/28/2021,22:00,Saturday,YONGE-UNIVERSITY AND B,MUO,0,0,,YU/BD,0
8/28/2021,22:00,Saturday,YONGE-UNIVERSITY AND B,MUO,0,0,,YU/BD,0
8/28/2021,22:00,Saturday,SPADINA BD STATION,MUIR,0,0,E,BD,5241
8/28/2021,22:23,Saturday,COLLEGE STATION,SUUT,17,24,N,YU,5476
8/28/2021,23:55,Saturday,ST CLAIR STATION,MUI,7,14,N,YU,5711
8/28/2021,00:40,Saturday,KENNEDY BD STATION,MUSAN,5,12,W,BD,5099
8/28/2021,01:34,Saturday,FINCH WEST STATION,MUPAA,0,0,N,YU,6066
8/29/2021,02:35,Sunday,KENNEDY BD STATION,SUAP,0,0,,BD,0
8/29/2021,08:09,Sunday,KENNEDY SRT STATION,ERPR,6,0,N,SRT,3005
8/29/2021,02:44,Sunday,KENNEDY BD STATION,SUAE,0,0,,BD,0
8/29/2021,09:22,Sunday,SCARBOROUGH RAPID TRAN,MRWEA,0,0,,SRT,0
8/29/2021,07:40,Sunday,BATHURST STATION,MUNCA,0,0,,BD,0
8/29/2021,15:12,Sunday,SCARBOROUGH CTR STATIO,MRPAA,0,0,N,SRT,3017
8/29/2021,07:55,Sunday,CHRISTIE STATION,MUNCA,0,0,,BD,0
8/29/2021,08:00,Sunday,YONGE-UNIVERSITY AND B,MUO,0,0,,YU,0
8/29/2021,08:04,Sunday,FINCH WEST STATION,SUO,0,0,S,YU,3620
8/29/2021,08:16,Sunday,FINCH WEST STATION,PUOPO,6,12,N,YU,5676
8/29/2021,08:43,Sunday,DUPONT STATION,PUOPO,6,12,N,YU,5736
8/29/2021,08:46,Sunday,ST GEORGE YUS STATION,PUOPO,7,13,N,YU,5816
8/29/2021,09:01,Sunday,DUPONT STATION,PUOPO,6,12,N,YU,5816
8/29/2021,09:17,Sunday,VICTORIA PARK STATION,MUIS,0,0,,BD,0
8/29/2021,09:57,Sunday,ST CLAIR STATION,MUIS,0,0,,YU,0
8/29/2021,10:10,Sunday,DUNDAS WEST STATION,MUIR,19,24,E,BD,5076
8/29/2021,10:22,Sunday,HIGHWAY 407 STATION,PUOPO,0,0,S,YU,5701
8/29/2021,12:36,Sunday,DUPONT STATION,PUOPO,6,12,N,YU,5766
8/29/2021,13:00,Sunday,ST CLAIR STATION,MUIRS,0,0,,YU,0
8/29/2021,13:11,Sunday,YORK UNIVERSITY STATIO,PUOPO,0,0,N,YU,5606
8/29/2021,14:09,Sunday,ROSEDALE STATION,MUPAA,0,0,N,YU,5601
8/29/2021,14:18,Sunday,PIONEER VILLAGE STATIO,PUOPO,3,9,N,YU,5651
8/29/2021,14:26,Sunday,BATHURST STATION,MUIS,0,0,,BD,0
8/29/2021,14:58,Sunday,LAWRENCE STATION,MUPAA,0,0,N,YU,5681
8/29/2021,15:36,Sunday,BLOOR STATION,MUIRS,0,0,N,YU,0
8/29/2021,15:38,Sunday,ST GEORGE YUS STATION,PUOPO,6,12,N,YU,5921
8/29/2021,15:41,Sunday,BATHURST STATION,SUDP,3,8,W,BD,5081
8/29/2021,15:49,Sunday,YORKDALE STATION,SUPOL,0,0,,,0
8/29/2021,16:13,Sunday,YORK MILLS STATION,MUO,0,0,,,0
8/29/2021,16:26,Sunday,YORK UNIVERSITY STATIO,PUOPO,6,12,S,YU,5701
8/29/2021,16:29,Sunday,VAUGHAN MC STATION,PUOPO,6,12,S,YU,5636
8/29/2021,16:58,Sunday,DUNDAS STATION,MUI,5,11,S,YU,5491
8/29/2021,16:58,Sunday,DOWNSVIEW PARK STATION,PUOPO,0,0,S,YU,6056
8/29/2021,17:04,Sunday,QUEEN STATION,MUSAN,3,9,S,YU,5491
8/29/2021,17:25,Sunday,CASTLE FRANK STATION,MUPAA,0,0,E,BD,5247
8/29/2021,17:57,Sunday,WELLESLEY STATION,MUPAA,0,0,S,YU,6051
8/29/2021,18:11,Sunday,DUNDAS WEST STATION,SUAP,19,24,E,BD,5001
8/29/2021,18:53,Sunday,SPADINA YUS STATION,PUOPO,14,19,N,YU,5576
8/29/2021,18:54,Sunday,HIGHWAY 407 STATION,PUOPO,4,9,S,YU,6056
8/29/2021,18:59,Sunday,HIGHWAY 407 STATION,PUOPO,8,13,S,YU,5906
8/29/2021,19:12,Sunday,QUEEN'S PARK STATION,MUPAA,0,0,N,YU,5466
8/29/2021,19:15,Sunday,ST CLAIR WEST STATION,PUOPO,6,12,W,YU,5576
8/29/2021,19:52,Sunday,LANSDOWNE STATION,MUIRS,0,0,E,BD,0
8/29/2021,22:00,Sunday,YONGE-UNIVERSITY AND B,MUO,0,0,,YU/BD,0
8/29/2021,22:05,Sunday,COLLEGE STATION,SUDP,0,0,S,YU,5281
8/29/2021,22:32,Sunday,HIGHWAY 407 STATION,PUOPO,0,0,S,YU,5866
8/29/2021,23:46,Sunday,ST GEORGE YUS STATION,MUNOA,8,15,S,YU,5906
8/29/2021,00:53,Sunday,WARDEN STATION,MUIS,0,0,,BD,0
8/29/2021,14:17,Sunday,LESLIE STATION,MUNCA,0,0,,SHP,0
8/30/2021,10:26,Monday,SCARBOROUGH RAPID TRAN,MRWEA,0,0,,SRT,0
8/30/2021,05:27,Monday,WELLESLEY STATION,MUIRS,0,0,,YU,0
8/30/2021,05:58,Monday,KEELE STATION,EUNT,5,10,E,BD,5022
8/30/2021,13:44,Monday,LAWRENCE EAST STATION,MRPAA,0,0,N,SRT,3017
8/30/2021,06:20,Monday,SHEPPARD WEST STATION,TUNIP,3,7,N,YU,5791
8/30/2021,07:00,Monday,KIPLING STATION,EUBO,4,8,E,BD,5345
8/30/2021,07:12,Monday,FINCH STATION,MUSC,3,6,S,YU,5436
8/30/2021,07:14,Monday,BROADVIEW STATION,MUPLB,48,51,W,BD,5118
8/30/2021,08:30,Monday,WARDEN STATION,SUO,0,0,,BD,0
8/30/2021,08:34,Monday,KIPLING STATION,TUO,4,8,E,BD,5118
8/30/2021,08:41,Monday,ISLINGTON STATION,MUIRS,0,0,,BD,0
8/30/2021,09:32,Monday,SPADINA BD STATION,MUIRS,0,0,E,BD,0
8/30/2021,10:15,Monday,ROSEDALE STATION,MUSAN,3,6,S,YU,5781
8/30/2021,10:59,Monday,DONLANDS STATION,MUO,4,8,E,BD,5172
8/30/2021,11:19,Monday,EGLINTON WEST STATION,SUDP,4,7,N,YU,5476
8/30/2021,11:59,Monday,BLOOR STATION,MUIS,0,0,S,YU,0
8/30/2021,11:59,Monday,WELLESLEY STATION,MUIR,0,0,N,YU,5491
8/30/2021,12:57,Monday,KIPLING STATION,MUIE,0,0,,BD,0
8/30/2021,12:57,Monday,COXWELL STATION,SUDP,4,8,W,BD,5129
8/30/2021,13:31,Monday,WILSON DIVISION,MUIE,0,0,,YU,0
8/30/2021,13:32,Monday,CHRISTIE STATION,SUDP,7,11,W,BD,5356
8/30/2021,13:41,Monday,WILSON STATION,MUIRS,0,0,,YU,0
8/30/2021,14:11,Monday,EGLINTON STATION,TUMVS,3,6,S,YU,5861
8/30/2021,14:14,Monday,KIPLING STATION,MUO,4,8,,BD,5289
8/30/2021,14:54,Monday,SUMMERHILL STATION,EUSC,0,0,S,YU,5426
8/30/2021,14:59,Monday,KIPLING STATION,MUIRS,0,0,,BD,0
8/30/2021,16:06,Monday,ISLINGTON STATION,MUPR1,7,11,W,BD,5289
8/30/2021,16:20,Monday,YONGE BD STATION,PUMEL,0,0,,BD,0
8/30/2021,16:32,Monday,RUNNYMEDE STATION,PUMEL,0,0,,BD,0
8/30/2021,17:04,Monday,ROSEDALE STATION,MUNCA,0,0,,YU,0
8/30/2021,17:08,Monday,HIGHWAY 407 STATION,MUIR,7,10,S,YU,5591
8/30/2021,18:01,Monday,BROADVIEW STATION,MUNCA,0,0,,BD,0
8/30/2021,19:10,Monday,ST PATRICK STATION,MUIS,0,0,S,YU,0
8/30/2021,19:47,Monday,SHEPPARD STATION,SUUT,9,14,S,YU,6081
8/30/2021,20:25,Monday,CHESTER STATION,MUPAA,0,0,E,BD,5220
8/30/2021,20:39,Monday,GLENCAIRN STATION,MUIR,15,22,S,YU,5826
8/30/2021,21:03,Monday,SHEPPARD STATION,EUSC,0,0,N,YU,5396
8/30/2021,22:00,Monday,YONGE-UNIVERSITY AND B,MUO,0,0,,YU/BD,0
8/30/2021,22:21,Monday,SUMMERHILL STATION,PUTO,3,10,S,YU,5461
8/30/2021,22:29,Monday,DONLANDS STATION,SUDP,0,0,W,BD,5049
8/30/2021,22:38,Monday,OSSINGTON STATION,EUBK,7,14,W,BD,5007
8/30/2021,23:00,Monday,KING TO ST GEORGE STAT,MUO,0,0,B,YU,0
8/30/2021,23:23,Monday,BLOOR STATION,MUATC,0,0,N,YU,5406
8/30/2021,23:51,Monday,ST PATRICK STATION,SUO,0,0,,YU,0
8/30/2021,23:56,Monday,BROADVIEW STATION,PUMEL,0,0,,BD,0
8/30/2021,00:34,Monday,ROSEDALE STATION,EUATC,4,11,S,YU,5551
8/30/2021,00:43,Monday,BLOOR STATION,MUATC,4,11,S,YU,5551
8/30/2021,01:10,Monday,VICTORIA PARK STATION,PUMEL,0,0,,BD,0
8/30/2021,01:11,Monday,ROSEDALE STATION,MUATC,6,13,S,YU,5576
8/30/2021,01:20,Monday,DUNDAS WEST STATION,MUIRS,0,0,,BD,0
8/30/2021,01:33,Monday,QUEEN STATION,MUATC,4,11,N,YU,5571
8/30/2021,05:22,Monday,SHEPPARD-YONGE STATION,MUSC,0,0,E,SHP,6191
8/30/2021,08:09,Monday,BESSARION STATION,EUBK,5,10,E,SHP,6141
8/30/2021,11:51,Monday,SHEPPARD-YONGE STATION,MUSC,0,0,E,SHP,6176
8/30/2021,15:13,Monday,DON MILLS STATION,MUIS,0,0,,SHP,0
8/30/2021,17:24,Monday,LESLIE STATION,TUMVS,5,10,E,SHP,6176
8/31/2021,09:29,Tuesday,KENNEDY SRT STATION,SRUT,10,16,N,SRT,3025
8/31/2021,05:34,Tuesday,ROSEDALE STATION,TUSC,0,0,N,YU,5671
8/31/2021,05:36,Tuesday,SUMMERHILL STATION,EUSC,0,0,N,YU,5671
8/31/2021,05:41,Tuesday,LAWRENCE STATION,SUG,4,8,N,YU,6116
8/31/2021,06:09,Tuesday,LAWRENCE STATION,EUPI,6,10,N,YU,5671
8/31/2021,06:50,Tuesday,KENNEDY BD STATION,MUPAA,0,0,W,BD,5005
8/31/2021,07:11,Tuesday,FINCH STATION,TUSC,5,9,S,YU,5726
8/31/2021,09:10,Tuesday,ROSEDALE STATION,MUSC,0,0,N,YU,5466
8/31/2021,10:50,Tuesday,SPADINA BD STATION,SUDP,5,9,E,BD,5358
8/31/2021,11:10,Tuesday,VAUGHAN MC STATION,MUIR,3,6,S,YU,6056
8/31/2021,11:21,Tuesday,FINCH STATION,MUSAN,3,6,S,YU,5946
8/31/2021,11:58,Tuesday,KIPLING STATION,SUO,0,0,,BD,0
8/31/2021,12:22,Tuesday,KIPLING STATION,MUTO,3,7,E,BD,5134
8/31/2021,12:49,Tuesday,WARDEN STATION,MUIR,3,7,E,BD,5346
8/31/2021,13:08,Tuesday,LAWRENCE STATION,MUPAA,0,0,S,YU,5851
8/31/2021,13:17,Tuesday,WARDEN STATION,SUO,0,0,,BD,0
8/31/2021,13:37,Tuesday,FINCH STATION,MUSAN,3,6,S,YU,5791
8/31/2021,13:49,Tuesday,ROYAL YORK STATION,PUMEL,0,0,,BD,0
8/31/2021,14:00,Tuesday,BROADVIEW STATION,TUCC,3,7,E,BD,5294
8/31/2021,14:04,Tuesday,QUEEN STATION,SUUT,0,0,S,YU,6092
8/31/2021,15:11,Tuesday,YONGE BD STATION,SUSA,0,0,,BD,0
8/31/2021,15:38,Tuesday,KENNEDY BD STATION,MUIRS,0,0,,BD,0
8/31/2021,15:41,Tuesday,SUMMERHILL STATION,SUDP,0,0,N,YU,5591
8/31/2021,15:59,Tuesday,DAVISVILLE STATION,TUCC,11,14,S,YU,5956
8/31/2021,16:13,Tuesday,QUEEN STATION,SUUT,0,0,N,YU,5626
8/31/2021,16:35,Tuesday,WARDEN STATION,SUDP,0,0,E,BD,5088
8/31/2021,18:09,Tuesday,COLLEGE STATION,EUDO,0,0,N,YU,5471
8/31/2021,18:29,Tuesday,EGLINTON STATION,SUDP,3,6,N,YU,6081
8/31/2021,19:55,Tuesday,EGLINTON STATION,EUDO,0,0,S,YU,5811
8/31/2021,20:37,Tuesday,EGLINTON WEST STATION,MUPAA,3,10,N,YU,5811
8/31/2021,20:58,Tuesday,SHEPPARD STATION,SUO,3,10,S,YU,5896
8/31/2021,21:13,Tuesday,SPADINA BD STATION,MUIS,0,0,,BD,0
8/31/2021,21:17,Tuesday,DUNDAS STATION,SUO,11,18,N,YU,5776
8/31/2021,22:00,Tuesday,YONGE-UNIVERSITY AND B,MUO,0,0,,YU/BD,0
8/31/2021,23:00,Tuesday,KING TO ST GEORGE STAT,MUO,0,0,B,YU,0
8/31/2021,23:32,Tuesday,DUNDAS WEST STATION,MUIS,0,0,,BD,0
8/31/2021,00:55,Tuesday,BATHURST STATION,PUMEL,0,0,,BD,0
8/31/2021,05:38,Tuesday,BAYVIEW STATION,TUO,5,10,E,SHP,6191
8/31/2021,05:38,Tuesday,LESLIE STATION,TUO,7,0,E,SHP,6176
8/31/2021,07:30,Tuesday,LESLIE STATION,EUBK,5,10,W,SHP,6171
8/31/2021,09:40,Tuesday,LESLIE STATION,EUBK,5,10,W,SHP,6191
8/31/2021,19:30,Tuesday,DON MILLS STATION,PUMEL,0,0,,SHP,0
