Date,Time,Day,Station,Code,Min Delay,Min Gap,Bound,Line,Vehicle
8/1/2019,00:05,Thursday,YONGE UNIVERSITY LINE,MUGD,0,0,,YU,0
8/1/2019,00:06,Thursday,NORTH YORK CTR STATION,EUSC,0,0,S,YU,5841
8/1/2019,01:30,Thursday,DUFFERIN STATION,SUO,0,0,,BD,0
8/1/2019,01:34,Thursday,VAUGHAN MC STATION,SUDP,0,0,,YU,0
8/1/2019,01:42,Thursday,BLOOR STATION,MUIRS,0,0,S,YU,0
8/1/2019,01:43,Thursday,ST PATRICK STATION,MUSC,0,0,S,YU,5831
8/1/2019,01:48,Thursday,UNION STATION,MUTO,5,10,N,YU,5721
8/1/2019,05:36,Thursday,FINCH STATION,TUSC,0,0,S,YU,5551
8/1/2019,05:53,Thursday,SHEPPARD WEST STATION,MUATC,5,15,N,YU,5546
8/1/2019,05:55,Thursday,FINCH STATION,MUCL,0,0,S,YU,6136
8/1/2019,06:18,Thursday,FINCH STATION,MUSC,0,0,S,YU,6126
8/1/2019,06:37,Thursday,COXWELL STATION,MUSC,0,0,E,BD,5211
8/1/2019,06:44,Thursday,WOODBINE STATION,PUEO,0,0,,BD,0
8/1/2019,07:15,Thursday,ISLINGTON STATION,MUSC,0,0,E,BD,5148
8/1/2019,07:22,Thursday,SHEPPARD-YONGE STATION,SUEAS,8,12,E,SHP,6146
8/1/2019,07:47,Thursday,ST PATRICK STATION,MUSC,4,6,S,YU,5651
8/1/2019,07:51,Thursday,KENNEDY BD STATION,MUPAA,3,5,W,BD,5098
8/1/2019,07:59,Thursday,SHEPPARD STATION,TUSC,0,0,N,YU,5681
8/1/2019,08:04,Thursday,KIPLING STATION,MUSC,0,0,E,BD,5147
8/1/2019,08:34,Thursday,DON MILLS STATION,MUIRS,0,0,,SHP,0
8/1/2019,08:36,Thursday,DUNDAS WEST STATION,PUMO,0,0,,BD,0
8/1/2019,08:49,Thursday,BLOOR STATION,MUPAA,0,0,S,YU,5811
8/1/2019,08:50,Thursday,ST ANDREW STATION,PUMEL,0,0,,YU,0
8/1/2019,09:16,Thursday,FINCH STATION,MUTO,0,0,S,YU,6126
8/1/2019,09:35,Thursday,ST PATRICK STATION,MUSC,3,5,S,YU,5831
8/1/2019,09:51,Thursday,ST CLAIR STATION,MUSC,0,0,S,YU,6066
8/1/2019,09:54,Thursday,BLOOR STATION,MUIS,0,0,N,YU,0
8/1/2019,10:57,Thursday,FINCH STATION,TUSC,0,0,N,YU,5906
8/1/2019,11:18,Thursday,EGLINTON WEST STATION,MUIS,0,0,N,YU,0
8/1/2019,11:37,Thursday,CASTLE FRANK STATION,MUPAA,0,0,W,BD,5065
8/1/2019,11:56,Thursday,BAY STATION,SUDP,3,6,W,BD,5024
8/1/2019,12:12,Thursday,BLOOR STATION,SUUT,15,18,S,YU,6126
8/1/2019,13:25,Thursday,BATHURST STATION,MUI,9,12,W,BD,5021
8/1/2019,13:31,Thursday,FINCH STATION,TUO,0,0,S,YU,5746
8/1/2019,13:32,Thursday,YORK UNIVERSITY STATIO,MUIS,0,0,,YU,0
8/1/2019,13:49,Thursday,SUMMERHILL STATION,TUSC,0,0,N,YU,6131
8/1/2019,14:33,Thursday,OSSINGTON STATION,PUMEL,0,0,,BD,0
8/1/2019,15:14,Thursday,KIPLING STATION,TUMVS,0,0,W,BD,5365
8/1/2019,15:36,Thursday,KENNEDY BD STATION,MUSC,0,0,W,BD,5336
8/1/2019,15:42,Thursday,ST CLAIR STATION,MUI,31,33,N,YU,5816
8/1/2019,15:52,Thursday,OSGOODE STATION,MUPR1,102,106,S,YU,5901
8/1/2019,16:09,Thursday,QUEEN'S PARK STATION,MUIS,0,0,N,YU,0
8/1/2019,16:26,Thursday,HIGHWAY 407 STATION,PUMEL,0,0,,YU,0
8/1/2019,16:27,Thursday,HIGHWAY 407 STATION,MUPAA,0,0,N,YU,5776
8/1/2019,16:28,Thursday,WELLESLEY STATION,MUPAA,0,0,N,YU,5856
8/1/2019,16:33,Thursday,DONLANDS STATION,MUIS,0,0,,BD,0
8/1/2019,16:47,Thursday,JANE STATION,TUSC,0,0,W,BD,5267
8/1/2019,16:49,Thursday,EGLINTON STATION,MUPAA,0,0,S,YU,5811
8/1/2019,16:49,Thursday,WOODBINE STATION,MUSC,0,0,E,BD,5110
8/1/2019,16:52,Thursday,BESSARION STATION,MUPAA,0,0,E,SHP,6156
8/1/2019,17:22,Thursday,ST CLAIR WEST STATION,EUDO,4,7,N,YU,5876
8/1/2019,17:33,Thursday,JANE STATION,PUMEL,0,0,,BD,0
8/1/2019,17:37,Thursday,OSSINGTON STATION,MUIRS,0,0,S,BD,8147
8/1/2019,17:46,Thursday,EGLINTON STATION,MUPAA,0,0,N,YU,5751
8/1/2019,17:52,Thursday,YORK MILLS STATION,TUSC,0,0,S,YU,5696
8/1/2019,17:57,Thursday,LAWRENCE STATION,SUSA,10,12,S,YU,5696
8/1/2019,17:59,Thursday,QUEEN STATION,EUSC,0,0,N,YU,6131
8/1/2019,18:12,Thursday,FINCH STATION,MUIS,0,0,,YU,0
8/1/2019,18:26,Thursday,SHEPPARD STATION,MUNCA,0,0,,YU,0
8/1/2019,19:15,Thursday,JANE STATION,MUIS,0,0,,BD,0
8/1/2019,19:18,Thursday,KEELE STATION,EUNT,3,6,W,BD,5098
8/1/2019,20:20,Thursday,WOODBINE STATION,MUSC,0,0,E,BD,5217
8/1/2019,20:27,Thursday,ROYAL YORK STATION,SUDP,0,0,W,BD,5365
8/1/2019,20:51,Thursday,YORKDALE STATION,MUIS,0,0,,YU,0
8/1/2019,20:54,Thursday,SHEPPARD-YONGE STATION,TUSC,0,0,E,SHP,6156
8/1/2019,20:59,Thursday,DUFFERIN STATION,MUPAA,0,0,E,BD,5242
8/1/2019,22:00,Thursday,YUS/BD/SHEPPARD SUBWAY,MUO,0,0,,YU / BD,0
8/1/2019,22:06,Thursday,EGLINTON STATION,EUSC,0,0,S,YU,6081
8/1/2019,22:06,Thursday,WOODBINE STATION,MUSC,0,0,E,BD,5217
8/1/2019,23:26,Thursday,OLD MILL STATION,MUIS,0,0,,BD,0
8/1/2019,23:39,Thursday,FINCH STATION,MUTO,4,9,,YU,5801
8/1/2019,23:51,Thursday,FINCH STATION,PUSNT,0,0,N,YU,5966
8/2/2019,05:38,Friday,ST PATRICK STATION,MUSC,0,0,S,YU,5981
8/2/2019,06:09,Friday,GREENWOOD YARD,MUSC,0,0,W,BD,5182
8/2/2019,07:11,Friday,PAPE STATION,PUMEL,0,0,,BD,0
8/2/2019,07:30,Friday,ST CLAIR WEST STATION,MUI,5,7,S,YU,5861
8/2/2019,07:50,Friday,DUPONT STATION,MUATC,6,8,N,YU,6041
8/2/2019,08:35,Friday,COLLEGE STATION,EUSC,0,0,N,YU,6131
8/2/2019,08:36,Friday,BLOOR STATION,PUMST,0,0,,YU,0
8/2/2019,08:51,Friday,BLOOR STATION,MUIRS,0,0,,YU,0
8/2/2019,08:51,Friday,ROYAL YORK STATION,TUOS,0,0,E,BD,5092
8/2/2019,09:12,Friday,KENNEDY SRT STATION,ERDB,6,11,N,SRT,3024
8/2/2019,09:58,Friday,FINCH STATION,MUSC,3,5,S,YU,6041
8/2/2019,10:35,Friday,COLLEGE STATION,MUIR,4,6,S,YU,6041
8/2/2019,10:36,Friday,QUEEN'S PARK STATION,MUIS,0,0,,YU,0
8/2/2019,10:50,Friday,ST CLAIR WEST STATION,MUIS,0,0,S,YU,0
8/2/2019,11:19,Friday,SHEPPARD WEST STATION,MUI,4,7,S,YU,5551
8/2/2019,11:52,Friday,ROYAL YORK STATION,EUSC,0,0,W,BD,5136
8/2/2019,12:21,Friday,SRT LINE,MRWEA,0,0,,SRT,0
8/2/2019,12:30,Friday,DAVISVILLE STATION,MUIR,4,7,N,YU,5391
8/2/2019,13:19,Friday,ISLINGTON STATION,PUMST,0,0,,BD,0
8/2/2019,13:41,Friday,ROYAL YORK STATION,EUSC,0,0,W,BD,5136
8/2/2019,14:35,Friday,SHEPPARD-YONGE STATION,PUMEL,0,0,,SHP,0
8/2/2019,14:49,Friday,BLOOR STATION,TUO,4,7,S,YU,5951
8/2/2019,14:53,Friday,EGLINTON WEST STATION,MUPAA,0,0,N,YU,5836
8/2/2019,14:54,Friday,KIPLING STATION,MUPAA,0,0,E,BD,5036
8/2/2019,15:07,Friday,COXWELL STATION,MUNCA,0,0,,BD,0
8/2/2019,15:15,Friday,COLLEGE STATION,PUMEL,0,0,,YU,0
8/2/2019,15:23,Friday,SHERBOURNE STATION,MUSAN,3,6,E,BD,5036
8/2/2019,15:33,Friday,UNION STATION,SUAP,0,0,,YU,0
8/2/2019,15:54,Friday,VICTORIA PARK STATION,SUO,7,10,E,BD,5305
8/2/2019,17:03,Friday,VICTORIA PARK STATION,SUO,0,0,,BD,0
8/2/2019,17:56,Friday,KING STATION,SUUT,0,0,N,YU,5441
8/2/2019,18:24,Friday,EGLINTON STATION,EUSC,0,0,S,YU,6131
8/2/2019,18:27,Friday,SHEPPARD-YONGE STATION,MUNCA,0,0,,SHP,0
8/2/2019,18:30,Friday,ST CLAIR STATION,EUSC,0,0,S,YU,6131
8/2/2019,18:34,Friday,ST ANDREW STATION,SUO,5,7,N,YU,6076
8/2/2019,18:35,Friday,VICTORIA PARK STATION,SUPOL,0,0,W,BD,5267
8/2/2019,18:38,Friday,KIPLING STATION,SUAP,0,0,,BD,0
8/2/2019,18:47,Friday,BLOOR STATION,MUPAA,3,5,N,YU,5856
8/2/2019,19:01,Friday,COXWELL STATION,TUSC,0,0,W,BD,5354
8/2/2019,19:08,Friday,OSSINGTON STATION,MUI,0,0,E,BD,5305
8/2/2019,20:16,Friday,OLD MILL STATION,TUSC,0,0,W,BD,5218
8/2/2019,20:30,Friday,ROYAL YORK STATION,MUPAA,0,0,W,BD,5021
8/2/2019,20:33,Friday,EGLINTON WEST STATION,MUIS,0,0,,YU,0
8/2/2019,20:38,Friday,OSGOODE STATION,EUDO,4,7,S,YU,5871
8/2/2019,20:55,Friday,NORTH YORK CTR STATION,TUMVS,0,0,N,YU,5826
8/2/2019,21:30,Friday,ST GEORGE BD STATION,MUI,10,14,E,BD,5211
8/2/2019,21:33,Friday,SPADINA BD STATION,MUIS,0,0,,BD,0
8/2/2019,22:00,Friday,YUS/BD/SHEPPARD SUBWAY,MUO,0,0,,YU / BD,0
8/2/2019,22:21,Friday,DUNDAS STATION,MUPAA,0,0,N,YU,5981
8/2/2019,22:23,Friday,COXWELL STATION,MUSC,0,0,W,BD,5267
8/2/2019,22:37,Friday,KENNEDY BD STATION,MUDD,0,0,W,BD,5332
8/2/2019,23:27,Friday,DON MLLS STATION,MUIRS,0,0,,,0
8/3/2019,00:14,Saturday,VAUGHAN MC STATION,MUATC,0,0,N,YU,5891
8/3/2019,01:20,Saturday,ST GEORGE BD STATION,MUPAA,0,0,E,BD,5172
8/3/2019,05:54,Saturday,KIPLING STATION,TUSC,0,0,E,BD,5024
8/3/2019,07:30,Saturday,KENNEDY BD STATION,MUIRS,0,0,,BD,0
8/3/2019,08:35,Saturday,VAUGHAN MC STATION,MUTO,0,0,S,YU,6086
8/3/2019,10:06,Saturday,UNION STATION,SUDP,0,0,N,YU,0
8/3/2019,10:38,Saturday,ROYAL YORK STATION,EUDO,13,17,W,BD,5336
8/3/2019,10:50,Saturday,SRT LINE,MRWEA,0,0,,SRT,0
8/3/2019,11:00,Saturday,ST PATRICK STATION,TUS,5,10,N,YU,5531
8/3/2019,11:15,Saturday,BLOOR STATION,SUO,3,7,N,YU,5831
8/3/2019,12:07,Saturday,VAUGHAN MC STATION,MUTO,3,6,S,YU,6076
8/3/2019,12:33,Saturday,DUPONT STATION,MUATC,0,0,S,YU,5966
8/3/2019,12:47,Saturday,EGLINTON STATION,MUSC,0,0,S,YU,5886
8/3/2019,13:53,Saturday,KENNEDY BD STATION,EUBO,6,10,W,BD,5358
8/3/2019,15:00,Saturday,BROADVIEW STATION,MUIS,0,0,,BD,0
8/3/2019,15:03,Saturday,FINCH STATION,MUTO,3,6,S,YU,6081
8/3/2019,15:29,Saturday,COXWELL STATION,MUIS,0,0,E,BD,0
8/3/2019,15:34,Saturday,DAVISVILLE STATION,MUIS,0,0,,YU,0
8/3/2019,16:11,Saturday,ST PATRICK STATION,MUSC,0,0,S,YU,5831
8/3/2019,16:12,Saturday,WARDEN STATION,SUROB,10,14,W,BD,5328
8/3/2019,16:18,Saturday,WILSON STATION,EUNT,3,6,N,YU,5766
8/3/2019,16:20,Saturday,KENNEDY BD STATION,MUO,4,8,W,BD,5280
8/3/2019,16:45,Saturday,COXWELL STATION,TUOS,3,7,E,BD,5024
8/3/2019,16:47,Saturday,CHRISTIE STATION,TUSC,0,0,W,BD,5370
8/3/2019,16:51,Saturday,KENNEDY BD STATION,SUROB,0,0,,BD,0
8/3/2019,17:18,Saturday,GREENWOOD STATION,EUNT,4,8,W,BD,5301
8/3/2019,17:34,Saturday,UNION STATION,MUIRS,0,0,,YU,0
8/3/2019,17:36,Saturday,ISLINGTON STATION,EUBK,0,0,W,BD,5118
8/3/2019,18:26,Saturday,SHERBOURNE STATION,MUNCA,0,0,,BD,0
8/3/2019,18:29,Saturday,YONGE BD STATION,SUDP,3,7,W,BD,5353
8/3/2019,18:31,Saturday,KIPLING STATION,TUMVS,0,0,W,BD,5336
8/3/2019,18:33,Saturday,CASTLE FRANK STATION,SUDP,8,12,E,BD,5172
8/3/2019,20:11,Saturday,DUNDAS STATION,SUCOL,0,0,N,YU,5996
8/3/2019,20:44,Saturday,FINCH STATION,MUIR,5,10,S,YU,5991
8/3/2019,20:56,Saturday,KEELE STATION,SUAP,0,0,,BD,0
8/3/2019,21:16,Saturday,ST PATRICK STATION,MUSC,0,0,S,YU,5831
8/3/2019,21:18,Saturday,FINCH STATION,MUIR,3,6,S,YU,5476
8/3/2019,21:20,Saturday,YORK MILLS STATION,MUPAA,0,0,N,YU,5981
8/3/2019,21:37,Saturday,ST CLAIR WEST STATION,SUDP,6,11,S,YU,5561
8/3/2019,22:00,Saturday,YUS/BD/SHEPPARD SUBWAY,MUO,0,0,,YU/BD,0
8/3/2019,22:01,Saturday,SHEPPARD WEST STATION,MUPAA,3,8,N,YU,5991
8/3/2019,22:19,Saturday,KENNEDY BD STATION,MUIR,0,0,,BD,5190
8/3/2019,22:26,Saturday,ISLINGTON STATION,MUPAA,0,0,E,BD,5240
8/3/2019,22:26,Saturday,KIPLING STATION,TUSC,0,0,W,BD,5353
8/3/2019,22:27,Saturday,BROADVIEW STATION,MUIS,0,0,,BD,0
8/3/2019,22:57,Saturday,SHERBOURNE STATION,SUDP,0,0,W,BD,5280
8/3/2019,23:12,Saturday,SPADINA YUS STATION,MUPAA,6,11,N,YU,5641
8/3/2019,23:21,Saturday,DUPONT STATION,SUDP,5,10,N,YU,5641
8/3/2019,23:22,Saturday,KENNEDY SRT STATION,MRPAA,0,0,N,SRT,3019
8/3/2019,23:27,Saturday,KEELE STATION,MUIS,0,0,,BD,0
8/4/2019,00:26,Sunday,DOWNSVIEW PARK STATION,SUDP,0,0,S,YU,5781
8/4/2019,00:38,Sunday,BROADVIEW STATION,MUSC,0,0,W,BD,5110
8/4/2019,00:44,Sunday,EGLINTON STATION,MUSC,0,0,S,YU,5951
8/4/2019,00:45,Sunday,UNION STATION,SUDP,23,28,N,YU,5391
8/4/2019,01:15,Sunday,KEELE STATION,PUSSW,0,0,E,BD,5242
8/4/2019,01:49,Sunday,PAPE STATION,PUTD,0,0,W,BD,5070
8/4/2019,07:31,Sunday,MAIN STREET STATION,MUIS,0,0,,BD,0
8/4/2019,07:59,Sunday,BROADVIEW STATION,SUEAS,10,0,W,BD,5031
8/4/2019,08:00,Sunday,KIPLING STATION,TUSC,0,0,E,BD,5321
8/4/2019,08:09,Sunday,WOODBINE STATION,MUSC,0,0,W,BD,5171
8/4/2019,08:10,Sunday,KIPLING STATION,TUSC,0,0,E,BD,5032
8/4/2019,08:37,Sunday,ST ANDREW STATION,EUDO,8,13,S,YU,5871
8/4/2019,08:42,Sunday,NORTH YORK CTR STATION,MUIR,0,0,S,YU,5936
8/4/2019,08:51,Sunday,FINCH STATION,MUSC,0,0,S,YU,5851
8/4/2019,09:46,Sunday,KENNEDY BD STATION,EUSC,0,0,W,BD,5070
8/4/2019,10:47,Sunday,SCARBOROUGH CTR STATIO,ERDO,6,16,N,SRT,3023
8/4/2019,10:47,Sunday,FINCH WEST STATION,TUS,6,11,N,YU,5576
8/4/2019,11:26,Sunday,FINCH STATION,MUSC,0,0,S,YU,5406
8/4/2019,11:33,Sunday,JANE STATION,TUSC,0,0,W,BD,5019
8/4/2019,11:44,Sunday,COXWELL STATION,SUDP,0,0,,BD,0
8/4/2019,12:06,Sunday,COXWELL STATION,TUNIP,0,0,E,BD,5081
8/4/2019,12:38,Sunday,SHEPPARD WEST STATION,MUSAN,4,8,S,YU,5626
8/4/2019,13:02,Sunday,ST PATRICK STATION,MUATC,3,7,S,YU,5591
8/4/2019,14:07,Sunday,PIONEER VILLAGE STATIO,SUDP,0,0,,YU,0
8/4/2019,15:10,Sunday,KEELE STATION,MUIS,0,0,,BD,0
8/4/2019,15:41,Sunday,JANE STATION,TUSC,0,0,W,BD,5171
8/4/2019,16:25,Sunday,EGLINTON STATION,MUPAA,0,0,N,YU,5741
8/4/2019,16:41,Sunday,YORK MILLS STATION,MUIS,0,0,,YU,0
8/4/2019,17:40,Sunday,OLD MILL STATION,MUI,12,16,W,BD,5070
8/4/2019,19:34,Sunday,KEELE STATION,PUSTS,0,0,E,BD,5330
8/4/2019,19:38,Sunday,COXWELL STATION,SUDP,3,7,W,BD,5283
8/4/2019,19:44,Sunday,KEELE STATION,TUSC,0,0,E,BD,5286
8/4/2019,20:00,Sunday,COXWELL STATION,SUDP,3,7,W,BD,5267
8/4/2019,20:14,Sunday,GREENWOOD STATION,SUDP,3,7,E,BD,5269
8/4/2019,20:15,Sunday,BATHURST STATION,MUIRS,0,0,,BD,0
8/4/2019,20:28,Sunday,WOODBINE STATION,MUD,3,7,E,BD,5218
8/4/2019,20:41,Sunday,BAY STATION,MUPAA,4,8,E,BD,5081
8/4/2019,20:58,Sunday,DUNDAS STATION,MUIS,0,0,,YU,0
8/4/2019,21:17,Sunday,BLOOR STATION,MUI,14,19,N,YU,5721
8/4/2019,21:34,Sunday,WELLESLEY STATION,MUIS,0,0,,YU,0
8/4/2019,21:46,Sunday,KENNEDY BD STATION,TUMVS,0,0,E,BD,5346
8/4/2019,22:00,Sunday,YUS/BD/SHEPPARD SUBWAY,MUO,0,0,,YU / BD,0
8/4/2019,22:17,Sunday,ST PATRICK STATION,MUPAA,0,0,N,YU,5406
8/4/2019,22:20,Sunday,KENNEDY BD STATION,PUMEL,0,0,,BD,0
8/4/2019,23:19,Sunday,FINCH WEST STATION,MUIS,0,0,,YU,0
8/4/2019,23:27,Sunday,ST CLAIR STATION,MUSC,0,0,N,YU,5896
8/4/2019,23:34,Sunday,PAPE STATION,MUIS,0,0,,BD,0
8/4/2019,23:40,Sunday,SHEPPARD WEST STATION,MUIRS,0,0,S,YU,0
8/4/2019,23:53,Sunday,KIPLING STATION,TUSC,0,0,E,BD,5282
8/5/2019,00:01,Monday,OSSINGTON STATION,SUDP,7,12,W,BD,5025
8/5/2019,01:06,Monday,BROADVIEW STATION,MUIRS,0,0,E,BD,0
8/5/2019,01:35,Monday,PAPE STATION,EUVE,27,32,W,BD,5201
8/5/2019,02:29,Monday,FINCH STATION,MUIS,0,0,,YU,0
8/5/2019,05:34,Monday,KIPLING STATION,SUG,0,0,E,BD,5269
8/5/2019,06:09,Monday,KIPLING STATION,MUSC,5,10,E,BD,5193
8/5/2019,06:18,Monday,COXWELL STATION,MUSC,0,0,E,BD,5242
8/5/2019,06:24,Monday,KENNEDY BD STATION,TUSC,0,0,E,BD,5149
8/5/2019,06:34,Monday,PAPE STATION,SUG,4,8,E,BD,5136
8/5/2019,06:36,Monday,OLD MILL STATION,MUSC,0,0,W,BD,5356
8/5/2019,07:42,Monday,VAUGHAN MC STATION,EUDO,5,10,S,YU,5486
8/5/2019,08:10,Monday,DUNDAS WEST STATION,MUSC,0,0,E,BD,5286
8/5/2019,08:23,Monday,VAUGHAN MC STATION,MUTO,5,10,S,YU,5636
8/5/2019,08:47,Monday,CHRISTIE STATION,TUSC,0,0,W,BD,5216
8/5/2019,09:45,Monday,YORK MILLS STATION,TUSC,0,0,S,YU,5631
8/5/2019,09:51,Monday,SHEPPARD STATION,MUIE,0,0,,YU,0
8/5/2019,10:12,Monday,NORTH YORK CTR STATION,TUSC,0,0,S,YU,6121
8/5/2019,11:20,Monday,SRT LINE,MRWEA,0,0,,SRT,0
8/5/2019,11:26,Monday,VAUGHAN MC STATION,TUNIP,3,6,S,YU,5421
8/5/2019,12:00,Monday,DAVISVILLE STATION,SUO,6,10,S,YU,5936
8/5/2019,12:01,Monday,ST GEORGE BD STATION,TUSC,0,0,W,BD,5084
8/5/2019,12:33,Monday,BAYVIEW STATION,TUSC,0,0,E,SHP,6186
8/5/2019,13:11,Monday,VAUGHAN MC STATION,MUTO,3,7,S,YU,5931
8/5/2019,13:24,Monday,QUEEN STATION,MUPAA,0,0,N,YU,5671
8/5/2019,13:44,Monday,COLLEGE STATION,TUMVS,0,0,S,YU,5386
8/5/2019,14:08,Monday,DON MILLS STATION,SUDP,0,0,,SHP,0
8/5/2019,15:17,Monday,KENNEDY BD STATION,SUDP,0,0,W,BD,5000
8/5/2019,16:43,Monday,MIDLAND STATION,SRO,0,0,S,SRT,3016
8/5/2019,17:11,Monday,FINCH STATION,SUSA,0,0,,YU,0
8/5/2019,17:18,Monday,BAY STATION,SUDP,0,0,E,BD,5306
8/5/2019,17:21,Monday,VAUGHAN MC STATION,PUMO,3,8,,YU,5526
8/5/2019,17:28,Monday,MAIN STREET STATION,TUOS,0,0,W,BD,5201
8/5/2019,18:22,Monday,ROSEDALE STATION,MUIRS,0,0,,YU,0
8/5/2019,18:49,Monday,EGLINTON STATION,MUPAA,3,8,N,YU,5946
8/5/2019,19:12,Monday,WILSON YARD,SUG,0,0,,YU,0
8/5/2019,19:43,Monday,KIPLING STATION,MUIRS,0,0,,BD,0
8/5/2019,19:59,Monday,KENNEDY BD STATION,MUSAN,4,8,W,BD,5025
8/5/2019,21:39,Monday,YORK MILLS STATION,MUIS,0,0,,YU,0
8/5/2019,22:00,Monday,YUS/BD/SHEPPARD SUBWAY,MUO,0,0,,YU/BD,0
8/5/2019,23:39,Monday,ISLINGTON STATION,TUSC,3,7,W,BD,5077
8/6/2019,00:05,Tuesday,FINCH WEST STATION,MUIR,3,8,N,YU,5491
8/6/2019,01:10,Tuesday,OLD MILL STATION,MUPAA,0,0,W,BD,5269
8/6/2019,01:26,Tuesday,BROADVIEW STATION,TUSC,0,0,W,BD,5079
8/6/2019,01:30,Tuesday,GLENCAIRN STATION,MUATC,0,0,N,YU,5876
8/6/2019,03:25,Tuesday,YONGE BD STATION,PUTWZ,0,0,,BD,0
8/6/2019,05:47,Tuesday,KIPLING STATION,TUSC,0,0,E,BD,5090
8/6/2019,05:52,Tuesday,EGLINTON STATION,MUSC,0,0,S,YU,5841
8/6/2019,05:55,Tuesday,GREENWOOD STATION,TUNIP,3,8,E,BD,5171
8/6/2019,05:55,Tuesday,FINCH WEST STATION,TUO,0,0,S,YU,5956
8/6/2019,06:14,Tuesday,ROYAL YORK STATION,MUSC,19,25,E,BD,5280
8/6/2019,06:20,Tuesday,EGLINTON STATION,MUSC,0,0,S,YU,5886
8/6/2019,06:30,Tuesday,SHEPPARD WEST STATION,EUYRD,10,14,N,YU,5631
8/6/2019,06:33,Tuesday,WILSON STATION,MUATC,4,8,S,YU,5571
8/6/2019,06:34,Tuesday,ST PATRICK STATION,MUSC,0,0,S,YU,5851
8/6/2019,06:55,Tuesday,COXWELL STATION,MUSC,0,0,E,BD,5225
8/6/2019,07:39,Tuesday,DON MILLS STATION,PUMEL,0,0,,SHP,0
8/6/2019,07:41,Tuesday,YONGE BD STATION,EUDO,4,6,W,BD,5077
8/6/2019,07:47,Tuesday,ST ANDREW STATION,EUDO,3,5,S,YU,5871
8/6/2019,07:54,Tuesday,BLOOR STATION,MUIRS,0,0,,YU,0
8/6/2019,08:38,Tuesday,QUEEN STATION,PUMST,0,0,,YU,0
8/6/2019,08:45,Tuesday,LAWRENCE STATION,MUSC,0,0,S,YU,5666
8/6/2019,09:30,Tuesday,SHERBOURNE STATION,MUSC,5,7,E,BD,5025
8/6/2019,10:00,Tuesday,UNION STATION,PUMEL,0,0,,YU,0
8/6/2019,10:07,Tuesday,FINCH STATION,TUSC,0,0,N,YU,5441
8/6/2019,10:28,Tuesday,ISLINGTON STATION,MUSC,0,0,W,BD,5262
8/6/2019,10:38,Tuesday,VICTORIA PARK STATION,EUSC,0,0,W,BD,5142
8/6/2019,10:39,Tuesday,DAVISVILLE YARD,PUMO,0,0,,YU,0
8/6/2019,10:48,Tuesday,BESSARION STATION,TUMVS,5,10,E,SHP,6161
8/6/2019,11:24,Tuesday,LAWRENCE STATION,MUSC,0,0,S,YU,5841
8/6/2019,11:49,Tuesday,SHEPPARD-YONGE STATION,PUEO,0,0,,SHP,0
8/6/2019,12:14,Tuesday,SHEPPARD WEST STATION,SUDP,3,6,S,YU,5861
8/6/2019,12:23,Tuesday,COLLEGE STATION,MUIS,0,0,N,YU,0
8/6/2019,12:25,Tuesday,DUNDAS WEST STATION,MUPR1,82,85,W,BD,5135
8/6/2019,12:33,Tuesday,SHEPPARD WEST STATION,MUO,0,0,,YU,0
8/6/2019,13:24,Tuesday,DUNDAS STATION,MUIS,0,0,N,YU,0
8/6/2019,13:36,Tuesday,ISLINGTON STATION,EUSC,0,0,E,BD,5171
8/6/2019,13:40,Tuesday,ROYAL YORK STATION,EUSC,0,0,E,BD,5171
8/6/2019,13:43,Tuesday,OLD MILL STATION,EUSC,0,0,E,BD,5171
8/6/2019,13:57,Tuesday,BLOOR STATION,MUI,4,7,S,YU,5426
8/6/2019,14:14,Tuesday,ST CLAIR WEST STATION,MUTO,7,10,S,YU,5766
8/6/2019,14:29,Tuesday,WILSON STATION,MUIS,0,0,N,YU,5751
8/6/2019,14:32,Tuesday,KENNEDY BD STATION,MUSC,0,0,W,BD,5031
8/6/2019,14:37,Tuesday,ST ANDREW STATION,MUNOA,3,7,S,YU,5766
8/6/2019,14:57,Tuesday,SRT LINE,MRWEA,0,0,S,SRT,3000
8/6/2019,15:15,Tuesday,VAUGHAN MC STATION,MUTO,5,8,S,YU,5846
8/6/2019,15:26,Tuesday,BLOOR STATION,MUSC,0,0,N,YU,5861
8/6/2019,15:39,Tuesday,DAVISVILLE STATION,SUDP,7,10,S,YU,5676
8/6/2019,15:40,Tuesday,NORTH YORK CTR STATION,MUSC,0,0,S,YU,5131
8/6/2019,15:45,Tuesday,DAVISVILLE STATION,EUBK,3,6,S,YU,5531
8/6/2019,16:30,Tuesday,YONGE BD STATION,SUDP,0,0,E,BD,5204
8/6/2019,16:32,Tuesday,SPADINA YUS STATION,SUO,7,10,N,YU,5916
8/6/2019,17:06,Tuesday,KENNEDY BD STATION,TUMVS,0,0,E,BD,5177
8/6/2019,17:10,Tuesday,UNION STATION,MUIR,7,9,S,YU,5876
8/6/2019,17:20,Tuesday,KENNEDY BD STATION,TUO,3,6,E,BD,5177
8/6/2019,17:22,Tuesday,FINCH STATION,MUNCA,0,0,,YU,0
8/6/2019,18:02,Tuesday,ROYAL YORK STATION,MUI,10,12,W,BD,5142
8/6/2019,18:12,Tuesday,ISLINGTON STATION,MUPAA,0,0,W,BD,5271
8/6/2019,18:21,Tuesday,FINCH STATION,MUSC,0,0,S,YU,6031
8/6/2019,18:32,Tuesday,LAWRENCE STATION,EUSC,0,0,S,YU,6131
8/6/2019,18:33,Tuesday,NORTH YORK CTR STATION,EUDO,6,8,N,YU,5861
8/6/2019,18:37,Tuesday,EGLINTON STATION,EUSC,0,0,S,YU,6131
8/6/2019,19:42,Tuesday,BLOOR STATION,EUDO,0,0,S,YU,5876
8/6/2019,20:13,Tuesday,ISLINGTON STATION,MUTO,4,7,E,BD,5163
8/6/2019,20:42,Tuesday,RUNNYMEDE STATION,TUKEY,10,13,E,BD,5225
8/6/2019,22:00,Tuesday,YUS/BD/SHEPPARD SUBWAY,MUO,0,0,,YU/BD,0
8/6/2019,22:18,Tuesday,COLLEGE STATION,SUDP,3,8,N,YU,6126
8/6/2019,23:06,Tuesday,ST GEORGE BD STATION,EUSC,0,0,W,BD,5142
8/6/2019,23:23,Tuesday,WOODBINE STATION,MUIR,4,8,E,BD,5057
8/6/2019,23:35,Tuesday,COXWELL STATION,SUDP,0,0,E,BD,5228
8/6/2019,23:53,Tuesday,LAWRENCE STATION,MUIR,0,0,N,YU,5751
8/6/2019,23:58,Tuesday,LAWRENCE EAST STATION,ERDO,3,9,S,SRT,3008
8/7/2019,02:29,Wednesday,VAUGHAN MC STATION,MUIS,0,0,,YU,0
8/7/2019,05:36,Wednesday,FINCH STATION,TUSC,0,0,S,YU,5736
8/7/2019,06:21,Wednesday,SHEPPARD WEST STATION,MUATC,13,17,N,YU,5521
8/7/2019,06:30,Wednesday,JANE STATION,EUSC,0,0,E,BD,5280
8/7/2019,06:47,Wednesday,ST PATRICK STATION,MUSC,0,0,S,YU,5851
8/7/2019,07:13,Wednesday,EGLINTON STATION,MUSC,0,0,S,YU,5666
8/7/2019,07:27,Wednesday,SHEPPARD STATION,EUSC,0,0,S,YU,6131
8/7/2019,07:30,Wednesday,YORK MILLS STATION,EUSC,0,0,S,YU,6131
8/7/2019,07:34,Wednesday,SPADINA BD STATION,MUIS,0,0,W,BD,0
8/7/2019,07:40,Wednesday,MCCOWAN STATION,ERPR,5,10,S,SRT,3019
8/7/2019,07:48,Wednesday,KENNEDY BD STATION,TUSC,0,0,W,BD,5284
8/7/2019,08:12,Wednesday,WILSON STATION,MUTO,0,0,,YU,0
8/7/2019,08:35,Wednesday,CASTLE FRANK STATION,MUIR,4,6,W,BD,5137
8/7/2019,08:45,Wednesday,BATHURST STATION,MUIR,5,7,E,BD,5182
8/7/2019,08:45,Wednesday,DUNDAS STATION,MUIR,4,6,S,YU,5566
8/7/2019,09:15,Wednesday,DUPONT STATION,MUIS,0,0,S,YU,0
8/7/2019,09:15,Wednesday,BLOOR STATION,PUMST,0,0,,YU,0
8/7/2019,09:33,Wednesday,DONLANDS STATION,EUSC,0,0,E,BD,5171
8/7/2019,09:43,Wednesday,EGLINTON STATION,TUMVS,0,0,N,YU,5886
8/7/2019,09:51,Wednesday,ST ANDREW STATION,EUDO,3,6,S,YU,5871
8/7/2019,10:22,Wednesday,BROADVIEW STATION,MUIE,0,0,W,BD,5025
8/7/2019,10:30,Wednesday,YORK MILLS STATION,PUMEL,0,0,,YU,0
8/7/2019,10:39,Wednesday,VAUGHAN MC STATION,TUNIP,3,6,S,YU,6016
8/7/2019,10:55,Wednesday,LAWRENCE WEST STATION,SUO,0,0,S,YU,5571
8/7/2019,11:10,Wednesday,SHEPPARD WEST STATION,MUTO,0,0,S,YU,6136
8/7/2019,11:19,Wednesday,CHESTER STATION,MUNCA,0,0,,BD,0
8/7/2019,11:38,Wednesday,DONLANDS STATION,MUIS,0,0,,BD,0
8/7/2019,11:51,Wednesday,JANE STATION,EUSC,3,5,E,BD,5280
8/7/2019,11:56,Wednesday,FINCH STATION,MUIRS,0,0,,YU,0
8/7/2019,12:17,Wednesday,YORK MILLS STATION,EUSC,0,0,S,YU,6131
8/7/2019,12:26,Wednesday,VAUGHAN MC STATION,TUNIP,0,0,S,YU,5936
8/7/2019,12:35,Wednesday,SHEPPARD STATION,TUS,7,10,S,YU,5836
8/7/2019,12:41,Wednesday,SHEPPARD WEST STATION,EUBK,3,6,S,YU,5936
8/7/2019,12:42,Wednesday,JANE STATION,MUIS,0,0,,BD,0
8/7/2019,13:00,Wednesday,YORK UNIVERSITY STATIO,MUATC,0,0,S,YU,5616
8/7/2019,13:59,Wednesday,SRT LINE,MRWEA,0,0,,SRT,0
8/7/2019,14:03,Wednesday,PAPE STATION,MUD,4,7,E,BD,5353
8/7/2019,15:07,Wednesday,DAVISVILLE STATION,EUSC,0,0,S,YU,6131
8/7/2019,15:19,Wednesday,OLD MILL STATION,PUSTS,0,0,W,BD,5336
8/7/2019,15:26,Wednesday,KENNEDY BD STATION,TUSC,0,0,E,BD,5209
8/7/2019,15:27,Wednesday,ST GEORGE YUS STATION,MUI,5,8,N,YU,5971
8/7/2019,15:32,Wednesday,ROYAL YORK STATION,MUSC,0,0,W,BD,5269
8/7/2019,16:13,Wednesday,DAVISVILLE STATION,PUMEL,0,0,N,YU,0
8/7/2019,16:37,Wednesday,EGLINTON STATION,MUIRS,0,0,N,YU,0
8/7/2019,16:38,Wednesday,BLOOR STATION,MUPAA,0,0,N,YU,5831
8/7/2019,16:47,Wednesday,BLOOR STATION,MUSC,0,0,N,YU,5826
8/7/2019,16:50,Wednesday,KENNEDY BD STATION,SUBT,17,20,W,BD,5315
8/7/2019,16:54,Wednesday,KENNEDY SRT STATION,SRBT,18,23,S,SRT,3022
8/7/2019,17:14,Wednesday,WARDEN STATION,MUSC,0,0,W,BD,5342
8/7/2019,17:22,Wednesday,WARDEN STATION,TUO,0,0,E,BD,5348
8/7/2019,17:29,Wednesday,COLLEGE STATION,SUPOL,0,0,N,YU,5846
8/7/2019,17:36,Wednesday,YORK MILLS STATION,MUIR,0,0,N,YU,5626
8/7/2019,17:54,Wednesday,COLLEGE STATION,MUPAA,0,0,S,YU,5971
8/7/2019,18:04,Wednesday,SPADINA YUS STATION,MUIS,0,0,,YU,0
8/7/2019,18:17,Wednesday,COLLEGE STATION,MUIR,3,5,N,YU,5946
8/7/2019,19:03,Wednesday,EGLINTON WEST STATION,PUMEL,0,0,,YU,0
8/7/2019,19:11,Wednesday,VAUGHAN MC STATION,TUNIP,0,0,S,YU,5951
8/7/2019,19:12,Wednesday,SPADINA BD STATION,SUDP,0,0,W,BD,5330
8/7/2019,19:30,Wednesday,VAUGHAN MC STATION,TUNIP,3,6,S,YU,5411
8/7/2019,21:07,Wednesday,NORTH YORK CTR STATION,MUPAA,0,0,N,YU,5911
8/7/2019,22:00,Wednesday,YUS/BD/SHEPPARD SUBWAY,MUO,0,0,,YU/BD,0
8/7/2019,22:18,Wednesday,UNION STATION,SUAP,0,0,,YU,0
8/7/2019,23:27,Wednesday,GREENWOOD STATION,SUDP,4,9,E,BD,5141
8/8/2019,00:37,Thursday,OSSINGTON STATION,TUSC,0,0,W,BD,5002
8/8/2019,04:33,Thursday,SPADINA BD STATION,MUIS,0,0,,BD,0
8/8/2019,05:09,Thursday,BESSARION STATION,SUDP,0,0,,,0
8/8/2019,05:43,Thursday,FINCH WEST STATION,MUATC,3,11,S,YU,5401
8/8/2019,06:22,Thursday,SHEPPARD WEST STATION,MUATC,3,7,N,YU,5416
8/8/2019,06:30,Thursday,COXWELL STATION,MUSC,0,0,E,BD,5290
8/8/2019,07:01,Thursday,KING STATION,MUSC,0,0,S,YU,5951
8/8/2019,07:24,Thursday,WILSON STATION,TUNOA,0,0,S,YU,5926
8/8/2019,07:25,Thursday,WARDEN STATION,PUSTS,4,6,E,BD,5032
8/8/2019,07:35,Thursday,ST CLAIR STATION,MUO,0,0,S,YU,0
8/8/2019,07:51,Thursday,BATHURST STATION,MUIS,0,0,,BD,0
8/8/2019,07:52,Thursday,NORTH YORK CTR STATION,TUSC,0,0,S,YU,5596
8/8/2019,07:59,Thursday,UNION STATION,MUIR,0,0,N,YU,5626
8/8/2019,08:08,Thursday,FINCH STATION,MUTO,0,0,S,YU,6126
8/8/2019,08:26,Thursday,FINCH STATION,MUSAN,0,0,S,YU,5881
8/8/2019,08:33,Thursday,KENNEDY BD STATION,TUSC,0,0,E,BD,5075
8/8/2019,08:36,Thursday,LAWRENCE STATION,MUIR,6,8,S,YU,5881
8/8/2019,08:48,Thursday,CHRISTIE STATION,MUIR,3,5,E,BD,5204
8/8/2019,08:51,Thursday,UNION STATION,MUIS,0,0,,YU,0
8/8/2019,09:01,Thursday,WARDEN STATION,MUIS,0,0,,BD,0
8/8/2019,11:13,Thursday,"UNION, DOWNSVIEW PARK,",MUO,0,0,,YU,0
8/8/2019,11:16,Thursday,DUNDAS WEST STATION,MUPAA,3,6,W,BD,5345
8/8/2019,11:17,Thursday,WARDEN STATION,SUDP,3,6,E,BD,5110
8/8/2019,11:49,Thursday,KENNEDY BD STATION,SUO,0,0,,BD,0
8/8/2019,12:00,Thursday,VAUGHAN MC STATION,MUIE,0,0,,YU,0
8/8/2019,12:34,Thursday,KENNEDY BD STATION,EUDO,3,6,W,BD,5275
8/8/2019,13:49,Thursday,WILSON STATION,MUIS,0,0,,YU,0
8/8/2019,14:25,Thursday,RUNNYMEDE STATION,MUDD,5,8,W,BD,5149
8/8/2019,14:32,Thursday,EGLINTON STATION,EUSC,0,0,S,YU,6131
8/8/2019,14:46,Thursday,COXWELL STATION,MUPAA,0,0,E,BD,5135
8/8/2019,15:34,Thursday,KENNEDY BD STATION,MRUI,0,0,,SRT,0
8/8/2019,16:40,Thursday,YORKDALE STATION,MUATC,5,8,S,YU,5781
8/8/2019,16:47,Thursday,LAWRENCE STATION,MUIR,0,0,N,YU,6136
8/8/2019,17:12,Thursday,DUNDAS STATION,PUMEL,0,0,,YU,0
8/8/2019,17:19,Thursday,KENNEDY BD STATION,MUIS,0,0,,BD,0
8/8/2019,18:20,Thursday,JANE STATION,TUSC,0,0,W,BD,5216
8/8/2019,18:32,Thursday,NORTH YORK CTR STATION,MUPAA,0,0,N,YU,5846
8/8/2019,18:45,Thursday,JANE STATION,TUSC,0,0,W,BD,5286
8/8/2019,18:53,Thursday,YORK MILLS STATION,TUSC,0,0,S,YU,6006
8/8/2019,19:00,Thursday,SCARBOROUGH RAPID TRAN,MRWEA,0,0,,SRT,0
8/8/2019,19:03,Thursday,RUNNYMEDE STATION,TUO,0,0,W,BD,5276
8/8/2019,19:05,Thursday,ROYAL YORK STATION,MUIRS,0,0,W,BD,0
8/8/2019,19:05,Thursday,YORK MILLS STATION,MUSC,0,0,N,YU,5741
8/8/2019,19:33,Thursday,YORK UNIVERSITY STATIO,MUPAA,6,9,N,YU,5896
8/8/2019,21:06,Thursday,DUNDAS STATION,SUO,0,0,N,YU,6041
8/8/2019,22:00,Thursday,YUS/BD/SHEPPARD SUBWAY,MUO,0,0,,YU/BD,0
8/9/2019,00:08,Friday,SUMMERHILL STATION,SUAP,0,0,N,YU,5681
8/9/2019,00:47,Friday,DON MILLS STATION,TUSC,0,0,W,SHP,6166
8/9/2019,00:48,Friday,DUNDAS WEST STATION,MUSC,0,0,W,BD,5328
8/9/2019,01:46,Friday,ST GEORGE BD STATION,MUIRS,0,0,W,BD,5072
8/9/2019,05:27,Friday,ST PATRICK STATION,MUSC,0,0,S,YU,5416
8/9/2019,05:31,Friday,WILSON YARD,TUNIP,0,0,S,YU,5806
8/9/2019,05:32,Friday,FINCH STATION,TUSC,0,0,S,YU,5826
8/9/2019,05:41,Friday,DAVISVILLE YARD,PUTSC,10,0,,YU,0
8/9/2019,06:15,Friday,BROADVIEW STATION,MUSC,0,0,W,BD,5269
8/9/2019,06:20,Friday,CASTLE FRANK STATION,PUSTS,0,0,W,BD,5119
8/9/2019,06:23,Friday,WILSON STATION,MUATC,5,8,S,YU,5976
8/9/2019,06:38,Friday,BATHURST STATION,MUIS,0,0,E,BD,0
8/9/2019,06:53,Friday,YORK MILLS STATION,TUSC,0,0,S,YU,5596
8/9/2019,07:30,Friday,CHESTER STATION,EUSC,0,0,E,BD,5098
8/9/2019,07:32,Friday,SPADINA BD STATION,MUIR,4,6,W,BD,5370
8/9/2019,07:34,Friday,CASTLE FRANK STATION,MUD,7,9,W,BD,5036
8/9/2019,07:48,Friday,ST PATRICK STATION,MUSC,0,0,S,YU,5681
8/9/2019,07:51,Friday,KENNEDY BD STATION,MUTD,0,0,E,BD,5308
8/9/2019,07:53,Friday,CHESTER STATION,MUIS,0,0,,BD,0
8/9/2019,07:59,Friday,ST GEORGE BD STATION,MUSAN,3,5,W,BD,5022
8/9/2019,08:17,Friday,SUMMERHILL STATION,MUI,4,6,S,YU,5871
8/9/2019,08:28,Friday,DUNDAS STATION,MUPAA,3,5,S,YU,5871
8/9/2019,08:56,Friday,SHERBOURNE STATION,MUD,4,6,E,BD,5034
8/9/2019,10:02,Friday,JANE STATION,SUUT,13,16,W,BD,5216
8/9/2019,10:46,Friday,KING STATION,PUMEL,0,0,,YU,0
8/9/2019,11:19,Friday,OSGOODE STATION,MUPAA,0,0,S,YU,5626
8/9/2019,11:24,Friday,NORTH YORK CTR STATION,PUMEL,0,0,,YU,0
8/9/2019,11:37,Friday,KENNEDY SRT STATION,SRDP,7,12,N,SRT,3019
8/9/2019,12:43,Friday,LAWRENCE STATION,MUPAA,0,0,N,YU,5876
8/9/2019,12:47,Friday,DUNDAS STATION,MUPAA,0,0,S,YU,5466
8/9/2019,13:51,Friday,COXWELL STATION,PUMEL,0,0,E,BD,0
8/9/2019,14:00,Friday,ST GEORGE YUS STATION,MUPAA,0,0,N,YU,5941
8/9/2019,14:12,Friday,DAVISVILLE STATION,TUCC,8,11,N,YU,5626
8/9/2019,14:21,Friday,SUMMERHILL STATION,MUSC,0,0,N,YU,5536
8/9/2019,14:24,Friday,ST CLAIR STATION,MUSC,0,0,N,YU,5626
8/9/2019,15:03,Friday,MAIN STREET STATION,SUO,0,0,E,BD,5360
8/9/2019,15:16,Friday,QUEEN'S PARK STATION,SUAP,0,0,,YU,0
8/9/2019,15:34,Friday,YORK MILLS STATION,SUDP,3,6,S,YU,5766
8/9/2019,15:49,Friday,LAWRENCE STATION,SUSA,0,0,,YU,0
8/9/2019,16:36,Friday,KING STATION,EUSC,0,0,S,YU,6131
8/9/2019,16:57,Friday,KEELE STATION,SUDP,0,0,,BD,0
8/9/2019,17:24,Friday,CHESTER STATION,TUSC,0,0,E,BD,5093
8/9/2019,17:36,Friday,BLOOR STATION,MUIS,0,0,N,YU,0
8/9/2019,18:25,Friday,WARDEN STATION,EUBK,0,0,E,BD,5098
8/9/2019,18:46,Friday,FINCH STATION,MUIR,0,0,N,YU,5946
8/9/2019,19:00,Friday,SHEPPARD STATION,EUSC,0,0,S,YU,6131
8/9/2019,19:48,Friday,DONLANDS STATION,MUNCA,0,0,,BD,0
8/9/2019,20:30,Friday,CHRISTIE STATION,TUMVS,4,7,E,BD,5048
8/9/2019,20:41,Friday,SHEPPARD STATION,MUPAA,4,7,N,YU,5971
8/9/2019,20:45,Friday,VAUGHAN MC STATION,MUIS,0,0,,YU,0
8/9/2019,21:02,Friday,BESSARION STATION,MUIRS,0,0,,SHP,0
8/9/2019,21:05,Friday,BROADVIEW STATION,MUIS,0,0,,BD,0
8/9/2019,21:15,Friday,WELLESLEY STATION,MUI,24,27,S,YU,5976
8/9/2019,21:18,Friday,DAVISVILLE STATION,MUPLB,27,32,S,YU,5671
8/9/2019,21:36,Friday,YORK MILLS STATION,TUSC,0,0,S,YU,5391
8/9/2019,21:47,Friday,SPADINA YUS STATION,MUATC,0,0,S,YU,5556
8/9/2019,21:51,Friday,WILSON STATION,MUTO,4,9,S,YU,5746
8/9/2019,22:00,Friday,YUS/BD/SHEPPARD SUBWAY,MUO,0,0,,YU/BD,0
8/9/2019,22:28,Friday,MAIN STREET STATION,MUPAA,0,0,E,BD,5224
8/9/2019,22:47,Friday,ISLINGTON STATION,MUIR,3,7,W,BD,5197
8/9/2019,22:50,Friday,FINCH STATION,MUIS,0,0,,YU,0
8/9/2019,22:51,Friday,KENNEDY BD STATION,MUTO,3,7,W,BD,5096
8/9/2019,23:19,Friday,FINCH STATION,MUIS,0,0,,YU,0
8/9/2019,23:32,Friday,VAUGHAN MC STATION,MUIS,0,0,,YU,0
8/9/2019,23:34,Friday,LANSDOWNE STATION,MUIS,0,0,W,BD,0
8/10/2019,00:12,Saturday,EGLINTON STATION,MUIRS,0,0,,YU,0
8/10/2019,00:17,Saturday,YORK MILLS STATION,SUUT,11,16,S,YU,5896
8/10/2019,00:28,Saturday,PAPE STATION,MUIRS,0,0,,BD,0
8/10/2019,02:16,Saturday,MAIN STREET STATION,MUIS,0,0,E,BD,0
8/10/2019,05:41,Saturday,FINCH STATION,TUSC,0,0,S,YU,6106
8/10/2019,05:59,Saturday,KIPLING STATION,SUG,5,10,,BD,5072
8/10/2019,06:00,Saturday,BLOOR TO OSGOODE STATI,MUO,0,0,,YU,0
8/10/2019,06:02,Saturday,OSGOODE STATION,MUSC,0,0,N,YU,5776
8/10/2019,06:17,Saturday,BAYVIEW STATION,TUSC,0,0,E,SHP,6161
8/10/2019,06:59,Saturday,SCARBOROUGH CTR STATIO,ERDO,3,9,S,SRT,3017
8/10/2019,08:05,Saturday,SPADINA BD STATION,PUMEL,0,0,,BD,0
8/10/2019,08:15,Saturday,CHRISTIE STATION,EUNT,3,8,E,BD,5127
8/10/2019,08:55,Saturday,KENNEDY BD STATION,MUSC,0,0,W,BD,5321
8/10/2019,09:23,Saturday,OSGOODE STATION,MUSC,0,0,N,YU,5736
8/10/2019,10:34,Saturday,NORTH YORK CTR STATION,MUSC,0,0,S,YU,5741
8/10/2019,11:33,Saturday,COXWELL STATION,MUIE,0,0,W,BD,5065
8/10/2019,12:55,Saturday,JANE STATION,TUSC,0,0,W,BD,5370
8/10/2019,13:28,Saturday,LESLIE STATION,PUOPO,8,13,E,SHP,6186
8/10/2019,13:52,Saturday,FINCH STATION,TUNIP,3,6,S,YU,5986
8/10/2019,14:23,Saturday,ELLESMERE STATION,MRO,4,9,S,SRT,3022
8/10/2019,15:06,Saturday,SHEPPARD STATION,MUPAA,3,6,N,YU,5421
8/10/2019,15:40,Saturday,SPADINA BD STATION,MUI,14,18,E,BD,5367
8/10/2019,16:24,Saturday,BATHURST STATION,MUSC,0,0,W,BD,5370
8/10/2019,16:25,Saturday,KENNEDY BD STATION,MUIS,0,0,E,BD,0
8/10/2019,17:00,Saturday,KENNEDY BD STATION,TUMVS,0,0,E,BD,5198
8/10/2019,17:04,Saturday,UNION STATION,MUPAA,3,6,S,YU,5871
8/10/2019,18:14,Saturday,CHRISTIE STATION,TUSC,0,0,E,BD,5169
8/10/2019,18:33,Saturday,SHEPPARD STATION,MUNCA,0,0,,YU,0
8/10/2019,18:48,Saturday,OSSINGTON STATION,MUPAA,0,0,E,BD,5129
8/10/2019,18:49,Saturday,FINCH STATION,MUSC,0,0,N,YU,5771
8/10/2019,19:02,Saturday,SPADINA BD STATION,MUIS,0,0,E,BD,0
8/10/2019,19:15,Saturday,ISLINGTON STATION,TUSC,0,0,W,BD,5210
8/10/2019,19:20,Saturday,DUFFERIN STATION,MUIS,0,0,E,BD,0
8/10/2019,19:48,Saturday,UNION STATION,SUDP,11,16,N,YU,5441
8/10/2019,20:15,Saturday,DUNDAS STATION,MUIS,0,0,N,YU,0
8/10/2019,20:27,Saturday,SHEPPARD WEST STATION,MUPAA,3,8,N,YU,5441
8/10/2019,20:36,Saturday,FINCH WEST STATION,MUPAA,3,8,N,YU,5646
8/10/2019,22:00,Saturday,YUS/BD/SHEPPARD SUBWAY,MUO,0,0,,YU/BD,0
8/10/2019,22:15,Saturday,DUPONT STATION,MUPAA,0,0,N,YU,5776
8/10/2019,22:23,Saturday,FINCH STATION,TUSC,0,0,N,YU,5526
8/10/2019,22:48,Saturday,KIPLING STATION,MUIS,0,0,,BD,0
8/10/2019,22:55,Saturday,SCARBOROUGH CTR STATIO,MRPAA,0,0,N,SRT,3003
8/10/2019,23:34,Saturday,BROADVIEW STATION,PUMST,0,0,,BD,0
8/10/2019,23:45,Saturday,ROYAL YORK STATION,MUI,0,0,W,BD,5147
8/11/2019,00:12,Sunday,WARDEN STATION,MUIR,3,7,E,BD,5027
8/11/2019,01:00,Sunday,DUNDAS STATION,MUPAA,0,0,S,YU,5996
8/11/2019,08:00,Sunday,YUS/BD/SHEPPARD SUBWAY,MUO,0,0,,YU / BD,0
8/11/2019,08:13,Sunday,BROADVIEW STATION,EUDO,4,7,W,BD,5148
8/11/2019,08:13,Sunday,KING STATION,MUATC,3,8,S,YU,6106
8/11/2019,08:22,Sunday,KING STATION,MUSC,0,0,N,YU,6101
8/11/2019,08:32,Sunday,ROSEDALE STATION,SUO,3,8,S,YU,5666
8/11/2019,08:46,Sunday,KING STATION,MUSC,0,0,N,YU,5921
8/11/2019,09:21,Sunday,MCCOWAN STATION,TRO,5,8,,SRT,3008
8/11/2019,09:24,Sunday,KING STATION,MUSC,0,0,N,YU,5496
8/11/2019,09:31,Sunday,KING STATION,MUSC,0,0,N,YU,5991
8/11/2019,09:46,Sunday,KING STATION,MUSC,0,0,N,YU,5746
8/11/2019,09:54,Sunday,VICTORIA PARK STATION,MUIE,0,0,,BD,5043
8/11/2019,10:54,Sunday,DUNDAS WEST STATION,MUIS,0,0,,BD,0
8/11/2019,12:12,Sunday,FINCH STATION,MUIS,0,0,,YU,0
8/11/2019,12:16,Sunday,SRT LINE,MRWEA,0,0,,SRT,0
8/11/2019,12:25,Sunday,SPADINA BD STATION,MUPAA,0,0,W,BD,5110
8/11/2019,13:11,Sunday,GREENWOOD STATION,MUIS,0,0,E,BD,0
8/11/2019,13:24,Sunday,YORK MILLS STATION,TUSC,0,0,S,YU,5836
8/11/2019,14:34,Sunday,VICTORIA PARK STATION,SUROB,6,10,W,BD,5210
8/11/2019,15:07,Sunday,SHEPPARD-YONGE STATION,PUMEL,0,0,,SHP,0
8/11/2019,15:30,Sunday,LAWRENCE EAST STATION,ERPR,5,11,N,SRT,3017
8/11/2019,15:34,Sunday,DUNDAS WEST STATION,TUMVS,3,7,W,BD,5148
8/11/2019,15:47,Sunday,SPADINA BD STATION,PUMEL,0,0,,BD,0
8/11/2019,16:03,Sunday,LAWRENCE WEST STATION,MUPAA,3,7,S,YU,6001
8/11/2019,16:33,Sunday,SHEPPARD WEST STATION,MUI,7,9,N,YU,5796
8/11/2019,16:36,Sunday,ROSEDALE STATION,MUIS,0,0,S,YU,0
8/11/2019,16:39,Sunday,NORTH YORK CTR STATION,TUSC,0,0,S,YU,5836
8/11/2019,17:06,Sunday,KIPLING STATION,TUSC,0,0,W,BD,5210
8/11/2019,17:22,Sunday,SHEPPARD STATION,MUPAA,0,0,N,YU,5661
8/11/2019,18:03,Sunday,ROYAL YORK STATION,SUDP,0,0,,BD,0
8/11/2019,18:42,Sunday,KENNEDY BD STATION,MUIRS,0,0,,BD,0
8/11/2019,19:04,Sunday,CASTLE FRANK STATION,MUIS,0,0,W,BD,0
8/11/2019,19:15,Sunday,COXWELL STATION,TUO,3,7,W,BD,5365
8/11/2019,20:36,Sunday,COXWELL STATION,MUPAA,0,0,E,,5330
8/11/2019,20:53,Sunday,"UNION, KIPLING, ROYAL",MUO,0,0,,YU/BD,0
8/11/2019,21:22,Sunday,OSSINGTON STATION,MUPAA,0,0,W,BD,5119
8/11/2019,22:00,Sunday,YUS/BD/SHEPPARD SUBWAY,MUO,0,0,,YU/BD,0
8/11/2019,23:44,Sunday,KENNEDY BD STATION,TUS,4,8,E,BD,5161
8/12/2019,00:25,Monday,WARDEN STATION,PUTIJ,0,0,E,BD,5239
8/12/2019,00:30,Monday,WARDEN STATION,PUTIJ,0,0,E,BD,5068
8/12/2019,05:32,Monday,FINCH STATION,TUSC,0,0,S,YU,5941
8/12/2019,05:48,Monday,KIPLING STATION,MUTO,9,15,E,BD,5170
8/12/2019,05:58,Monday,KIPLING STATION,MUTO,5,11,E,BD,5293
8/12/2019,06:17,Monday,COXWELL STATION,MUSC,0,0,E,BD,5290
8/12/2019,06:21,Monday,YORK MILLS STATION,MUSC,0,0,S,YU,5566
8/12/2019,06:38,Monday,ST GEORGE BD STATION,MUPAA,0,0,W,BD,5100
8/12/2019,06:48,Monday,FINCH STATION,TUNIP,5,10,S,YU,5951
8/12/2019,07:03,Monday,LAWRENCE STATION,TUMVS,0,0,N,YU,5571
8/12/2019,07:22,Monday,KIPLING STATION,MUSC,3,5,E,BD,5306
8/12/2019,08:29,Monday,MUSEUM STATION,MUI,9,11,S,YU,6086
8/12/2019,08:39,Monday,SPADINA BD STATION,PUMEL,0,0,,BD,0
8/12/2019,08:54,Monday,WELLESLEY STATION,MUPAA,0,0,N,YU,5631
8/12/2019,10:20,Monday,OSSINGTON STATION,SUUT,16,19,W,BD,5058
8/12/2019,10:36,Monday,WOODBINE STATION,MUSC,0,0,W,BD,5330
8/12/2019,10:37,Monday,UNION STATION,MUTO,4,9,N,YU,5961
8/12/2019,11:35,Monday,UNION STATION,MUIRS,0,0,,YU,0
8/12/2019,11:46,Monday,ISLINGTON STATION,TUSC,0,0,W,BD,5276
8/12/2019,11:51,Monday,QUEEN STATION,SUPOL,0,0,N,YU,5841
8/12/2019,12:50,Monday,YONGE BD STATION,MUI,3,6,E,BD,5198
8/12/2019,12:56,Monday,SRT LINE,MRWEA,0,0,,SRT,0
8/12/2019,12:59,Monday,EGLINTON STATION,TUOS,5,9,S,YU,5986
8/12/2019,13:16,Monday,GLENCAIRN STATION,MUATC,3,5,S,YU,5661
8/12/2019,13:33,Monday,PAPE STATION,PUMEL,0,0,,BD,0
8/12/2019,13:40,Monday,VAUGHAN MC STATION,PUMEL,0,0,,YU,0
8/12/2019,14:13,Monday,RUNNYMEDE STATION,PUMEL,0,0,,BD,0
8/12/2019,14:18,Monday,GREENWOOD STATION,MUPAA,0,0,E,BD,5210
8/12/2019,14:31,Monday,CASTLE FRANK STATION,MUIS,0,0,,BD,0
8/12/2019,15:10,Monday,MUSEUM STATION,MUI,15,18,N,YU,5926
8/12/2019,15:31,Monday,WILSON STATION,MUDD,6,9,S,YU,5916
8/12/2019,15:31,Monday,ST PATRICK STATION,PUSRA,3,6,N,YU,5426
8/12/2019,15:34,Monday,MUSEUM STATION,MUATC,3,6,N,YU,5906
8/12/2019,15:38,Monday,ST CLAIR WEST STATION,SUAE,0,0,,YU,0
8/12/2019,15:41,Monday,YORK MILLS STATION,MUPAA,0,0,N,YU,5841
8/12/2019,15:49,Monday,SRT LINE,PRO,42,47,N,SRT,3017
8/12/2019,15:57,Monday,ROSEDALE STATION,SUDP,0,0,N,YU,0
8/12/2019,16:03,Monday,KENNEDY BD STATION,MUTO,3,6,W,BD,5308
8/12/2019,16:08,Monday,UNION STATION,MUIS,0,0,,YU,0
8/12/2019,16:24,Monday,ISLINGTON STATION,PUMST,0,0,,BD,0
8/12/2019,16:39,Monday,OSSINGTON STATION,PUMEL,0,0,,BD,0
8/12/2019,17:07,Monday,OSSINGTON STATION,TUSC,0,0,W,BD,5135
8/12/2019,17:15,Monday,QUEEN'S PARK STATION,MUATC,7,9,S,YU,5746
8/12/2019,17:39,Monday,UNION TO ST ANDREW,MUIR,10,12,N,YU,5954
8/12/2019,18:20,Monday,SHERBOURNE STATION,MUD,3,6,W,BD,5129
8/12/2019,18:29,Monday,YONGE BD STATION,MUDD,9,12,E,BD,5143
8/12/2019,18:29,Monday,YONGE BD STATION,MUPAA,0,0,E,BD,5143
8/12/2019,18:48,Monday,BROADVIEW STATION,MUIS,0,0,,BD,0
8/12/2019,19:38,Monday,OSSINGTON STATION,MUD,3,6,W,BD,5058
8/12/2019,19:57,Monday,HIGH PARK TO KEELE STA,MUO,0,0,,BD,0
8/12/2019,20:33,Monday,MUSEUM STATION,MUATC,0,0,S,YU,5571
8/12/2019,21:05,Monday,MUSEUM STATION,MUATC,5,8,S,YU,5936
8/12/2019,21:15,Monday,SHEPPARD WEST STATION,MUIS,0,0,,YU,0
8/12/2019,21:19,Monday,COLLEGE STATION,MUPAA,3,6,N,YU,5936
8/12/2019,21:50,Monday,KENNEDY BD STATION,TUMVS,5,9,E,BD,5053
8/12/2019,22:00,Monday,YUS/BD/SHEPPARD SUBWAY,MUO,0,0,,YU/BD,0
8/12/2019,22:32,Monday,KING STATION,MUPAA,0,0,N,YU,5566
8/12/2019,23:16,Monday,FINCH STATION,MUIE,0,0,S,YU,6126
8/12/2019,23:41,Monday,KENNEDY BD STATION,MUIS,0,0,,BD,0
8/13/2019,00:38,Tuesday,KEELE STATION,MUIE,4,8,W,BD,5096
8/13/2019,00:59,Tuesday,VAUGHAN MC STATION,MUATC,7,12,S,YU,6106
8/13/2019,02:34,Tuesday,VAUGHAN MC STATION,SUO,0,0,,YU,0
8/13/2019,05:06,Tuesday,WILSON YARD,PUCSS,3,5,S,YU,0
8/13/2019,05:11,Tuesday,CHRISTIE STATION,MUNCA,0,0,,BD,0
8/13/2019,05:46,Tuesday,WILSON STATION,MUATC,4,0,N,YU,5516
8/13/2019,05:52,Tuesday,ST ANDREW STATION,EUSC,0,0,S,YU,5871
8/13/2019,06:10,Tuesday,FINCH STATION,EUDO,4,8,S,YU,6126
8/13/2019,06:10,Tuesday,COXWELL STATION,MUSC,0,0,E,BD,5009
8/13/2019,06:14,Tuesday,SHEPPARD WEST STATION,MUATC,8,12,N,YU,5931
8/13/2019,06:20,Tuesday,VAUGHAN MC STATION,EUAL,4,8,S,YU,6096
8/13/2019,06:24,Tuesday,COXWELL STATION,MUSC,0,0,E,BD,5288
8/13/2019,06:29,Tuesday,KENNEDY BD STATION,MUSC,0,0,W,BD,5129
8/13/2019,06:36,Tuesday,WILSON STATION,EUME,3,6,S,YU,5491
8/13/2019,06:39,Tuesday,VICTORIA PARK STATION,MUPLB,10,12,W,BD,5000
8/13/2019,06:46,Tuesday,DUFFERIN STATION,SUPOL,11,16,W,BD,5161
8/13/2019,07:01,Tuesday,KEELE STATION,MUSC,0,0,W,BD,5161
8/13/2019,07:08,Tuesday,VICTORIA PARK STATION,MUPLB,33,35,W,BD,5147
8/13/2019,07:27,Tuesday,FINCH STATION,MUSC,0,0,S,YU,5741
8/13/2019,08:04,Tuesday,KIPLING STATION,MUSC,0,0,E,BD,5096
8/13/2019,08:35,Tuesday,KENNEDY BD STATION,MUDD,0,0,W,BD,5261
8/13/2019,09:11,Tuesday,SHEPPARD STATION,SUDP,9,11,S,YU,5881
8/13/2019,09:24,Tuesday,YORK MILLS STATION,TUOS,3,5,N,YU,6021
8/13/2019,09:36,Tuesday,COLLEGE STATION,MUNCA,0,0,,YU,0
8/13/2019,09:52,Tuesday,COXWELL STATION,TUSUP,3,6,W,BD,5324
8/13/2019,10:09,Tuesday,YONGE BD STATION,MUIR,3,6,W,BD,5271
8/13/2019,10:22,Tuesday,QUEEN'S QUAY ELEVATOR,PUMEL,0,0,,YU,0
8/13/2019,10:32,Tuesday,QUEEN'S PARK STATION,MUIS,0,0,S,YU,0
8/13/2019,10:45,Tuesday,DUNDAS STATION,MUPAA,0,0,S,YU,5946
8/13/2019,10:45,Tuesday,ST GEORGE YUS STATION,MUPAA,0,0,S,YU,5476
8/13/2019,11:45,Tuesday,COXWELL STATION,TUSC,0,0,W,BD,5319
8/13/2019,13:21,Tuesday,COXWELL STATION,TUNIP,4,7,W,BD,5324
8/13/2019,13:23,Tuesday,BAY STATION,EUNT,7,10,E,BD,5077
8/13/2019,13:30,Tuesday,YONGE BD STATION,TUO,4,7,E,BD,5077
8/13/2019,13:54,Tuesday,ELLESMERE STATION,ERDO,5,10,N,SRT,3007
8/13/2019,14:16,Tuesday,DON MILLS STATION,MUPAA,0,0,E,SHP,6152
8/13/2019,15:12,Tuesday,KIPLING STATION,MUSC,3,6,E,BD,5096
8/13/2019,15:30,Tuesday,QUEEN'S PARK STATION,MUIR,0,0,S,YU,6066
8/13/2019,15:45,Tuesday,KIPLING STATION,MUSC,0,0,E,BD,5089
8/13/2019,16:18,Tuesday,KIPLING STATION,TUMVS,51,54,W,BD,5203
8/13/2019,16:42,Tuesday,SHEPPARD STATION,MUPLB,26,28,S,YU,5506
8/13/2019,16:53,Tuesday,OLD MILL STATION,MUIR,3,6,W,BD,5048
8/13/2019,17:36,Tuesday,ST PATRICK STATION,MUATC,0,0,N,YU,5571
8/13/2019,17:45,Tuesday,EGLINTON STATION,MUPAA,0,0,N,YU,5416
8/13/2019,17:46,Tuesday,ST CLAIR STATION,MUI,7,9,N,YU,5846
8/13/2019,17:54,Tuesday,SUMMERHILL STATION,MUIR,3,5,N,YU,5761
8/13/2019,18:06,Tuesday,ST PATRICK STATION,TUSC,0,0,S,YU,5966
8/13/2019,18:52,Tuesday,ISLINGTON STATION,MUPAA,0,0,E,BD,5003
8/13/2019,19:25,Tuesday,DAVISVILLE STATION,SUDP,5,7,N,YU,5476
8/13/2019,19:27,Tuesday,PAPE STATION,MUNCA,0,0,,BD,0
8/13/2019,19:51,Tuesday,FINCH WEST STATION,PUMEL,0,0,,YU,0
8/13/2019,19:53,Tuesday,HIGHWAY 407 STATION,MUIS,0,0,,YU,0
8/13/2019,20:01,Tuesday,SPADINA BD STATION,MUIRS,0,0,W,BD,0
8/13/2019,20:34,Tuesday,COXWELL STATION,MUO,5,8,W,BD,5320
8/13/2019,20:59,Tuesday,UNION STATION,MUPAA,0,0,N,YU,5711
8/13/2019,21:23,Tuesday,KING STATION,SUAE,4,7,S,YU,5411
8/13/2019,21:31,Tuesday,FINCH STATION,SUAP,0,0,S,YU,0
8/13/2019,22:00,Tuesday,YUS/BD/SHEPPARD SUBWAY,MUO,0,0,,YU/BD,0
8/13/2019,23:40,Tuesday,BLOOR DANFORTH SUBWAY,MUGD,0,0,,BD,0
8/13/2019,23:48,Tuesday,EGLINTON STATION,MUSC,0,0,S,YU,5711
8/14/2019,00:09,Wednesday,YORK MILLS STATION,TUOS,0,0,S,YU,5581
8/14/2019,02:05,Wednesday,KIPLING STATION,MUSC,0,0,E,BD,5347
8/14/2019,05:32,Wednesday,FINCH STATION,TUSC,0,0,S,YU,5496
8/14/2019,05:59,Wednesday,KIPLING STATION,MUSC,0,0,E,BD,5347
8/14/2019,06:30,Wednesday,QUEEN'S PARK STATION,MUSC,0,0,S,YU,5831
8/14/2019,06:35,Wednesday,LAWRENCE EAST STATION,ERDO,9,14,S,SRT,3020
8/14/2019,07:07,Wednesday,KENNEDY BD STATION,EUTR,4,6,E,BD,5062
8/14/2019,07:10,Wednesday,COXWELL STATION,MUSC,0,0,E,BD,5310
8/14/2019,07:25,Wednesday,FINCH STATION,TUSC,0,0,N,YU,6081
8/14/2019,07:31,Wednesday,DON MILLS STATION,PUCSS,4,9,W,SHP,6151
8/14/2019,07:36,Wednesday,COLLEGE STATION,TUO,0,0,N,YU,5991
8/14/2019,07:37,Wednesday,KIPLING STATION,TUSC,0,0,W,BD,5237
8/14/2019,07:42,Wednesday,PAPE STATION,TUOS,4,6,E,BD,5015
8/14/2019,08:20,Wednesday,ROSEDALE STATION,MUIR,11,13,S,YU,5716
8/14/2019,08:39,Wednesday,OSGOODE STATION,EUSC,0,0,S,YU,5831
8/14/2019,08:51,Wednesday,BLOOR STATION,SUAE,0,0,,YU,0
8/14/2019,08:54,Wednesday,SHEPPARD STATION,EUME,3,5,S,YU,6016
8/14/2019,09:02,Wednesday,BLOOR STATION,MUPLB,8,10,N,YU,6131
8/14/2019,09:06,Wednesday,SPADINA YUS STATION,MUIS,0,0,,YU,0
8/14/2019,09:20,Wednesday,EGLINTON WEST STATION,MUI,20,22,S,YU,5476
8/14/2019,09:20,Wednesday,EGLINTON STATION,MUIR,3,5,S,YU,5581
8/14/2019,09:31,Wednesday,BLOOR STATION,MUIRS,0,0,,YU,0
8/14/2019,09:34,Wednesday,BLOOR STATION,MUPLB,88,90,S,YU,5581
8/14/2019,09:42,Wednesday,YONGE BD STATION,MUPLB,0,0,E,BD,5013
8/14/2019,09:56,Wednesday,ST GEORGE YUS STATION,MUIE,0,0,S,YU,5921
8/14/2019,10:05,Wednesday,DUPONT STATION,MUPAA,0,0,S,YU,5531
8/14/2019,11:16,Wednesday,KING STATION,MUPAA,0,0,S,YU,5761
8/14/2019,11:34,Wednesday,QUEEN STATION,MUNCA,0,0,,YU,0
8/14/2019,12:05,Wednesday,OSSINGTON STATION,SUO,4,7,E,BD,5075
8/14/2019,12:25,Wednesday,FINCH STATION,MUTO,3,8,S,YU,5991
8/14/2019,12:49,Wednesday,OSGOODE STATION,TUSC,0,0,N,YU,5506
8/14/2019,13:04,Wednesday,SHEPPARD-YONGE STATION,TUSC,0,0,W,SHP,6151
8/14/2019,13:20,Wednesday,SCARBOROUGH CTR STATIO,PREL,0,0,,SRT,0
8/14/2019,13:41,Wednesday,DAVISVILLE YARD,MUIE,0,0,,YU,0
8/14/2019,14:21,Wednesday,FINCH STATION,TUO,3,6,S,YU,5641
8/14/2019,15:16,Wednesday,FINCH WEST STATION,PUMEL,0,0,,YU,0
8/14/2019,16:25,Wednesday,EGLINTON WEST STATION,MUIS,0,0,S,YU,0
8/14/2019,16:47,Wednesday,BATHURST STATION,MUIS,0,0,W,BD,0
8/14/2019,16:58,Wednesday,ST PATRICK STATION,MUATC,0,0,N,YU,5871
8/14/2019,17:01,Wednesday,WARDEN STATION,MUIRS,0,0,W,BD,5210
8/14/2019,17:13,Wednesday,KENNEDY BD STATION,MUIS,0,0,,BD,0
8/14/2019,17:17,Wednesday,YORKDALE STATION,EUCD,4,6,S,YU,6016
8/14/2019,17:31,Wednesday,BLOOR STATION,MUPAA,0,0,S,YU,5406
8/14/2019,17:33,Wednesday,ST CLAIR WEST STATION,MUPAA,0,0,N,YU,5611
8/14/2019,17:37,Wednesday,KIPLING STATION,MUSAN,3,5,W,BD,5368
8/14/2019,18:11,Wednesday,YONGE BD STATION,MUPAA,3,6,E,BD,5000
8/14/2019,18:31,Wednesday,KENNEDY BD STATION,MUPAA,0,0,W,BD,5231
8/14/2019,18:35,Wednesday,YORK MILLS STATION,PUMO,0,0,S,YU,5476
8/14/2019,18:41,Wednesday,DONLANDS STATION,EUNT,3,6,E,BD,5254
8/14/2019,18:47,Wednesday,QUEEN STATION,MUSC,0,0,N,YU,5486
8/14/2019,19:31,Wednesday,FINCH STATION,TUMVS,0,0,N,YU,5786
8/14/2019,20:05,Wednesday,KENNEDY BD STATION,MUPAA,0,0,W,BD,5213
8/14/2019,20:25,Wednesday,DUFFERIN STATION,SUAE,0,0,E,BD,0
8/14/2019,20:41,Wednesday,KEELE STATION,MUO,0,0,,BD,0
8/14/2019,22:00,Wednesday,YUS/BD/SHEPPARD SUBWAY,MUO,0,0,,YU/BD,0
8/14/2019,22:21,Wednesday,YORK MILLS STATION,MUPAA,0,0,N,YU,5981
8/14/2019,22:22,Wednesday,BATHURST STATION,SUDP,3,7,E,BD,5356
8/14/2019,23:38,Wednesday,KENNEDY BD STATION,MUTO,3,7,W,BD,5324
8/15/2019,00:42,Thursday,KIPLING STATION,MUIR,4,8,,BD,5096
8/15/2019,00:54,Thursday,BAYVIEW STATION,SUAP,6,11,E,SHP,6141
8/15/2019,01:02,Thursday,BESSARION STATION,MUO,3,8,W,SHP,6141
8/15/2019,01:38,Thursday,ST CLAIR STATION,MUIS,0,0,N,YU,0
8/15/2019,01:52,Thursday,DUNDAS WEST STATION,TUSC,0,0,E,BD,5094
8/15/2019,03:05,Thursday,UNION STATION,MUIE,0,0,,YU,0
8/15/2019,06:00,Thursday,TORONTO TRANSIT COMMIS,MRO,0,0,,SRT,0
8/15/2019,06:00,Thursday,TORONTO TRANSIT COMMIS,MUO,0,0,,YU/BD,0
8/15/2019,06:00,Thursday,TORONTO TRANSIT COMMIS,MUO,0,0,,SHP,0
8/15/2019,06:18,Thursday,SHEPPARD WEST STATION,MUTO,0,0,S,YU,5756
8/15/2019,06:32,Thursday,WILSON SOUTH HOSTLER,TUO,0,0,S,YU,5451
8/15/2019,06:34,Thursday,ST PATRICK STATION,MUSC,0,0,S,YU,5971
8/15/2019,06:52,Thursday,COXWELL STATION,MUSC,0,0,E,BD,5310
8/15/2019,07:20,Thursday,KIPLING STATION,EUSC,0,0,W,BD,5201
8/15/2019,07:41,Thursday,FINCH STATION,TUNIP,0,0,S,YU,5811
8/15/2019,07:51,Thursday,ST PATRICK STATION,MUSC,0,0,S,YU,6111
8/15/2019,08:00,Thursday,VAUGHAN MC STATION,TUO,0,0,S,YU,5641
8/15/2019,09:07,Thursday,GREENWOOD STATION,TUSC,0,0,E,BD,5257
8/15/2019,09:25,Thursday,GREENWOOD WYE,TUSC,0,0,E,BD,5046
8/15/2019,10:24,Thursday,EGLINTON WEST STATION,MUATC,3,5,N,YU,5421
8/15/2019,10:58,Thursday,YORK MILLS STATION,MUSC,0,0,N,YU,5711
8/15/2019,11:06,Thursday,COXWELL STATION,MUTO,4,7,W,BD,5069
8/15/2019,11:21,Thursday,PAPE STATION,MUIS,0,0,,BD,0
8/15/2019,11:26,Thursday,SUMMERHILL STATION,MUI,30,2,S,YU,6056
8/15/2019,11:55,Thursday,DON MILLS STATION,MUPAA,0,0,,SHP,6151
8/15/2019,13:42,Thursday,COXWELL STATION,MUCL,4,7,W,BD,5012
8/15/2019,13:45,Thursday,WELLESLEY STATION,MUPAA,0,0,S,YU,5836
8/15/2019,14:03,Thursday,WELLESLEY STATION,MUIS,0,0,,YU,0
8/15/2019,14:18,Thursday,VAUGHAN MC STATION,MUIRS,0,0,,YU,0
8/15/2019,14:23,Thursday,CASTLE FRANK STATION,SUDP,3,6,E,BD,5027
8/15/2019,14:24,Thursday,GREENWOOD YARD,EUBK,0,0,W,BD,5058
8/15/2019,14:29,Thursday,ISLINGTON STATION,TUMVS,7,10,E,BD,5119
8/15/2019,14:49,Thursday,DUNDAS STATION,SUEAS,6,9,N,YU,5416
8/15/2019,14:57,Thursday,SHEPPARD-YONGE STATION,MUSC,0,0,E,SHP,6141
8/15/2019,15:16,Thursday,COXWELL STATION,MUPAA,0,0,E,BD,5328
8/15/2019,15:19,Thursday,ST PATRICK STATION,MUSC,0,0,S,YU,5386
8/15/2019,15:30,Thursday,KIPLING STATION,MUSC,3,5,W,BD,5058
8/15/2019,15:38,Thursday,WARDEN STATION,MUIR,0,0,E,BD,5130
8/15/2019,15:40,Thursday,KIPLING STATION,MUSC,0,0,W,BD,5343
8/15/2019,15:45,Thursday,ROYAL YORK STATION,SUDP,3,6,W,BD,5244
8/15/2019,16:07,Thursday,BLOOR STATION,MUSC,0,0,N,YU,5861
8/15/2019,16:13,Thursday,KIPLING STATION,MUSC,0,0,E,BD,5109
8/15/2019,16:48,Thursday,DON MILLS STATION,MUIS,0,0,,SHP,0
8/15/2019,16:57,Thursday,ISLINGTON STATION,TUMVS,0,0,W,BD,5198
8/15/2019,17:01,Thursday,WARDEN STATION,MUSC,0,0,E,BD,5100
8/15/2019,18:06,Thursday,WELLESLEY STATION,MUPAA,0,0,N,YU,5796
8/15/2019,18:19,Thursday,ISLINGTON STATION,TUMVS,0,0,E,BD,5000
8/15/2019,18:55,Thursday,WELLESLEY STATION,SUDP,0,0,N,YU,5966
8/15/2019,19:44,Thursday,SHEPPARD WEST STATION,MUATC,5,8,S,YU,5726
8/15/2019,19:53,Thursday,MUSEUM STATION,MUPAA,0,0,S,YU,5511
8/15/2019,20:00,Thursday,HIGH PARK STATION,MUO,0,0,,BD,0
8/15/2019,20:07,Thursday,EGLINTON STATION,PUSNT,0,0,S,YU,5681
8/15/2019,21:22,Thursday,SHEPPARD-YONGE STATION,SUDP,3,8,E,SHP,6171
8/15/2019,22:00,Thursday,YUS/BD/SHEPPARD SUBWAY,MUO,0,0,,YU/BD,0
8/15/2019,22:25,Thursday,GREENWOOD STATION,MUIS,0,0,,BD,0
8/15/2019,22:50,Thursday,ISLINGTON STATION,TUMVS,3,7,E,BD,5027
8/15/2019,22:58,Thursday,VAUGHAN MC STATION,TUSUP,5,10,S,YU,5811
8/15/2019,23:23,Thursday,CHESTER STATION,TUSC,0,0,E,BD,5027
8/15/2019,23:25,Thursday,CHESTER STATION,TUSC,0,0,E,BD,5027
8/16/2019,01:35,Friday,CHESTER STATION,MUTD,0,0,E,BD,5165
8/16/2019,01:59,Friday,CHRISTIE STATION,TUMVS,0,0,E,BD,5190
8/16/2019,03:02,Friday,VAUGHAN MC STATION,MUIS,0,0,,YU,0
8/16/2019,06:18,Friday,FINCH STATION,MUSC,0,0,S,YU,5831
8/16/2019,06:34,Friday,DUFFERIN STATION,MUPAA,0,0,W,BD,5066
8/16/2019,06:42,Friday,ST PATRICK STATION,MUATC,3,7,N,YU,6041
8/16/2019,06:45,Friday,KENNEDY BD STATION,MUSC,0,0,W,BD,5163
8/16/2019,06:53,Friday,COXWELL STATION,MUSC,0,0,E,BD,5181
8/16/2019,07:16,Friday,OLD MILL STATION,MUSC,0,0,E,BD,5281
8/16/2019,07:24,Friday,WILSON STATION,MUATC,8,10,S,YU,5651
8/16/2019,07:27,Friday,JANE STATION,TUSC,0,0,W,BD,5334
8/16/2019,08:03,Friday,FINCH STATION,MUTO,4,6,S,YU,6136
8/16/2019,08:07,Friday,ISLINGTON STATION,MUDD,3,5,E,BD,5339
8/16/2019,08:15,Friday,CHRISTIE STATION,MUSC,0,0,W,BD,5114
8/16/2019,08:36,Friday,MAIN STREET STATION,SUO,0,0,,BD,0
8/16/2019,08:39,Friday,KENNEDY BD STATION,EUBK,3,6,W,BD,5098
8/16/2019,08:45,Friday,EGLINTON STATION,MUTO,3,5,S,YU,5756
8/16/2019,09:34,Friday,CHRISTIE STATION,EUBK,0,0,E,BD,5027
8/16/2019,09:34,Friday,LAWRENCE WEST STATION,MUI,25,27,S,YU,5576
8/16/2019,10:03,Friday,WARDEN STATION,EUBK,3,6,W,BD,5280
8/16/2019,10:23,Friday,DAVISVILLE STATION,MUPAA,0,0,N,YU,5821
8/16/2019,10:32,Friday,DONLANDS STATION,EUSC,0,0,W,BD,5008
8/16/2019,10:32,Friday,HIGH PARK STATION,MUIRS,0,0,,BD,0
8/16/2019,10:48,Friday,LAWRENCE STATION,MUPAA,3,6,S,YU,6126
8/16/2019,11:01,Friday,COXWELL STATION,MUSAN,3,6,W,BD,5290
8/16/2019,11:59,Friday,VICTORIA PARK STATION,EUBK,0,0,E,BD,5027
8/16/2019,12:36,Friday,EGLINTON STATION,PUMEL,0,0,,YU,0
8/16/2019,12:44,Friday,MAIN STREET STATION,PUSTS,4,7,W,BD,5137
8/16/2019,12:56,Friday,PIONEER VILLAGE STATIO,MUPAA,0,0,S,YU,5396
8/16/2019,13:17,Friday,COXWELL STATION,TUNIP,4,7,W,BD,5222
8/16/2019,13:25,Friday,OSSINGTON STATION,EUBK,0,0,E,BD,5027
8/16/2019,13:38,Friday,BROADVIEW STATION,EUBK,0,0,E,BD,5027
8/16/2019,13:47,Friday,ISLINGTON STATION,MUIS,0,0,,BD,0
8/16/2019,13:47,Friday,WARDEN STATION,MUSC,0,0,W,BD,5368
8/16/2019,14:00,Friday,DAVISVILLE STATION,MUSC,0,0,N,YU,5711
8/16/2019,14:35,Friday,GREENWOOD STATION,MUIR,4,7,W,BD,5137
8/16/2019,14:58,Friday,EGLINTON STATION,MUIRS,0,0,,YU,0
8/16/2019,15:07,Friday,DUNDAS STATION,MUIR,4,7,S,YU,5766
8/16/2019,15:28,Friday,RUNNYMEDE STATION,PUMEL,0,0,,BD,0
8/16/2019,15:34,Friday,DUNDAS STATION,MUPAA,0,0,N,YU,6076
8/16/2019,15:39,Friday,SHEPPARD STATION,MUPAA,0,0,N,YU,6121
8/16/2019,16:01,Friday,ST PATRICK STATION,TUATC,0,0,S,YU,5631
8/16/2019,16:40,Friday,WARDEN STATION,EUTR,3,6,W,BD,5004
8/16/2019,17:14,Friday,WELLESLEY STATION,SUDP,3,5,S,YU,5881
8/16/2019,17:32,Friday,DUPONT STATION,MUPAA,0,0,S,YU,5986
8/16/2019,17:47,Friday,JANE STATION,MUIS,0,0,E,BD,5092
8/16/2019,18:14,Friday,NORTH YORK CTR STATION,EUSC,5,7,S,YU,5841
8/16/2019,18:26,Friday,SHEPPARD-YONGE STATION,MUNCA,0,0,,SHP,0
8/16/2019,18:33,Friday,FINCH STATION,MUPAA,0,0,N,YU,5896
8/16/2019,18:35,Friday,LAWRENCE STATION,TUO,3,6,N,YU,6121
8/16/2019,18:44,Friday,YORK UNIVERSITY STATIO,PUMEL,0,0,,YU,0
8/16/2019,19:02,Friday,YORK MILLS STATION,TUMVS,9,12,N,YU,5726
8/16/2019,19:04,Friday,DUNDAS STATION,MUIRS,0,0,S,YU,0
8/16/2019,19:36,Friday,EGLINTON STATION,MUSC,0,0,S,YU,5756
8/16/2019,19:51,Friday,ELLESMERE STATION,ERDO,7,13,N,SRT,3001
8/16/2019,19:57,Friday,KENNEDY BD STATION,MUIS,0,0,,BD,0
8/16/2019,20:03,Friday,BLOOR STATION,MUSC,0,0,N,YU,5861
8/16/2019,20:50,Friday,COXWELL STATION,PUMEL,0,0,,BD,0
8/16/2019,21:18,Friday,LAWRENCE EAST STATION,SRO,5,10,E,SRT,3001
8/16/2019,21:26,Friday,DUNDAS STATION,MUDD,3,6,S,YU,5641
8/16/2019,21:28,Friday,QUEEN STATION,SUSA,0,0,,YU,0
8/16/2019,21:56,Friday,VICTORIA PARK STATION,MUIS,0,0,,BD,0
8/16/2019,22:00,Friday,YUS/BD/SHEPPARD SUBWAY,MUO,0,0,,YU/BD,0
8/16/2019,22:57,Friday,ST GEORGE YUS STATION,MUIRS,0,0,S,YU,0
8/16/2019,23:02,Friday,KIPLING STATION,MUIR,10,14,E,BD,5243
8/16/2019,23:03,Friday,BAY STATION,MUD,4,8,E,BD,5293
8/16/2019,23:17,Friday,BLOOR STATION,SUDP,0,0,N,YU,5986
8/16/2019,23:34,Friday,ST CLAIR WEST STATION,MUTO,0,0,N,YU,5816
8/16/2019,23:48,Friday,ISLINGTON STATION,TUSC,0,0,W,BD,5122
8/17/2019,00:00,Saturday,FINCH STATION,MUIRS,0,0,,BD,0
8/17/2019,00:11,Saturday,WILSON STATION,EUBK,5,10,N,YU,5696
8/17/2019,00:18,Saturday,DONLANDS STATION,SUDP,0,0,W,YU,0
8/17/2019,00:26,Saturday,UNION STATION,MUIS,0,0,,BD,0
8/17/2019,00:28,Saturday,EGLINTON WEST STATION,MUPAA,0,0,S,YU,5811
8/17/2019,01:14,Saturday,YORK UNIVERSITY STATIO,SUDP,5,10,S,YU,5986
8/17/2019,01:14,Saturday,YORK UNIVERSITY STATIO,SUDP,5,10,S,YU,5986
8/17/2019,05:44,Saturday,KIPLING STATION,MUCL,5,10,E,BD,5055
8/17/2019,06:00,Saturday,SCARBOROUGH RAPID TRAN,MRSTM,0,0,,SRT,0
8/17/2019,06:10,Saturday,DAVISVILLE STATION,TUCC,5,10,S,YU,5416
8/17/2019,06:52,Saturday,HIGH PARK STATION,MUSC,0,0,W,BD,5308
8/17/2019,07:43,Saturday,JANE STATION,MUPAA,0,0,W,BD,5361
8/17/2019,07:57,Saturday,BAY STATION,MUNCA,0,0,,BD,0
8/17/2019,09:04,Saturday,BESSARION STATION,PUSTS,3,8,E,SHP,6141
8/17/2019,09:23,Saturday,BLOOR STATION,TUO,7,12,S,YU,5596
8/17/2019,10:30,Saturday,NORTH YORK CTR STATION,MUDD,3,8,S,YU,5641
8/17/2019,10:33,Saturday,COXWELL STATION,MUIR,0,0,E,BD,5227
8/17/2019,10:36,Saturday,EGLINTON STATION,PUMEL,0,0,,YU,0
8/17/2019,11:09,Saturday,YORK UNIVERSITY STATIO,MUIS,0,0,,YU,0
8/17/2019,11:35,Saturday,GREENWOOD STATION,EUBO,4,8,E,BD,5143
8/17/2019,12:11,Saturday,ROYAL YORK STATION,SUDP,4,8,E,BD,5039
8/17/2019,12:21,Saturday,WARDEN STATION,PUSTC,5,9,E,BD,5201
8/17/2019,12:39,Saturday,YORK MILLS STATION,MUPAA,3,6,N,YU,5654
8/17/2019,13:25,Saturday,VICTORIA PARK STATION,SUO,3,7,E,BD,5093
8/17/2019,13:52,Saturday,WILSON STATION,TUO,0,0,N,YU,5826
8/17/2019,16:47,Saturday,SHERBOURNE STATION,SUO,0,0,W,BD,5304
8/17/2019,16:52,Saturday,WILSON STATION,PUMEL,0,0,,YU,0
8/17/2019,17:45,Saturday,EGLINTON WEST STATION,PUMEL,0,0,,YU,0
8/17/2019,19:58,Saturday,BLOOR STATION,PUMST,0,0,N,YU,0
8/17/2019,20:23,Saturday,DUNDAS STATION,MUPAA,0,0,N,YU,5691
8/17/2019,20:42,Saturday,YONGE BD STATION,SUDP,6,11,W,BD,5313
8/17/2019,22:00,Saturday,YUS/BD/SHEPPARD SUBWAY,MUO,0,0,,YU / BD,0
8/17/2019,22:05,Saturday,DUNDAS STATION,SUROB,0,0,,YU,0
8/17/2019,23:09,Saturday,SPADINA BD STATION,EUBK,6,11,W,BD,5135
8/17/2019,23:35,Saturday,LANSDOWNE STATION,MUO,6,12,E,BD,5265
8/18/2019,01:35,Sunday,VICTORIA PARK STATION,EUBK,0,0,E,BD,5207
8/18/2019,01:45,Sunday,FINCH STATION,TUSC,0,0,N,YU,5821
8/18/2019,02:46,Sunday,VAUGHAN MC STATION,MUIS,0,0,,YU,0
8/18/2019,08:00,Sunday,YUS/BD/SHEPPARD SUBWAY,MUO,0,0,,YU,0
8/18/2019,08:15,Sunday,VAUGHAN MC STATION,TUNIP,5,10,S,YU,6051
8/18/2019,08:35,Sunday,COXWELL STATION,MUSC,0,0,E,BD,5163
8/18/2019,08:36,Sunday,DAVISVILLE STATION,PUTO,5,10,N,YU,5761
8/18/2019,11:23,Sunday,EGLINTON STATION,PUMEL,0,0,,YU,0
8/18/2019,11:33,Sunday,EGLINTON STATION,TUCC,5,10,S,YU,5946
8/18/2019,11:35,Sunday,SPADINA YUS STATION,SUAP,7,12,N,YU,5756
8/18/2019,13:38,Sunday,DON MILLS STATION,SUO,8,14,W,SHP,6161
8/18/2019,13:39,Sunday,DON MILLS STATION,SUO,8,15,W,SHP,6161
8/18/2019,13:50,Sunday,HIGHWAY 407 STATION,PUMEL,0,0,,YU,0
8/18/2019,14:04,Sunday,PIONEER VILLAGE STATIO,PUMEL,0,0,,YU,0
8/18/2019,14:44,Sunday,BLOOR STATION,SUDP,19,23,N,YU,6096
8/18/2019,14:51,Sunday,YONGE BD STATION,SUDP,0,0,W,BD,5222
8/18/2019,14:54,Sunday,ISLINGTON STATION,MUIS,0,0,,BD,0
8/18/2019,15:09,Sunday,ST CLAIR STATION,SUPOL,4,8,N,YU,6096
8/18/2019,16:13,Sunday,ST CLAIR WEST STATION,MUATC,0,0,S,YU,5731
8/18/2019,16:18,Sunday,UNION STATION,MUIS,0,0,N,YU,0
8/18/2019,16:26,Sunday,ST PATRICK STATION,MUSC,0,0,S,YU,5731
8/18/2019,16:34,Sunday,SHEPPARD WEST STATION,MUATC,0,0,S,YU,5576
8/18/2019,16:52,Sunday,OSSINGTON STATION,MUIS,0,0,,BD,0
8/18/2019,17:09,Sunday,DUNDAS STATION,MUIS,0,0,N,YU,5726
8/18/2019,17:10,Sunday,YONGE BD STATION,MUD,4,8,W,BD,5236
8/18/2019,17:25,Sunday,KIPLING STATION,MUIR,0,0,E,BD,5169
8/18/2019,17:57,Sunday,BESSARION STATION,PUOPO,4,9,E,SHP,6191
8/18/2019,18:01,Sunday,KENNEDY BD STATION,TUMVS,0,0,E,BD,5046
8/18/2019,18:23,Sunday,JANE STATION,MUIRS,0,0,E,BD,0
8/18/2019,18:26,Sunday,KEELE STATION,PUMEL,0,0,,BD,0
8/18/2019,18:30,Sunday,DUNDAS STATION,PUMEL,0,0,N,YU,0
8/18/2019,18:31,Sunday,LAWRENCE STATION,MUPAA,0,0,N,YU,5861
8/18/2019,18:56,Sunday,EGLINTON STATION,SUDP,3,8,N,YU,5456
8/18/2019,19:09,Sunday,BROADVIEW STATION,SUDP,0,0,W,BD,5096
8/18/2019,19:20,Sunday,KENNEDY BD STATION,SUDP,0,0,,BD,0
8/18/2019,19:31,Sunday,OSSINGTON STATION,TUSC,0,0,E,BD,5258
8/18/2019,21:29,Sunday,KEELE TO HIGH PARK,MUO,0,0,,BD,0
8/18/2019,21:30,Sunday,JANE STATION,TUSC,0,0,W,BD,5167
8/18/2019,21:37,Sunday,PIONEER VILLAGE STATIO,MUIE,0,0,,YU,0
8/18/2019,21:40,Sunday,LAWRENCE STATION,MUPAA,0,0,N,YU,6066
8/18/2019,22:00,Sunday,YUS/BD/SHEPPARD SUBWAY,MUO,0,0,,YU / BD,0
8/18/2019,22:33,Sunday,ELLESMERE STATION,MRPAA,0,0,S,SRT,3018
8/18/2019,22:43,Sunday,VAUGHAN MC STATION,MUATC,5,10,N,YU,5941
8/18/2019,23:11,Sunday,ROSEDALE STATION,SUDP,0,0,N,YU,5861
8/18/2019,23:40,Sunday,YONGE BD STATION,SUO,3,7,E,BD,5198
8/19/2019,01:19,Monday,LAWRENCE STATION,MUPAA,0,0,S,YU,5586
8/19/2019,01:42,Monday,DAVISVILLE HOSTLER,EUOE,0,0,,YU,5551
8/19/2019,02:07,Monday,VICTORIA PARK STATION,PUTNT,0,0,E,BD,5248
8/19/2019,02:07,Monday,YORK MILLS STATION,TUSC,0,0,S,YU,5536
8/19/2019,05:32,Monday,DAVISVILLE STATION,EUSC,0,0,N,YU,5796
8/19/2019,06:00,Monday,TORONTO TRANSIT COMMIS,MRO,0,0,,SRT,0
8/19/2019,06:00,Monday,TORONTO TRANSIT COMMIS,MUO,0,0,,YU/BD,0
8/19/2019,06:00,Monday,TORONTO TRANSIT COMMIS,MUO,0,0,,SHP,0
8/19/2019,06:03,Monday,WARDEN STATION,PUSTC,3,8,E,BD,5119
8/19/2019,06:22,Monday,MIDLAND STATION,MRTO,3,8,N,SRT,3001
8/19/2019,06:37,Monday,SHEPPARD WEST STATION,EUPI,4,6,S,YU,5436
8/19/2019,07:22,Monday,FINCH STATION,MUSC,3,5,S,YU,5676
8/19/2019,07:39,Monday,ST PATRICK STATION,MUSC,0,0,S,YU,6051
8/19/2019,07:47,Monday,ST PATRICK STATION,MUSC,0,0,S,YU,5956
8/19/2019,07:53,Monday,YORK MILLS STATION,EUSC,0,0,N,YU,5841
8/19/2019,08:42,Monday,DUNDAS STATION,SUO,8,10,N,YU,6076
8/19/2019,08:44,Monday,FINCH STATION,MUSC,0,0,S,YU,6061
8/19/2019,08:53,Monday,ST PATRICK STATION,EUDO,3,5,N,YU,5641
8/19/2019,09:13,Monday,ST CLAIR STATION,MUPAA,0,0,S,YU,5536
8/19/2019,09:46,Monday,GREENWOOD STATION,MUI,9,12,W,BD,5010
8/19/2019,11:30,Monday,BLOOR DANFORTH SUBWAY,MUGD,0,0,,BD,0
8/19/2019,11:32,Monday,GLENCAIRN STATION,MUPAA,0,0,N,YU,6111
8/19/2019,13:12,Monday,DUPONT STATION,SUDP,11,14,N,YU,5871
8/19/2019,13:22,Monday,DOWNSVIEW PARK STATION,SUO,0,0,N,YU,5516
8/19/2019,13:34,Monday,ST GEORGE YUS STATION,MUPAA,0,0,S,YU,5691
8/19/2019,13:39,Monday,SRT LINE,MRWEA,0,0,,SRT,0
8/19/2019,14:29,Monday,EGLINTON STATION,MUIR,6,9,N,YU,5456
8/19/2019,15:00,Monday,CASTLE FRANK STATION,TUOS,0,0,W,BD,5313
8/19/2019,15:08,Monday,KENNEDY BD STATION,TUMVS,3,6,E,BD,5229
8/19/2019,15:09,Monday,BAY STATION,TUO,3,5,W,BD,5313
8/19/2019,15:15,Monday,CHESTER STATION,TUDOE,20,23,W,BD,5210
8/19/2019,15:17,Monday,LAWRENCE EAST STATION,SRAP,16,21,S,SRT,3024
8/19/2019,15:39,Monday,BROADVIEW STATION,SUDP,3,5,E,BD,5119
8/19/2019,16:42,Monday,VAUGHAN MC STATION,EUAC,3,6,S,YU,5886
8/19/2019,16:57,Monday,SHEPPARD WEST STATION,MUIRS,0,0,,YU,0
8/19/2019,17:15,Monday,SHEPPARD STATION,EUBK,3,5,S,YU,5556
8/19/2019,18:15,Monday,KENNEDY SRT STATION,ERPR,10,15,,SRT,3023
8/19/2019,18:17,Monday,YONGE BD STATION,SUAP,4,7,E,BD,5244
8/19/2019,18:38,Monday,ROSEDALE STATION,MUPAA,0,0,N,YU,5731
8/19/2019,19:57,Monday,MCCOWAN STATION,TRO,5,10,,SRT,3010
8/19/2019,20:04,Monday,KENNEDY BD STATION,MUIS,0,0,W,BD,5313
8/19/2019,20:21,Monday,FINCH STATION,TUSC,0,0,N,YU,5456
8/19/2019,20:40,Monday,NORTH YORK CTR STATION,MUSC,0,0,S,YU,5671
8/19/2019,20:58,Monday,LESLIE STATION,TUSC,0,0,W,SHP,6146
8/19/2019,21:42,Monday,EGLINTON WEST STATION,MUPAA,0,0,N,YU,6036
8/19/2019,22:00,Monday,YUS/BD/SHEPPARD SUBWAY,MUO,0,0,,YU/BD,0
8/20/2019,00:02,Tuesday,WILSON STATION,MUIS,0,0,,YU,0
8/20/2019,00:04,Tuesday,YONGE BD STATION,SUO,0,0,E,BD,5344
8/20/2019,01:15,Tuesday,KENNEDY BD STATION,MUSAN,4,8,W,BD,5240
8/20/2019,01:27,Tuesday,QUEEN'S PARK STATION,MUIS,6,11,S,YU,5396
8/20/2019,02:09,Tuesday,ROYAL YORK STATION,TUSC,0,0,E,BD,5089
8/20/2019,02:14,Tuesday,YORK MILLS STATION,TUSC,0,0,N,YU,5786
8/20/2019,05:36,Tuesday,FINCH STATION,EUTRD,5,8,S,YU,5846
8/20/2019,05:54,Tuesday,ELLESMERE STATION,ERNT,5,0,S,SRT,3014
8/20/2019,06:29,Tuesday,COXWELL STATION,MUSC,0,0,E,BD,5010
8/20/2019,06:49,Tuesday,JANE STATION,TUSC,0,0,W,BD,5180
8/20/2019,07:02,Tuesday,VAUGHAN MC STATION,TUNIP,0,0,S,YU,6031
8/20/2019,07:09,Tuesday,COXWELL STATION,MUSC,0,0,E,BD,5336
8/20/2019,07:35,Tuesday,KENNEDY BD STATION,MUSC,0,0,W,BD,5110
8/20/2019,07:37,Tuesday,OSGOODE STATION,TUMVS,3,5,N,YU,5516
8/20/2019,07:43,Tuesday,VAUGHAN MC STATION,MUI,4,8,S,YU,5651
8/20/2019,08:12,Tuesday,DUPONT STATION,SUDP,0,0,S,YU,5436
8/20/2019,08:38,Tuesday,EGLINTON STATION,MUI,4,6,S,YU,5781
8/20/2019,08:54,Tuesday,EGLINTON STATION,MUPAA,0,0,S,YU,5736
8/20/2019,08:59,Tuesday,YORK MILLS STATION,TUOS,4,6,S,YU,5726
8/20/2019,09:18,Tuesday,QUEEN'S PARK STATION,MUIR,8,10,S,YU,5886
8/20/2019,09:23,Tuesday,EGLINTON STATION,MUNCA,0,0,,YU,0
8/20/2019,09:39,Tuesday,QUEEN'S PARK STATION,MUI,0,0,S,YU,5386
8/20/2019,09:39,Tuesday,SUMMERHILL STATION,MUIS,0,0,S,YU,0
8/20/2019,09:42,Tuesday,DUFFERIN STATION,SUAP,0,0,E,BD,0
8/20/2019,09:48,Tuesday,COXWELL STATION,TUNIP,3,6,W,BD,5151
8/20/2019,10:09,Tuesday,YORK UNIVERSITY STATIO,MUSAN,8,10,S,YU,5806
8/20/2019,10:41,Tuesday,COXWELL STATION,MUIS,0,0,,BD,0
8/20/2019,11:12,Tuesday,DUPONT STATION,MUPAA,0,0,N,YU,6071
8/20/2019,11:25,Tuesday,KENNEDY BD STATION,PUSWZ,0,0,E,BD,5343
8/20/2019,12:07,Tuesday,VAUGHAN MC STATION,MUI,0,0,S,YU,6076
8/20/2019,12:08,Tuesday,HIGH PARK STATION,TUSUP,0,0,W,BD,5082
8/20/2019,12:34,Tuesday,ST GEORGE YUS STATION,PUMST,0,0,N,YU,0
8/20/2019,12:44,Tuesday,BATHURST STATION,SUAP,3,6,W,BD,5239
8/20/2019,13:02,Tuesday,SHEPPARD-YONGE STATION,TUO,3,8,E,SHP,6191
8/20/2019,13:20,Tuesday,JANE STATION,TUSC,0,0,E,BD,5254
8/20/2019,14:29,Tuesday,YORK MILLS STATION,MUIS,0,0,,YU,0
8/20/2019,14:30,Tuesday,YORK MILLS STATION,TUSC,4,7,S,YU,5441
8/20/2019,15:30,Tuesday,SCARBOROUGH CTR STATIO,PREL,0,0,,SRT,0
8/20/2019,15:41,Tuesday,HIGH PARK STATION,MUIRS,0,0,,BD,0
8/20/2019,15:51,Tuesday,KENNEDY BD STATION,EUNT,3,5,W,BD,5021
8/20/2019,16:15,Tuesday,KIPLING STATION,TUSC,0,0,E,BD,5219
8/20/2019,16:23,Tuesday,DAVISVILLE STATION,MUTO,3,5,S,YU,5756
8/20/2019,16:31,Tuesday,ST PATRICK STATION,MUATC,0,0,N,YU,5621
8/20/2019,16:56,Tuesday,LAWRENCE WEST STATION,MUIR,0,0,,YU,0
8/20/2019,17:31,Tuesday,BAY STATION,SUDP,4,6,W,BD,5066
8/20/2019,18:01,Tuesday,PIONEER VILLAGE STATIO,PUMEL,0,0,,YU,0
8/20/2019,18:14,Tuesday,ST GEORGE BD STATION,TUSC,0,0,W,BD,5013
8/20/2019,18:26,Tuesday,LANSDOWNE STATION,MUIS,0,0,W,BD,0
8/20/2019,18:30,Tuesday,ST CLAIR STATION,MUIS,0,0,S,YU,0
8/20/2019,18:34,Tuesday,RUNNYMEDE STATION,MUPAA,0,0,E,BD,5844
8/20/2019,18:46,Tuesday,KIPLING STATION,SUAP,3,6,E,BD,5098
8/20/2019,19:47,Tuesday,ROYAL YORK STATION,TUSC,0,0,E,BD,5279
8/20/2019,20:06,Tuesday,DUPONT STATION,EUBK,4,7,N,YU,6006
8/20/2019,20:18,Tuesday,ST CLAIR WEST STATION,EUCD,4,7,N,YU,6006
8/20/2019,20:34,Tuesday,ISLINGTON STATION,SUDP,3,5,W,BD,5244
8/20/2019,20:46,Tuesday,WILSON STATION TO YORK,SUEAS,15,19,N,YU,5591
8/20/2019,21:27,Tuesday,KEELE TO HIGH PARK,MUO,0,0,,BD,0
8/20/2019,21:41,Tuesday,ST GEORGE YUS STATION,MUPAA,0,0,N,YU,5416
8/20/2019,21:57,Tuesday,LESLIE STATION,TUOS,5,10,W,SHP,6171
8/20/2019,22:00,Tuesday,YUS/BD/SHEPPARD SUBWAY,MUO,0,0,,YU/BD,0
8/20/2019,22:20,Tuesday,VICTORIA PARK STATION,MUIS,0,0,,BD,0
8/20/2019,22:49,Tuesday,DUFFERIN STATION,MUIS,0,0,W,BD,0
8/20/2019,23:08,Tuesday,BROADVIEW STATION,TUS,4,8,E,BD,5098
8/20/2019,23:19,Tuesday,WARDEN STATION,MUI,6,10,E,BD,5128
8/20/2019,23:23,Tuesday,ST PATRICK STATION,SUDP,0,0,N,YU,5556
8/21/2019,05:00,Wednesday,BLOOR STATION,PUSTC,0,0,N,YU,0
8/21/2019,05:50,Wednesday,KING STATION,MUNCA,0,0,,YU,0
8/21/2019,05:51,Wednesday,WILSON STATION,EUYRD,6,0,S,YU,6136
8/21/2019,05:51,Wednesday,MCCOWAN STATION,MRTO,8,13,S,SRT,3016
8/21/2019,05:56,Wednesday,KENNEDY BD STATION,MUSC,0,0,W,BD,5312
8/21/2019,05:59,Wednesday,WILSON STATION,MUATC,8,12,S,YU,5546
8/21/2019,06:26,Wednesday,SHEPPARD WEST STATION,EUNT,4,8,N,YU,5896
8/21/2019,06:31,Wednesday,ST CLAIR WEST STATION,MUATC,0,0,S,YU,5466
8/21/2019,06:44,Wednesday,KENNEDY BD STATION,MUSC,0,0,W,BD,5127
8/21/2019,06:52,Wednesday,KENNEDY BD STATION,EUBK,0,0,W,BD,5164
8/21/2019,07:01,Wednesday,MAIN STREET STATION,MUDD,4,6,E,BD,5098
8/21/2019,07:05,Wednesday,WOODBINE STATION,MUSC,3,5,W,BD,5299
8/21/2019,07:29,Wednesday,KENNEDY BD STATION,MUDD,3,5,W,BD,5008
8/21/2019,08:01,Wednesday,SHEPPARD-YONGE STATION,TUSC,3,8,E,SHP,6171
8/21/2019,08:03,Wednesday,MIDLAND STATION,MRUIR,3,8,S,SRT,3002
8/21/2019,08:21,Wednesday,YORK MILLS STATION,TUSC,0,0,S,YU,5846
8/21/2019,08:25,Wednesday,WELLESLEY STATION,EUSC,3,5,S,YU,6076
8/21/2019,08:35,Wednesday,YORK MILLS STATION,MUI,14,16,S,YU,5506
8/21/2019,09:46,Wednesday,CHRISTIE STATION,TUSC,0,0,E,BD,5222
8/21/2019,09:47,Wednesday,ST ANDREW STATION,SUAP,6,8,N,YU,5481
8/21/2019,09:53,Wednesday,VICTORIA PARK STATION,EUTR,3,6,W,BD,5272
8/21/2019,10:51,Wednesday,SRT LINE,PRO,3,8,,SRT,0
8/21/2019,11:29,Wednesday,WARDEN STATION,MUSC,0,0,E,BD,5291
8/21/2019,11:45,Wednesday,YONGE UNIVERSITY LINE,MUGD,0,0,,YU,0
8/21/2019,12:15,Wednesday,DON MILLS STATION,PUSNT,3,8,W,SHP,6171
8/21/2019,13:00,Wednesday,SHEPPARD WEST STATION,EUO,4,8,S,YU,5396
8/21/2019,13:05,Wednesday,DUNDAS STATION,MUIE,0,0,,YU,0
8/21/2019,13:25,Wednesday,DONLANDS STATION,MUI,34,37,W,BD,5312
8/21/2019,13:27,Wednesday,SHEPPARD STATION,MUSC,0,0,N,YU,5711
8/21/2019,13:53,Wednesday,SRT LINE,MRWEA,0,0,,SRT,0
8/21/2019,14:22,Wednesday,COXWELL STATION,TUNOA,5,8,W,BD,5038
8/21/2019,14:26,Wednesday,JANE STATION,TUSC,0,0,W,BD,5119
8/21/2019,14:43,Wednesday,MCCOWAN STATION,ERDO,5,10,,SRT,3014
8/21/2019,15:04,Wednesday,BATHURST STATION,EUBK,0,0,W,BD,5213
8/21/2019,15:06,Wednesday,OSSINGTON STATION,SUDP,9,12,W,BD,5190
8/21/2019,15:08,Wednesday,LANSDOWNE STATION,MUIS,0,0,,BD,0
8/21/2019,15:09,Wednesday,LAWRENCE STATION,SUDP,0,0,N,YU,5806
8/21/2019,15:14,Wednesday,SUMMERHILL STATION,SUO,0,0,N,YU,0
8/21/2019,15:20,Wednesday,KEELE STATION,SUDP,6,9,W,BD,5190
8/21/2019,15:37,Wednesday,BATHURST STATION,SUDP,5,8,W,BD,5279
8/21/2019,16:08,Wednesday,YONGE BD STATION,PUMST,0,0,,BD,0
8/21/2019,16:30,Wednesday,KIPLING STATION,TUSUP,5,8,E,BD,5066
8/21/2019,16:36,Wednesday,YORK UNIVERSITY STATIO,MUPAA,0,0,N,YU,5981
8/21/2019,17:17,Wednesday,COXWELL STATION,TUNOA,6,9,E,BD,5248
8/21/2019,17:17,Wednesday,COXWELL STATION,TUNOA,5,8,W,BD,5280
8/21/2019,17:26,Wednesday,SHERBOURNE STATION,EUBK,0,0,E,BD,5386
8/21/2019,17:50,Wednesday,ST CLAIR STATION,MUSC,0,0,S,YU,5951
8/21/2019,18:05,Wednesday,OSSINGTON STATION,PUMEL,0,0,,BD,0
8/21/2019,18:24,Wednesday,ST GEORGE YUS STATION,MUPAA,0,0,N,YU,6021
8/21/2019,18:56,Wednesday,DAVISVILLE STATION,SUDP,6,8,N,YU,6126
8/21/2019,19:00,Wednesday,BATHURST STATION,MUSC,0,0,E,BD,5343
8/21/2019,19:03,Wednesday,EGLINTON STATION,MUPAA,0,0,S,YU,5836
8/21/2019,19:33,Wednesday,LAWRENCE WEST STATION,MUIS,0,0,,YU,0
8/21/2019,19:48,Wednesday,YORK MILLS STATION,TUSC,0,0,N,YU,5486
8/21/2019,21:26,Wednesday,HIGHWAY 407 STATION,MUIS,0,0,,YU,0
8/21/2019,21:30,Wednesday,YORK MILLS STATION,TUOS,3,7,S,YU,5756
8/21/2019,21:51,Wednesday,COLLEGE STATION,SUUT,4,7,S,YU,5756
8/21/2019,22:00,Wednesday,YUS/BD/SHEPPARD SUBWAY,MUO,0,0,,YU/BD,0
8/21/2019,22:43,Wednesday,YONGE BD STATION,MUI,0,0,W,BD,5235
8/21/2019,22:47,Wednesday,VAUGHAN MC STATION,MUIE,5,10,N,YU,5756
8/21/2019,23:13,Wednesday,FINCH STATION,MUNOA,5,10,,YU,5911
8/22/2019,00:15,Thursday,ST CLAIR WEST STATION,SUDP,0,0,,YU,0
8/22/2019,00:54,Thursday,GREENWOOD STATION,TUSC,0,0,W,BD,5257
8/22/2019,00:59,Thursday,GREENWOOD STATION,TUSC,0,0,W,BD,5106
8/22/2019,01:09,Thursday,ST PATRICK STATION,EUVE,5,10,S,YU,5811
8/22/2019,01:09,Thursday,DONLANDS STATION,TUSC,0,0,W,BD,5014
8/22/2019,01:48,Thursday,QUEEN STATION,MUIS,0,0,S,YU,0
8/22/2019,02:04,Thursday,ST CLAIR STATION,SUDP,0,0,,YU,0
8/22/2019,05:32,Thursday,FINCH STATION,TUSC,0,0,S,YU,5981
8/22/2019,06:17,Thursday,COXWELL STATION,MUSC,0,0,E,BD,5069
8/22/2019,06:27,Thursday,GLENCAIRN STATION,MUATC,4,6,S,YU,5471
8/22/2019,06:28,Thursday,FINCH WEST STATION,MUATC,4,8,N,YU,5716
8/22/2019,06:40,Thursday,ST GEORGE BD STATION,EUSC,0,0,W,BD,5058
8/22/2019,06:43,Thursday,ISLINGTON STATION,PUTO,0,0,E,BD,5248
8/22/2019,06:48,Thursday,GREENWOOD STATION,MUSC,0,0,E,BD,5127
8/22/2019,07:13,Thursday,DUPONT STATION,MUATC,5,7,N,YU,6071
8/22/2019,07:51,Thursday,MAIN STREET STATION,SUDP,0,0,,BD,0
8/22/2019,08:16,Thursday,MAIN STREET STATION,MUPLC,0,0,,BD,0
8/22/2019,08:56,Thursday,FINCH STATION,MUTO,3,5,S,YU,6036
8/22/2019,08:59,Thursday,KIPLING STATION,MUSAN,0,0,W,BD,5229
8/22/2019,09:15,Thursday,QUEEN'S PARK STATION,TUATC,0,0,S,YU,6056
8/22/2019,09:43,Thursday,VAUGHAN MC STATION,TUATC,4,7,S,YU,5381
8/22/2019,10:54,Thursday,ROYAL YORK STATION,EUSC,0,0,E,BD,5269
8/22/2019,10:55,Thursday,BLOOR STATION,MUIS,0,0,N,YU,0
8/22/2019,11:12,Thursday,OSGOODE STATION,TUMVS,3,6,S,YU,5421
8/22/2019,11:20,Thursday,YORK MILLS STATION,MUIR,5,8,S,YU,5386
8/22/2019,11:49,Thursday,KENNEDY BD STATION,TUS,3,6,W,BD,5276
8/22/2019,11:58,Thursday,WARDEN STATION,TUS,3,6,W,BD,5102
8/22/2019,12:04,Thursday,ST PATRICK STATION,MUATC,0,0,N,YU,5451
8/22/2019,12:12,Thursday,ST CLAIR STATION,MUIR,4,7,S,YU,5426
8/22/2019,12:39,Thursday,OSGOODE STATION,MUPAA,0,0,N,YU,5816
8/22/2019,13:19,Thursday,ST GEORGE YUS STATION,MUATC,7,10,N,YU,5746
8/22/2019,13:21,Thursday,COXWELL STATION,MUIS,0,0,,BD,0
8/22/2019,14:16,Thursday,BLOOR STATION,MUIS,0,0,N,YU,0
8/22/2019,14:17,Thursday,DUNDAS STATION,MUIS,0,0,N,YU,0
8/22/2019,15:03,Thursday,DUFFERIN STATION,MUI,13,19,W,BD,5072
8/22/2019,15:31,Thursday,COLLEGE STATION,SUAP,0,0,S,YU,0
8/22/2019,15:50,Thursday,KIPLING STATION,MUSC,0,0,E,BD,5127
8/22/2019,16:29,Thursday,DUNDAS WEST STATION,MUPAA,5,8,W,BD,5117
8/22/2019,17:03,Thursday,KENNEDY BD STATION,TUSC,0,0,E,BD,5038
8/22/2019,17:24,Thursday,OSSINGTON STATION,TUSC,0,0,E,BD,5198
8/22/2019,17:54,Thursday,UNION STATION,SUDP,4,6,N,YU,5791
8/22/2019,17:56,Thursday,DUNDAS STATION,MUIR,0,0,S,YU,5411
8/22/2019,18:06,Thursday,ISLINGTON STATION,EUSC,0,0,E,BD,5269
8/22/2019,18:06,Thursday,BLOOR STATION,MUIRS,0,0,N,YU,0
8/22/2019,18:22,Thursday,VAUGHAN MC STATION,TUO,3,6,S,YU,5856
8/22/2019,19:14,Thursday,JANE STATION,MUIS,0,0,W,BD,5167
8/22/2019,19:48,Thursday,KENNEDY BD STATION,MUIR,3,6,W,BD,5239
8/22/2019,21:25,Thursday,YORKDALE STATION,TUSC,0,0,S,YU,5876
8/22/2019,21:31,Thursday,SPADINA BD STATION,MUIS,0,0,,BD,0
8/22/2019,22:00,Thursday,YUS/BD/SHEPPARD SUBWAY,MUO,0,0,,YU/BD,0
8/22/2019,22:30,Thursday,DONLANDS STATION,SUDP,3,7,E,BD,5086
8/22/2019,23:41,Thursday,COLLEGE STATION,SUO,0,0,S,YU,5631
8/23/2019,00:07,Friday,FINCH STATION,PUMEL,0,0,,YU,0
8/23/2019,01:25,Friday,FINCH STATION,MUIS,0,0,,YU,0
8/23/2019,01:44,Friday,YORK MILLS STATION,TUSC,0,0,S,YU,5491
8/23/2019,02:24,Friday,KIPLING STATION,MUIS,0,0,E,BD,0
8/23/2019,05:37,Friday,KENNEDY BD STATION,TUSC,0,0,W,BD,5257
8/23/2019,06:00,Friday,KIPLING STATION,MUSC,0,0,E,BD,5127
8/23/2019,06:24,Friday,DONLANDS STATION,TUSUP,4,8,W,BD,5017
8/23/2019,06:55,Friday,COXWELL STATION,TUO,0,0,E,BD,5221
8/23/2019,07:14,Friday,FINCH STATION,MUTO,5,7,S,YU,5796
8/23/2019,07:28,Friday,ST CLAIR WEST STATION,EUDO,11,13,N,YU,6096
8/23/2019,08:13,Friday,KENNEDY BD STATION,MUSC,0,0,E,BD,5272
8/23/2019,08:39,Friday,YORK MILLS STATION,MUSC,0,0,N,YU,5711
8/23/2019,08:50,Friday,YORK MILLS STATION,MUIS,0,0,,YU,0
8/23/2019,09:21,Friday,COXWELL STATION,MUTO,0,0,E,BD,5118
8/23/2019,09:45,Friday,COLLEGE STATION,MUPR1,108,111,N,YU,5586
8/23/2019,10:18,Friday,ST CLAIR WEST STATION,MUIS,0,0,N,YU,0
8/23/2019,10:50,Friday,OSSINGTON STATION,MUTO,0,0,E,BD,5064
8/23/2019,11:23,Friday,HIGH PARK STATION,MUNCA,0,0,,BD,0
8/23/2019,11:29,Friday,JANE STATION,TUSC,0,0,W,BD,5362
8/23/2019,11:58,Friday,COXWELL STATION,TUSC,0,0,W,BD,5017
8/23/2019,12:16,Friday,KENNEDY BD STATION,TUSC,0,0,E,BD,5248
8/23/2019,13:05,Friday,BLOOR STATION,MUTO,5,8,N,YU,5711
8/23/2019,16:25,Friday,DUNDAS STATION,MUPAA,3,5,N,YU,5641
8/23/2019,16:30,Friday,KENNEDY BD STATION,MUIS,0,0,,BD,0
8/23/2019,16:45,Friday,ROSEDALE STATION,EUNT,3,5,N,YU,5766
8/23/2019,17:00,Friday,UNION STATION,TUMVS,0,0,S,YU,5831
8/23/2019,17:02,Friday,KIPLING STATION,TUMVS,12,15,W,BD,5090
8/23/2019,17:18,Friday,LANSDOWNE STATION,EUPI,3,6,E,BD,5215
8/23/2019,17:50,Friday,FINCH STATION,MUSC,0,0,S,YU,5421
8/23/2019,18:03,Friday,WOODBINE STATION,SUDP,0,0,E,BD,5310
8/23/2019,18:20,Friday,WARDEN STATION,TUO,6,9,E,BD,5299
8/23/2019,18:29,Friday,QUEEN STATION,PUMEL,0,0,,YU,0
8/23/2019,18:59,Friday,OSGOODE STATION,TUSC,0,0,N,YU,5651
8/23/2019,19:06,Friday,DUPONT STATION,MUIS,0,0,,YU,0
8/23/2019,19:50,Friday,YORK UNIVERSITY STATIO,EUBK,4,7,S,YU,5991
8/23/2019,20:00,Friday,UNION STATION,MUIS,5,8,N,YU,6091
8/23/2019,21:57,Friday,JANE STATION,MUSC,0,0,E,BD,5321
8/23/2019,21:57,Friday,DON MILLS STATION,SUCOL,11,16,W,SHP,6146
8/23/2019,22:00,Friday,YUS/BD/SHEPPARD SUBWAY,MUO,0,0,,YU/BD,0
8/23/2019,22:05,Friday,GREENWOOD YARD,PUSNT,0,0,E,BD,5330
8/23/2019,22:06,Friday,FINCH STATION,MUSC,0,0,S,YU,6051
8/23/2019,22:11,Friday,KENNEDY BD STATION,MUTO,5,9,W,BD,5128
8/23/2019,22:22,Friday,BATHURST STATION,MUIS,0,0,E,BD,5167
8/23/2019,23:55,Friday,FINCH STATION,MUSC,0,0,S,YU,5601
8/24/2019,00:37,Saturday,WOODBINE STATION,MUIS,0,0,E,BD,5269
8/24/2019,01:43,Saturday,ROYAL YORK STATION,TUSC,0,0,E,BD,5269
8/24/2019,05:34,Saturday,ST CLAIR STATION,PUTWZ,6,11,N,YU,5976
8/24/2019,06:00,Saturday,YUS/BD/SHEPPARD SUBWAY,MUO,0,0,,YU,0
8/24/2019,06:25,Saturday,ST CLAIR STATION,PUSO,10,15,S,YU,5416
8/24/2019,08:14,Saturday,SHEPPARD WEST STATION,SUAP,4,9,S,YU,5971
8/24/2019,09:53,Saturday,ST CLAIR STATION,MUIS,0,0,,YU,0
8/24/2019,10:43,Saturday,FINCH WEST STATION,PUMEL,0,0,,YU,0
8/24/2019,11:52,Saturday,KIPLING STATION,PUSSW,0,0,W,BD,5173
8/24/2019,12:17,Saturday,ROYAL YORK STATION,MUIRS,0,0,,BD,0
8/24/2019,12:39,Saturday,YONGE BD STATION,SUO,0,0,W,BD,5021
8/24/2019,12:41,Saturday,BLOOR STATION,SUO,0,0,S,YU,5591
8/24/2019,13:35,Saturday,SUMMERHILL STATION,SUDP,0,0,N,YU,5856
8/24/2019,14:46,Saturday,SUMMERHILL STATION,MUPAA,0,0,N,YU,5951
8/24/2019,14:47,Saturday,ST GEORGE BD STATION,MUSC,0,0,W,BD,5225
8/24/2019,15:22,Saturday,HIGH PARK STATION,MUIS,0,0,E,BD,0
8/24/2019,15:50,Saturday,YORKDALE STATION,MUPAA,0,0,N,YU,5961
8/24/2019,15:54,Saturday,DUNDAS WEST STATION,MUI,5,9,W,BD,5179
8/24/2019,15:57,Saturday,SPADINA BD STATION,MUIS,0,0,,BD,0
8/24/2019,16:32,Saturday,NORTH YORK CTR STATION,TUOS,0,0,N,YU,6066
8/24/2019,16:35,Saturday,DOWNSVIEW PARK STATION,MUPAA,0,0,S,YU,5686
8/24/2019,17:14,Saturday,COXWELL STATION,MUNCA,0,0,,BD,0
8/24/2019,17:52,Saturday,KIPLING STATION,TUSC,0,0,W,BD,5014
8/24/2019,18:08,Saturday,ST GEORGE YUS STATION,MUPAA,0,0,S,YU,5751
8/24/2019,18:29,Saturday,ST CLAIR STATION,MUSC,0,0,S,YU,5741
8/24/2019,18:54,Saturday,KENNEDY BD STATION,MUSC,0,0,W,BD,5310
8/24/2019,19:12,Saturday,DUNDAS STATION,MUIS,0,0,N,YU,0
8/24/2019,19:41,Saturday,LESLIE STATION,MUIS,0,0,,SHP,0
8/24/2019,20:43,Saturday,KEELE STATION,SUDP,0,0,E,BD,5086
8/24/2019,20:51,Saturday,ST ANDREW STATION,MUIS,0,0,N,YU,0
8/24/2019,21:09,Saturday,BLOOR STATION,MUIS,0,0,N,YU,0
8/24/2019,21:21,Saturday,KEELE STATION,SUUT,14,18,E,BD,5012
8/24/2019,21:35,Saturday,NORTH YORK CTR STATION,TUOS,0,0,N,YU,6066
8/24/2019,21:49,Saturday,KIPLING STATION,PUSSW,0,0,W,BD,5083
8/24/2019,21:55,Saturday,NORTH YORK CTR STATION,TUSC,0,0,N,YU,6066
8/24/2019,22:00,Saturday,YUS/BD/SHEPPARD SUBWAY,MUO,0,0,,YU - BD,0
8/24/2019,23:02,Saturday,ROYAL YORK STATION,SUEAS,10,14,E,BD,5093
8/25/2019,00:06,Sunday,DUNDAS WEST STATION,TUSC,0,0,W,BD,5275
8/25/2019,00:34,Sunday,JANE STATION,MUIS,0,0,,BD,0
8/25/2019,01:42,Sunday,KIPLING STATION,MUI,0,0,E,BD,5083
8/25/2019,02:26,Sunday,KIPLING STATION,TUMVS,0,0,W,BD,5017
8/25/2019,02:35,Sunday,SHEPPARD-YONGE STATION,PUCSC,0,0,W,SHP,6156
8/25/2019,08:00,Sunday,BLOOR DANFORTH SUBWAY,MUO,0,0,,BD,0
8/25/2019,08:00,Sunday,YUS/BD/SHEPPARD SUBWAY,MUO,0,0,,YU,0
8/25/2019,08:18,Sunday,SUMMERHILL STATION,MUO,3,8,S,YU,5616
8/25/2019,08:21,Sunday,BROADVIEW STATION,MUSC,0,0,W,BD,5355
8/25/2019,08:29,Sunday,KIPLING STATION,PUSSW,0,0,,BD,0
8/25/2019,09:27,Sunday,ROYAL YORK STATION,TUSC,0,0,E,BD,5244
8/25/2019,09:30,Sunday,UNION STATION,PUMEL,0,0,,YU,0
8/25/2019,09:43,Sunday,BROADVIEW STATION,MUSC,0,0,W,BD,5355
8/25/2019,10:33,Sunday,JANE STATION,TUSC,0,0,W,BD,5017
8/25/2019,12:24,Sunday,WILSON STATION,SUUT,0,0,N,YU,5696
8/25/2019,12:35,Sunday,FINCH WEST STATION,PUMEL,0,0,,YU,0
8/25/2019,12:44,Sunday,ISLINGTON STATION,MUDD,3,7,E,BD,5122
8/25/2019,13:13,Sunday,BLOOR SATION,MUPLB,8,12,N,YU,5626
8/25/2019,15:28,Sunday,VAUGHAN MC STATION,TUNOA,5,10,S,YU,5501
8/25/2019,15:30,Sunday,BESSARION STATION,MUNCA,0,0,,SHP,0
8/25/2019,15:56,Sunday,ROYAL YORK STATION,TUSC,0,0,E,BD,5247
8/25/2019,16:11,Sunday,BLOOR STATION,PUEWZ,5,10,S,YU,5871
8/25/2019,17:11,Sunday,VICTORIA PARK STATION,MUNCA,0,0,,BD,0
8/25/2019,17:12,Sunday,VICTORIA PARK STATION,MUPAA,0,0,E,BD,5299
8/25/2019,17:46,Sunday,WARDEN STATION,SUO,0,0,W,BD,5017
8/25/2019,17:56,Sunday,SHEPPARD STATION,TUSC,0,0,N,YU,6046
8/25/2019,18:16,Sunday,ST CLAIR STATION,EUPI,5,10,S,YU,5611
8/25/2019,19:44,Sunday,FINCH STATION,PUMEL,0,0,,YU,0
8/25/2019,20:34,Sunday,SHEPPARD-YONGE STATION,TUSC,0,0,E,SHP,6161
8/25/2019,20:43,Sunday,OLD MILL STATION,TUSC,0,0,W,BD,5279
8/25/2019,21:45,Sunday,PIONEER VILLAGE STATIO,EUDO,7,12,S,YU,5816
8/25/2019,22:00,Sunday,YUS/BD/SHEPPARD SUBWAY,MUO,0,0,,YU / BD,0
8/25/2019,22:19,Sunday,ST CLAIR STATION,PUMEL,0,0,,YU,0
8/25/2019,22:45,Sunday,WARDEN STATION,MUIR,5,9,E,BD,5220
8/26/2019,01:06,Monday,WARDEN STATION,PUMEL,0,0,,BD,0
8/26/2019,02:53,Monday,VICTORIA PARK STATION,MUIE,0,0,,BD,0
8/26/2019,05:14,Monday,YONGE BD STATION,MUNCA,0,0,,BD,0
8/26/2019,06:03,Monday,COXWELL STATION,MUSC,0,0,E,BD,5336
8/26/2019,06:20,Monday,CHESTER STATION,EUBK,5,7,W,BD,5240
8/26/2019,06:21,Monday,ST GEORGE YUS STATION,MUATC,0,0,S,YU,5936
8/26/2019,06:29,Monday,GREENWOOD YARD,MUPLB,14,17,E,BD,5140
8/26/2019,06:40,Monday,SCARBOROUGH CTR STATIO,ERDO,4,9,S,SRT,3014
8/26/2019,06:56,Monday,ST PATRICK STATION,TUATC,6,8,S,YU,5546
8/26/2019,07:10,Monday,GREENWOOD STATION,TUSC,0,0,E,BD,5104
8/26/2019,07:17,Monday,GREENWOOD STATION,MUSC,0,0,E,BD,5365
8/26/2019,07:25,Monday,YORK MILLS STATION,TUSC,0,0,S,YU,5741
8/26/2019,07:34,Monday,KENNEDY BD STATION,TUSC,3,5,W,BD,5058
8/26/2019,07:59,Monday,GLENCAIRN STATION,EUDO,5,7,S,YU,5496
8/26/2019,08:09,Monday,ISLINGTON STATION,MUTD,4,6,E,BD,5106
8/26/2019,08:09,Monday,YORK MILLS STATION,TUSC,0,0,S,YU,5391
8/26/2019,09:07,Monday,MUSEUM STATION,MUATC,0,0,S,YU,6016
8/26/2019,09:14,Monday,PIONEER VILLAGE STATIO,PUMEL,0,0,,YU,0
8/26/2019,09:21,Monday,COLLEGE STATION,PUMEL,0,0,,YU,0
8/26/2019,09:32,Monday,QUEEN'S PARK STATION,MUI,14,16,S,YU,6036
8/26/2019,09:43,Monday,MUSEUM STATION,MUI,5,7,S,YU,5766
8/26/2019,09:56,Monday,FINCH WEST STATION,MUIRS,0,0,,YU,0
8/26/2019,09:57,Monday,DAVISVILLE STATION,TUMVS,0,0,N,YU,5651
8/26/2019,10:20,Monday,UNION STATION,TUMVS,0,0,S,YU,5976
8/26/2019,10:53,Monday,ROYAL YORK STATION,TUSC,0,0,E,BD,5336
8/26/2019,11:15,Monday,KIPLING STATION,MUTO,3,6,W,BD,5119
8/26/2019,11:21,Monday,HIGHWAY 407 STATION,MUATC,3,6,S,YU,5416
8/26/2019,11:24,Monday,ISLINGTON STATION,MUTD,0,0,W,BD,5316
8/26/2019,11:42,Monday,OSSINGTON STATION,MUTO,3,6,E,BD,5004
8/26/2019,12:52,Monday,YONGE BD STATION,MUIRS,0,0,E,BD,0
8/26/2019,12:53,Monday,KING STATION,TUMVS,0,0,S,YU,5931
8/26/2019,12:55,Monday,JANE STATION,PUMEL,0,0,,BD,0
8/26/2019,12:58,Monday,VICTORIA PARK STATION,MUIS,0,0,E,BD,0
8/26/2019,13:55,Monday,MIDLAND STATION,SRO,4,11,S,SRT,3010
8/26/2019,14:40,Monday,JANE STATION,PUMEL,0,0,E,BD,0
8/26/2019,15:50,Monday,BATHURST STATION,MUDD,7,10,W,BD,5287
8/26/2019,16:26,Monday,SHEPPARD-YONGE STATION,MUSC,0,0,E,SHP,6141
8/26/2019,16:40,Monday,OLD MILL STATION,TUSC,0,0,W,BD,5273
8/26/2019,17:46,Monday,LAWRENCE STATION,MUIS,0,0,N,YU,0
8/26/2019,18:09,Monday,YORK MILLS STATION,MUPAA,0,0,N,YU,5666
8/26/2019,18:31,Monday,DONLANDS STATION,EULT,3,6,E,BD,5336
8/26/2019,19:07,Monday,COXWELL STATION,MUPAA,4,7,E,BD,5140
8/26/2019,19:34,Monday,FINCH STATION,EUTRD,6,9,S,YU,6001
8/26/2019,19:44,Monday,VAUGHAN MC STATION,MUTO,3,6,S,YU,6026
8/26/2019,20:22,Monday,ROSEDALE STATION,SUDP,0,0,S,YU,5516
8/26/2019,20:38,Monday,OSSINGTON STATION,TUSC,0,0,E,BD,5140
8/26/2019,20:48,Monday,KENNEDY BD STATION,MUPAA,0,0,E,BD,5292
8/26/2019,21:11,Monday,LAWRENCE WEST STATION,PUMEL,0,0,,YU,0
8/26/2019,21:34,Monday,SHEPPARD WEST STATION,EUBO,3,6,S,YU,5511
8/26/2019,21:50,Monday,KENNEDY BD STATION,TUSC,0,0,E,BD,5115
8/26/2019,22:00,Monday,YUS/BD/SHEPPARD SUBWAY,MUO,0,0,,YU/BD,0
8/26/2019,22:23,Monday,SPADINA BD STATION,MUIS,0,0,,BD,0
8/26/2019,22:35,Monday,KIPLING STATION,MUTO,0,0,E,BD,5002
8/26/2019,23:09,Monday,COXWELL STATION,TUS,4,8,W,BD,5366
8/27/2019,01:45,Tuesday,LANSDOWNE STATION,SUDP,0,0,W,BD,5345
8/27/2019,01:50,Tuesday,ST PATRICK STATION,TUATC,0,0,S,YU,5966
8/27/2019,03:40,Tuesday,ELLIS BRIDGE,SUO,0,0,S,YU,0
8/27/2019,05:45,Tuesday,FINCH STATION,MUSC,4,8,S,YU,6126
8/27/2019,05:51,Tuesday,SHEPPARD WEST STATION,TUNIP,3,0,N,YU,5456
8/27/2019,05:54,Tuesday,DUNDAS WEST STATION,MUSC,4,0,E,BD,5380
8/27/2019,05:57,Tuesday,GREENWOOD STATION,MUSC,4,9,E,BD,5328
8/27/2019,06:05,Tuesday,DUNDAS WEST STATION,MUSC,0,0,E,BD,5053
8/27/2019,06:39,Tuesday,VICTORIA PARK STATION,MUSC,0,0,W,BD,5368
8/27/2019,06:49,Tuesday,VAUGHAN MC STATION,EUAC,4,8,S,YU,5676
8/27/2019,07:03,Tuesday,UNION STATION,MUIS,0,0,,YU,0
8/27/2019,07:17,Tuesday,JANE STATION,TUSC,0,0,W,BD,5210
8/27/2019,07:31,Tuesday,KENNEDY BD STATION,EUSC,0,0,W,BD,5153
8/27/2019,08:13,Tuesday,ST CLAIR WEST STATION,SUDP,3,5,N,YU,5491
8/27/2019,08:15,Tuesday,FINCH STATION,EUCD,4,6,S,YU,5676
8/27/2019,08:36,Tuesday,FINCH STATION,MUO,3,5,S,YU,5711
8/27/2019,09:16,Tuesday,ST CLAIR STATION,MUSC,0,0,S,YU,5391
8/27/2019,09:48,Tuesday,CHESTER STATION,TUMVS,0,0,E,BD,5360
8/27/2019,10:57,Tuesday,BAY STATION,SUROB,0,0,W,BD,0
8/27/2019,11:01,Tuesday,BAYVIEW STATION,PUSNT,7,9,W,SHP,6181
8/27/2019,11:17,Tuesday,JANE STATION,PUMEL,0,0,,BD,0
8/27/2019,11:45,Tuesday,YUS/BD/SHEPPARD SUBWAY,MUGD,0,0,,YU,0
8/27/2019,12:29,Tuesday,WOODBINE STATION,SUDP,0,0,E,BD,5295
8/27/2019,12:42,Tuesday,FINCH STATION,TUSC,0,0,N,YU,6091
8/27/2019,12:43,Tuesday,LAWRENCE STATION,SUO,0,0,S,YU,0
8/27/2019,12:51,Tuesday,KIPLING STATION,MUSC,0,0,W,BD,5210
8/27/2019,13:17,Tuesday,KIPLING STATION,MUPAA,0,0,E,BD,5082
8/27/2019,13:32,Tuesday,OLD MILL STATION,MUIRS,0,0,E,BD,5086
8/27/2019,13:50,Tuesday,ISLINGTON STATION,MUSC,0,0,W,BD,5236
8/27/2019,14:42,Tuesday,QUEEN STATION,SUSP,37,40,S,YU,5931
8/27/2019,15:11,Tuesday,WILSON STATION,MUO,3,8,S,YU,6056
8/27/2019,15:44,Tuesday,ST GEORGE BD STATION,MUIS,0,0,,YU,0
8/27/2019,15:49,Tuesday,KENNEDY BD STATION,TUNIP,3,6,W,BD,5051
8/27/2019,15:54,Tuesday,DAVISVILLE HOSTLER,EUBO,10,13,S,YU,5671
8/27/2019,16:15,Tuesday,FINCH STATION,MUIRS,0,0,,YU,0
8/27/2019,16:20,Tuesday,SHEPPARD STATION,MUSC,0,0,N,YU,5841
8/27/2019,16:47,Tuesday,VAUGHAN MC STATION,TUNIP,3,6,S,YU,5821
8/27/2019,16:59,Tuesday,SPADINA BD STATION,MUIRS,0,0,E,BD,0
8/27/2019,17:17,Tuesday,VAUGHAN MC STATION,TUATC,3,5,S,YU,5676
8/27/2019,17:29,Tuesday,COXWELL STATION,MUCL,3,6,W,BD,5010
8/27/2019,17:29,Tuesday,YORK MILLS STATION,TUMVS,0,0,S,YU,5921
8/27/2019,18:14,Tuesday,GLENCAIRN STATION,MUPAA,0,0,S,YU,5841
8/27/2019,18:20,Tuesday,PAPE STATION,MUIS,0,0,W,BD,0
8/27/2019,18:21,Tuesday,SPADINA BD STATION,MUIS,0,0,,BD,0
8/27/2019,18:33,Tuesday,WILSON CARHOUSE,MUO,0,0,,YU,0
8/27/2019,18:48,Tuesday,WILSON STATION- HOSTLE,TUATC,3,6,S,YU,5391
8/27/2019,19:30,Tuesday,KIPLING STATION,MUTO,3,6,E,BD,5073
8/27/2019,19:42,Tuesday,OSSINGTON STATION,TUSC,0,0,E,BD,5093
8/27/2019,19:58,Tuesday,VICTORIA PARK STATION,PUMST,0,0,,BD,0
8/27/2019,21:28,Tuesday,KENNEDY BD STATION,PUMO,0,0,,BD,0
8/27/2019,21:30,Tuesday,VAUGHAN MC STATION,MUTO,4,8,S,YU,5476
8/27/2019,22:00,Tuesday,FINCH WEST STATION,EUDO,3,7,S,YU,5936
8/27/2019,22:00,Tuesday,YUS/BD/SHEPPARD SUBWAY,MUO,0,0,,YU/BD,0
8/27/2019,22:05,Tuesday,YORK UNIVERSITY STATIO,EUCD,3,7,S,YU,5936
8/27/2019,22:32,Tuesday,KENNEDY BD STATION,SUAP,0,0,,BD,0
8/27/2019,22:39,Tuesday,WARDEN STATION,EUBK,0,0,E,BD,5308
8/27/2019,23:13,Tuesday,EGLINTON STATION,SUAP,0,0,,YU,0
8/28/2019,00:33,Wednesday,DUPONT STATION,SUDP,7,12,S,YU,5496
8/28/2019,00:49,Wednesday,OSGOODE STATION,MUIS,0,0,N,YU,0
8/28/2019,02:25,Wednesday,WILSON STATION,PUTO,0,0,S,YU,0
8/28/2019,02:52,Wednesday,WILSON SUB STATION,PUMO,0,0,,YU,0
8/28/2019,05:01,Wednesday,KEELE STATION,MUIS,0,0,,BD,0
8/28/2019,05:44,Wednesday,GREENWOOD YARD,PUSI,0,0,E,BD,5191
8/28/2019,05:53,Wednesday,GREENWOOD YARD,PUSI,0,0,E,BD,5168
8/28/2019,05:53,Wednesday,DAVISVILLE STATION,PUSIS,0,0,N,YU,5651
8/28/2019,05:55,Wednesday,BROADVIEW TO YONGE,PUTWZ,18,23,E,BD,5079
8/28/2019,06:10,Wednesday,GREENWOOD STATION,PUSI,0,0,W,BD,5053
8/28/2019,06:25,Wednesday,GREENWOOD YARD,PUSI,0,0,W,BD,5261
8/28/2019,06:31,Wednesday,WARDEN STATION,EUDO,3,6,E,BD,5307
8/28/2019,06:39,Wednesday,SCARBOROUGH CTR STATIO,MRTO,8,13,N,SRT,3001
8/28/2019,06:44,Wednesday,GREENWOOD YARD,PUSI,0,0,W,BD,5082
8/28/2019,06:48,Wednesday,WARDEN STATION,EUDO,6,8,W,BD,5352
8/28/2019,06:49,Wednesday,WARDEN STATION,EUSC,0,0,E,BD,5058
8/28/2019,06:54,Wednesday,DONLANDS STATION,MUIS,0,0,,BD,0
8/28/2019,06:58,Wednesday,KENNEDY BD STATION,EUSC,0,0,E,BD,5058
8/28/2019,06:58,Wednesday,GREENWOOD WYE,PUSI,0,0,W,BD,5126
8/28/2019,07:28,Wednesday,WILSON STATION,MUATC,3,5,S,YU,6096
8/28/2019,07:35,Wednesday,CASTLE FRANK STATION,MUSC,0,0,E,BD,5336
8/28/2019,07:36,Wednesday,CASTLE FRANK STATION,MUDD,3,5,E,BD,5168
8/28/2019,07:40,Wednesday,GREENWOOD YARD,PUSI,0,0,E,BD,5123
8/28/2019,07:43,Wednesday,KENNEDY BD STATION,MUIE,0,0,,BD,0
8/28/2019,07:56,Wednesday,BLOOR STATION,MUIRS,0,0,S,YU,0
8/28/2019,08:13,Wednesday,BLOOR STATION,MUI,0,0,S,YU,5381
8/28/2019,08:37,Wednesday,ST PATRICK STATION,MUATC,0,0,S,YU,5651
8/28/2019,08:56,Wednesday,DUNDAS STATION,MUIS,0,0,S,YU,0
8/28/2019,08:58,Wednesday,BLOOR STATION,MUIR,0,0,S,YU,5816
8/28/2019,09:18,Wednesday,OLD MILL STATION,TUO,0,0,E,BD,5220
8/28/2019,09:26,Wednesday,QUEEN'S PARK STATION,MUATC,0,0,S,YU,5471
8/28/2019,09:31,Wednesday,DAVISVILLE STATION,MUIS,0,0,,YU,0
8/28/2019,09:38,Wednesday,SPADINA YUS STATION,MUATC,0,0,N,YU,5856
8/28/2019,09:47,Wednesday,COXWELL STATION,TUNIP,4,7,W,BD,5299
8/28/2019,09:52,Wednesday,DAVISVILLE STATION,MUPAA,3,5,S,YU,5556
8/28/2019,10:16,Wednesday,DUNDAS STATION,SUDP,0,0,,YU,0
8/28/2019,11:14,Wednesday,QUEEN STATION,MUPAA,0,0,S,YU,5971
8/28/2019,11:32,Wednesday,YUS/BD/SHEPPARD SUBWAY,MUGD,0,0,,YU,0
8/28/2019,11:37,Wednesday,MIDLAND STATION,MRUI,0,0,,SRT,0
8/28/2019,12:22,Wednesday,DAVISVILLE STATION,TUO,0,0,S,YU,5696
8/28/2019,12:48,Wednesday,ST CLAIR STATION,TUOS,7,10,S,YU,5556
8/28/2019,12:50,Wednesday,OSSINGTON STATION,EUDO,3,6,W,BD,5352
8/28/2019,12:54,Wednesday,FINCH STATION,TUMVS,0,0,N,YU,6111
8/28/2019,13:30,Wednesday,SHEPPARD-YONGE STATION,TUSC,0,0,W,SHP,6166
8/28/2019,14:04,Wednesday,EGLINTON STATION,PUMEL,0,0,,YU,0
8/28/2019,14:10,Wednesday,MAIN STREET STATION,EUTR,3,6,E,BD,5368
8/28/2019,14:17,Wednesday,SRT LINE,MRWEA,0,0,,SRT,0
8/28/2019,14:29,Wednesday,FINCH STATION,SUCOL,7,10,S,YU,5491
8/28/2019,14:43,Wednesday,OSGOODE STATION,SUDP,0,0,,YU,0
8/28/2019,14:53,Wednesday,YORK MILLS STATION,MUIS,0,0,,YU,0
8/28/2019,15:05,Wednesday,ST PATRICK STATION,MUPAA,0,0,N,YU,5946
8/28/2019,15:26,Wednesday,ISLINGTON STATION,TUSC,0,0,E,BD,5273
8/28/2019,15:31,Wednesday,GREENWOOD YARD,EUME,3,6,,BD,0
8/28/2019,15:51,Wednesday,WELLESLEY STATION,SUSA,0,0,S,YU,0
8/28/2019,16:00,Wednesday,YORK MILLS STATION,MUIRS,0,0,N,YU,5881
8/28/2019,16:29,Wednesday,ST CLAIR STATION,MUIS,0,0,,YU,0
8/28/2019,16:45,Wednesday,KEELE STATION,MUSC,0,0,E,BD,5247
8/28/2019,17:29,Wednesday,OSSINGTON STATION,EUCA,3,6,E,BD,5152
8/28/2019,17:45,Wednesday,SPADINA BD STATION,MUDD,10,13,W,BD,5299
8/28/2019,17:46,Wednesday,SHEPPARD STATION,SUAE,0,0,,YU,0
8/28/2019,17:53,Wednesday,YORKDALE STATION,MUATC,0,0,S,YU,5976
8/28/2019,17:58,Wednesday,WOODBINE STATION,MUIR,6,9,E,BD,5263
8/28/2019,19:06,Wednesday,FINCH STATION,MUPAA,0,0,S,YU,5876
8/28/2019,19:18,Wednesday,LAWRENCE STATION,TUSC,0,0,S,YU,5876
8/28/2019,19:27,Wednesday,ROYAL YORK STATION,SUDP,0,0,E,BD,5168
8/28/2019,20:05,Wednesday,UNION STATION,MUIS,0,0,,YU,0
8/28/2019,20:13,Wednesday,GLENCAIRN STATION,MUPAA,0,0,N,YU,5466
8/28/2019,20:16,Wednesday,YORK MILLS STATION,TUSC,0,0,S,YU,5421
8/28/2019,21:05,Wednesday,ST GEORGE YUS STATION,SUDP,3,6,N,YU,5846
8/28/2019,22:00,Wednesday,YUS/BD/SHEPPARD SUBWAY,MUO,0,0,,YU/BD,0
8/28/2019,22:18,Wednesday,COLLEGE STATION,SUO,0,0,,YU,0
8/28/2019,22:22,Wednesday,COXWELL STATION,TUNIP,4,8,W,BD,5132
8/29/2019,00:41,Thursday,BLOOR STATION,MUIS,0,0,N,YU,0
8/29/2019,01:19,Thursday,WARDEN STATION,PUSTS,6,10,W,BD,5358
8/29/2019,04:34,Thursday,KING STATION,MUIE,0,0,,YU,0
8/29/2019,05:51,Thursday,EGLINTON STATION,PUSTS,9,13,S,YU,5796
8/29/2019,06:28,Thursday,GREENWOOD YARD,PUSI,0,0,W,BD,5043
8/29/2019,06:38,Thursday,GREENWOOD YARD,PUSI,0,0,W,BD,5316
8/29/2019,06:47,Thursday,GREENWOOD STATION,PUSI,0,0,W,BD,5140
8/29/2019,06:52,Thursday,GREENWOOD YARD,PUSI,0,0,W,BD,5086
8/29/2019,06:59,Thursday,GREENWOOD STATION,PUSI,0,0,E,BD,5149
8/29/2019,07:10,Thursday,GREENWOOD STATION,PUSI,0,0,E,BD,5058
8/29/2019,07:11,Thursday,GREENWOOD YARD,PUSI,0,0,E,BD,5330
8/29/2019,07:15,Thursday,WOODBINE STATION,EUSC,0,0,E,BD,5058
8/29/2019,07:19,Thursday,LESLIE STATION,PUEO,3,8,W,SHP,6166
8/29/2019,07:22,Thursday,GREENWOOD STATION,PUSI,3,5,E,BD,5180
8/29/2019,07:36,Thursday,ROYAL YORK STATION,EUDO,5,7,W,BD,5336
8/29/2019,08:17,Thursday,LAWRENCE STATION,TUSC,0,0,S,YU,6046
8/29/2019,08:27,Thursday,COXWELL STATION,MUDD,3,5,W,BD,5316
8/29/2019,08:51,Thursday,PAPE STATION,EUSC,0,0,E,BD,5058
8/29/2019,08:56,Thursday,ST GEORGE YUS STATION,PUMEL,0,0,,YU,0
8/29/2019,08:59,Thursday,BLOOR STATION,MUIR,3,5,S,YU,5831
8/29/2019,08:59,Thursday,SHEPPARD-YONGE STATION,MUTO,0,0,E,SHP,6141
8/29/2019,09:35,Thursday,KING STATION,MUIRS,0,0,S,YU,0
8/29/2019,09:50,Thursday,LESLIE STATION,TUSC,0,0,W,SHP,6166
8/29/2019,09:57,Thursday,LAWRENCE STATION,TUSC,0,0,N,YU,5996
8/29/2019,10:18,Thursday,UNION STATION,PUSO,0,0,N,YU,5871
8/29/2019,10:18,Thursday,YORK MILLS STATION,TUSC,0,0,N,YU,5836
8/29/2019,11:12,Thursday,ISLINGTON STATION,MUSC,0,0,E,BD,5031
8/29/2019,11:37,Thursday,KENNEDY BD STATION,EUDO,3,7,W,BD,5333
8/29/2019,11:45,Thursday,YUS/BD/SHEPPARD SUBWAY,MUGD,0,0,,YU,0
8/29/2019,11:53,Thursday,DAVISVILLE STATION,MUSC,0,0,N,YU,5446
8/29/2019,12:09,Thursday,KIPLING STATION,MUSC,0,0,W,BD,5304
8/29/2019,12:15,Thursday,EGLINTON WEST STATION,SUO,6,9,N,YU,6016
8/29/2019,12:46,Thursday,YORK MILLS STATION,TUSC,0,0,N,YU,5511
8/29/2019,12:47,Thursday,SHEPPARD WEST STATION,EUPI,4,7,S,YU,5606
8/29/2019,13:14,Thursday,FINCH WEST STATION,PUMEL,0,0,,YU,0
8/29/2019,13:40,Thursday,ST CLAIR STATION,EUCD,3,6,N,YU,5606
8/29/2019,14:21,Thursday,LESLIE STATION,TUSC,0,0,W,SHP,6146
8/29/2019,14:55,Thursday,DONLANDS STATION,TUSC,0,0,W,BD,5366
8/29/2019,15:34,Thursday,WOODBINE STATION,SUDP,0,0,W,BD,5333
8/29/2019,15:54,Thursday,EGLINTON STATION,MUNCA,0,0,,YU,0
8/29/2019,16:54,Thursday,SHEPPARD STATION,SUAP,0,0,S,YU,5781
8/29/2019,17:13,Thursday,OLD MILL STATION,TUMVS,0,0,W,BD,5179
8/29/2019,17:14,Thursday,KEELE STATION,MUSC,0,0,E,BD,5167
8/29/2019,18:12,Thursday,SHEPPARD WEST STATION,SUDP,0,0,S,YU,5766
8/29/2019,18:38,Thursday,DUPONT STATION,SUDP,3,5,N,YU,5901
8/29/2019,18:51,Thursday,QUEEN'S PARK STATION,MUIR,4,6,S,YU,5956
8/29/2019,20:36,Thursday,EGLINTON STATION,MUPAA,0,0,N,YU,6076
8/29/2019,20:59,Thursday,GREENWOOD STATION,TUSC,0,0,E,BD,5333
8/29/2019,21:46,Thursday,UNION STATION,PUMST,0,0,,YU,0
8/29/2019,22:00,Thursday,YUS/BD/SHEPPARD SUBWAY,MUO,0,0,,YU/BD,0
8/29/2019,22:13,Thursday,BAY STATION,MUPAA,0,0,E,BD,5224
8/29/2019,22:33,Thursday,CHRISTIE STATION,PUTOE,0,0,E,BD,5009
8/30/2019,00:02,Friday,LAWRENCE WEST STATION,SUDP,4,9,N,YU,5956
8/30/2019,00:33,Friday,GREENWOOD STATION,PUMEL,0,0,E,BD,0
8/30/2019,05:50,Friday,VAUGHAN MC STATION,MUATC,6,0,S,YU,5976
8/30/2019,05:52,Friday,UNION STATION,MUATC,8,0,N,YU,5396
8/30/2019,06:19,Friday,GREENWOOD YARD,PUSI,3,5,E,BD,5215
8/30/2019,06:21,Friday,BATHURST STATION,MUSC,0,0,E,BD,5002
8/30/2019,06:44,Friday,WARDEN STATION,EUSC,0,0,W,BD,5224
8/30/2019,08:04,Friday,SPADINA BD STATION,MUIS,0,0,,BD,0
8/30/2019,08:56,Friday,ST ANDREW STATION,TUMVS,0,0,N,YU,5581
8/30/2019,09:10,Friday,DAVISVILLE STATION,MUIR,3,5,S,YU,5831
8/30/2019,09:45,Friday,KENNEDY BD STATION,TUSC,0,0,E,BD,5128
8/30/2019,10:38,Friday,FINCH WEST STATION,PUMEL,0,0,,YU,0
8/30/2019,10:59,Friday,SHEPPARD-YONGE STATION,MUIS,0,0,,SHP,0
8/30/2019,11:48,Friday,BROADVIEW STATION,EUNT,6,9,W,BD,5164
8/30/2019,11:54,Friday,KEELE STATION,MUSC,0,0,W,BD,5168
8/30/2019,11:59,Friday,BATHURST STATION,MUI,10,13,E,BD,5198
8/30/2019,12:55,Friday,OSSINGTON STATION,PUMEL,0,0,,BD,0
8/30/2019,13:05,Friday,DUNDAS STATION,EUSC,0,0,N,YU,5426
8/30/2019,13:09,Friday,ST CLAIR STATION,EUSC,0,0,N,YU,5426
8/30/2019,13:24,Friday,SHERBOURNE STATION,MUIRS,0,0,W,BD,0
8/30/2019,13:48,Friday,GREENWOOD STATION,MUNCA,0,0,,BD,0
8/30/2019,13:48,Friday,LAWRENCE WEST STATION,MUPAA,0,0,S,YU,5851
8/30/2019,14:06,Friday,FINCH STATION,SUAP,0,0,,YU,0
8/30/2019,14:22,Friday,FINCH STATION,MUPAA,0,0,N,YU,5431
8/30/2019,15:01,Friday,ST CLAIR STATION,SUDP,4,7,S,YU,5856
8/30/2019,15:54,Friday,KEELE STATION,MUSC,0,0,W,BD,6291
8/30/2019,16:22,Friday,ST CLAIR WEST STATION,MUIR,8,10,N,YU,5391
8/30/2019,16:56,Friday,PAPE STATION,EUSC,0,0,W,BD,5108
8/30/2019,17:04,Friday,LESLIE STATION,MUIR,5,11,E,SHP,6176
8/30/2019,17:04,Friday,CHESTER STATION,MUIRS,0,0,,BD,0
8/30/2019,17:18,Friday,WOODBINE STATION,MUIRS,0,0,,BD,0
8/30/2019,17:50,Friday,LAWRENCE STATION,MUIR,6,8,N,YU,5381
8/30/2019,17:58,Friday,ELLESMERE STATION,ERDO,5,11,S,SRT,3000
8/30/2019,18:04,Friday,YORK MILLS STATION,TUSC,0,0,S,YU,5706
8/30/2019,18:24,Friday,VICTORIA PARK STATION,MUIS,0,0,,BD,0
8/30/2019,18:42,Friday,FINCH WEST STATION,SUDP,0,0,S,YU,5431
8/30/2019,19:48,Friday,KIPLING STATION,MUPR1,6,9,W,BD,5051
8/30/2019,20:11,Friday,MUSEUM STATION,MUPAA,0,0,S,YU,5596
8/30/2019,21:39,Friday,WOODBINE STATION,MUPLB,18,22,W,BD,5273
8/30/2019,22:00,Friday,YUS/BD/SHEPPARD SUBWAY,MUO,0,0,,YU/BD,0
8/30/2019,22:36,Friday,WELLESLEY STATION,MUIS,0,0,,YU,0
8/30/2019,22:46,Friday,HIGH PARK STATION,TUOS,0,0,E,BD,5198
8/30/2019,23:33,Friday,FINCH WEST STATION,MUPAA,0,0,N,YU,5981
8/31/2019,01:29,Saturday,CHRISTIE STATION,MUIS,0,0,E,BD,0
8/31/2019,01:49,Saturday,FINCH STATION,MUSC,0,0,,YU,5741
8/31/2019,02:18,Saturday,KIPLING STATION,MUIS,0,0,,BD,0
8/31/2019,07:43,Saturday,DUNDAS WEST STATION,EUDO,3,8,E,BD,5079
8/31/2019,07:44,Saturday,ST GEORGE YUS STATION,MUIRS,0,0,,YU,0
8/31/2019,09:15,Saturday,PAPE STATION,MUIS,0,0,,BD,0
8/31/2019,10:28,Saturday,ST CLAIR WEST STATION,MUTO,4,9,S,YU,5851
8/31/2019,10:39,Saturday,ELLESMERE STATION,ERDO,7,13,N,SRT,3009
8/31/2019,10:42,Saturday,ISLINGTON STATION,MUSC,0,0,E,BD,5046
8/31/2019,11:12,Saturday,DAVISVILLE STATION,MUPAA,0,0,S,YU,6106
8/31/2019,11:12,Saturday,SCARBOROUGH CTR STATIO,SRUT,27,33,S,SRT,3009
8/31/2019,11:38,Saturday,BROADVIEW TO KIPLING S,TUS,5,10,W,BD,5117
8/31/2019,12:59,Saturday,COLLEGE STATION,MUIS,0,0,,YU,0
8/31/2019,14:17,Saturday,SHEPPARD WEST STATION,MUPAA,0,0,N,YU,5821
8/31/2019,14:29,Saturday,DUFFERIN STATION,MUIS,0,0,,BD,0
8/31/2019,14:33,Saturday,YORK MILLS STATION,EUBK,0,0,S,YU,5836
8/31/2019,14:47,Saturday,QUEEN STATION,EUBK,0,0,N,YU,5551
8/31/2019,15:02,Saturday,SHEPPARD-YONGE STATION,MUSC,0,0,W,SHP,6166
8/31/2019,15:25,Saturday,BATHURST STATION,MUIS,0,0,,BD,0
8/31/2019,15:31,Saturday,QUEEN STATION,MUIS,0,0,,YU,0
8/31/2019,16:36,Saturday,BAY STATION,MUSC,0,0,W,BD,5067
8/31/2019,17:04,Saturday,VAUGHAN MC STATION,EUBO,3,6,S,YU,5596
8/31/2019,17:52,Saturday,BROADVIEW STATION,PUMO,0,0,,BD,0
8/31/2019,18:09,Saturday,COXWELL STATION,PUMEL,0,0,,BD,0
8/31/2019,18:15,Saturday,CHRISTIE STATION,MUIR,5,9,W,BD,5273
8/31/2019,18:23,Saturday,WILSON DIVISION,MUIE,0,0,,YU,0
8/31/2019,18:25,Saturday,DAVISVILLE STATION,MUPAA,0,0,N,YU,5951
8/31/2019,18:27,Saturday,DUNDAS WEST STATION,MUIRS,0,0,W,BD,0
8/31/2019,19:08,Saturday,ST CLAIR STATION,MUPAA,0,0,N,YU,5606
8/31/2019,20:58,Saturday,WILSON STATION,MUPAA,0,0,N,YU,5481
8/31/2019,21:14,Saturday,EGLINTON STATION,MUIE,0,0,,YU,0
8/31/2019,21:38,Saturday,EGLINTON STATION,MUIS,0,0,,YU,8822
8/31/2019,21:53,Saturday,EGLINTON STATION,SUO,3,8,S,YU,5591
8/31/2019,22:00,Saturday,YUS/BD/SHEPPARD SUBWAY,MUO,0,0,,YU/BD,0
8/31/2019,23:00,Saturday,DAVISVILLE STATION,EUSC,0,0,S,YU,5916
8/31/2019,23:06,Saturday,KIPLING STATION,MUIS,0,0,,BD,0
8/31/2019,23:17,Saturday,SHERBOURNE STATION,SUDP,0,0,,BD,0
