Date,Time,Day,Station,Code,Min Delay,Min Gap,Bound,Line,Vehicle
8/1/2020,00:21,Saturday,SHEPPARD-YONGE STATION,TUSC,0,0,W,SHP,6151
8/1/2020,00:57,Saturday,ST PATRICK STATION,SUDP,7,12,S,YU,5901
8/1/2020,01:17,Saturday,YORK MILLS STATION (LE,TUSC,0,0,S,YU,5666
8/1/2020,01:40,Saturday,ST GEORGE BD STATION,MUPAA,0,0,W,BD,5082
8/1/2020,01:41,Saturday,FINCH STATION,MUIR,0,0,S,YU,5903
8/1/2020,05:41,Saturday,EGLINTON STATION,MUNOA,5,10,N,YU,0
8/1/2020,05:46,Saturday,WILSON STATION,MUNOA,5,10,S,YU,0
8/1/2020,05:49,Saturday,KEELE STATION,MUO,5,0,W,BD,5241
8/1/2020,05:50,Saturday,WOODBINE STATION,MUO,4,0,E,BD,5097
8/1/2020,06:00,Saturday,BLOOR-DANFORTH LINE,MUO,0,0,,BD,0
8/1/2020,06:01,Saturday,VAUGHAN MC STATION,MUNOA,5,10,,YU,0
8/1/2020,06:20,Saturday,NORTH YORK CTR STATION,MUSC,0,0,S,YU,5731
8/1/2020,06:43,Saturday,WARDEN STATION,MUI,27,33,W,BD,5244
8/1/2020,07:09,Saturday,ST GEORGE YUS STATION,EUDO,10,15,S,YU,5556
8/1/2020,08:11,Saturday,WOODBINE STATION,TUKEY,7,13,E,BD,5286
8/1/2020,08:30,Saturday,YORK MILLS STATION,TUSC,0,0,N,YU,5876
8/1/2020,10:30,Saturday,SCARBOROUGH RAPID TRAN,MRWEA,0,0,B,SRT,0
8/1/2020,10:37,Saturday,KIPLING STATION,MUNOA,6,12,E,BD,5067
8/1/2020,10:57,Saturday,WOODBINE STATION,PUSSW,0,0,W,BD,5140
8/1/2020,11:25,Saturday,DUNDAS WEST STATION,MUIS,0,0,,BD,0
8/1/2020,11:25,Saturday,EGLINTON STATION,MUNOA,4,8,N,YU,0
8/1/2020,12:09,Saturday,DAVISVILLE STATION,PUSTS,0,0,N,YU,5716
8/1/2020,13:09,Saturday,OLD MILL STATION,TUOS,0,0,E,BD,5122
8/1/2020,13:30,Saturday,DAVISVILLE STATION,MUNOA,0,0,,YU,0
8/1/2020,14:06,Saturday,ST GEORGE BD STATION,MUIR,0,0,W,BD,5051
8/1/2020,15:03,Saturday,KIPLING STATION,EUOE,0,0,W,BD,5269
8/1/2020,17:25,Saturday,KING STATION,MUNCA,0,0,,YU,0
8/1/2020,17:26,Saturday,VAUGHAN MC STATION,MUNOA,4,8,S,YU,0
8/1/2020,17:48,Saturday,ST GEORGE BD STATION,MUPAA,3,6,W,BD,5266
8/1/2020,17:58,Saturday,YONGE BD STATION,SUDP,0,0,E,BD,0
8/1/2020,18:09,Saturday,VAUGHAN MC STATION,MUNOA,5,10,S,YU,0
8/1/2020,18:36,Saturday,YORKDALE STATION,EUBO,5,10,S,YU,5851
8/1/2020,19:40,Saturday,KEELE STATION,MUIS,0,0,E,BD,0
8/1/2020,19:43,Saturday,SPADINA YUS STATION,SUUT,16,21,S,YU,5531
8/1/2020,19:51,Saturday,ST CLAIR STATION,EUDO,4,9,S,YU,5656
8/1/2020,20:02,Saturday,MUSEUM STATION,SUDP,0,0,S,YU,5406
8/1/2020,20:30,Saturday,SPADINA YUS STATION,MUPAA,0,0,N,YU,5581
8/1/2020,20:31,Saturday,KEELE STATION,SUAP,0,0,,BD,0
8/1/2020,21:42,Saturday,KIPLING STATION,MUNOA,6,12,E,BD,5267
8/1/2020,22:00,Saturday,YONGE-UNIVERSITY AND B,MUO,0,0,,YU/BD,0
8/1/2020,22:03,Saturday,KIPLING STATION,MUIS,0,0,,BD,0
8/1/2020,22:05,Saturday,FINCH STATION,MUIS,5,10,S,YU,5656
8/1/2020,22:54,Saturday,VAUGHAN MC STATION,MUNOA,5,10,S,YU,0
8/1/2020,22:56,Saturday,DAVISVILLE STATION,EUSC,0,0,S,YU,6011
8/1/2020,23:00,Saturday,BROADVIEW STATION,SUDP,0,0,,BD,0
8/1/2020,23:17,Saturday,SPADINA BD STATION,MUIRS,0,0,E,BD,0
8/1/2020,23:18,Saturday,VAUGHAN MC STATION,MUNOA,5,10,S,YU,0
8/1/2020,23:29,Saturday,VAUGHAN MC STATION,MUNOA,5,10,S,YU,0
8/1/2020,23:50,Saturday,FINCH WEST STATION,PUSSW,57,62,N,YU,5716
8/2/2020,00:04,Sunday,DAVISVILLE YARD,SUAE,0,0,,BD,0
8/2/2020,00:27,Sunday,KENNEDY BD STATION,MUIRS,0,0,,BD,0
8/2/2020,00:28,Sunday,DUNDAS STATION,SUDP,0,0,,YU,0
8/2/2020,01:47,Sunday,KIPLING STATION,SUDP,0,0,W,BD,5050
8/2/2020,02:18,Sunday,VAUGHAN MC STATION,SUDP,0,0,,YU,0
8/2/2020,07:49,Sunday,WILSON STATION,MUNOA,5,10,S,YU,0
8/2/2020,07:55,Sunday,VAUGHAN MC STATION,MUNOA,5,10,S,YU,0
8/2/2020,08:00,Sunday,BLOOR-DANFORTH LINE,MUO,0,0,,BD,0
8/2/2020,08:14,Sunday,WILSON STATION,MUNOA,5,10,S,YU,0
8/2/2020,08:36,Sunday,EGLINTON STATION,MUNOA,5,10,N,YU,0
8/2/2020,09:06,Sunday,MCCOWAN STATION,ERBO,12,18,S,SRT,3007
8/2/2020,09:42,Sunday,FINCH STATION,TUSC,3,8,S,YU,6136
8/2/2020,10:26,Sunday,ELLESMERE STATION,MRPLA,53,59,S,SRT,3010
8/2/2020,11:13,Sunday,OLD MILL STATION,MUI,12,16,E,BD,5026
8/2/2020,11:24,Sunday,KIPLING TO ROYAL YORK,PUSI,26,30,E,BD,5277
8/2/2020,11:24,Sunday,MCCOWAN STATION,TRSET,6,12,S,SRT,5024
8/2/2020,11:57,Sunday,NORTH YORK CTR STATION,MUSC,0,0,S,YU,5731
8/2/2020,12:01,Sunday,SCARBOROUGH RAPID TRAN,MRWEA,0,0,B,SRT,0
8/2/2020,12:57,Sunday,WOODBINE STATION,PUTSM,0,0,W,BD,5140
8/2/2020,13:31,Sunday,ST CLAIR WEST STATION,PUMEL,0,0,,YU,0
8/2/2020,14:55,Sunday,WELLESLEY STATION,MUIS,0,0,,YU,0
8/2/2020,15:35,Sunday,VAUGHAN MC STATION,MUNOA,4,8,S,YU,0
8/2/2020,15:44,Sunday,VAUGHAN MC STATION,MUNOA,4,8,S,YU,5946
8/2/2020,18:11,Sunday,KIPLING STATION,MUNOA,5,10,W,BD,0
8/2/2020,18:31,Sunday,KIPLING STATION,MUNOA,5,10,E,BD,0
8/2/2020,18:35,Sunday,LESLIE STATION,SUO,0,0,,SHP,0
8/2/2020,18:47,Sunday,KIPLING STATION,TUO,4,9,E,BD,5067
8/2/2020,21:41,Sunday,QUEEN'S PARK STATION,MUIR,5,10,S,YU,5601
8/2/2020,21:44,Sunday,MAIN STREET STATION,SUO,0,0,,BD,0
8/2/2020,21:47,Sunday,WILSON STATION,MUIRS,0,0,,YU,0
8/2/2020,21:50,Sunday,FINCH STATION,MUIRS,0,0,,YU,0
8/2/2020,22:00,Sunday,YONGE-UNIVERSITY AND B,MUO,0,0,,YU/BD,0
8/2/2020,22:07,Sunday,ROSEDALE STATION,SUAP,11,16,N,YU,5961
8/2/2020,23:16,Sunday,KING STATION,SUDP,3,8,N,YU,5546
8/3/2020,00:37,Monday,LESLIE STATION,TUSC,0,0,W,SHP,6166
8/3/2020,05:41,Monday,FINCH STATION,TUSC,0,0,S,YU,5666
8/3/2020,05:47,Monday,KEELE STATION,PUTWZ,14,0,W,BD,5266
8/3/2020,05:59,Monday,DAVISVILLE STATION,PUSTS,5,10,N,YU,5561
8/3/2020,06:00,Monday,ISLINGTON STATION,PUSI,0,0,E,BD,0
8/3/2020,06:16,Monday,GREENWOOD STATION,TUNOA,4,8,E,BD,0
8/3/2020,06:21,Monday,UNION STATION,PUMO,0,0,N,YU,0
8/3/2020,06:22,Monday,UNION STATION,PUMO,0,0,S,YU,5451
8/3/2020,08:43,Monday,UNION STATION,PUMEL,0,0,,YU,0
8/3/2020,11:13,Monday,FINCH STATION,TUNIP,6,10,S,YU,6106
8/3/2020,15:02,Monday,ISLINGTON STATION,PUMEL,0,0,,BD,0
8/3/2020,15:16,Monday,VAUGHAN MC STATION,SUDP,0,0,S,YU,6056
8/3/2020,16:19,Monday,WILSON STATION,MUPAA,3,7,N,YU,5951
8/3/2020,16:41,Monday,KIPLING STATION,SUO,13,17,W,BD,5049
8/3/2020,17:04,Monday,LAWRENCE WEST STATION,SUAE,0,0,,YU,0
8/3/2020,17:46,Monday,COLLEGE STATION,SUUT,0,0,N,YU,5546
8/3/2020,18:30,Monday,KENNEDY BD STATION,MUIS,0,0,,BD,0
8/3/2020,19:33,Monday,SHEPPARD-YONGE STATION,MUIS,0,0,,SHP,0
8/3/2020,20:05,Monday,VAUGHAN MC STATION,MUESA,5,10,N,YU,5621
8/3/2020,20:16,Monday,LAWRENCE STATION,MUESA,5,10,N,YU,5951
8/3/2020,20:30,Monday,DUNDAS STATION,MUPAA,0,0,S,YU,5556
8/3/2020,20:40,Monday,VAUGHAN MC STATION,MUESA,5,10,S,YU,6036
8/3/2020,22:01,Monday,FINCH STATION,MUIS,0,0,,YU,0
8/3/2020,22:36,Monday,YORK MILLS STATION,TUSC,0,0,S,YU,6116
8/4/2020,02:31,Tuesday,CHESTER STATION,TUMVS,0,0,E,BD,5026
8/4/2020,05:39,Tuesday,BAY STATION,MUNCA,0,0,,BD,0
8/4/2020,05:47,Tuesday,GREENWOOD STATION,MUNOA,4,8,E,BD,0
8/4/2020,05:55,Tuesday,DONLANDS STATION,MUNOA,4,8,W,BD,0
8/4/2020,06:00,Tuesday,TORONTO TRANSIT COMMIS,MUO,0,0,,YU/BD,0
8/4/2020,06:00,Tuesday,TORONTO TRANSIT COMMIS,MUO,0,0,,SHP,0
8/4/2020,06:00,Tuesday,TORONTO TRANSIT COMMIS,MRO,0,0,,SRT,0
8/4/2020,06:09,Tuesday,FINCH STATION,EUSC,5,9,S,YU,5666
8/4/2020,07:17,Tuesday,LAWRENCE STATION,MUPAA,4,7,N,YU,6016
8/4/2020,07:25,Tuesday,YORK MILLS STATION (AP,MUSC,0,0,N,YU,6046
8/4/2020,07:35,Tuesday,EGLINTON STATION,EUSC,0,0,N,YU,5381
8/4/2020,07:45,Tuesday,BLOOR STATION,SUDP,5,8,N,YU,6101
8/4/2020,07:46,Tuesday,NORTH YORK CTR STATION,MUSC,0,0,S,YU,5731
8/4/2020,07:50,Tuesday,ST CLAIR STATION,EUSC,0,0,S,YU,6011
8/4/2020,07:51,Tuesday,WELLESLEY STATION,SUDP,0,0,N,YU,5976
8/4/2020,07:58,Tuesday,FINCH STATION,MUSC,0,0,S,YU,5481
8/4/2020,09:06,Tuesday,QUEEN STATION,MUATC,4,7,S,YU,5916
8/4/2020,09:32,Tuesday,VAUGHAN MC STATION,MUNOA,3,6,S,YU,0
8/4/2020,09:36,Tuesday,COXWELL STATION,MUNOA,3,6,W,BD,0
8/4/2020,10:05,Tuesday,BESSARION STATION,EUDO,3,8,W,SHP,6181
8/4/2020,10:05,Tuesday,FINCH STATION,EUNT,3,6,S,YU,5586
8/4/2020,10:09,Tuesday,COXWELL STATION,MUNOA,3,6,E,BD,0
8/4/2020,10:14,Tuesday,FINCH STATION,SUDP,3,6,S,YU,6026
8/4/2020,10:40,Tuesday,WILSON STATION,MUIR,9,12,N,YU,5446
8/4/2020,12:00,Tuesday,KING STATION,MUPAA,0,0,S,YU,5666
8/4/2020,12:04,Tuesday,DAVISVILLE STATION,MUD,5,8,S,YU,5951
8/4/2020,13:00,Tuesday,YONGE BD STATION,PUMEL,0,0,,BD,0
8/4/2020,13:05,Tuesday,VAUGHAN MC STATION,MUNOA,3,6,S,YU,0
8/4/2020,13:12,Tuesday,VAUGHAN MC STATION,MUNOA,3,6,S,YU,0
8/4/2020,13:25,Tuesday,COXWELL STATION,MUNOA,3,6,W,BD,0
8/4/2020,14:01,Tuesday,COXWELL STATION,MUNOA,3,6,E,BD,0
8/4/2020,14:24,Tuesday,BLOOR STATION,PUMEL,0,0,,YU,0
8/4/2020,14:29,Tuesday,VAUGHAN MC STATION,MUCL,3,6,S,YU,6021
8/4/2020,15:14,Tuesday,DUNDAS STATION,SUDP,5,8,N,YU,5736
8/4/2020,15:29,Tuesday,KENNEDY SRT STATION,ERHV,10,15,N,SRT,3009
8/4/2020,15:37,Tuesday,DAVISVILLE STATION,MUI,6,9,N,YU,5626
8/4/2020,15:50,Tuesday,QUEEN'S PARK STATION,MUI,15,18,N,YU,5991
8/4/2020,15:51,Tuesday,OSSINGTON STATION,TUMVS,0,0,E,BD,5051
8/4/2020,15:53,Tuesday,KENNEDY BD STATION,MUNOA,3,6,W,BD,0
8/4/2020,16:20,Tuesday,ST CLAIR WEST STATION,MUTO,4,7,N,YU,5586
8/4/2020,16:37,Tuesday,ST GEORGE YUS STATION,MUIS,0,0,N,YU,0
8/4/2020,16:52,Tuesday,KENNEDY BD STATION,MUIS,0,0,,BD,0
8/4/2020,16:53,Tuesday,VAUGHAN MC STATION,TUNOA,3,6,S,YU,6046
8/4/2020,18:09,Tuesday,COXWELL STATION,MUNOA,5,10,E,BD,0
8/4/2020,18:46,Tuesday,LAWRENCE WEST STATION,SUEAS,14,17,N,YU,5401
8/4/2020,20:10,Tuesday,GLENCAIRN STATION,MUIRS,0,0,N,YU,6096
8/4/2020,21:19,Tuesday,MAIN STREET STATION,SUDP,0,0,W,BD,5192
8/4/2020,21:33,Tuesday,DOWNSVIEW PARK STATION,SUCOL,0,0,N,YU,5446
8/4/2020,22:00,Tuesday,YONGE-UNIVERSITY AND B,MUO,0,0,,YU/BD,0
8/4/2020,22:31,Tuesday,VAUGHAN MC STATION,TUNOA,5,10,S,YU,5506
8/4/2020,23:46,Tuesday,KENNEDY BD STATION,EUNT,0,0,W,BD,5097
8/5/2020,01:50,Wednesday,VICTORIA PARK STATION,MUIS,0,0,,BD,0
8/5/2020,05:47,Wednesday,KIPLING STATION,MUNOA,6,12,E,BD,5277
8/5/2020,05:58,Wednesday,WARDEN STATION,PUTIJ,6,9,E,BD,5079
8/5/2020,09:09,Wednesday,UNION STATION,PUMO,0,0,,YU,0
8/5/2020,09:28,Wednesday,ST GEORGE YUS STATION,SUDP,4,7,N,YU,6126
8/5/2020,09:31,Wednesday,COXWELL STATION,MUNOA,3,6,E,BD,0
8/5/2020,09:56,Wednesday,VAUGHAN MC STATION,MUNOA,3,6,S,YU,0
8/5/2020,09:56,Wednesday,VAUGHAN MC STATION,MUNOA,3,6,S,YU,0
8/5/2020,10:22,Wednesday,ST CLAIR STATION (APPR,TUSC,0,0,S,YU,6066
8/5/2020,10:55,Wednesday,ISLINGTON CENTRE TRACK,PUSTC,3,6,W,BD,5269
8/5/2020,11:25,Wednesday,FINCH STATION,TUSC,3,6,N,YU,6121
8/5/2020,12:02,Wednesday,CASTLE FRANK STATION,MUD,3,6,W,BD,5174
8/5/2020,12:35,Wednesday,FINCH STATION,TUMVS,0,0,N,YU,5706
8/5/2020,12:48,Wednesday,DON MILLS STATION,MUSC,0,0,E,SHP,6161
8/5/2020,14:01,Wednesday,BATHURST STATION,PUMEL,0,0,,BD,0
8/5/2020,14:03,Wednesday,BLOOR STATION,MUPAA,0,0,N,YU,5466
8/5/2020,14:08,Wednesday,VAUGHAN MC STATION,MUNOA,3,6,S,YU,0
8/5/2020,14:30,Wednesday,JANE STATION,PUMEL,0,0,,BD,0
8/5/2020,14:44,Wednesday,ST PATRICK STATION,MUIE,0,0,,YU,0
8/5/2020,15:12,Wednesday,QUEEN STATION,SUDP,3,6,N,YU,5941
8/5/2020,15:29,Wednesday,QUEEN STATION,MUO,0,0,S,YU,6026
8/5/2020,15:43,Wednesday,VAUGHAN MC STATION,MUNOA,3,6,S,YU,0
8/5/2020,16:05,Wednesday,MAIN STREET STATION,SUDP,18,21,E,BD,5286
8/5/2020,17:10,Wednesday,VAUGHAN MC STATION,MUNOA,3,6,S,YU,0
8/5/2020,19:11,Wednesday,SHEPPARD-YONGE STATION,TUSC,0,0,E,SHP,6191
8/5/2020,19:15,Wednesday,KING STATION,MUIS,0,0,N,YU,0
8/5/2020,19:56,Wednesday,WARDEN STATION,SUUT,42,48,W,BD,5241
8/5/2020,20:24,Wednesday,BROADVIEW STATION,PUMEL,0,0,W,BD,0
8/5/2020,20:41,Wednesday,WOODBINE STATION,MUIS,0,0,,BD,0
8/5/2020,21:54,Wednesday,SHEPPARD WEST STATION,MUIS,0,0,,YU,0
8/5/2020,21:57,Wednesday,BAY STATION,SUDP,4,10,W,BD,5174
8/5/2020,22:00,Wednesday,YONGE-UNIVERSITY AND B,MUO,0,0,,YU/BD,0
8/5/2020,22:03,Wednesday,SHEPPARD-YONGE STATION,TUNIP,6,11,E,SHP,6176
8/5/2020,22:10,Wednesday,CHESTER STATION,MUNCA,0,0,,BD,0
8/5/2020,22:34,Wednesday,BATHURST STATION,MUIS,0,0,,BD,0
8/5/2020,22:58,Wednesday,SPADINA BD STATION,MUIS,0,0,,BD,0
8/5/2020,23:53,Wednesday,SPADINA BD STATION,EUDO,6,12,W,BD,5049
8/6/2020,01:10,Thursday,LAWRENCE STATION,MUIS,0,0,S,YU,0
8/6/2020,06:07,Thursday,GREENWOOD STATION,MUNOA,5,10,E,BD,0
8/6/2020,06:33,Thursday,GREENWOOD STATION,MUNOA,4,8,E,BD,0
8/6/2020,06:42,Thursday,GLENCAIRN STATION,EUDO,0,0,S,YU,5471
8/6/2020,06:45,Thursday,LAWRENCE WEST STATION,EUDO,5,8,S,YU,5406
8/6/2020,08:28,Thursday,VAUGHAN MC STATION,TUO,4,7,S,YU,5546
8/6/2020,08:30,Thursday,SPADINA BD STATION,MUO,0,0,E,BD,5162
8/6/2020,08:33,Thursday,SPADINA YUS STATION,MUO,0,0,N,YU,6036
8/6/2020,09:17,Thursday,COXWELL STATION,MUNOA,3,6,W,BD,0
8/6/2020,09:19,Thursday,SHEPPARD WEST STATION,SUAP,0,0,N,YU,0
8/6/2020,12:18,Thursday,LAWRENCE EAST STATION,ERTC,6,12,N,SRT,3017
8/6/2020,12:40,Thursday,COXWELL STATION,MUNOA,3,6,W,BD,0
8/6/2020,13:42,Thursday,COXWELL STATION,MUNOA,3,6,W,BD,0
8/6/2020,14:16,Thursday,DUNDAS STATION,TUSC,0,0,N,YU,5646
8/6/2020,14:24,Thursday,COXWELL STATION,MUNOA,0,0,E,BD,5096
8/6/2020,14:57,Thursday,COXWELL STATION,MUNOA,3,6,E,BD,0
8/6/2020,16:26,Thursday,SHEPPARD WEST STATION,MUIS,0,0,,YU,0
8/6/2020,17:00,Thursday,ST GEORGE BD STATION,SUO,4,8,E,BD,5178
8/6/2020,17:33,Thursday,YORK MILLS STATION,TUSC,0,0,S,YU,5666
8/6/2020,18:09,Thursday,COXWELL STATION,MUNOA,4,8,E,BD,0
8/6/2020,18:13,Thursday,COXWELL STATION,MUNOA,4,8,W,BD,0
8/6/2020,18:46,Thursday,WARDEN STATION,MUIS,0,0,,BD,0
8/6/2020,18:50,Thursday,COXWELL STATION,MUNOA,4,8,E,BD,0
8/6/2020,19:16,Thursday,VAUGHAN MC STATION,MUTO,4,7,S,YU,5126
8/6/2020,19:24,Thursday,DUNDAS STATION,SUO,0,0,,YU,0
8/6/2020,19:33,Thursday,DON MILLS STATION,TUO,0,0,E,SHP,5196
8/6/2020,19:57,Thursday,FINCH WEST STATION,MUATC,5,8,S,YU,5751
8/6/2020,20:04,Thursday,KENNEDY BD STATION,MUIS,0,0,,BD,0
8/6/2020,21:57,Thursday,COXWELL STATION,MUNOA,0,0,E,BD,0
8/6/2020,22:00,Thursday,YONGE-UNIVERSITY AND B,MUO,0,0,,YU/BD,0
8/6/2020,22:12,Thursday,DONLANDS STATION,EUAL,6,12,E,BD,5224
8/6/2020,22:39,Thursday,COXWELL STATION,MUNOA,0,0,E,BD,0
8/6/2020,23:43,Thursday,KIPLING STATION,MUIS,0,0,,BD,0
8/7/2020,00:13,Friday,DUFFERIN STATION,MUIS,0,0,,BD,0
8/7/2020,00:42,Friday,EGLINTON STATION,MUSC,0,0,N,YU,5646
8/7/2020,01:52,Friday,LANSDOWNE STATION,MUIRS,0,0,W,BD,5033
8/7/2020,05:51,Friday,EGLINTON STATION,MUSC,3,8,N,YU,5646
8/7/2020,06:48,Friday,BATHURST STATION,MUI,10,15,E,BD,5321
8/7/2020,07:07,Friday,NORTH YORK CTR STATION,PUSTS,3,6,S,YU,6016
8/7/2020,07:23,Friday,WELLESLEY STATION,MUIE,0,0,,YU,0
8/7/2020,09:47,Friday,KIPLING STATION,PUSCR,3,6,E,BD,5017
8/7/2020,09:55,Friday,ISLINGTON STATION,TUMVS,0,0,E,BD,5164
8/7/2020,10:32,Friday,MUSEUM STATION,MUIRS,0,0,,YU,0
8/7/2020,10:37,Friday,QUEEN STATION,MUSC,0,0,N,YU,5411
8/7/2020,11:20,Friday,SUMMERHILL STATION,MUIRS,0,0,,YU,0
8/7/2020,12:07,Friday,OLD MILL STATION,EUVA,18,21,E,BD,5216
8/7/2020,13:44,Friday,VAUGHAN MC STATION,TUNIP,3,6,N,YU,5541
8/7/2020,15:12,Friday,ELLESMERE STATION,MRUI,0,0,S,SRT,3020
8/7/2020,15:59,Friday,SUMMERHILL STATION,MUPAA,3,6,S,YU,5556
8/7/2020,17:34,Friday,MIDLAND STATION,MRO,5,10,S,SRT,3024
8/7/2020,17:35,Friday,ST GEORGE YUS STATION,SUUT,6,9,S,YU,5551
8/7/2020,17:53,Friday,UNION STATION,MUPAA,3,6,N,YU,5791
8/7/2020,19:05,Friday,SUMMERHILL STATION,TUOS,3,6,S,YU,5536
8/7/2020,19:16,Friday,QUEEN'S PARK STATION,SUDP,0,0,N,YU,5756
8/7/2020,20:15,Friday,BESSARION STATION,TUMVS,8,14,E,SHP,6191
8/7/2020,22:00,Friday,YONGE-UNIVERSITY AND B,MUO,0,0,,YU/BD,0
8/7/2020,22:06,Friday,FINCH STATION,MUSC,0,0,S,YU,6121
8/7/2020,22:06,Friday,WARDEN STATION,SUDP,5,11,W,BD,5180
8/7/2020,22:30,Friday,DAVISVILLE STATION,MUPAA,0,0,S,YU,5746
8/7/2020,22:41,Friday,DUNDAS STATION,SUO,0,0,S,YU,5746
8/7/2020,22:42,Friday,DUNDAS WEST STATION,MUIS,0,0,,BD,0
8/8/2020,00:05,Saturday,EGLINTON WEST STATION,EUDO,6,11,S,YU,5466
8/8/2020,01:16,Saturday,ST CLAIR STATION (LEAV,SUDP,0,0,S,YU,5701
8/8/2020,01:24,Saturday,LEAVING SHEPPARD/YONGE,TUSC,0,0,E,SHP,6186
8/8/2020,01:54,Saturday,BAY STATION,MUIRS,0,0,,BD,0
8/8/2020,01:56,Saturday,BATHURST STATION,SUDP,0,0,,BD,0
8/8/2020,02:17,Saturday,ST GEORGE YUS STATION,MUIS,0,0,S,YU,0
8/8/2020,05:43,Saturday,FINCH STATION,EUSC,3,8,S,YU,5731
8/8/2020,06:00,Saturday,ST CLAIR TO UNION STAT,MUO,0,0,,YU,0
8/8/2020,06:03,Saturday,MAIN STREET STATION,EUSC,0,0,W,BD,5231
8/8/2020,06:17,Saturday,SUMMERHILL STATION,TUMVS,3,8,S,YU,5676
8/8/2020,07:33,Saturday,ST CLAIR WEST STATION,SUUT,3,5,N,YU,5576
8/8/2020,07:44,Saturday,MAIN STREET STATION,EUSC,0,0,W,BD,5231
8/8/2020,09:07,Saturday,UNION STATION,MUATC,4,9,N,YU,5381
8/8/2020,09:13,Saturday,EGLINTON STATION,SUDP,0,0,S,YU,5676
8/8/2020,10:52,Saturday,NORTH YORK CTR STATION,MUIS,0,0,,YU,0
8/8/2020,11:15,Saturday,SCARBOROUGH RAPID TRAN,MRWEA,0,0,B,SRT,0
8/8/2020,11:25,Saturday,WARDEN STATION,EUCO,5,9,W,BD,5244
8/8/2020,11:53,Saturday,HIGH PARK STATION,MUIS,0,0,W,BD,5056
8/8/2020,13:38,Saturday,CHRISTIE STATION,MUPAA,0,0,E,BD,5106
8/8/2020,14:10,Saturday,UNION STATION,MUATC,4,9,S,YU,6116
8/8/2020,14:55,Saturday,KIPLING STATION,TUMVS,0,0,W,BD,5134
8/8/2020,17:50,Saturday,BLOOR STATION,SUUT,0,0,S,YU,0
8/8/2020,17:50,Saturday,ST CLAIR STATION,SUUT,5,10,S,YU,5701
8/8/2020,18:56,Saturday,PIONEER VILLAGE STATIO,MUIRS,0,0,,YU,0
8/8/2020,19:09,Saturday,VAUGHAN MC STATION,MUATC,5,10,S,YU,5571
8/8/2020,20:19,Saturday,SCARBOROUGH CTR STATIO,PREL,0,0,W,SRT,0
8/8/2020,20:30,Saturday,WELLESLEY STATION,SUAE,0,0,,YU,0
8/8/2020,21:24,Saturday,YORK MILLS STATION,MUPAA,0,0,S,YU,5601
8/8/2020,21:39,Saturday,KENNEDY BD STATION,MUSAN,4,10,E,BD,5210
8/8/2020,22:00,Saturday,YONGE-UNIVERSITY AND B,MUO,0,0,,YU/BD,0
8/8/2020,22:43,Saturday,ST GEORGE YUS STATION,MUIS,0,0,,YU,0
8/9/2020,05:44,Sunday,UNION STATION,MUNCA,0,0,,YU,0
8/9/2020,08:00,Sunday,BLOOR TO ST ANDREW STA,MUO,0,0,,YU,0
8/9/2020,08:12,Sunday,FINCH STATION,EUSC,0,0,S,YU,5731
8/9/2020,08:42,Sunday,ELLESMERE STATION,ERNT,6,12,N,SRT,3005
8/9/2020,10:56,Sunday,SCARBOROUGH RAPID TRAN,MRWEA,0,0,B,SRT,0
8/9/2020,11:56,Sunday,YONGE BD STATION,MUDD,6,10,W,BD,5097
8/9/2020,13:49,Sunday,PAPE STATION,EUTR,4,8,W,BD,5111
8/9/2020,14:47,Sunday,DAVISVILLE STATION,MUPAA,0,0,N,YU,5831
8/9/2020,16:20,Sunday,JANE STATION,PUTSC,0,0,E,BD,5207
8/9/2020,16:47,Sunday,OLD MILL STATION,SUDP,12,16,W,BD,5164
8/9/2020,17:21,Sunday,ST CLAIR STATION,MUIRS,0,0,S,YU,0
8/9/2020,17:26,Sunday,KING STATION,MUNCA,0,0,,YU,0
8/9/2020,18:21,Sunday,QUEEN'S PARK STATION,SUO,0,0,,YU,0
8/9/2020,19:22,Sunday,LESLIE STATION,TUMVS,0,0,E,SHP,6141
8/9/2020,20:16,Sunday,PIONEER VILLAGE STATIO,MUPAA,0,0,S,YU,5471
8/9/2020,21:11,Sunday,ST CLAIR WEST STATION,MUPAA,0,0,S,YU,5486
8/9/2020,21:17,Sunday,DUNDAS WEST STATION,SUROB,0,0,,BD,0
8/9/2020,21:42,Sunday,VICTORIA PARK STATION,SUDP,15,19,W,BD,5320
8/9/2020,22:00,Sunday,YONGE-UNIVERSITY AND B,MUO,0,0,,YU/BD,0
8/9/2020,23:25,Sunday,OSGOODE STATION,EUPI,3,8,S,YU,5746
8/9/2020,23:45,Sunday,YONGE AND QUEEN,SUAE,0,0,,YU,0
8/10/2020,01:18,Monday,UNION STATION,MUPAA,5,10,N,YU,5811
8/10/2020,05:46,Monday,KEELE STATION,MUSC,0,0,W,BD,5264
8/10/2020,06:00,Monday,QUEEN STATION,PUTO,5,9,S,YU,5541
8/10/2020,06:18,Monday,QUEEN STATION,TUO,5,9,S,YU,0
8/10/2020,07:43,Monday,VAUGHAN MC STATION,MUTO,0,0,S,YU,5651
8/10/2020,07:46,Monday,VAUGHAN MC STATION,TUO,0,0,S,YU,5606
8/10/2020,08:16,Monday,SCARBOROUGH RAPID TRAN,MRWEA,0,0,B,SRT,0
8/10/2020,11:00,Monday,QUEEN STATION,SUO,9,12,S,YU,6061
8/10/2020,11:04,Monday,COXWELL STATION,PUMEL,0,0,,BD,0
8/10/2020,11:36,Monday,VAUGHAN MC STATION,TUNIP,3,6,S,YU,5466
8/10/2020,11:49,Monday,JANE STATION,MUIRS,0,0,W,BD,5040
8/10/2020,12:11,Monday,FINCH STATION,TUNIP,3,6,S,YU,5786
8/10/2020,12:34,Monday,VAUGHAN MC STATION,TUNIP,3,6,S,YU,6091
8/10/2020,12:39,Monday,VAUGHAN MC STATION,TUNIP,3,6,S,YU,5456
8/10/2020,13:41,Monday,LANSDOWNE STATION,PUMEL,0,0,,BD,0
8/10/2020,16:48,Monday,PIONEER VILLAGE STATIO,EUDO,4,7,S,YU,5646
8/10/2020,17:13,Monday,SHEPPARD-YONGE STATION,MUIS,0,0,,SHP,0
8/10/2020,19:36,Monday,FINCH STATION,TUSC,0,0,N,YU,5706
8/10/2020,20:07,Monday,JANE STATION,SUAP,0,0,,BD,0
8/10/2020,20:14,Monday,BLOOR STATION,MUIS,0,0,,YU,0
8/10/2020,22:00,Monday,YONGE-UNIVERSITY AND B,MUO,0,0,,YU/BD,0
8/10/2020,22:47,Monday,LAWRENCE WEST STATION,MUIRS,0,0,N,YU,5716
8/11/2020,00:25,Tuesday,OSSINGTON STATION,MUIS,0,0,E,BD,0
8/11/2020,01:54,Tuesday,KIPLING STATION,MUI,0,0,E,BD,0
8/11/2020,06:04,Tuesday,DAVISVILLE STATION,EUNEA,4,9,N,YU,6051
8/11/2020,08:20,Tuesday,SCARBOROUGH RAPID TRAN,MRWEA,0,0,,SRT,0
8/11/2020,08:36,Tuesday,LAWRENCE STATION,EUBK,3,6,N,YU,5646
8/11/2020,09:26,Tuesday,SHERBOURNE STATION,SUO,0,0,E,BD,5031
8/11/2020,12:53,Tuesday,KENNEDY BD STATION,SUAE,0,0,,BD,0
8/11/2020,15:06,Tuesday,DONLANDS STATION,SUUT,6,9,W,BD,5154
8/11/2020,15:14,Tuesday,DONLANDS STATION,MUIE,3,6,W,BD,5154
8/11/2020,15:55,Tuesday,EGLINTON WEST STATION,MUATC,5,8,N,YU,5551
8/11/2020,16:00,Tuesday,DAVISVILLE STATION,PUMEL,0,0,,YU,0
8/11/2020,16:45,Tuesday,DAVISVILLE STATION,PUSCR,3,6,S,YU,5451
8/11/2020,17:00,Tuesday,KIPLING STATION,TUMVS,3,6,E,BD,5087
8/11/2020,17:15,Tuesday,VAUGHAN MC STATION,MUIS,0,0,,YU,0
8/11/2020,17:26,Tuesday,DAVISVILLE STATION,SUDP,5,8,N,YU,5476
8/11/2020,18:22,Tuesday,YORK MILLS STATION,TUSC,0,0,S,YU,5796
8/11/2020,18:29,Tuesday,DAVISVILLE STATION,SUDP,3,6,N,YU,5706
8/11/2020,19:03,Tuesday,VAUGHAN MC STATION,PUMEL,0,0,,YU,0
8/11/2020,19:15,Tuesday,BROADVIEW STATION,SUDP,3,8,E,BD,5087
8/11/2020,19:44,Tuesday,KEELE STATION,MUDD,4,10,W,BD,5120
8/11/2020,20:35,Tuesday,SHEPPARD-YONGE STATION,TUMVS,0,0,W,SHP,6196
8/11/2020,21:36,Tuesday,PIONEER VILLAGE STATIO,SUO,0,0,,YU,0
8/11/2020,21:52,Tuesday,BLOOR STATION,TUMVS,5,10,S,YU,5581
8/11/2020,22:06,Tuesday,QUEEN STATION,SUUT,14,19,S,YU,5386
8/11/2020,22:32,Tuesday,ST CLAIR STATION,SUDP,0,0,N,YU,5501
8/11/2020,23:15,Tuesday,BROADVIEW STATION,SUO,0,0,,BD,0
8/11/2020,23:37,Tuesday,SHERBOURNE STATION,SUDP,9,15,E,BD,5175
8/12/2020,01:20,Wednesday,KENNEDY BD STATION,MUIRS,0,0,,BD,0
8/12/2020,01:28,Wednesday,VAUGHAN MC STATION,SUDP,8,13,S,YU,6006
8/12/2020,01:56,Wednesday,FINCH STATION,MUIS,0,0,,YU,0
8/12/2020,02:14,Wednesday,ISLINGTON STATION,TUMVS,0,0,E,BD,5051
8/12/2020,06:45,Wednesday,ST GEORGE BD STATION,EUDO,5,8,W,BD,5238
8/12/2020,07:16,Wednesday,QUEEN'S PARK STATION,PUMEL,0,0,,YU,0
8/12/2020,07:28,Wednesday,FINCH WEST STATION,EUTL,3,6,N,YU,5471
8/12/2020,07:34,Wednesday,LESLIE STATION,TUSC,0,0,W,SHP,5146
8/12/2020,10:41,Wednesday,SCARBOROUGH RAPID TRAN,MRWEA,0,0,B,SRT,0
8/12/2020,11:08,Wednesday,BLOOR STATION,MUIS,0,0,S,YU,0
8/12/2020,12:36,Wednesday,JANE STATION,PUEO,5,8,E,BD,5196
8/12/2020,12:37,Wednesday,OLD MILL STATION,PUEO,0,0,W,BD,5138
8/12/2020,13:19,Wednesday,WILSON YARD PLANT BUIL,MUO,0,0,,,0
8/12/2020,13:42,Wednesday,QUEEN'S PARK STATION,MUIS,0,0,,YU,0
8/12/2020,14:08,Wednesday,FINCH STATION,MUSAN,3,6,S,YU,5621
8/12/2020,14:30,Wednesday,BLOOR STATION,SUDP,4,7,N,YU,5836
8/12/2020,14:42,Wednesday,ST CLAIR STATION,MUIRS,0,0,S,YU,0
8/12/2020,14:57,Wednesday,YONGE BD STATION,SUUT,9,12,E,BD,5160
8/12/2020,15:31,Wednesday,SHEPPARD STATION,MUPAA,0,0,N,YU,5441
8/12/2020,16:40,Wednesday,LAWRENCE EAST STATION,SRDP,5,11,N,SRT,3001
8/12/2020,17:24,Wednesday,KIPLING STATION,MUNOA,3,6,W,BD,0
8/12/2020,17:37,Wednesday,SPADINA BD STATION,SUEAS,8,11,E,BD,5170
8/12/2020,17:50,Wednesday,BAYVIEW STATION,TUOS,24,30,E,SHP,6171
8/12/2020,17:56,Wednesday,KEELE STATION,MUIRS,0,0,W,BD,0
8/12/2020,17:56,Wednesday,WILSON STATION,EUDO,3,6,N,YU,5506
8/12/2020,21:54,Wednesday,COXWELL STATION,MUNOA,6,12,E,BD,0
8/12/2020,22:00,Wednesday,YONGE-UNIVERSITY AND B,MUO,0,0,,YU/BD,0
8/12/2020,22:32,Wednesday,FINCH STATION,MUI,5,10,S,YU,5926
8/12/2020,23:19,Wednesday,KING STATION,MUIS,0,0,,YU,0
8/13/2020,00:02,Thursday,EGLINTON STATION,PUTWZ,5,10,N,YU,6046
8/13/2020,06:02,Thursday,MCCOWAN STATION,ERTR,5,10,S,SRT,0
8/13/2020,06:07,Thursday,MCCOWAN STATION,ERTR,5,10,S,SRT,0
8/13/2020,06:56,Thursday,PIONEER VILLAGE STATIO,MUATC,5,8,N,YU,6046
8/13/2020,07:44,Thursday,NORTH YORK CTR STATION,EUSC,0,0,S,YU,5731
8/13/2020,09:04,Thursday,FINCH STATION,MUTO,0,0,S,YU,5741
8/13/2020,10:38,Thursday,SCARBOROUGH RAPID TRAN,MRWEA,0,0,S,SRT,0
8/13/2020,11:11,Thursday,GREENWOOD STATION,PUMST,0,0,,BD,0
8/13/2020,12:05,Thursday,RUNNYMEDE STATION,MUIR,6,9,E,BD,5238
8/13/2020,12:19,Thursday,OSSINGTON STATION,MUIR,3,6,E,BD,5238
8/13/2020,12:56,Thursday,KENNEDY BD STATION,MUIR,3,6,W,BD,5238
8/13/2020,13:08,Thursday,WILSON STATION,PUTO,0,0,,YU,0
8/13/2020,13:44,Thursday,ROYAL YORK STATION,MUNCA,0,0,,BD,0
8/13/2020,13:48,Thursday,EGLINTON STATION,MUTO,5,8,N,YU,5921
8/13/2020,14:02,Thursday,EGLINTON WEST STATION,MUIR,4,7,N,YU,5876
8/13/2020,14:05,Thursday,SHEPPARD WEST STATION,PUMEL,0,0,,YU,0
8/13/2020,14:53,Thursday,FINCH STATION,TUSC,0,0,S,YU,5481
8/13/2020,16:22,Thursday,PIONEER VILLAGE STATIO,MUPAA,0,0,N,YU,5941
8/13/2020,16:40,Thursday,VICTORIA PARK STATION,MUIR,4,7,E,BD,5051
8/13/2020,16:44,Thursday,WILSON STATION,SUDP,0,0,N,YU,6106
8/13/2020,17:05,Thursday,COXWELL STATION,MUNOA,3,6,E,BD,5348
8/13/2020,17:22,Thursday,SHEPPARD STATION,TUMVS,6,9,N,YU,6066
8/13/2020,18:02,Thursday,SUMMERHILL STATION,TUOS,3,6,S,YU,6011
8/13/2020,18:06,Thursday,DONLANDS STATION,SUO,0,0,,BD,0
8/13/2020,18:08,Thursday,WARDEN STATION,TUCC,0,0,E,BD,5083
8/13/2020,18:13,Thursday,GREENWOOD STATION,EUCA,3,6,W,BD,5087
8/13/2020,18:24,Thursday,BROADVIEW STATION,SUDP,4,7,W,BD,5262
8/13/2020,18:32,Thursday,EGLINTON WEST STATION,MUNCA,0,0,,YU,0
8/13/2020,19:41,Thursday,YORKDALE STATION,MUPAA,0,0,N,YU,5906
8/13/2020,19:54,Thursday,YONGE BD STATION,SUO,0,0,,BD,0
8/13/2020,20:21,Thursday,EGLINTON STATION,TUMVS,3,6,S,YU,5651
8/13/2020,20:31,Thursday,FINCH STATION,TUSC,0,0,N,YU,5946
8/13/2020,20:38,Thursday,DAVISVILLE STATION,SUDP,10,15,N,YU,5736
8/13/2020,20:38,Thursday,DON MILLS STATION,MUIS,0,0,W,SHP,6166
8/13/2020,20:41,Thursday,DAVISVILLE STATION,SUDP,0,0,S,YU,5606
8/13/2020,21:10,Thursday,BLOOR STATION,SUDP,4,9,N,YU,5461
8/13/2020,21:27,Thursday,COXWELL STATION,MUNOA,6,12,E,BD,5106
8/13/2020,22:00,Thursday,YONGE-UNIVERSITY AND B,MUO,0,0,,YU/BD,0
8/13/2020,23:06,Thursday,DAVISVILLE CARHOUSE,MUIE,0,0,,YUS,0
8/14/2020,00:34,Friday,FINCH STATION,MUIS,0,0,,YU,0
8/14/2020,01:37,Friday,DUFFERIN STATION,PUMST,0,0,,BD,0
8/14/2020,02:14,Friday,LAWRENCE WEST STATION,SUDP,0,0,,YU,0
8/14/2020,04:57,Friday,KIPLING STATION,PUMEL,0,0,,BD,0
8/14/2020,05:40,Friday,ISLINGTON STATION,MUNCA,0,0,,BD,0
8/14/2020,06:03,Friday,PIONEER VILLAGE STATIO,EUDO,4,0,N,YU,5806
8/14/2020,06:07,Friday,MCCOWAN STATION,ERTR,5,10,S,SRT,3000
8/14/2020,06:12,Friday,VAUGHAN MC STATION,MUO,7,10,S,YU,5841
8/14/2020,07:42,Friday,QUEEN STATION,TUO,11,14,S,YU,6051
8/14/2020,08:02,Friday,FINCH STATION,SUDP,3,6,S,YU,5701
8/14/2020,08:04,Friday,YONGE BD STATION,MUIS,0,0,W,BD,0
8/14/2020,08:19,Friday,ST CLAIR WEST STATION,SUAE,0,0,,YU,0
8/14/2020,08:27,Friday,ST GEORGE YUS STATION,SUAE,4,7,S,YU,5871
8/14/2020,09:21,Friday,KIPLING STATION,TUMVS,0,0,W,BD,5262
8/14/2020,09:27,Friday,QUEEN STATION,MUPAA,3,6,S,YU,5576
8/14/2020,09:29,Friday,SCARBOROUGH RAPID TRAN,MRWEA,0,0,W,SRT,3000
8/14/2020,10:18,Friday,VAUGHAN MC STATION,SUDP,4,7,S,YU,5576
8/14/2020,11:13,Friday,DUNDAS STATION,MUIS,0,0,S,YU,0
8/14/2020,11:14,Friday,CHESTER STATION,SUCOL,0,0,W,BD,5078
8/14/2020,11:16,Friday,ST CLAIR WEST STATION,MUO,3,6,S,YU,5766
8/14/2020,11:58,Friday,KIPLING STATION,SUDP,3,6,E,BD,5216
8/14/2020,13:06,Friday,MCCOWAN STATION,MRPLB,10,16,S,SRT,3006
8/14/2020,13:12,Friday,ROYAL YORK STATION,MUIS,0,0,E,BD,0
8/14/2020,13:31,Friday,CASTLE FRANK STATION,MUIS,0,0,W,BD,0
8/14/2020,14:10,Friday,DAVISVILLE STATION,MUPLB,9,12,S,YU,5941
8/14/2020,15:02,Friday,JANE STATION,SUUT,45,48,E,BD,5106
8/14/2020,15:39,Friday,KIPLING STATION,MUO,3,6,W,BD,5078
8/14/2020,16:15,Friday,KENNEDY BD STATION,MUNOA,3,6,W,BD,0
8/14/2020,16:44,Friday,NORTH YORK CTR STATION,EUSC,0,0,S,YU,5731
8/14/2020,18:17,Friday,KING STATION,SUDP,3,6,S,YU,6051
8/14/2020,18:57,Friday,WILSON STATION,PUMST,0,0,,YU,0
8/14/2020,19:22,Friday,NORTH YORK CTR STATION,EUSC,0,0,S,YU,5731
8/14/2020,20:46,Friday,ST GEORGE BD STATION,MUIS,0,0,W,BD,0
8/14/2020,22:00,Friday,YONGE-UNIVERSITY AND B,MUO,0,0,,YU/BD,0
8/14/2020,22:10,Friday,FINCH STATION,EUSC,3,8,S,YU,5731
8/14/2020,22:11,Friday,ROSEDALE STATION,MUPAA,0,0,N,YU,5871
8/14/2020,22:25,Friday,GREENWOOD STATION,MUO,0,0,E,BD,5072
8/14/2020,22:48,Friday,WILSON STATION,MUNOA,5,10,N,YU,5381
8/14/2020,22:55,Friday,WARDEN STATION,MUIS,0,0,E,BD,0
8/14/2020,23:44,Friday,YORK UNIVERSITY STATIO,MUIS,0,0,,YU,0
8/15/2020,00:11,Saturday,KENNEDY BD STATION,SUDP,0,0,E,BD,5083
8/15/2020,00:48,Saturday,ST CLAIR WEST STATION,MUESA,0,0,,YU,0
8/15/2020,01:20,Saturday,YORK MILLS STATION,MUPR1,56,61,N,YU,5546
8/15/2020,01:37,Saturday,BROADVIEW STATION,MUIS,0,0,E,BD,5083
8/15/2020,02:39,Saturday,KENNEDY BD STATION,MUIS,0,0,,BD,0
8/15/2020,06:00,Saturday,BLOOR-DANFORTH LINE,MUO,0,0,,BD,0
8/15/2020,07:27,Saturday,FINCH STATION,EUSC,0,0,S,YU,5731
8/15/2020,07:48,Saturday,VAUGHAN MC STATION,SUDP,3,8,S,YU,5916
8/15/2020,08:02,Saturday,FINCH WEST STATION,SUDP,6,11,S,YU,5711
8/15/2020,08:27,Saturday,YORK MILLS STATION,TUSC,0,0,S,YU,5561
8/15/2020,09:22,Saturday,DON MILLS STATION,SUSA,5,10,W,SHP,6156
8/15/2020,09:56,Saturday,SHEPPARD STATION,MUPAA,0,0,S,YU,5801
8/15/2020,10:03,Saturday,ST GEORGE BD STATION,PUSNT,0,0,W,BD,74
8/15/2020,10:34,Saturday,ROSEDALE STATION,TUOS,3,8,N,YU,5451
8/15/2020,11:04,Saturday,SCARBOROUGH CTR STATIO,ERWA,6,12,N,SRT,3010
8/15/2020,11:19,Saturday,GREENWOOD STATION,MUSAN,5,9,E,BD,5316
8/15/2020,11:56,Saturday,ST CLAIR STATION,MUIR,0,0,N,YU,6096
8/15/2020,12:17,Saturday,WILSON STATION,MUIE,0,0,S,YU,5656
8/15/2020,12:23,Saturday,SCARBOROUGH RAPID TRAN,MRWEA,0,0,B,SRT,0
8/15/2020,12:31,Saturday,DUFFERIN STATION,SUDP,3,7,W,BD,5262
8/15/2020,13:36,Saturday,SHERBOURNE STATION,TUMVS,4,8,E,BD,5262
8/15/2020,15:10,Saturday,EGLINTON STATION,MUIRS,0,0,,YU,0
8/15/2020,15:45,Saturday,FINCH STATION,TUNIP,3,6,S,YU,5756
8/15/2020,16:26,Saturday,EGLINTON STATION,TUMVS,0,0,N,YU,5916
8/15/2020,17:33,Saturday,KIPLING STATION,MUNCA,0,0,,BD,0
8/15/2020,18:25,Saturday,LAWRENCE STATION,SUDP,0,0,N,YU,5566
8/15/2020,18:46,Saturday,DUFFERIN STATION,MUNCA,0,0,,BD,0
8/15/2020,19:25,Saturday,SHEPPARD WEST STATION,MUIS,0,0,,YU,0
8/15/2020,19:59,Saturday,VAUGHAN MC STATION,SUDP,0,0,,YU,0
8/15/2020,21:23,Saturday,VAUGHAN MC STATION,MUNOA,5,10,S,YU,0
8/15/2020,22:00,Saturday,YONGE-UNIVERSITY AND B,MUO,0,0,,YU/BD,0
8/15/2020,22:28,Saturday,YORK MILLS STATION,SUO,0,0,S,YU,0
8/15/2020,22:31,Saturday,KENNEDY BD STATION,MUIS,0,0,,BD,0
8/15/2020,23:47,Saturday,ST CLAIR WEST STATION,SUDP,0,0,S,YU,5481
8/16/2020,00:16,Sunday,ROSEDALE STATION,SUUT,9,14,N,YU,5946
8/16/2020,01:27,Sunday,PAPE STATION,MUIR,22,26,W,BD,5205
8/16/2020,07:15,Sunday,DUFFERIN STATION,MUNCA,0,0,,BD,0
8/16/2020,08:03,Sunday,KEELE STATION,SUUT,29,0,W,BD,5196
8/16/2020,08:17,Sunday,MCCOWAN STATION,TRNOA,6,12,S,SRT,3020
8/16/2020,08:28,Sunday,BROADVIEW STATION,MUO,9,14,W,BD,5219
8/16/2020,09:12,Sunday,KIPLING STATION,TUMVS,0,0,W,BD,5140
8/16/2020,09:15,Sunday,WILSON STATION,MUATC,7,12,S,YU,5911
8/16/2020,09:58,Sunday,LAWRENCE STATION,EUDO,5,10,S,YU,5711
8/16/2020,10:00,Sunday,KEELE STATION,MUPAA,4,8,W,BD,5209
8/16/2020,10:42,Sunday,FINCH STATION,MUIS,0,0,,YU,0
8/16/2020,10:52,Sunday,ST ANDREW STATION,MUATC,0,0,S,YU,5916
8/16/2020,10:55,Sunday,ST GEORGE YUS STATION,MUIS,0,0,,YU,0
8/16/2020,12:14,Sunday,SCARBOROUGH CTR STATIO,ERLV,6,12,N,SRT,3000
8/16/2020,12:40,Sunday,ST GEORGE BD STATION,SUDP,3,7,E,BD,5156
8/16/2020,14:22,Sunday,OSGOODE STATION,MUIR,6,10,S,YU,5446
8/16/2020,14:25,Sunday,LANSDOWNE STATION,MUPAA,0,0,E,BD,5179
8/16/2020,16:58,Sunday,COXWELL STATION,TUSUP,3,6,E,BD,5205
8/16/2020,17:02,Sunday,LAWRENCE STATION,EUSC,0,0,N,YU,5416
8/16/2020,17:14,Sunday,SHERBOURNE STATION,MUIRS,0,0,W,BD,5219
8/16/2020,19:08,Sunday,ROYAL YORK STATION,MUIRS,0,0,,BD,0
8/16/2020,20:02,Sunday,KIPLING STATION,SUDP,3,7,W,BD,5183
8/16/2020,21:22,Sunday,SHEPPARD WEST STATION,EUECD,0,0,N,YU,5431
8/16/2020,21:55,Sunday,LAWRENCE STATION,EUCA,5,10,S,YU,5791
8/16/2020,22:00,Sunday,YONGE-UNIVERSITY AND B,MUO,0,0,,YU/BD,0
8/16/2020,22:37,Sunday,QUEEN STATION,TUNCA,0,0,,YU,0
8/16/2020,23:19,Sunday,BAYVIEW STATION,EUSC,0,0,W,SHP,6156
8/16/2020,23:52,Sunday,MUSEUM STATION,SUDP,0,0,N,YU,6061
8/17/2020,01:30,Monday,KIPLING STATION,SUDP,0,0,E,BD,5237
8/17/2020,02:07,Monday,CHESTER STATION,PUMST,0,0,,BD,0
8/17/2020,02:12,Monday,BAY STATION,MUPAA,0,0,W,BD,5319
8/17/2020,02:49,Monday,BRUNSWICK AND BLOOR,MUIE,0,0,,BD,0
8/17/2020,06:04,Monday,EGLINTON STATION,MUATC,3,6,N,YU,5716
8/17/2020,06:07,Monday,MCCOWAN STATION,ERTR,6,12,S,SRT,0
8/17/2020,07:54,Monday,EGLINTON STATION,MUSC,0,0,S,YU,5751
8/17/2020,07:58,Monday,ST CLAIR STATION,TUOS,3,6,S,YU,5941
8/17/2020,08:11,Monday,COLLEGE STATION,TUOS,0,0,S,YU,5956
8/17/2020,08:12,Monday,VAUGHAN MC STATION,MUTO,3,6,S,YU,6111
8/17/2020,08:35,Monday,COLLEGE STATION,SUDP,6,9,S,YU,5781
8/17/2020,09:57,Monday,VICTORIA PARK STATION,SUAP,0,0,W,BD,5319
8/17/2020,10:55,Monday,BLOOR STATION,MUIR,4,7,S,YU,5476
8/17/2020,11:07,Monday,WARDEN STATION,TUO,4,7,W,BD,5169
8/17/2020,11:20,Monday,COXWELL STATION,TUO,3,6,W,BD,5169
8/17/2020,11:44,Monday,WARDEN STATION,PUSTS,3,6,E,BD,5095
8/17/2020,12:11,Monday,FINCH STATION,MUTO,0,0,S,YU,6131
8/17/2020,12:28,Monday,SCARBOROUGH RAPID TRAN,MRWEA,0,0,B,SRT,0
8/17/2020,12:34,Monday,DON MILLS STATION,MUIS,0,0,,SHP,0
8/17/2020,13:01,Monday,COXWELL STATION,TUNIP,6,10,E,BD,5038
8/17/2020,14:51,Monday,MCCOWAN STATION,ERTR,5,10,,SRT,0
8/17/2020,15:24,Monday,CASTLE FRANK STATION,MUDD,7,10,W,BD,5109
8/17/2020,15:35,Monday,FINCH STATION,EUO,3,6,S,YU,5906
8/17/2020,16:18,Monday,ST CLAIR STATION,MUIR,0,0,S,YU,6091
8/17/2020,16:20,Monday,WOODBINE STATION,MUIRS,0,0,,BD,0
8/17/2020,17:00,Monday,PIONEER VILLAGE STATIO,MUPAA,0,0,N,YU,5956
8/17/2020,17:06,Monday,LAWRENCE EAST STATION,ERDO,0,0,N,SRT,3019
8/17/2020,18:49,Monday,WELLESLEY STATION,MUIRS,0,0,S,YU,0
8/17/2020,18:59,Monday,BAYVIEW STATION,EUSC,0,0,W,SHP,6156
8/17/2020,19:06,Monday,VAUGHAN MC STATION,TUNIP,5,8,S,YU,5416
8/17/2020,19:38,Monday,CASTLE FRANK STATION,SUUT,8,14,W,BD,5170
8/17/2020,19:39,Monday,EGLINTON STATION,MUPAA,0,0,N,YU,5651
8/17/2020,19:51,Monday,QUEEN STATION,SUDP,0,0,,YU,0
8/17/2020,21:47,Monday,KENNEDY BD STATION,EUBO,6,12,E,BD,5140
8/17/2020,22:00,Monday,YONGE-UNIVERSITY AND B,MUO,0,0,,YU/BD,0
8/17/2020,22:27,Monday,SUMMERHILL STATION,SUDP,0,0,S,YU,5606
8/17/2020,22:58,Monday,PAPE STATION,EUBK,0,0,W,BD,5090
8/17/2020,23:54,Monday,WILSON STATION,MUNOA,5,10,N,YU,0
8/18/2020,00:21,Tuesday,MAIN STREET STATION,PUTWZ,4,10,W,BD,5188
8/18/2020,00:22,Tuesday,LAWRENCE STATION,SUO,4,9,S,YU,6841
8/18/2020,00:32,Tuesday,SPADINA BD STATION,MUIS,0,0,,BD,0
8/18/2020,01:09,Tuesday,SHEPPARD-YONGE STATION,TUSC,0,0,E,SHP,6191
8/18/2020,06:07,Tuesday,MCCOWAN STATION,ERTR,6,12,S,SRT,0
8/18/2020,06:28,Tuesday,KEELE STATION,EUSC,0,0,E,BD,5307
8/18/2020,06:37,Tuesday,BAYVIEW STATION,EUSC,0,0,W,SHP,6156
8/18/2020,06:37,Tuesday,KEELE STATION,PUTWZ,22,0,W,BD,5328
8/18/2020,06:49,Tuesday,FINCH STATION,MUTO,4,7,S,YU,5866
8/18/2020,08:10,Tuesday,BLOOR STATION,MUIRS,0,0,N,YU,0
8/18/2020,09:40,Tuesday,BLOOR STATION,MUIS,0,0,,YU,0
8/18/2020,11:21,Tuesday,VAUGHAN MC STATION,MUNOA,3,6,S,YU,5671
8/18/2020,11:59,Tuesday,DON MILLS STATION,MUIS,0,0,,SHP,0
8/18/2020,12:34,Tuesday,VAUGHAN MC STATION,MUNOA,3,6,,YU,5000
8/18/2020,13:07,Tuesday,ST GEORGE BD STATION,EUCA,3,6,W,BD,5315
8/18/2020,14:00,Tuesday,KENNEDY BD STATION,MUIE,3,6,W,BD,5286
8/18/2020,14:13,Tuesday,MCCOWAN STATION,ERTR,5,10,,SRT,0
8/18/2020,14:52,Tuesday,KENNEDY BD STATION,TUNIP,4,7,W,BD,5174
8/18/2020,15:07,Tuesday,EGLINTON STATION,MUIRS,0,0,,YU,0
8/18/2020,16:31,Tuesday,YONGE BD STATION,SUDP,3,6,E,BD,5188
8/18/2020,16:34,Tuesday,VAUGHAN MC STATION,MUNOA,3,6,S,YU,5656
8/18/2020,17:31,Tuesday,SHERBOURNE STATION,SUDP,5,8,E,BD,5038
8/18/2020,17:59,Tuesday,VAUGHAN MC STATION,TUNOA,3,6,S,YU,5416
8/18/2020,18:55,Tuesday,OSSINGTON STATION,TUOS,0,0,W,BD,5174
8/18/2020,20:41,Tuesday,OSSINGTON STATION,SUPOL,18,24,E,BD,5190
8/18/2020,20:51,Tuesday,ST PATRICK STATION,SUROB,0,0,,YU,0
8/18/2020,21:02,Tuesday,MAIN STREET STATION,MUIRS,0,0,,BD,0
8/18/2020,23:00,Tuesday,ST GEORGE BD STATION,MUO,0,0,,BD,0
8/18/2020,23:24,Tuesday,WARDEN STATION,MUPAA,0,0,W,BD,5077
8/19/2020,00:33,Wednesday,LAWRENCE STATION,EUSC,4,9,N,YU,6126
8/19/2020,05:54,Wednesday,KEELE STATION,TUNIP,6,0,W,BD,5196
8/19/2020,05:57,Wednesday,KENNEDY BD STATION,TUNIP,3,9,W,BD,5170
8/19/2020,05:58,Wednesday,KENNEDY BD STATION,MUIS,0,0,,BD,0
8/19/2020,05:59,Wednesday,OLD MILL STATION,PUSTC,0,0,W,BD,5101
8/19/2020,06:02,Wednesday,MCCOWAN STATION,ERDO,5,10,S,SRT,3006
8/19/2020,06:07,Wednesday,DOWNSVIEW PARK STATION,TUO,3,6,S,YU,5801
8/19/2020,06:07,Wednesday,MCCOWAN STATION,ERTR,5,10,S,SRT,0
8/19/2020,06:12,Wednesday,KIPLING STATION,MUTO,5,10,E,BD,5237
8/19/2020,06:13,Wednesday,DONLANDS STATION,TUNIP,5,8,W,BD,5066
8/19/2020,06:14,Wednesday,KENNEDY BD STATION,TUNIP,3,8,W,BD,5188
8/19/2020,06:25,Wednesday,KEELE STATION,MUNOA,6,11,W,BD,5031
8/19/2020,07:55,Wednesday,SHEPPARD-YONGE STATION,TUO,7,12,E,SHP,6156
8/19/2020,07:59,Wednesday,LAWRENCE EAST STATION,MRUIR,5,10,S,SRT,3016
8/19/2020,09:04,Wednesday,VAUGHAN MC STATION,MUNOA,3,6,S,YU,0
8/19/2020,09:14,Wednesday,PAPE STATION,MUIRS,0,0,,BD,0
8/19/2020,09:30,Wednesday,BAYVIEW STATION,TUMVS,5,10,E,SHP,6176
8/19/2020,09:32,Wednesday,UNION STATION,MUIRS,0,0,,YU,0
8/19/2020,09:34,Wednesday,YORK MILLS STATION,PUMEL,0,0,S,YU,5656
8/19/2020,09:53,Wednesday,VAUGHAN MC STATION,MUNOA,3,6,S,YU,0
8/19/2020,12:06,Wednesday,VAUGHAN MC STATION,MUNOA,3,6,S,YU,0
8/19/2020,12:36,Wednesday,KIPLING STATION,TUNIP,3,6,E,BD,5032
8/19/2020,12:53,Wednesday,SHEPPARD WEST STATION,PUMEL,0,0,,YU,0
8/19/2020,13:05,Wednesday,VAUGHAN MC STATION,MUNOA,3,6,S,YU,0
8/19/2020,13:23,Wednesday,VAUGHAN MC STATION,MUNOA,3,6,S,YU,0
8/19/2020,13:38,Wednesday,MCCOWAN STATION,ERVE,5,10,,SRT,0
8/19/2020,15:03,Wednesday,ST GEORGE BD STATION,EUDO,12,15,W,BD,5228
8/19/2020,15:14,Wednesday,OLD MILL STATION,SUDP,0,0,E,BD,5038
8/19/2020,15:34,Wednesday,GREENWOOD STATION,EUTR,3,6,W,BD,5020
8/19/2020,15:35,Wednesday,LANSDOWNE STATION,SUPOL,0,0,W,BD,5221
8/19/2020,15:42,Wednesday,KIPLING STATION,TUMVS,0,0,W,BD,5241
8/19/2020,15:48,Wednesday,CHRISTIE STATION,MUO,0,0,W,BD,5197
8/19/2020,16:46,Wednesday,KING STATION,MUPAA,0,0,S,YU,5466
8/19/2020,17:01,Wednesday,DON MILLS STATION,TUSC,0,0,W,SHP,6181
8/19/2020,17:05,Wednesday,DON MILLS STATION,MUSC,0,0,E,SHP,6146
8/19/2020,17:44,Wednesday,UNION STATION,SUDP,4,7,S,YU,5546
8/19/2020,17:53,Wednesday,EGLINTON STATION,SUDP,4,7,N,YU,5976
8/19/2020,18:13,Wednesday,ST GEORGE BD STATION,TUMVS,0,0,W,BD,5035
8/19/2020,18:22,Wednesday,KING STATION,SUAE,0,0,,YU,0
8/19/2020,19:54,Wednesday,ROSEDALE STATION,MUIRS,0,0,,YU,0
8/19/2020,20:03,Wednesday,FINCH STATION,SUDP,0,0,,YU,0
8/19/2020,20:41,Wednesday,WILSON STATION,MUIS,0,0,,YU,0
8/19/2020,20:52,Wednesday,ROSEDALE STATION,MUIS,0,0,N,YU,5846
8/19/2020,22:00,Wednesday,YONGE-UNIVERSITY AND B,MUO,0,0,,YU/BD,0
8/19/2020,22:29,Wednesday,WARDEN STATION,MUO,0,0,W,BD,5163
8/19/2020,22:50,Wednesday,VAUGHAN MC STATION,MUNOA,5,10,S,YU,5556
8/20/2020,05:25,Thursday,ST GEORGE YUS STATION,MUNCA,0,0,,YU,0
8/20/2020,05:32,Thursday,CASTLE FRANK STATION,EUSC,0,0,W,BD,5121
8/20/2020,05:38,Thursday,EGLINTON STATION,PUTWZ,3,0,N,YU,5661
8/20/2020,05:38,Thursday,ST GEORGE BD STATION,EUSC,0,0,W,BD,5121
8/20/2020,05:46,Thursday,KEELE STATION,MUSC,0,0,W,BD,5121
8/20/2020,06:00,Thursday,DAVISVILLE STATION,MUPAA,0,0,S,YU,5816
8/20/2020,06:00,Thursday,KIPLING STATION,EUSC,0,0,W,BD,5121
8/20/2020,06:02,Thursday,MCCOWAN STATION,ERTR,5,10,S,SRT,0
8/20/2020,06:07,Thursday,MCCOWAN STATION,ERTR,5,10,S,SRT,0
8/20/2020,06:30,Thursday,FINCH STATION,MUTO,4,7,S,YU,5951
8/20/2020,06:52,Thursday,ST CLAIR WEST STATION,MUPAA,0,0,S,YU,5481
8/20/2020,07:32,Thursday,KEELE STATION,EUSC,0,0,W,BD,5121
8/20/2020,09:25,Thursday,CHRISTIE STATION,TUMVS,0,0,E,BD,5219
8/20/2020,09:44,Thursday,FINCH STATION,SUDP,9,12,S,YU,6021
8/20/2020,10:10,Thursday,YORK MILLS STATION (AP,TUO,5,8,N,YU,5906
8/20/2020,10:28,Thursday,DUFFERIN STATION,SUPOL,0,0,W,BD,5274
8/20/2020,10:28,Thursday,DUPONT STATION,MUIR,8,11,S,YU,5846
8/20/2020,11:04,Thursday,SPADINA YUS STATION,EUDO,4,7,S,YU,5671
8/20/2020,11:23,Thursday,SUMMERHILL STATION,SUDP,0,0,N,YU,5681
8/20/2020,12:32,Thursday,SCARBOROUGH RAPID TRAN,MRWEA,0,0,B,SRT,0
8/20/2020,12:46,Thursday,EGLINTON WEST STATION,SUDP,0,0,N,YU,5926
8/20/2020,13:38,Thursday,GREENWOOD YARD,PUMO,0,0,,YU,0
8/20/2020,13:38,Thursday,QUEEN'S PARK STATION,MUSAN,6,9,S,YU,5651
8/20/2020,16:18,Thursday,SHEPPARD WEST STATION,PUMEL,0,0,,YU,0
8/20/2020,16:22,Thursday,GLENCAIRN STATION,SUDP,4,7,S,YU,5956
8/20/2020,16:27,Thursday,EGLINTON WEST STATION,MUIRS,0,0,,YU,0
8/20/2020,18:50,Thursday,YONGE BD STATION,SUDP,0,0,W,BD,5274
8/20/2020,19:12,Thursday,PAPE STATION,MUIS,0,0,,BD,0
8/20/2020,19:13,Thursday,BATHURST STATION,MUDD,6,9,E,BD,5255
8/20/2020,19:18,Thursday,LAWRENCE WEST STATION,MUIR,9,12,S,YU,5446
8/20/2020,19:59,Thursday,QUEEN STATION,MUATC,6,9,S,YU,5971
8/20/2020,20:05,Thursday,KING STATION,MUATC,3,6,S,YU,5971
8/20/2020,20:15,Thursday,KING STATION,MUNCA,0,0,,YU,0
8/20/2020,20:26,Thursday,VICTORIA PARK STATION,MUNCA,0,0,,BD,0
8/20/2020,20:40,Thursday,YONGE BD STATION,SUDP,8,14,W,BD,5335
8/20/2020,20:43,Thursday,BLOOR STATION,SUAP,0,0,S,YU,0
8/20/2020,21:06,Thursday,WILSON STATION,MUIS,0,0,N,YU,0
8/20/2020,21:14,Thursday,VAUGHAN MC STATION,MUTO,3,6,S,YU,5731
8/20/2020,21:46,Thursday,VAUGHAN MC STATION,MUTO,5,10,S,YU,0
8/20/2020,21:56,Thursday,RUNNYMEDE STATION,SUAP,8,14,E,BD,5208
8/20/2020,22:00,Thursday,YONGE-UNIVERSITY AND B,MUO,0,0,,YU/BD,0
8/20/2020,22:07,Thursday,BAY STATION,MUPAA,0,0,E,BD,5137
8/20/2020,22:29,Thursday,COLLEGE STATION,MUIS,0,0,,,0
8/21/2020,00:38,Friday,COLLEGE STATION,MUPAA,0,0,S,YU,5901
8/21/2020,01:57,Friday,RAMPS BAY LOWER,MUPLB,4,0,W,BD,5108
8/21/2020,05:21,Friday,KENNEDY BD STATION,MUIRS,0,0,,BD,0
8/21/2020,06:02,Friday,MCCOWAN STATION,ERTR,5,10,S,SRT,0
8/21/2020,06:07,Friday,MCCOWAN STATION,ERTR,5,10,S,SRT,0
8/21/2020,06:10,Friday,ST GEORGE BD STATION,SUO,3,8,E,BD,5222
8/21/2020,09:03,Friday,FINCH STATION,MUTO,3,6,S,YU,5646
8/21/2020,09:38,Friday,SPADINA YUS STATION,MUIS,0,0,,YU,0
8/21/2020,10:01,Friday,WARDEN STATION,PUSTS,3,6,W,BD,5335
8/21/2020,10:53,Friday,KIPLING STATION,SUDP,0,0,,BD,0
8/21/2020,11:13,Friday,COLLEGE STATION,TUMVS,0,0,S,YU,5766
8/21/2020,11:26,Friday,DAVISVILLE STATION,MUIS,0,0,,YU,0
8/21/2020,11:29,Friday,SCARBOROUGH RAPID TRAN,MRWEA,0,0,W,SRT,0
8/21/2020,12:17,Friday,FINCH STATION,MUTO,3,6,S,YU,5606
8/21/2020,12:18,Friday,SCARBOROUGH CTR STATIO,PREL,0,0,,SRT,0
8/21/2020,13:08,Friday,SHEPPARD WEST STATION,EUBK,3,6,S,YU,5651
8/21/2020,13:11,Friday,WARDEN STATION,SUDP,0,0,E,BD,5053
8/21/2020,14:44,Friday,KENNEDY BD STATION,SUAP,8,16,,BD,8695
8/21/2020,15:05,Friday,MCCOWAN STATION,ERTR,5,11,,SRT,0
8/21/2020,15:24,Friday,ST CLAIR WEST STATION,MUPAA,0,0,S,YU,5761
8/21/2020,15:41,Friday,KENNEDY BD STATION,EUBK,3,6,W,BD,5274
8/21/2020,17:42,Friday,EGLINTON WEST STATION,SUDP,5,8,S,YU,5851
8/21/2020,18:09,Friday,OLD MILL STATION,MUNCA,0,0,,BD,0
8/21/2020,18:19,Friday,KING STATION,MUNCA,0,0,,YU,0
8/21/2020,18:39,Friday,KIPLING STATION,MUTO,3,6,E,BD,5287
8/21/2020,18:59,Friday,ST CLAIR WEST STATION,SUDP,8,11,S,YU,6011
8/21/2020,19:17,Friday,VICTORIA PARK STATION,MUIS,0,0,,BD,0
8/21/2020,19:35,Friday,YONGE STATION,MUIE,0,0,W,BD,5104
8/21/2020,21:13,Friday,EGLINTON STATION,EUSC,0,0,N,YU,5731
8/21/2020,21:31,Friday,BLOOR STATION,MUIS,0,0,,YU,0
8/21/2020,22:00,Friday,YONGE-UNIVERSITY AND B,MUO,0,0,,YU/BD,0
8/21/2020,22:48,Friday,KENNEDY BD STATION,MUSAN,6,12,E,BD,5028
8/21/2020,22:54,Friday,VAUGHAN MC STATION,MUNOA,5,10,S,YU,0
8/21/2020,23:04,Friday,FINCH STATION,MUDD,4,9,S,YU,5441
8/21/2020,23:06,Friday,GREENWOOD STATION,EUTR,6,12,E,BD,5215
8/22/2020,05:20,Saturday,OSSINGTON STATION,MUNCA,0,0,,BD,0
8/22/2020,06:00,Saturday,FINCH TO ST CLAIR STAT,MUO,0,0,,YU,0
8/22/2020,07:20,Saturday,BLOOR STATION,EUPI,5,10,S,YU,5951
8/22/2020,07:33,Saturday,KING STATION,SUUT,0,0,S,YU,5921
8/22/2020,07:55,Saturday,SHEPPARD- YONGE STATIO,SUUT,14,19,W,SHP,5186
8/22/2020,08:01,Saturday,LESLIE STATION,TUMVS,0,0,W,SHP,6141
8/22/2020,09:15,Saturday,BLOOR STATION,TUO,5,10,S,YU,5746
8/22/2020,11:15,Saturday,VICTORIA PARK STATION,MUPAA,0,0,W,BD,5073
8/22/2020,11:28,Saturday,SHEPPARD-YONGE STATION,MUPAA,0,0,E,SHP,6186
8/22/2020,11:44,Saturday,KEELE STATION,SUDP,7,12,E,BD,5020
8/22/2020,11:56,Saturday,DUFFERIN STATION,MUPAA,0,0,E,BD,5020
8/22/2020,12:36,Saturday,SCARBOROUGH RAPID TRAN,MRWEA,0,0,,SRT,0
8/22/2020,13:36,Saturday,DUNDAS WEST STATION,SUUT,14,18,W,BD,5113
8/22/2020,13:52,Saturday,SHEPPARD STATION,SUO,0,0,,YU,0
8/22/2020,14:00,Saturday,PAPE STATION,PUSRA,4,8,E,BD,5159
8/22/2020,14:02,Saturday,BLOOR STATION,MUIS,0,0,,YU,0
8/22/2020,14:40,Saturday,ST CLAIR STATION,SUAP,0,0,,YU,0
8/22/2020,15:57,Saturday,UNION STATION,MUIRS,0,0,,YU,0
8/22/2020,17:04,Saturday,WILSON STATION,SUO,0,0,N,YU,5861
8/22/2020,17:08,Saturday,FINCH STATION,MUO,0,0,,YU,0
8/22/2020,17:15,Saturday,WELLESLEY STATION,MUIRS,0,0,N,YU,0
8/22/2020,19:32,Saturday,SUMMERHILL STATION,SUDP,5,10,N,YU,6066
8/22/2020,19:43,Saturday,BLOOR STATION,TUO,3,8,S,YU,6066
8/22/2020,20:51,Saturday,BLOOR STATION,MUPAA,3,8,N,YU,5991
8/22/2020,20:56,Saturday,SHEPPARD-YONGE STATION,TUO,4,9,,SHP,6156
8/22/2020,21:01,Saturday,SUMMERHILL STATION,MUPR1,126,131,S,YU,5566
8/22/2020,21:18,Saturday,QUEEN STATION,MUATC,5,10,S,YU,5746
8/22/2020,21:24,Saturday,MCCOWAN STATION,ERTR,5,10,,SRT,0
8/22/2020,21:26,Saturday,SHEPPARD-YONGE STATION,TUOPO,7,12,,SHP,6186
8/22/2020,22:00,Saturday,YONGE-UNIVERSITY AND B,MUO,0,0,,YU/BD,0
8/22/2020,22:12,Saturday,MCCOWAN STATION,MRWEA,0,0,,SRT,0
8/22/2020,23:28,Saturday,MIDLAND STATION,SRDP,6,12,N,SRT,3011
8/23/2020,00:27,Sunday,MCCOWAN STATION,SRDP,0,0,,SRT,0
8/23/2020,00:42,Sunday,YONGE BD STATION,MUIRS,0,0,E,BD,5280
8/23/2020,00:46,Sunday,KENNEDY BD STATION,MUIRS,0,0,,BD,0
8/23/2020,01:07,Sunday,EGLINTON WEST STATION,SUDP,15,20,S,YU,5926
8/23/2020,08:00,Sunday,FINCH TO ST CLAIR STAT,MUO,0,0,,YU,0
8/23/2020,08:10,Sunday,VAUGHAN MC STATION,MUATC,8,13,S,YU,5641
8/23/2020,08:17,Sunday,MCCOWAN STATION,ERTR,7,14,S,SRT,0
8/23/2020,10:51,Sunday,HIGHWAY 407 STATION,MUPLC,0,0,N,YU,5951
8/23/2020,11:48,Sunday,WILSON STATION,PUMEL,0,0,,YU,0
8/23/2020,12:14,Sunday,SCARBOROUGH RAPID TRAN,MRWEA,0,0,B,SRT,0
8/23/2020,13:36,Sunday,BLOOR STATION,SUDP,4,8,N,YU,5976
8/23/2020,14:42,Sunday,DUNDAS WEST STATION,MUIS,0,0,,BD,0
8/23/2020,15:49,Sunday,ROSEDALE STATION,TUOS,0,0,N,YU,5586
8/23/2020,17:36,Sunday,ISLINGTON STATION,MUIS,0,0,,BD,0
8/23/2020,17:42,Sunday,DUNDAS WEST STATION,SUDP,9,13,W,BD,5123
8/23/2020,17:44,Sunday,SHEPPARD-YONGE STATION,TUO,4,8,W,SHP,6176
8/23/2020,19:34,Sunday,COLLEGE STATION,SUUT,0,0,N,YU,5576
8/23/2020,21:14,Sunday,WELLESLEY STATION,SUUT,0,0,N,YU,5666
8/23/2020,21:48,Sunday,BLOOR STATION,MUPAA,0,0,N,YU,5956
8/23/2020,22:00,Sunday,YONGE-UNIVERSITY AND B,MUO,0,0,,YU/BD,0
8/23/2020,22:35,Sunday,KIPLING STATION,MUO,5,10,E,BD,5335
8/23/2020,22:53,Sunday,LAWRENCE WEST STATION,SUO,0,0,,YU,0
8/23/2020,23:02,Sunday,HIGHWAY 407 STATION,MUATC,8,13,N,YU,6061
8/24/2020,00:29,Monday,ST CLAIR STATION,SUO,0,0,S,YU,5841
8/24/2020,01:37,Monday,ST CLAIR WEST STATION,SUUT,12,17,S,YU,6056
8/24/2020,03:10,Monday,SCARBOROUGH CTR STATIO,MRUIR,0,0,,SRT,0
8/24/2020,05:49,Monday,WILSON STATION,MUNOA,3,6,S,YU,0
8/24/2020,06:02,Monday,MCCOWAN STATION,ERTR,5,10,S,SRT,0
8/24/2020,06:02,Monday,OSGOODE STATION,MUNCA,0,0,,YU,0
8/24/2020,06:07,Monday,MCCOWAN STATION,ERTR,5,10,S,SRT,0
8/24/2020,06:41,Monday,YORK MILLS STATION (LE,EUSC,0,0,S,YU,5951
8/24/2020,07:37,Monday,ISLINGTON STATION,MUTO,5,8,W,BD,5137
8/24/2020,08:42,Monday,DAVISVILLE STATION,EUDO,3,6,N,YU,5706
8/24/2020,09:01,Monday,FINCH WEST STATION,MUNOA,3,6,S,YU,5781
8/24/2020,09:17,Monday,SCARBOROUGH RAPID TRAN,MRWEA,0,0,B,SRT,0
8/24/2020,09:30,Monday,COXWELL STATION,MUSAN,5,8,W,BD,5113
8/24/2020,09:46,Monday,DONLANDS STATION,MUSAN,5,8,W,BD,5113
8/24/2020,09:53,Monday,VAUGHAN MC STATION,MUNOA,3,6,,YU,0
8/24/2020,10:07,Monday,VAUGHAN MC STATION,MUNOA,3,6,S,YU,0
8/24/2020,10:17,Monday,VAUGHAN MC STATION,MUNOA,3,6,S,YU,0
8/24/2020,11:09,Monday,VAUGHAN MC STATION,TUO,3,6,S,YU,0
8/24/2020,11:20,Monday,HIGHWAY 407 STATION,PUMO,0,0,N,YU,5751
8/24/2020,11:28,Monday,LAWRENCE STATION,MUO,4,7,S,YU,5971
8/24/2020,11:48,Monday,BLOOR STATION,MUTO,3,6,N,YU,5796
8/24/2020,12:41,Monday,OSSINGTON STATION,SUUT,26,29,W,BD,5190
8/24/2020,12:51,Monday,SHEPPARD-YONGE STATION,TUSC,5,10,W,SHP,6156
8/24/2020,13:08,Monday,VAUGHAN MC STATION,MUNOA,3,6,S,YU,0
8/24/2020,13:17,Monday,VAUGHAN MC STATION,MUNOA,3,6,S,YU,0
8/24/2020,13:26,Monday,VAUGHAN MC STATION,MUNOA,3,6,S,YU,0
8/24/2020,13:44,Monday,VAUGHAN MC STATION,MUNOA,3,6,S,YU,0
8/24/2020,13:56,Monday,DUNDAS STATION,MUIRS,0,0,S,YU,0
8/24/2020,14:27,Monday,KEELE STATION,SUDP,3,6,W,BD,5161
8/24/2020,15:30,Monday,BAY STATION,MUD,0,0,W,BD,5328
8/24/2020,15:50,Monday,VAUGHAN MC STATION,MUNOA,3,6,S,YU,0
8/24/2020,15:57,Monday,VAUGHAN MC STATION,MUNOA,3,6,S,YU,0
8/24/2020,16:45,Monday,COLLEGE STATION,SUDP,4,7,S,YU,6006
8/24/2020,16:50,Monday,MCCOWAN STATION,ERTR,5,11,,SRT,0
8/24/2020,16:58,Monday,LAWRENCE STATION,MUSC,4,7,N,YU,5956
8/24/2020,17:03,Monday,SCARBOROUGH CTR STATIO,SRDP,0,0,,SRT,3020
8/24/2020,17:31,Monday,ST CLAIR STATION,MUPAA,0,0,S,YU,5966
8/24/2020,18:46,Monday,DUNDAS WEST STATION,MUPR1,86,89,W,BD,5137
8/24/2020,18:50,Monday,WARDEN STATION,SUUT,9,12,E,BD,5073
8/24/2020,19:09,Monday,PAPE STATION,SUAP,0,0,W,BD,5161
8/24/2020,19:11,Monday,KIPLING STATION,SUO,0,0,,BD,0
8/24/2020,19:27,Monday,VAUGHAN MC STATION,MUNOA,3,6,S,YU,0
8/24/2020,19:29,Monday,OSSINGTON STATION,SUAP,3,6,W,BD,5161
8/24/2020,19:35,Monday,WARDEN STATION,SUAP,0,0,W,BD,5259
8/24/2020,20:31,Monday,ISLINGTON STATION,SUDP,0,0,,BD,0
8/24/2020,20:59,Monday,BLOOR STATION,MUIRS,0,0,,YU,0
8/24/2020,21:04,Monday,LAWRENCE EAST STATION,SRDP,28,34,S,SRT,3012
8/24/2020,21:34,Monday,KING STATION,SUDP,0,0,N,YU,5641
8/24/2020,22:00,Monday,YONGE-UNIVERSITY AND B,MUO,0,0,,YU/BD,0
8/24/2020,22:01,Monday,SHEPPARD STATION,SUPOL,0,0,S,YU,5646
8/24/2020,22:14,Monday,SHEPPARD-YONGE STATION,SUO,20,25,E,SHP,6176
8/24/2020,22:43,Monday,DUFFERIN STATION,MUIR,0,0,W,BD,5190
8/24/2020,23:19,Monday,SHEPPARD WEST TO FINCH,MUO,0,0,,YU,0
8/25/2020,00:14,Tuesday,SHEPPARD WEST STATION,MUTO,5,10,S,YU,5476
8/25/2020,00:46,Tuesday,LANSDOWNE STATION,SUDP,0,0,,BD,0
8/25/2020,00:48,Tuesday,DAVISVILLE YARD,MUTO,0,0,,YU,0
8/25/2020,01:16,Tuesday,VAUGHAN MC STATION,MUATC,5,10,S,YU,5681
8/25/2020,05:56,Tuesday,DONLANDS STATION,MUSC,0,0,W,BD,5232
8/25/2020,06:02,Tuesday,MCCOWAN STATION,ERTR,5,10,S,SRT,0
8/25/2020,06:07,Tuesday,LAWRENCE STATION,MUATC,5,8,S,YU,5661
8/25/2020,06:07,Tuesday,MCCOWAN STATION,ERTR,5,10,S,SRT,0
8/25/2020,06:59,Tuesday,YORK MILLS STATION (LE,MUSC,0,0,S,YU,5786
8/25/2020,07:01,Tuesday,SPADINA BD STATION,SUO,0,0,,YU,0
8/25/2020,08:06,Tuesday,ST PATRICK STATION,MUIRS,0,0,N,YU,0
8/25/2020,08:17,Tuesday,YORK MILLS STATION,TUSC,0,0,S,YU,6051
8/25/2020,08:28,Tuesday,COXWELL STATION,MUPAA,0,0,W,BD,5162
8/25/2020,09:21,Tuesday,DAVISVILLE STATION,MUPLB,12,15,S,YU,6016
8/25/2020,09:28,Tuesday,COLLEGE STATION,MUIR,10,13,S,YU,5511
8/25/2020,09:33,Tuesday,KENNEDY BD STATION,MUTO,4,7,W,BD,5156
8/25/2020,10:07,Tuesday,VAUGHAN MC STATION,MUNOA,3,6,S,YU,0
8/25/2020,11:55,Tuesday,FINCH STATION,MUIRS,0,0,,YU,0
8/25/2020,12:23,Tuesday,VAUGHAN MC STATION,MUNOA,3,6,S,YU,0
8/25/2020,12:34,Tuesday,VAUGHAN MC STATION,MUNOA,3,6,S,YU,0
8/25/2020,12:58,Tuesday,VAUGHAN MC STATIO,MUNOA,3,6,S,YU,0
8/25/2020,14:06,Tuesday,LAWRENCE EAST STATION,SRDP,3,8,N,SRT,3003
8/25/2020,14:44,Tuesday,LAWRENCE WEST STATION,PUMEL,0,0,,YU,0
8/25/2020,15:05,Tuesday,MCCOWAN STATION,ERTR,5,10,S,SRT,0
8/25/2020,15:17,Tuesday,FINCH STATION,TUNOA,3,6,S,YU,5856
8/25/2020,15:17,Tuesday,HIGH PARK STATION,MUSC,0,0,E,BD,5148
8/25/2020,15:36,Tuesday,WOODBINE STATION,MUIS,0,0,,BD,0
8/25/2020,15:39,Tuesday,LAWRENCE EAST STATION,SRO,0,0,S,SRT,0
8/25/2020,15:57,Tuesday,VAUGHAN MC STATION,MUNOA,3,6,S,YU,0
8/25/2020,16:21,Tuesday,VAUGHAN MC STATION,MUNOA,3,6,S,YU,0
8/25/2020,16:35,Tuesday,VAUGHAN MC STATION,MUNOA,3,6,S,YU,6026
8/25/2020,16:42,Tuesday,VAUGHAN MC STATION,MUNOA,3,6,S,YU,0
8/25/2020,17:14,Tuesday,VAUGHAN MC STATION,MUNOA,3,6,S,YU,0
8/25/2020,17:36,Tuesday,YONGE BD STATION,SUAP,0,0,,BD,0
8/25/2020,17:57,Tuesday,DUNDAS STATION,SUDP,0,0,,YU,0
8/25/2020,18:06,Tuesday,VAUGHAN MC STATION,MUNOA,3,6,S,YU,0
8/25/2020,18:17,Tuesday,VAUGHAN MC STATION,MUNOA,3,6,S,YU,0
8/25/2020,18:41,Tuesday,VAUGHAN MC STATION,MUNOA,3,6,S,YU,0
8/25/2020,18:42,Tuesday,LESLIE STATION,MUPAA,0,0,E,SHP,6186
8/25/2020,20:48,Tuesday,COXWELL STATION,MUSAN,6,12,W,BD,5099
8/25/2020,22:00,Tuesday,YONGE-UNIVERSITY AND B,MUO,0,0,,YU/BD,0
8/25/2020,22:31,Tuesday,VAUGHAN MC STATION,MUNOA,5,10,S,YU,0
8/25/2020,22:43,Tuesday,LAWRENCE WEST STATION,MUIS,0,0,,YU,0
8/25/2020,23:00,Tuesday,SHEPPARD WEST TO FINCH,MUO,0,0,,YU,0
8/25/2020,23:01,Tuesday,VAUGHAN MC STATION,MUNOA,5,10,S,YU,0
8/25/2020,23:14,Tuesday,CHESTER STATION,MUIRS,0,0,E,BD,5016
8/26/2020,00:39,Wednesday,SHEPPARD WEST STATION,MUO,0,0,,YU,0
8/26/2020,01:22,Wednesday,KENNEDY BD STATION,PUCSC,3,9,W,BD,5283
8/26/2020,05:45,Wednesday,SCARBOROUGH RAPID TRAN,MRWEA,0,0,,SRT,0
8/26/2020,05:59,Wednesday,KIPLING STATION,TUO,3,8,E,BD,5016
8/26/2020,06:02,Wednesday,MCCOWAN STATION,ERTR,5,10,S,SRT,0
8/26/2020,06:07,Wednesday,MCCOWAN STATION,ERTR,5,10,S,SRT,0
8/26/2020,06:23,Wednesday,FINCH WEST STATION,EUTRD,3,6,S,YU,5806
8/26/2020,07:12,Wednesday,FINCH STATION,MUPAA,0,0,S,YU,6061
8/26/2020,09:53,Wednesday,WOODBINE STATION,TUOS,0,0,E,BD,5174
8/26/2020,10:20,Wednesday,VAUGHAN MC STATION,TUNIP,3,6,S,YU,5971
8/26/2020,10:34,Wednesday,ROYAL YORK STATION,TUS,6,9,E,BD,5286
8/26/2020,10:36,Wednesday,DAVISVILLE STATION,MUPLB,12,15,N,YU,5861
8/26/2020,10:51,Wednesday,JANE STATION,MUIR,3,6,E,BD,5255
8/26/2020,11:12,Wednesday,DAVISVILLE STATION,TUMVS,5,8,N,YU,5781
8/26/2020,12:23,Wednesday,VAUGHAN MC STATION,MUNOA,3,6,S,YU,0
8/26/2020,12:30,Wednesday,VAUGHAN MC STATION,MUNOA,3,6,S,YU,0
8/26/2020,12:54,Wednesday,WILSON STATION,SUCOL,0,0,N,YU,5461
8/26/2020,14:04,Wednesday,DUNDAS STATION,SUAE,0,0,,YU,0
8/26/2020,14:51,Wednesday,BATHURST STATION,MUIS,0,0,,BD,0
8/26/2020,15:05,Wednesday,MCCOWAN STATION,ERTR,5,10,S,SRT,0
8/26/2020,15:53,Wednesday,WILSON STATION,MUIR,6,9,N,YU,5876
8/26/2020,16:05,Wednesday,VICTORIA PARK STATION,SUDP,0,0,,BD,0
8/26/2020,16:10,Wednesday,LAWRENCE STATION,EUSC,0,0,N,YU,5621
8/26/2020,16:27,Wednesday,LAWRENCE EAST STATION,MRUIR,0,0,N,SRT,3001
8/26/2020,17:26,Wednesday,EGLINTON STATION,MUIRS,0,0,,YU,0
8/26/2020,17:29,Wednesday,PAPE STATION,SUAE,18,21,E,BD,5020
8/26/2020,17:38,Wednesday,LAWRENCE STATION,MUPAA,0,0,N,YU,5666
8/26/2020,17:47,Wednesday,KENNEDY SRT STATION,SRUT,15,22,N,SRT,3001
8/26/2020,17:54,Wednesday,KIPLING STATION,MUIS,0,0,,BD,0
8/26/2020,17:59,Wednesday,PAPE STATION,MUO,4,7,E,BD,5064
8/26/2020,17:59,Wednesday,ST CLAIR STATION,MUIRS,0,0,N,YU,0
8/26/2020,18:02,Wednesday,COXWELL STATION,TUO,0,0,E,BD,5142
8/26/2020,22:00,Wednesday,YONGE-UNIVERSITY AND B,MUO,0,0,,YU/BD,0
8/26/2020,23:07,Wednesday,ROYAL YORK STATION,SUUT,0,0,E,BD,5169
8/26/2020,23:34,Wednesday,YORK MILLS STATION,MUPAA,0,0,N,YU,5731
8/26/2020,23:44,Wednesday,NORTH YORK CTR STATION,EUSC,0,0,N,YU,5731
8/27/2020,01:22,Thursday,KENNEDY BD STATION,SUDP,0,0,W,BD,5113
8/27/2020,05:49,Thursday,WILSON STATION,TUNIP,3,0,S,YU,5446
8/27/2020,05:51,Thursday,EGLINTON STATION,MUO,4,0,S,YU,6001
8/27/2020,06:02,Thursday,MCCOWAN STATION,ERTR,5,10,B,SRT,0
8/27/2020,06:07,Thursday,MCCOWAN STATION,ERTR,5,10,B,SRT,0
8/27/2020,06:13,Thursday,EGLINTON STATION,MUSC,0,0,S,YU,5456
8/27/2020,06:14,Thursday,VAUGHAN MC STATION,EUME,6,11,S,YU,5836
8/27/2020,06:49,Thursday,EGLINTON STATION,MUATC,4,8,N,YU,5661
8/27/2020,07:51,Thursday,VAUGHAN MC STATION,MUTO,3,6,S,YU,5766
8/27/2020,08:05,Thursday,SHEPPARD STATION,EUSC,0,0,N,YU,5731
8/27/2020,08:45,Thursday,QUEEN'S PARK STATION,MUPAA,0,0,S,YU,5476
8/27/2020,09:16,Thursday,VAUGHAN MC STATION,MUNOA,3,6,S,YU,0
8/27/2020,11:08,Thursday,ST GEORGE BD STATION,TUMVS,0,0,E,BD,5082
8/27/2020,11:19,Thursday,BAY STATION,MUPLB,7,10,W,BD,5026
8/27/2020,11:37,Thursday,FINCH STATION,TUMVS,3,6,N,YU,5741
8/27/2020,12:09,Thursday,COXWELL STATION,MUIS,0,0,,BD,0
8/27/2020,12:22,Thursday,MCCOWAN STATION,ERPR,5,10,N,SRT,3011
8/27/2020,13:00,Thursday,SPADINA BD STATION,MUIS,0,0,,BD,0
8/27/2020,13:00,Thursday,ST CLAIR WEST STATION,SUDP,0,0,N,YU,5636
8/27/2020,13:01,Thursday,YORK MILLS STATION,SUEAS,17,24,N,YU,5551
8/27/2020,13:24,Thursday,LAWRENCE STATION,MUPAA,0,0,S,YU,5581
8/27/2020,15:05,Thursday,MCCOWAN STATION,ERTR,5,10,S,SRT,0
8/27/2020,15:23,Thursday,VAUGHAN MC STATION,MUTO,3,6,S,YU,5456
8/27/2020,15:33,Thursday,KIPLING STATION,TUNIP,4,7,E,BD,5151
8/27/2020,16:15,Thursday,CHRISTIE STATION,SUDP,3,6,E,BD,5082
8/27/2020,16:25,Thursday,KENNEDY BD STATION,MUTO,3,6,W,BD,5066
8/27/2020,16:30,Thursday,ST CLAIR WEST STATION,MUIE,0,0,,YU,0
8/27/2020,16:46,Thursday,LAWRENCE WEST STATION,PUMEL,0,0,,YU,0
8/27/2020,17:14,Thursday,OSSINGTON STATION,MUPAA,0,0,E,BD,5095
8/27/2020,17:23,Thursday,KIPLING STATION,MUTO,3,6,E,BD,5066
8/27/2020,18:00,Thursday,WOODBINE STATION,SUDP,6,9,W,BD,5026
8/27/2020,18:04,Thursday,LAWRENCE EAST STATION,MRD,19,24,S,SRT,3026
8/27/2020,18:20,Thursday,FINCH WEST STATION,SUO,0,0,,YU,0
8/27/2020,18:31,Thursday,DUPONT STATION,SUDP,0,0,N,YU,6051
8/27/2020,19:44,Thursday,DUNDAS STATION,SUUT,0,0,N,YU,0
8/27/2020,19:55,Thursday,LAWRENCE STATION,EUSC,0,0,N,YU,5446
8/27/2020,20:19,Thursday,YORK UNIVERSITY STATIO,SUDP,4,7,S,YU,5801
8/27/2020,21:10,Thursday,CHRISTIE STATION,MUIRS,0,0,,BD,0
8/27/2020,21:57,Thursday,EGLINTON STATION,MUPAA,0,0,S,YU,6001
8/27/2020,22:00,Thursday,YONGE-UNIVERSITY AND B,MUO,0,0,,YU/BD,0
8/27/2020,22:30,Thursday,KIPLING STATION,SUO,0,0,,BD,0
8/27/2020,23:00,Thursday,FINCH WEST - SHEPPARD,MUO,0,0,,YU,0
8/27/2020,23:23,Thursday,COLLEGE STATION,MUPAA,0,0,N,YU,5576
8/28/2020,00:49,Friday,YONGE BD STATION,SUDP,0,0,W,BD,5230
8/28/2020,01:11,Friday,KENNEDY BD STATION,PUCSC,4,10,W,BD,5050
8/28/2020,01:14,Friday,YONGE BD STATION,MUIS,0,0,,BD,0
8/28/2020,02:35,Friday,SHEPPARD-YONGE STATION,TUCC,0,0,W,SHP,6151
8/28/2020,05:50,Friday,DONLANDS STATION,MUSC,0,0,W,BD,5282
8/28/2020,06:04,Friday,MCCOWAN STATION,ERTR,5,10,S,SRT,0
8/28/2020,06:26,Friday,FINCH STATION,MUTO,0,0,S,YU,5876
8/28/2020,09:05,Friday,FINCH STATION,MUTO,0,0,S,YU,5871
8/28/2020,09:23,Friday,BROADVIEW STATION,EUNT,6,9,E,BD,5154
8/28/2020,09:33,Friday,ISLINGTON STATION,MUPAA,0,0,E,BD,5121
8/28/2020,11:26,Friday,EGLINTON STATION,SUAP,0,0,N,YU,0
8/28/2020,11:46,Friday,FINCH STATION,EUBK,4,8,S,YU,5646
8/28/2020,11:55,Friday,KENNEDY BD STATION,PUSCR,3,6,W,BD,5222
8/28/2020,12:27,Friday,VAUGHAN MC STATION,TUNIP,3,6,S,YU,5581
8/28/2020,12:31,Friday,SCARBOROUGH RAPID TRAN,MRWEA,0,0,,SRT,0
8/28/2020,12:34,Friday,CHRISTIE STATION,SUDP,0,0,,BD,0
8/28/2020,12:34,Friday,VAUGHAN MC STATION,MUNOA,3,6,S,YU,0
8/28/2020,13:04,Friday,ISLINGTON STATION,EUDO,5,8,E,BD,5194
8/28/2020,13:44,Friday,VAUGHAN MC STATION,MUNOA,3,6,S,YU,0
8/28/2020,13:46,Friday,QUEEN STATION,MUATC,3,6,N,YU,5531
8/28/2020,14:05,Friday,PIONEER VILLAGE STATIO,SUDP,5,8,S,YU,6056
8/28/2020,14:23,Friday,BROADVIEW STATION,SUDP,0,0,,BD,0
8/28/2020,14:28,Friday,YORK MILLS STATION,TUSC,0,0,S,YU,5876
8/28/2020,15:05,Friday,MCCOWAN STATION,ERTR,5,10,S,SRT,0
8/28/2020,15:18,Friday,DUFFERIN STATION,SUDP,4,7,W,BD,5265
8/28/2020,16:58,Friday,LAWRENCE WEST STATION,MUPAA,0,0,S,YU,5786
8/28/2020,17:46,Friday,BROADVIEW STATION,SUO,0,0,W,BD,0
8/28/2020,17:47,Friday,KENNEDY BD STATION,MUNOA,3,6,E,BD,0
8/28/2020,17:58,Friday,UNION STATION,MUO,0,0,N,YU,5516
8/28/2020,18:02,Friday,RUNNYMEDE STATION,PUMEL,0,0,E,BD,0
8/28/2020,19:41,Friday,ST PATRICK STATION,SUDP,13,16,N,YU,5581
8/28/2020,20:01,Friday,VAUGHAN MC STATION,TUATC,3,6,S,YU,5671
8/28/2020,20:53,Friday,ROSEDALE STATION,SUO,7,10,S,YU,5991
8/28/2020,21:30,Friday,ST GEORGE YUS STATION,MUIS,0,0,S,YU,0
8/28/2020,22:00,Friday,YONGE-UNIVERSITY AND B,MUO,0,0,,YU/BD,0
8/28/2020,23:21,Friday,FINCH STATION,MUNOA,5,10,S,YU,5961
8/28/2020,23:52,Friday,EGLINTON STATION,MUIS,0,0,,YU,0
8/29/2020,00:01,Saturday,ST ANDREW STATION,MUNCA,0,0,,YU,0
8/29/2020,05:27,Saturday,NORTH HOSTLER,EUATC,0,0,N,YU,5801
8/29/2020,05:51,Saturday,WILSON STATION,TUATC,0,0,S,YU,6041
8/29/2020,06:09,Saturday,KENNEDY SRT STATION,TRO,0,0,N,SRT,3015
8/29/2020,08:37,Saturday,ST GEORGE BD STATION,MUPAA,0,0,W,BD,5271
8/29/2020,09:00,Saturday,COXWELL STATION,TUNIP,4,9,E,BD,5274
8/29/2020,10:22,Saturday,VICTORIA PARK STATION,SUAE,0,0,W,BD,5255
8/29/2020,10:50,Saturday,CHRISTIE STATION,MUNCA,0,0,,BD,0
8/29/2020,11:09,Saturday,OSSINGTON STATION,SUO,35,39,W,BD,5202
8/29/2020,11:14,Saturday,ISLINGTON STATION,TUMVS,7,12,E,BD,5218
8/29/2020,11:32,Saturday,VAUGHAN MC STATION,MUNOA,3,6,S,YU,0
8/29/2020,12:28,Saturday,ST CLAIR STATION,SUPOL,9,12,S,YU,5756
8/29/2020,12:41,Saturday,WILSON STATION,MUNOA,3,6,S,YU,0
8/29/2020,12:49,Saturday,COXWELL STATION,MUPAA,0,0,E,BD,5276
8/29/2020,13:15,Saturday,ST CLAIR WEST STATION,MUPAA,0,0,S,YU,5646
8/29/2020,13:20,Saturday,KIPLING STATION,PUTD,90,94,W,BD,5082
8/29/2020,13:51,Saturday,KENNEDY BD STATION,MUNOA,4,8,W,BD,0
8/29/2020,15:38,Saturday,SHEPPARD STATION,SUAP,0,0,,YU,0
8/29/2020,15:42,Saturday,KIPLING STATION,TUMVS,4,8,W,BD,5151
8/29/2020,15:46,Saturday,VAUGHAN MC STATION,TUNOA,3,6,S,YU,0
8/29/2020,16:45,Saturday,NORTH YORK CTR STATION,SUAE,0,0,S,YU,5686
8/29/2020,16:50,Saturday,COXWELL STATION,TUS,4,8,E,BD,5197
8/29/2020,17:07,Saturday,VICTORIA PARK STATION,MUPAA,0,0,W,BD,5058
8/29/2020,17:08,Saturday,KENNEDY BD STATION,SUUT,5,8,W,BD,5202
8/29/2020,17:42,Saturday,ISLINGTON STATION,PUMEL,0,0,,BD,0
8/29/2020,18:03,Saturday,UNION STATION,MUIS,0,0,,YU,0
8/29/2020,18:31,Saturday,KENNEDY BD STATION,MUNOA,4,8,W,BD,0
8/29/2020,18:48,Saturday,PAPE STATION,PUMEL,0,0,,BD,0
8/29/2020,20:15,Saturday,DOWNSVIEW PARK STATION,MUIS,0,0,S,YU,5901
8/29/2020,20:33,Saturday,FINCH STATION,MUIR,5,10,N,YU,5951
8/29/2020,20:48,Saturday,BLOOR AND ABERFOYLE CR,MUIS,0,0,,BD,0
8/29/2020,21:29,Saturday,DUPONT STATION,MUI,15,20,N,YU,6136
8/29/2020,21:33,Saturday,QUEEN STATION,MUNCA,0,0,S,YU,0
8/29/2020,21:55,Saturday,COXWELL STATION,SUDP,3,9,E,BD,5197
8/29/2020,22:00,Saturday,YONGE-UNIVERSITY AND B,MUO,0,0,,YU/BD,0
8/29/2020,22:07,Saturday,OSSINGTON STATION,SUDP,5,11,W,BD,5192
8/29/2020,22:12,Saturday,DUNDAS STATION,MUIS,6,11,N,YU,5651
8/29/2020,22:17,Saturday,YORKDALE STATION,SUO,5,10,S,YU,6056
8/30/2020,02:26,Sunday,SHEPPARD-YONGE STATION,TUMVS,0,0,W,SHP,6196
8/30/2020,07:57,Sunday,FINCH STATION,TUSC,0,0,S,YU,5906
8/30/2020,08:00,Sunday,YONGE UNIVERSITY LINE,MUO,0,0,B,YU,5000
8/30/2020,08:21,Sunday,BLOOR STATION,MUSC,0,0,S,YU,5801
8/30/2020,08:22,Sunday,BROADVIEW STATION,PUSSW,0,0,W,BD,5064
8/30/2020,08:34,Sunday,OSSINGTON STATION,PUSSW,4,8,W,BD,5064
8/30/2020,08:35,Sunday,BROADVIEW STATION,PUSSW,0,0,W,BD,5044
8/30/2020,09:12,Sunday,DUNDAS WEST STATION,PUMEL,0,0,,BD,0
8/30/2020,09:52,Sunday,CHRISTIE STATION,EUCA,7,11,W,BD,5050
8/30/2020,09:56,Sunday,DAVISVILLE STATION,EUSC,4,8,S,YU,5881
8/30/2020,14:59,Sunday,QUEEN STATION,SUO,0,0,S,YU,5871
8/30/2020,17:31,Sunday,OSSINGTON STATION,MUNCA,0,0,,BD,0
8/30/2020,19:12,Sunday,VICTORIA PARK STATION,MUPLB,18,23,E,BD,5192
8/30/2020,20:31,Sunday,FINCH WEST STATION,MUPAA,3,8,N,YU,5881
8/30/2020,22:00,Sunday,YUS/BD,MUO,0,0,,YUS/BD,0
8/30/2020,23:04,Sunday,LAWRENCE STATION,PUEO,7,13,N,YU,5946
8/31/2020,00:39,Monday,VAUGHAN MC STATION,MUTO,5,10,S,YU,6006
8/31/2020,01:48,Monday,VAUGHAN MC STATION,MUIRS,0,0,,YU,0
8/31/2020,02:09,Monday,KIPLING STATION,TUMVS,0,0,W,BD,5262
8/31/2020,05:05,Monday,BROADVIEW STATION,PUTR,0,0,W,BD,0
8/31/2020,05:36,Monday,FINCH STATION,TUSC,0,0,S,YU,5841
8/31/2020,05:37,Monday,RUNNYMEDE STATION,MUNCA,0,0,,BD,0
8/31/2020,06:07,Monday,MCCOWAN STATION,ERTR,5,10,S,SRT,0
8/31/2020,06:16,Monday,QUEEN STATION,TUSC,0,0,N,YU,5881
8/31/2020,06:51,Monday,BLOOR VIADUCT,PUTTP,3,6,E,BD,5163
8/31/2020,07:02,Monday,ISLINGTON STATION,TUSC,3,6,W,BD,5265
8/31/2020,07:45,Monday,FINCH STATION,TUO,3,6,S,YU,5871
8/31/2020,08:12,Monday,ROYAL YORK STATION,EUTR,3,6,W,BD,5179
8/31/2020,09:50,Monday,BROADVIEW STATION,MUIS,0,0,,BD,0
8/31/2020,09:54,Monday,ST CLAIR WEST STATION,MUPR1,7,10,N,YU,5406
8/31/2020,10:23,Monday,PAPE STATION,SUAP,0,0,,BD,0
8/31/2020,10:28,Monday,ST CLAIR WEST STATION,MUIRS,0,0,,YU,0
8/31/2020,10:38,Monday,FINCH STATION,MUPAA,3,6,S,YU,5836
8/31/2020,11:03,Monday,BAY STATION,MUPAA,3,6,E,BD,5174
8/31/2020,11:21,Monday,EGLINTON STATION,MUPAA,5,8,N,YU,5536
8/31/2020,11:22,Monday,EGLINTON STATION,SUDP,0,0,,YU,0
8/31/2020,11:35,Monday,EGLINTON STATION,MUPAA,0,0,S,YU,5921
8/31/2020,12:04,Monday,DUFFERIN STATION,MUIS,0,0,,BD,0
8/31/2020,12:16,Monday,VAUGHAN MC STATION,MUNOA,3,6,S,YU,0
8/31/2020,12:42,Monday,BROADVIEW STATION,MUIS,0,0,E,BD,5165
8/31/2020,13:11,Monday,BROADVIEW STATION,PUTR,3,6,W,BD,5279
8/31/2020,13:12,Monday,LAWRENCE STATION,MUSC,0,0,S,YU,5571
8/31/2020,13:19,Monday,WOODBINE STATION,MUDD,3,6,W,BD,5044
8/31/2020,14:04,Monday,KING STATION,SUUT,0,0,N,YU,5761
8/31/2020,14:08,Monday,WILSON STATION,MUNOA,3,6,N,YU,0
8/31/2020,14:16,Monday,VAUGHAN MC STATION,MUATC,5,8,S,YU,5806
8/31/2020,15:05,Monday,MCCOWAN STATION,ERTR,5,10,,SRT,0
8/31/2020,15:22,Monday,VAUGHAN MC STATION,MUNOA,3,6,,YU,0
8/31/2020,16:08,Monday,EGLINTON STATION,SUDP,0,0,S,YU,6014
8/31/2020,16:29,Monday,QUEEN'S PARK STATION,PUMEL,0,0,,YU,0
8/31/2020,16:42,Monday,NORTH YORK CTR STATION,SUUT,0,0,S,YU,5816
8/31/2020,16:50,Monday,YONGE BD STATION,MUI,5,8,E,BD,5357
8/31/2020,18:16,Monday,COLLEGE STATION,MUNCA,0,0,,YU,0
8/31/2020,18:37,Monday,YONGE BD STATION,SUDP,0,0,E,BD,5255
8/31/2020,19:42,Monday,YORK MILLS STATION [,TUSC,0,0,N,YU,5381
8/31/2020,20:51,Monday,WOODBINE STATION,SUAP,0,0,E,BD,5281
8/31/2020,21:09,Monday,PAPE STATION,MUIS,0,0,,BD,0
8/31/2020,22:00,Monday,YONGE-UNIVERSITY AND B,MUO,0,0,,YU/BD,0
8/31/2020,22:19,Monday,VAUGHAN MC STATION,MUNOA,5,10,S,YU,6116
8/31/2020,22:24,Monday,VAUGHAN MC STATION,MUNOA,5,10,S,YU,5511
8/31/2020,22:27,Monday,CHESTER STATION,SUROB,0,0,W,BD,0
8/31/2020,22:30,Monday,FINCH STATION,MUNOA,5,10,S,YU,5381
8/31/2020,22:52,Monday,CASTLE FRANK STATION,MUPLB,28,34,E,BD,5174
8/31/2020,22:55,Monday,FINCH STATION,MUNOA,5,10,S,YU,5546
8/31/2020,23:00,Monday,SHEPPARD TO EGLINTON S,MUO,0,0,,YU,0
