Date,Time,Day,Station,Code,Min Delay,Min Gap,Bound,Line,Vehicle
2/1/2019,00:17,Friday,DUNDAS STATION,SUDP,6,11,S,YU,5686
2/1/2019,00:35,Friday,BLOOR DANFORTH SUBWAY,MUGD,0,0,,BD,0
2/1/2019,00:48,Friday,ST ANDREW STATION,SUDP,5,10,S,YU,5431
2/1/2019,00:52,Friday,SHEPPARD WEST STATION,SUDP,0,0,S,YU,5741
2/1/2019,01:26,Friday,SHEPPARD WEST STATION,PUSSW,0,0,S,YU,0
2/1/2019,02:00,Friday,YONGE UNIVERSITY LINE,TUML,0,0,,YU,0
2/1/2019,02:42,Friday,NORTH YORK CTR STATION,TUSC,0,0,S,YU,5581
2/1/2019,04:54,Friday,SPADINA YUS STATION,EUBK,0,0,N,YU,5511
2/1/2019,05:43,Friday,KIPLING STATION,EUDO,0,0,E,BD,5049
2/1/2019,05:51,Friday,SCARB CTR STATION,MRTO,10,15,S,SRT,3018
2/1/2019,05:51,Friday,SCARB CTR STATION,MRTO,10,15,S,SRT,3018
2/1/2019,05:55,Friday,KIPLING STATION,EUDO,0,0,E,BD,5234
2/1/2019,06:00,Friday,KIPLING STATION,TUSC,4,8,E,BD,5186
2/1/2019,06:30,Friday,MCCOWAN STATION,MRO,0,0,,SRT,0
2/1/2019,06:30,Friday,MCCOWAN STATION TO KEN,MRO,0,0,,SRT,0
2/1/2019,06:40,Friday,VICTORIA PARK STATION,MUSC,0,0,E,BD,5097
2/1/2019,06:45,Friday,MIDLAND STATION,MRWEA,3,8,S,SRT,3004
2/1/2019,06:45,Friday,MIDLAND STATION,MRWEA,3,8,S,SRT,3004
2/1/2019,06:55,Friday,LAWRENCE EAST STATION,ERDO,0,0,S,SRT,3018
2/1/2019,06:55,Friday,LAWRENCE EAST STATION,ERDO,0,0,S,SRT,3018
2/1/2019,06:56,Friday,WARDEN STATION,EUSC,0,0,W,BD,5111
2/1/2019,07:16,Friday,MCCOWAN STATION,MRWEA,5,10,N,SRT,3025
2/1/2019,07:16,Friday,MCCOWAN STATION,MRWEA,5,10,N,SRT,3025
2/1/2019,07:46,Friday,CHESTER STATION,SUDP,0,0,W,BD,0
2/1/2019,07:49,Friday,SCARB CTR STATION,ERDO,8,13,,SRT,3018
2/1/2019,07:49,Friday,SCARB CTR STATION,ERDO,8,13,,SRT,3018
2/1/2019,08:12,Friday,FINCH STATION,PUSTC,0,0,N,YU,5946
2/1/2019,08:26,Friday,ST GEORGE YUS STATION,EUDO,3,5,S,YU,5611
2/1/2019,09:10,Friday,GUNN BUILDING,PUSRA,0,0,,YU,0
2/1/2019,09:19,Friday,EGLINTON STATION,PUSIS,3,5,N,YU,5951
2/1/2019,09:27,Friday,QUEEN STATION,EUNT,4,6,S,YU,5401
2/1/2019,10:05,Friday,BROADVIEW STATION,SUDP,7,10,E,BD,5060
2/1/2019,10:43,Friday,RUNNYMEDE STATION,PUSIS,0,0,E,BD,5312
2/1/2019,11:17,Friday,LAWRENCE WEST STATION,MUATC,7,10,S,YU,5611
2/1/2019,11:20,Friday,SPADINA YUS STATION,MUIS,0,0,N,YU,0
2/1/2019,11:25,Friday,KENNEDY BD STATION,MUIS,0,0,,BD,0
2/1/2019,11:51,Friday,BLOOR DANFORTH SUBWAY,MUGD,0,0,,BD,0
2/1/2019,12:43,Friday,DAVISVILLE STATION,PUSIS,63,66,S,YU,5616
2/1/2019,12:45,Friday,YONGE BD STATION,MUO,0,0,E,BD,5071
2/1/2019,12:54,Friday,LAWRENCE EAST STATION,MRTO,0,0,N,SRT,3007
2/1/2019,12:54,Friday,LAWRENCE EAST STATION,MRTO,0,0,N,SRT,3007
2/1/2019,13:21,Friday,YONGE BD STATION,MUDD,0,0,W,BD,5264
2/1/2019,13:25,Friday,BAY STATION,MUDD,0,0,W,BD,5264
2/1/2019,13:53,Friday,EGLINTON WEST STATION,SUDP,0,0,N,YU,5711
2/1/2019,13:53,Friday,KING STATION,MUNCA,0,0,,YU,0
2/1/2019,13:57,Friday,MUSEUM STATION,EUBK,3,6,S,YU,6076
2/1/2019,14:09,Friday,DON MILLS STATION,MUSC,4,9,W,SHP,6191
2/1/2019,14:38,Friday,MCCOWAN STATION,MRTO,0,0,N,SRT,3007
2/1/2019,14:38,Friday,MCCOWAN STATION,MRTO,0,0,N,SRT,3007
2/1/2019,14:39,Friday,VICTORIA PARK STATION,PUMEL,0,0,,BD,0
2/1/2019,15:01,Friday,YONGE BD STATION,MUIS,0,0,,BD,0
2/1/2019,15:53,Friday,SHEPPARD WEST STATION,TUNIP,5,8,S,YU,5706
2/1/2019,15:58,Friday,HIGH PARK STATION,EUCD,3,5,E,BD,5049
2/1/2019,16:06,Friday,DUFFERIN STATION,EUCD,3,5,E,BD,5049
2/1/2019,16:25,Friday,NORTHBOUND TO LAWRENCE,MRWEA,0,0,N,SRT,3021
2/1/2019,16:25,Friday,NORTHBOUND TO LAWRENCE,MRWEA,0,0,N,SRT,3021
2/1/2019,16:34,Friday,SHEPPARD WEST STATION,TUNIP,3,6,S,YU,5661
2/1/2019,16:35,Friday,FINCH STATION,MUSC,0,0,S,YU,6041
2/1/2019,17:19,Friday,WARDEN STATION,PUMEL,0,0,,BD,0
2/1/2019,18:11,Friday,ST CLAIR STATION,MUI,4,6,N,YU,5776
2/1/2019,18:14,Friday,KENNEDY BD STATION,TUSC,0,0,E,BD,5011
2/1/2019,18:16,Friday,OSGOODE STATION,MUIS,0,0,,YU,0
2/1/2019,18:23,Friday,FINCH STATION,MUIS,0,0,,YU,0
2/1/2019,18:36,Friday,SPADINA BD STATION,PUMO,0,0,W,BD,5026
2/1/2019,18:42,Friday,SPADINA YUS STATION,MUO,0,0,S,YU,5606
2/1/2019,18:48,Friday,DOWNSVIEW PARK STATION,EUDO,5,8,S,YU,5891
2/1/2019,19:23,Friday,EGLINTON STATION,PUMEL,0,0,,YU,0
2/1/2019,19:37,Friday,MUSEUM STATION,MUO,0,0,N,YU,5511
2/1/2019,19:41,Friday,DUPONT STATION,MUIS,0,0,,YU,0
2/1/2019,22:00,Friday,YUS/BD/SHEPPARD SUBWAY,MUO,0,0,,YU/BD,0
2/1/2019,22:11,Friday,YONGE UNIVERSITY LINE,MUGD,0,0,,YU,0
2/1/2019,22:25,Friday,WARDEN STATION,PUSIS,0,0,E,BD,5082
2/1/2019,22:49,Friday,QUEEN STATION,SUDP,0,0,,YU,0
2/1/2019,23:11,Friday,FINCH STATION,MUNOA,5,10,N,YU,5421
2/1/2019,23:46,Friday,BLOOR STATION,MUPLB,14,19,N,YU,6026
2/1/2019,23:47,Friday,GLENCAIRN STATION,SUDP,0,0,N,YU,5981
2/2/2019,00:26,Saturday,UNION STATION,SUSP,5,10,S,YU,5541
2/2/2019,00:56,Saturday,ROYAL YORK STATION,MUSC,0,0,E,BD,5258
2/2/2019,05:10,Saturday,MCCOWAN STATION,TRST,0,0,,SRT,0
2/2/2019,05:10,Saturday,MCCOWAN STATION,TRST,0,0,,SRT,0
2/2/2019,05:47,Saturday,EGLINTON STATION,TUNOA,5,10,N,YU,0
2/2/2019,05:53,Saturday,DAVISVILLE BUILD UP,PUTIS,5,10,N,YU,5431
2/2/2019,06:00,Saturday,SPADINA TO UNION STATI,MUO,0,0,,YU,0
2/2/2019,06:02,Saturday,EGLINTON STATION,TUNOA,5,10,N,YU,5806
2/2/2019,06:09,Saturday,MCCOWAN STATION,TRNOA,6,12,S,SRT,0
2/2/2019,06:09,Saturday,MCCOWAN STATION,TRNOA,6,12,S,SRT,0
2/2/2019,06:28,Saturday,KENNEDY BD STATION,EUSC,0,0,W,BD,5026
2/2/2019,08:39,Saturday,CHESTER STATION,MUIS,0,0,,BD,0
2/2/2019,10:23,Saturday,OLD MILL STATION,EUSC,0,0,E,BD,5253
2/2/2019,10:45,Saturday,DONLANDS STATION,TUSC,0,0,E,BD,5183
2/2/2019,11:00,Saturday,KENNEDY BD STATION,MUSC,0,0,W,BD,5164
2/2/2019,11:05,Saturday,BROADVIEW STATION,PUMEL,0,0,,BD,0
2/2/2019,11:06,Saturday,SPADINA YUS STATION,TUMVS,4,9,S,YU,5686
2/2/2019,11:12,Saturday,DUPONT STATION,MUO,4,9,N,YU,5686
2/2/2019,11:47,Saturday,SPADINA YUS STATION,TUMVS,0,0,S,YU,6031
2/2/2019,13:22,Saturday,CHESTER STATION,MUPAA,0,0,W,BD,5053
2/2/2019,13:24,Saturday,JANE STATION,TUSC,0,0,W,BD,5347
2/2/2019,14:31,Saturday,COXWELL STATION,TUOS,0,0,W,BD,5144
2/2/2019,14:37,Saturday,DONLANDS STATION,MUO,4,8,W,BD,5144
2/2/2019,14:41,Saturday,EGLINTON STATION,MUIRS,0,0,,YU,0
2/2/2019,15:06,Saturday,ISLINGTON STATION,MUSC,0,0,E,BD,5170
2/2/2019,15:09,Saturday,ISLINGTON STATION,TUSC,0,0,E,BD,5170
2/2/2019,15:30,Saturday,SHERBOURNE STATION,MUIR,4,8,W,BD,5349
2/2/2019,15:42,Saturday,NORTH YORK CTR STATION,SUUT,28,33,S,YU,5431
2/2/2019,15:44,Saturday,VICTORIA PARK STATION,SUROB,0,0,,BD,0
2/2/2019,16:10,Saturday,OSSINGTON STATION,SUUT,13,17,W,BD,5263
2/2/2019,16:45,Saturday,UNION STATION,SUDP,6,11,S,YU,5436
2/2/2019,17:36,Saturday,YORK UNIVERSITY STATIO,MUPAA,0,0,S,YU,5416
2/2/2019,18:57,Saturday,OSSINGTON STATION,SUDP,0,0,,BD,0
2/2/2019,19:02,Saturday,YORKDALE STATION,MUATC,4,9,S,YU,5416
2/2/2019,19:24,Saturday,BLOOR STATION,MUIRS,0,0,N,YU,0
2/2/2019,19:43,Saturday,YORKDALE STATION,MUATC,0,0,S,YU,5406
2/2/2019,19:48,Saturday,ST CLAIR STATION,MUO,5,10,S,YU,5956
2/2/2019,19:50,Saturday,YORKDALE STATION,MUWEA,0,0,S,YU,5866
2/2/2019,20:05,Saturday,KING STATION,TUMVS,0,0,S,YU,5961
2/2/2019,20:05,Saturday,WARDEN STATION,EUNT,4,8,W,BD,5244
2/2/2019,20:15,Saturday,DUNDAS WEST STATION,SUDP,3,7,W,BD,5053
2/2/2019,20:23,Saturday,ISLINGTON STATION,MUO,0,0,E,BD,5314
2/2/2019,20:48,Saturday,WOODBINE STATION,MUSC,0,0,E,BD,5355
2/2/2019,21:14,Saturday,DUNDAS WEST STATION,PUMEL,0,0,,BD,0
2/2/2019,21:41,Saturday,ISLINGTON STATION,MUSC,0,0,E,BD,5019
2/2/2019,21:58,Saturday,VICTORIA PARK STATION,MUSC,0,0,E,BD,5258
2/2/2019,22:00,Saturday,YUS/BD/SHEPPARD SUBWAY,MUO,0,0,,YU/BD,0
2/2/2019,22:33,Saturday,EGLINTON STATION,MUPAA,0,0,N,YU,5951
2/2/2019,22:42,Saturday,BLOOR DANFORTH SUBWAY,MUGD,0,0,,BD,0
2/2/2019,22:57,Saturday,HIGH PARK STATION,TUSC,0,0,W,BD,5194
2/2/2019,23:36,Saturday,CHESTER STATION,TUSC,0,0,E,BD,5258
2/3/2019,01:55,Sunday,FINCH STATION,MUIS,0,0,,YU,0
2/3/2019,04:53,Sunday,WELLESLEY STATION,SUCOL,0,0,,YU,0
2/3/2019,07:42,Sunday,SHEPPARD WEST STATION,MUIS,0,0,,YU,0
2/3/2019,07:43,Sunday,SHEPPARD WEST STATION,TUNOA,5,0,N,YU,5756
2/3/2019,07:59,Sunday,WILSON STATION,EUYRD,5,10,S,YU,5466
2/3/2019,08:00,Sunday,ST CLAIR WEST TO UNION,MUO,0,0,,YU,0
2/3/2019,08:03,Sunday,ISLINGTON STATION,TUOS,0,0,E,BD,5183
2/3/2019,08:18,Sunday,KEELE STATION,MUCL,5,10,W,BD,5347
2/3/2019,08:41,Sunday,ISLINGTON STATION,MUSC,0,0,E,BD,5030
2/3/2019,08:41,Sunday,KIPLING STATION,MUIS,0,0,,BD,8020
2/3/2019,08:44,Sunday,PAPE STATION,MUIS,0,0,,BD,0
2/3/2019,09:10,Sunday,OLD MILL STATION,EUSC,0,0,W,BD,5251
2/3/2019,09:16,Sunday,ISLINGTON STATION,EUSC,0,0,E,BD,5251
2/3/2019,10:02,Sunday,DUNDAS STATION,SUDP,0,0,N,YU,5771
2/3/2019,10:22,Sunday,KIPLING STATION,MUSC,0,0,E,BD,5030
2/3/2019,10:45,Sunday,WILSON STATION,PUMEL,0,0,,YU,0
2/3/2019,12:50,Sunday,KIPLING STATION,MUTO,5,10,E,BD,5296
2/3/2019,13:04,Sunday,ROSEDALE STATION,SUDP,4,9,S,YU,5436
2/3/2019,14:37,Sunday,LAWRENCE EAST STATION,MRUI,0,0,,SRT,0
2/3/2019,14:37,Sunday,LAWRENCE EAST STATION,MRUI,0,0,,SRT,0
2/3/2019,15:01,Sunday,ISLINGTON STATION,MUSC,3,7,E,BD,5043
2/3/2019,15:50,Sunday,YONGE BD STATION,SUDP,3,7,E,BD,5168
2/3/2019,16:46,Sunday,DUFFERIN STATION,PUMEL,0,0,,BD,0
2/3/2019,17:26,Sunday,LANSDOWNE STATION,MUNCA,0,0,,BD,0
2/3/2019,17:51,Sunday,DUNDAS WEST STATION,PUMEL,0,0,,BD,0
2/3/2019,17:58,Sunday,COLLEGE STATION,SUUT,12,16,S,YU,5746
2/3/2019,18:01,Sunday,KENNEDY BD STATION,MUIRS,0,0,,BD,0
2/3/2019,18:22,Sunday,ROYAL YORK STATION,TUSC,0,0,W,BD,5194
2/3/2019,18:40,Sunday,GLENCAIRN STATION,MUNCA,0,0,,YU,0
2/3/2019,19:02,Sunday,JANE STATION,MUIS,0,0,,BD,0
2/3/2019,19:26,Sunday,YORK MILLS STATION,TUSC,0,0,S,YU,5916
2/3/2019,22:00,Sunday,YUS/BD/SHEPPARD SUBWAY,MUO,0,0,,YU/BD,0
2/3/2019,22:14,Sunday,DAVISVILLE STATION,TUO,5,10,S,YU,5726
2/3/2019,22:23,Sunday,BLOOR DANFORTH SUBWAY,MUGD,0,0,,BD,0
2/3/2019,22:28,Sunday,MCCOWAN STATION,MRTO,3,9,S,SRT,3012
2/3/2019,22:28,Sunday,QUEEN STATION,MUSC,0,0,N,YU,5431
2/3/2019,22:28,Sunday,MCCOWAN STATION,MRTO,3,9,S,SRT,3012
2/3/2019,22:56,Sunday,KIPLING STATION,EUNT,3,7,E,BD,5235
2/3/2019,22:58,Sunday,QUEEN STATION,MUSC,0,0,N,YU,5771
2/3/2019,23:51,Sunday,MAIN STREET STATION,MUIS,5,9,W,BD,5322
2/4/2019,00:19,Monday,KIPLING STATION,MUSC,0,0,W,BD,5731
2/4/2019,05:41,Monday,KIPLING STATION,MUSC,0,0,E,BD,5235
2/4/2019,05:42,Monday,BROADVIEW STATION,MUSC,0,0,W,BD,5316
2/4/2019,05:48,Monday,DAVISVILLE BUILD-UP,EUDO,3,6,N,YU,5546
2/4/2019,06:09,Monday,SPADINA YUS STATION,PUTIJ,0,0,N,YU,5426
2/4/2019,06:10,Monday,COXWELL STATION,MUIS,0,0,,BD,0
2/4/2019,06:12,Monday,GREENWOOD STATION,MUNOA,4,8,E,BD,0
2/4/2019,06:23,Monday,KIPLING STATION,EUNT,3,7,E,BD,5269
2/4/2019,06:36,Monday,DUPONT STATION,MUATC,6,10,N,YU,5726
2/4/2019,06:40,Monday,WILSON STATION,MUSC,0,0,S,YU,5811
2/4/2019,06:41,Monday,DUPONT STATION,MUSC,4,6,S,YU,5661
2/4/2019,06:51,Monday,DUPONT STATION,MUATC,4,6,N,YU,5981
2/4/2019,06:58,Monday,RUNNYMEDE STATION,MUSC,0,0,W,BD,5190
2/4/2019,07:28,Monday,ST CLAIR WEST STATION,PUMST,0,0,,YU,0
2/4/2019,07:43,Monday,EGLINTON WEST STATION,MUATC,3,5,S,YU,5466
2/4/2019,07:48,Monday,SPADINA YUS STATION,PUTIJ,0,0,N,YU,6056
2/4/2019,07:50,Monday,BATHURST STATION,MUIR,3,5,E,BD,5358
2/4/2019,08:10,Monday,KENNEDY BD STATION,MUSC,0,0,W,BD,5190
2/4/2019,08:15,Monday,OSSINGTON STATION,MUD,0,0,E,BD,5308
2/4/2019,08:18,Monday,COXWELL STATION,MUD,3,5,E,BD,5365
2/4/2019,08:22,Monday,BATHURST STATION,MUI,3,5,E,BD,5129
2/4/2019,08:30,Monday,DAVISVILLE STATION,MUPAA,0,0,S,YU,5411
2/4/2019,09:04,Monday,ST GEORGE YUS STATION,MUIS,0,0,,YU,0
2/4/2019,09:09,Monday,KING STATION,MUIRS,0,0,S,YU,0
2/4/2019,09:23,Monday,KIPLING STATION,TUSC,0,0,E,BD,5358
2/4/2019,09:45,Monday,DUPONT STATION,MUSC,3,5,S,YU,6031
2/4/2019,10:02,Monday,YONGE BD STATION,SUDP,4,7,E,BD,5198
2/4/2019,10:13,Monday,FINCH STATION,MUIS,0,0,,YU,0
2/4/2019,10:52,Monday,OSSINGTON STATION,MUPAA,0,0,W,BD,5011
2/4/2019,10:53,Monday,EGLINTON WEST STATION,MUATC,5,8,N,YU,5401
2/4/2019,10:56,Monday,BLOOR STATION,MUIS,0,0,,YU,0
2/4/2019,11:42,Monday,KENNEDY BD STATION,MUDD,4,8,W,BD,5159
2/4/2019,11:58,Monday,KIPLING STATION,MUI,3,6,E,BD,5043
2/4/2019,12:40,Monday,WELLESLEY STATION,MUPR1,32,35,N,YU,6081
2/4/2019,12:43,Monday,RUNNYMEDE STATION,MUD,3,7,W,BD,5298
2/4/2019,13:06,Monday,SHEPPARD STATION,MUPAA,0,0,N,YU,6026
2/4/2019,13:14,Monday,NORTH YORK CTR STATION,PUMEL,0,0,,YU,0
2/4/2019,13:24,Monday,YONGE BD STATION,PUMEL,0,0,,BD,0
2/4/2019,13:37,Monday,BATHURST STATION,MUIS,0,0,,BD,0
2/4/2019,15:07,Monday,ST CLAIR WEST STATION,MUIRS,0,0,,YU,0
2/4/2019,15:19,Monday,BLOOR STATION,MUIRS,0,0,S,YU,0
2/4/2019,15:23,Monday,YONGE BD STATION,MUDD,8,10,E,BD,5253
2/4/2019,16:03,Monday,YORKDALE STATION,EUBK,8,10,S,YU,5761
2/4/2019,16:46,Monday,YORKDALE STATION,MUPAA,0,0,S,YU,6066
2/4/2019,16:48,Monday,SPADINA BD STATION,MUIRS,0,0,,BD,0
2/4/2019,16:50,Monday,BAY STATION,SUO,0,0,,BD,0
2/4/2019,17:36,Monday,WILSON STATION,MUATC,0,0,S,YU,5391
2/4/2019,17:50,Monday,DUNDAS WEST STATION,PUMEL,0,0,,BD,0
2/4/2019,18:03,Monday,EGLINTON WEST STATION,MUIR,8,10,S,YU,5996
2/4/2019,18:03,Monday,WILSON STATION,MUATC,0,0,S,YU,5536
2/4/2019,18:20,Monday,NORTH YORK CTR STATION,PUMEL,0,0,,YU,0
2/4/2019,18:31,Monday,BLOOR STATION,EUDO,7,10,N,YU,6041
2/4/2019,18:40,Monday,FINCH STATION,MUSC,0,0,S,YU,6021
2/4/2019,19:16,Monday,ROSEDALE STATION,MUPAA,0,0,N,YU,5716
2/4/2019,19:40,Monday,OSSINGTON STATION,SUDP,12,15,W,BD,5316
2/4/2019,19:43,Monday,HIGHWAY 407 STATION,MUIS,0,0,,YU,0
2/4/2019,20:02,Monday,BLOOR STATION,SUDP,4,7,N,YU,6066
2/4/2019,20:03,Monday,SHEPPARD STATION,PUSTS,4,7,S,YU,5621
2/4/2019,20:07,Monday,SPADINA BD STATION,SUDP,7,11,W,BD,5255
2/4/2019,20:08,Monday,ISLINGTON STATION,MUSC,0,0,E,BD,5316
2/4/2019,20:39,Monday,KENNEDY BD STATION,MUSC,0,0,E,BD,5166
2/4/2019,20:41,Monday,BLOOR STATION,MUIS,0,0,N,YU,0
2/4/2019,20:45,Monday,DAVISVILLE STATION,MUIR,0,0,S,YU,5711
2/4/2019,20:58,Monday,KEELE STATION,MUSC,0,0,E,BD,5111
2/4/2019,21:02,Monday,VICTORIA PARK STATION,MUSC,0,0,W,BD,5284
2/4/2019,21:26,Monday,SCARB CTR STATION,SRDP,0,0,B,SRT,0
2/4/2019,21:26,Monday,SCARB CTR STATION,SRDP,0,0,B,SRT,0
2/4/2019,21:39,Monday,MCCOWAN STATION,TRO,0,0,N,SRT,3007
2/4/2019,21:39,Monday,MCCOWAN STATION,TRO,0,0,N,SRT,3007
2/4/2019,21:40,Monday,ISLINGTON STATION,MUSC,0,0,E,BD,5166
2/4/2019,22:00,Monday,YUS/BD/SHEPPARD SUBWAY,MUO,0,0,,YU/BD,0
2/4/2019,22:07,Monday,MCCOWAN STATION,TRNOA,6,12,N,SRT,3007
2/4/2019,22:07,Monday,MCCOWAN STATION,TRNOA,6,12,N,SRT,3007
2/4/2019,23:00,Monday,DAVISVILLE STATION,TUSC,0,0,S,YU,5471
2/4/2019,23:15,Monday,PAPE STATION,MUIS,0,0,,BD,0
2/4/2019,23:27,Monday,BLOOR DANFORTH SUBWAY,MUGD,0,0,,BD,0
2/4/2019,23:37,Monday,FINCH STATION,SUPOL,0,0,S,YU,5786
2/5/2019,00:08,Tuesday,GREENWOOD STATION,EUOE,0,0,W,BD,5164
2/5/2019,01:51,Tuesday,DUNDAS WEST STATION,MUSC,0,0,E,BD,5352
2/5/2019,05:45,Tuesday,KENNEDY BD STATION,TUSC,0,0,W,BD,5264
2/5/2019,05:57,Tuesday,COXWELL STATION,MUSC,0,0,E,BD,5322
2/5/2019,06:12,Tuesday,KENNEDY BD STATION,MUSC,0,0,W,BD,5290
2/5/2019,06:31,Tuesday,WARDEN STATION,SUROB,0,0,,BD,0
2/5/2019,06:41,Tuesday,FINCH STATION,MUSC,0,0,,YU,5591
2/5/2019,06:56,Tuesday,WELLESLEY STATION,MUSC,0,0,N,YU,5051
2/5/2019,06:59,Tuesday,SPADINA YUS STATION,TUSC,0,0,S,YU,5381
2/5/2019,07:39,Tuesday,FINCH STATION,TUO,3,5,N,YU,5876
2/5/2019,07:39,Tuesday,GREENWOOD STATION,EUDO,3,5,E,BD,5298
2/5/2019,09:28,Tuesday,DONLANDS STATION,TUCC,6,9,E,BD,5248
2/5/2019,11:00,Tuesday,ROYAL YORK STATION,MUTD,0,0,E,BD,5300
2/5/2019,11:29,Tuesday,YONGE BD STATION,SUO,3,6,W,BD,5164
2/5/2019,11:33,Tuesday,KENNEDY BD STATION,SUDP,6,9,W,BD,5290
2/5/2019,11:35,Tuesday,FINCH STATION,PUMEL,0,0,,YU,0
2/5/2019,11:45,Tuesday,DUNDAS WEST STATION,PUMEL,0,0,,BD,0
2/5/2019,12:55,Tuesday,EGLINTON STATION,MUPAA,0,0,N,YU,6111
2/5/2019,13:44,Tuesday,BAY STATION,SUAP,3,6,E,BD,5059
2/5/2019,14:14,Tuesday,COXWELL STATION,TUNIP,3,6,E,BD,5204
2/5/2019,14:29,Tuesday,SHEPPARD STATION,MUIRS,0,0,N,YU,0
2/5/2019,14:39,Tuesday,ST GEORGE YUS STATION,SUDP,4,7,N,YU,5821
2/5/2019,16:13,Tuesday,KIPLING STATION,EUBK,0,0,W,BD,5168
2/5/2019,16:56,Tuesday,YONGE SHP STATION,MUPAA,0,0,,SHP,6191
2/5/2019,17:15,Tuesday,WARDEN STATION,MUIS,0,0,,BD,0
2/5/2019,17:23,Tuesday,RUNNYMEDE STATION,TUOS,7,9,W,BD,5146
2/5/2019,17:54,Tuesday,WARDEN STATION,MUPR1,90,92,W,BD,5047
2/5/2019,19:05,Tuesday,MAIN STREET STATION,MUIS,0,0,,BD,0
2/5/2019,19:45,Tuesday,ST CLAIR STATION,MUIRS,0,0,,YU,0
2/5/2019,20:37,Tuesday,LAWRENCE WEST STATION,EUTM,3,6,N,YU,5936
2/5/2019,21:53,Tuesday,VAUGHAN MC STATION,SUDP,5,10,S,YU,0
2/5/2019,22:00,Tuesday,YUS/BD/SHEPPARD SUBWAY,MUO,0,0,,YU/BD,0
2/5/2019,22:37,Tuesday,ST CLAIR STATION,SUAP,0,0,S,YU,5766
2/5/2019,22:38,Tuesday,SPADINA YUS STATION,SUEAS,11,16,N,YU,5816
2/5/2019,22:51,Tuesday,WELLESLEY STATION,PUTO,0,0,S,YU,5806
2/5/2019,23:00,Tuesday,BLOOR DANFORTH SUBWAY,MUGD,0,0,,BD,0
2/5/2019,23:28,Tuesday,EGLINTON STATION,SUDP,4,9,N,YU,5456
2/5/2019,23:36,Tuesday,EGLINTON STATION,SUUT,9,14,N,YU,5966
2/6/2019,00:35,Wednesday,WOODBINE STATION,TUSC,0,0,E,BD,5507
2/6/2019,00:52,Wednesday,ST CLAIR STATION,TUOS,0,0,N,YU,6056
2/6/2019,01:59,Wednesday,DUNDAS STATION,SUDP,0,0,,YU,0
2/6/2019,01:59,Wednesday,MCCOWAN STATION,TRST,0,0,,SRT,0
2/6/2019,01:59,Wednesday,MCCOWAN STATION,TRST,0,0,,SRT,0
2/6/2019,04:00,Wednesday,BLOOR DANFORTH SUBWAY,TUST,0,0,,BD,0
2/6/2019,04:00,Wednesday,SCARBOROUGH RAPID TRAN,TRST,0,0,,SRT,3025
2/6/2019,04:00,Wednesday,YONGE UNIVERSITY LINE,TUST,0,0,,YU,0
2/6/2019,04:00,Wednesday,SCARBOROUGH RAPID TRAN,TRST,0,0,,SRT,3025
2/6/2019,05:42,Wednesday,KENNEDY BD STATION,TUSC,0,0,W,BD,5178
2/6/2019,06:17,Wednesday,KIPLING STATION,MUSC,0,0,E,BD,5091
2/6/2019,06:25,Wednesday,EGLINTON WEST STATION,MUDD,5,7,N,YU,5771
2/6/2019,06:39,Wednesday,BROADVIEW STATION,TUMVS,0,0,E,BD,5080
2/6/2019,06:43,Wednesday,KIPLING STATION,EUTR,4,8,E,BD,5122
2/6/2019,06:52,Wednesday,COXWELL STATION,SUDP,7,9,E,BD,5002
2/6/2019,06:52,Wednesday,KIPLING STATION,TUSC,3,5,E,BD,5112
2/6/2019,07:09,Wednesday,COXWELL STATION,EUSC,0,0,E,BD,5060
2/6/2019,07:24,Wednesday,FINCH STATION,MUSC,0,0,N,YU,6011
2/6/2019,07:38,Wednesday,PAPE STATION,EUNEA,3,5,W,BD,0
2/6/2019,07:47,Wednesday,BATHURST STATION,MUDD,0,0,E,BD,5146
2/6/2019,08:00,Wednesday,EGLINTON WEST STATION,TUATC,4,8,N,YU,5531
2/6/2019,08:08,Wednesday,BLOOR STATION,MUIS,0,0,S,YU,0
2/6/2019,08:44,Wednesday,KIPLING STATION,TUSC,0,0,E,BD,5112
2/6/2019,09:04,Wednesday,QUEEN'S PARK STATION,MUIS,0,0,S,YU,0
2/6/2019,09:09,Wednesday,ISLINGTON STATION,MUSC,0,0,W,BD,5356
2/6/2019,09:15,Wednesday,KIPLING STATION,TUSC,0,0,W,BD,5356
2/6/2019,09:31,Wednesday,VAUGHAN MC STATION,EUTM,5,8,N,YU,5931
2/6/2019,09:36,Wednesday,OSSINGTON STATION,MUDD,0,0,E,BD,5146
2/6/2019,09:40,Wednesday,SHEPPARD WEST STATION,SUAE,0,0,,YU,0
2/6/2019,09:47,Wednesday,VICTORIA PARK STATION,MUSC,0,0,W,BD,5300
2/6/2019,10:18,Wednesday,MAIN STREET STATION,MUSC,0,0,W,BD,5164
2/6/2019,10:19,Wednesday,DUFFERIN STATION,MUI,6,9,W,BD,5278
2/6/2019,10:50,Wednesday,WILSON STATION,TUATC,5,8,N,YU,5416
2/6/2019,11:08,Wednesday,VICTORIA PARK STATION,MUSC,0,0,E,BD,5129
2/6/2019,12:05,Wednesday,DUFFERIN STATION,SUDP,0,0,E,BD,5268
2/6/2019,12:49,Wednesday,FINCH STATION,SUO,0,0,,YU,0
2/6/2019,13:33,Wednesday,COXWELL STATION,TUO,7,10,W,BD,5300
2/6/2019,13:40,Wednesday,KIPLING STATION,MUSC,0,0,W,BD,5175
2/6/2019,13:46,Wednesday,OLD MILL STATION,MUSC,0,0,E,BD,5264
2/6/2019,13:47,Wednesday,HIGH PARK STATION,SUDP,5,8,W,BD,5137
2/6/2019,13:53,Wednesday,SHEPPARD WEST STATION,MUNOA,8,11,S,YU,6066
2/6/2019,13:59,Wednesday,WILSON STATION,MUATC,5,8,S,YU,5616
2/6/2019,14:27,Wednesday,CHESTER STATION,EUBK,7,10,W,BD,5358
2/6/2019,14:49,Wednesday,MAIN STREET STATION,SUDP,9,12,W,BD,5175
2/6/2019,15:08,Wednesday,BLOOR STATION,MUPLB,7,10,S,YU,5621
2/6/2019,15:08,Wednesday,YONGE BD STATION,MUO,0,0,W,BD,5053
2/6/2019,16:25,Wednesday,YORK MILLS STATION,MUIR,4,7,N,YU,5741
2/6/2019,16:58,Wednesday,ST CLAIR WEST STATION,MUATC,0,0,S,YU,5656
2/6/2019,17:03,Wednesday,KEELE STATION,MUIRS,0,0,,BD,0
2/6/2019,17:04,Wednesday,YORK MILLS STATION,MUPAA,0,0,N,YU,5541
2/6/2019,17:44,Wednesday,ST GEORGE YUS STATION,MUIS,0,0,,YU,0
2/6/2019,18:34,Wednesday,DANFORTH DIVISION,MUTO,0,0,,BD,0
2/6/2019,19:46,Wednesday,BLOOR STATION,MUIS,7,10,S,YU,5396
2/6/2019,19:54,Wednesday,ST GEORGE YUS STATION,TUO,5,8,S,YU,5686
2/6/2019,19:57,Wednesday,COXWELL STATION,MUDD,0,0,W,BD,5194
2/6/2019,20:47,Wednesday,COXWELL STATION,EUCA,3,7,E,BD,5371
2/6/2019,21:35,Wednesday,KIPLING STATION,MUSC,0,0,E,BD,5344
2/6/2019,22:00,Wednesday,YUS/BD/SHEPPARD SUBWAY,MUO,0,0,,YU/BD,0
2/6/2019,22:27,Wednesday,NORTH YORK CTR STATION,SUDP,9,14,S,YU,5706
2/6/2019,22:53,Wednesday,UNION STATION,MUIS,0,0,,YU,0
2/6/2019,23:10,Wednesday,YONGE UNIVERSITY LINE,MUGD,0,0,,YU,0
2/7/2019,00:10,Thursday,SPADINA BD STATION,MUIS,0,0,,BD,0
2/7/2019,00:12,Thursday,OLD MILL STATION,MUSC,0,0,W,BD,5053
2/7/2019,00:24,Thursday,KIPLING STATION,MUSC,0,0,W,BD,5146
2/7/2019,00:27,Thursday,KIPLING STATION,MUSC,0,0,W,BD,5344
2/7/2019,00:30,Thursday,FINCH STATION,MUIS,0,0,,YU,0
2/7/2019,00:43,Thursday,QUEEN STATION,MUPLB,22,27,N,YU,5791
2/7/2019,02:47,Thursday,WARDEN STATION,TUSC,0,0,W,BD,5323
2/7/2019,04:00,Thursday,BLOOR DANFORTH SUBWAY,TUST,0,0,,BD,0
2/7/2019,06:29,Thursday,DUPONT STATION,MUSC,0,0,S,YU,5791
2/7/2019,06:47,Thursday,KIPLING STATION,MUSC,0,0,E,BD,5191
2/7/2019,06:51,Thursday,GREENWOOD STATION,EUSC,0,0,E,BD,5123
2/7/2019,07:14,Thursday,ST GEORGE BD STATION,MUPAA,3,5,E,BD,5022
2/7/2019,07:27,Thursday,GREENWOOD STATION,EUME,3,5,E,BD,5131
2/7/2019,07:30,Thursday,KENNEDY SRT STATION,TRST,0,0,S,SRT,3007
2/7/2019,07:30,Thursday,KENNEDY SRT STATION,TRST,0,0,S,SRT,3007
2/7/2019,07:56,Thursday,ISLINGTON STATION,MUSC,0,0,W,BD,5270
2/7/2019,07:59,Thursday,KIPLING STATION,MUTD,6,8,E,BD,5123
2/7/2019,08:09,Thursday,EGLINTON WEST STATION,MUPAA,0,0,S,YU,5401
2/7/2019,08:36,Thursday,COLLEGE STATION,MUIR,0,0,S,YU,5411
2/7/2019,08:43,Thursday,FINCH STATION,EUBK,4,6,S,YU,5381
2/7/2019,08:46,Thursday,WARDEN STATION,PUMEL,0,0,,BD,0
2/7/2019,09:07,Thursday,BATHURST STATION,MUIRS,0,0,,BD,0
2/7/2019,09:13,Thursday,SPADINA BD STATION,EUDO,3,6,E,BD,5131
2/7/2019,09:17,Thursday,DON MILLS STATION,MUIS,0,0,,SHP,0
2/7/2019,09:47,Thursday,ST GEORGE BD STATION,PUMEL,0,0,,BD,0
2/7/2019,09:51,Thursday,DUPONT STATION,SUDP,0,0,S,YU,6016
2/7/2019,10:17,Thursday,OSSINGTON STATION,TUMVS,3,6,W,BD,5160
2/7/2019,10:23,Thursday,YONGE SHP STATION,PUSNT,5,10,E,SHP,6176
2/7/2019,10:49,Thursday,WELLESLEY STATION,SUUT,11,14,N,YU,5976
2/7/2019,12:27,Thursday,KENNEDY BD STATION,TUS,11,14,W,BD,5066
2/7/2019,13:12,Thursday,ST GEORGE YUS STATION,MUSC,0,0,N,YU,5561
2/7/2019,13:24,Thursday,KIPLING TO KENNEDY,TUS,8,11,E,BD,5290
2/7/2019,13:47,Thursday,KENNEDY BD STATION,TUSC,0,0,E,BD,5019
2/7/2019,15:29,Thursday,FINCH STATION,MUNCA,0,0,,YU,0
2/7/2019,15:41,Thursday,FINCH STATION,MUIS,0,0,,YU,0
2/7/2019,15:59,Thursday,ISLINGTON STATION,MUSC,0,0,E,BD,5255
2/7/2019,16:08,Thursday,ISLINGTON STATION,MUSC,0,0,E,BD,5320
2/7/2019,16:14,Thursday,HIGH PARK STATION,MUSC,0,0,E,BD,5087
2/7/2019,16:17,Thursday,KIPLING STATION,MUSC,0,0,E,BD,5183
2/7/2019,16:22,Thursday,ISLINGTON STATION,MUSC,0,0,E,BD,5215
2/7/2019,16:37,Thursday,VICTORIA PARK STATION,PUSIS,0,0,W,BD,5088
2/7/2019,16:58,Thursday,BAY STATION,EUDO,0,0,W,BD,5088
2/7/2019,17:16,Thursday,KENNEDY BD STATION,TUNIP,5,10,,BD,3021
2/7/2019,17:51,Thursday,ST ANDREW STATION,TUMVS,0,0,S,YU,5541
2/7/2019,17:56,Thursday,WARDEN STATION,MUDD,0,0,E,BD,5311
2/7/2019,18:09,Thursday,ISLINGTON STATION,TUSC,0,0,W,BD,5258
2/7/2019,18:24,Thursday,YORKDALE STATION,SUCOL,0,0,N,YU,5916
2/7/2019,19:02,Thursday,COXWELL STATION,SUDP,0,0,E,BD,5175
2/7/2019,19:41,Thursday,BLOOR STATION,PUMEL,0,0,,YU,0
2/7/2019,19:48,Thursday,WELLESLEY STATION,SUDP,0,0,N,YU,5396
2/7/2019,19:52,Thursday,ST CLAIR WEST STATION,PUMEL,0,0,,YU,0
2/7/2019,21:48,Thursday,QUEEN STATION,MUIS,0,0,,YU,0
2/7/2019,21:54,Thursday,WOODBINE STATION,MUIS,0,0,W,BD,0
2/7/2019,22:00,Thursday,YUS/BD/SHEPPARD SUBWAY,MUO,0,0,,YU/BD,0
2/7/2019,22:04,Thursday,BROADVIEW STATION,TUMVS,0,0,W,BD,5146
2/7/2019,22:06,Thursday,YORK MILLS STATION,SUDP,0,0,N,YU,5486
2/7/2019,23:04,Thursday,SHEPPARD STATION,TUMVS,0,0,N,YU,5656
2/7/2019,23:11,Thursday,WELLESLEY STATION,SUUT,15,20,S,YU,5836
2/7/2019,23:20,Thursday,BLOOR DANFORTH SUBWAY,MUGD,0,0,,BD,0
2/8/2019,00:02,Friday,HIGH PARK STATION,PUMST,0,0,E,BD,0
2/8/2019,00:39,Friday,KENNEDY BD STATION,MUIS,0,0,,BD,0
2/8/2019,00:47,Friday,WARDEN STATION,SUAP,0,0,E,BD,4
2/8/2019,01:26,Friday,YONGE SHP STATION,PUSO,4,9,E,SHP,6186
2/8/2019,05:51,Friday,DAVISVILLE BUILD UP,EUATC,3,8,N,YU,5981
2/8/2019,06:13,Friday,GREENWOOD YARD,TUSC,0,0,E,BD,5112
2/8/2019,07:26,Friday,KIPLING STATION,EUSC,0,0,E,BD,5112
2/8/2019,07:28,Friday,DUNDAS STATION,MUDD,0,0,S,YU,6011
2/8/2019,07:31,Friday,JANE STATION,TUSC,0,0,W,BD,5341
2/8/2019,07:52,Friday,KENNEDY BD STATION,EUAC,3,5,W,BD,5371
2/8/2019,07:54,Friday,MAIN STREET STATION,PUSNT,0,0,E,BD,5264
2/8/2019,08:07,Friday,KENNEDY BD STATION,MUIS,0,0,W,BD,5371
2/8/2019,08:33,Friday,FINCH STATION,MUDD,5,7,S,YU,5751
2/8/2019,09:06,Friday,DUNDAS STATION,MUI,8,10,S,YU,5586
2/8/2019,10:07,Friday,GLENCAIRN STATION,PUMST,0,0,,YU,0
2/8/2019,10:26,Friday,COXWELL STATION,MUCL,6,9,W,BD,5320
2/8/2019,10:26,Friday,ROYAL YORK STATION,MUSC,0,0,W,BD,5021
2/8/2019,10:42,Friday,ISLINGTON STATION,PUMST,0,0,,BD,0
2/8/2019,10:46,Friday,QUEEN'S PARK STATION,TUSC,0,0,N,YU,5726
2/8/2019,10:52,Friday,TRANSIT CONTROL CENTRE,MUO,0,0,,,0
2/8/2019,11:25,Friday,MAIN STREET STATION,MUI,10,13,W,BD,5255
2/8/2019,11:28,Friday,KING STATION,TUOS,3,6,N,YU,5831
2/8/2019,12:31,Friday,UNION STATION,MUPAA,0,0,N,YU,5806
2/8/2019,12:32,Friday,SHEPPARD WEST STATION,TUS,12,15,N,YU,5586
2/8/2019,14:00,Friday,MCCOWAN STATION,MRTO,7,12,S,SRT,3026
2/8/2019,14:00,Friday,MCCOWAN STATION,MRTO,7,12,S,SRT,3026
2/8/2019,14:58,Friday,HIGH PARK STATION,PUMEL,0,0,,BD,0
2/8/2019,15:04,Friday,DAVISVILLE STATION,MUIS,0,0,,YU,0
2/8/2019,15:18,Friday,KENNEDY BD STATION,EUBK,10,13,W,BD,5021
2/8/2019,15:42,Friday,UNION STATION,MUIS,0,0,,YU,0
2/8/2019,15:47,Friday,KENNEDY BD STATION,TUSC,0,0,W,BD,5109
2/8/2019,16:29,Friday,BROADVIEW STATION,SUDP,3,5,E,BD,5032
2/8/2019,16:46,Friday,BATHURST STATION,PUMEL,0,0,W,BD,0
2/8/2019,17:01,Friday,FINCH STATION,MUSC,0,0,N,YU,5526
2/8/2019,17:30,Friday,BLOOR STATION,MUO,0,0,S,YU,5691
2/8/2019,17:42,Friday,DUNDAS STATION,MUIS,0,0,N,YU,0
2/8/2019,18:07,Friday,VAUGHAN MC STATION,MUCL,3,5,S,YU,5781
2/8/2019,18:10,Friday,KENNEDY BD STATION,MUI,3,5,W,BD,5088
2/8/2019,18:20,Friday,VAUGHAN MC STATION,SUDP,4,7,S,YU,5426
2/8/2019,18:32,Friday,WARDEN STATION,MUSC,0,0,W,BD,5255
2/8/2019,20:08,Friday,OSSINGTON STATION,MUPLB,21,24,W,BD,5268
2/8/2019,20:24,Friday,JANE STATION,MUIS,0,0,,BD,0
2/8/2019,20:59,Friday,JANE STATION,MUIS,0,0,,BD,0
2/8/2019,21:38,Friday,VICTORIA PARK STATION,MUIS,0,0,,BD,0
2/8/2019,21:41,Friday,YONGE BD STATION,SUO,3,6,E,BD,5022
2/8/2019,21:58,Friday,ST GEORGE YUS STATION,TUSC,0,0,N,YU,5481
2/8/2019,22:00,Friday,YUS/BD/SHEPPARD SUBWAY,MUO,0,0,,YU/BD,0
2/8/2019,23:30,Friday,LESLIE STATION,MUI,14,19,W,SHP,6191
2/8/2019,23:55,Friday,JANE STATION,TUSC,0,0,W,BD,5106
2/9/2019,00:12,Saturday,QUEEN STATION,TUOS,3,8,S,YU,6076
2/9/2019,00:34,Saturday,BROADVIEW STATION,TUO,4,9,E,BD,5344
2/9/2019,00:51,Saturday,ST GEORGE YUS STATION,TUSC,0,0,S,YU,5801
2/9/2019,01:13,Saturday,EGLINTON WEST STATION,SUDP,4,9,N,YU,5796
2/9/2019,01:32,Saturday,KENNEDY BD STATION,TUSC,0,0,E,BD,5240
2/9/2019,05:15,Saturday,LANSDOWNE STATION,MUIE,0,0,,BD,0
2/9/2019,05:48,Saturday,MCCOWAN STATION,PRS,16,0,S,SRT,3012
2/9/2019,05:48,Saturday,MCCOWAN STATION,PRS,16,0,S,SRT,3012
2/9/2019,05:49,Saturday,KIPLING STATION,TUSC,0,0,E,BD,5022
2/9/2019,05:50,Saturday,COXWELL STATION,MUSC,0,0,E,BD,5329
2/9/2019,05:54,Saturday,KIPLING STATION,TUSC,0,0,E,BD,5032
2/9/2019,06:03,Saturday,YORK MILLS STATION,MUWR,5,10,S,YU,5556
2/9/2019,06:44,Saturday,KENNEDY BD STATION,MUSC,0,0,W,BD,5288
2/9/2019,07:39,Saturday,PAPE STATION,MUO,0,0,,BD,0
2/9/2019,08:15,Saturday,HIGH PARK STATION,MUPAA,0,0,W,BD,5183
2/9/2019,09:57,Saturday,ELLESMERE STATION,ERDB,5,11,N,SRT,3009
2/9/2019,09:57,Saturday,ELLESMERE STATION,ERDB,5,11,N,SRT,3009
2/9/2019,10:03,Saturday,SHERBOURNE STATION,MUNCA,0,0,,BD,0
2/9/2019,10:39,Saturday,LAWRENCE EAST STATION,MRTO,0,0,N,SRT,3007
2/9/2019,10:39,Saturday,LAWRENCE EAST STATION,MRTO,0,0,N,SRT,3007
2/9/2019,12:42,Saturday,YONGE BD STATION,SUDP,5,10,E,BD,5267
2/9/2019,12:51,Saturday,YONGE BD STATION,SUDP,6,10,E,BD,5167
2/9/2019,12:57,Saturday,GREENWOOD STATION,TUNIP,6,10,E,BD,5240
2/9/2019,13:29,Saturday,ROSEDALE STATION,MUPAA,0,0,N,YU,6076
2/9/2019,14:19,Saturday,UNION STATION,MUI,15,20,N,YU,5886
2/9/2019,14:49,Saturday,JANE STATION,MUIS,0,0,,BD,0
2/9/2019,16:35,Saturday,ISLINGTON STATION,MUIS,0,0,,BD,0
2/9/2019,17:14,Saturday,ROYAL YORK STATION,TUSC,0,0,W,BD,5137
2/9/2019,17:24,Saturday,EGLINTON STATION,MUO,0,0,,YU,0
2/9/2019,17:34,Saturday,OSGOODE STATION,MUSC,0,0,N,YU,5491
2/9/2019,18:08,Saturday,FINCH WEST STATION,MUIS,0,0,,YU,0
2/9/2019,18:24,Saturday,ST CLAIR WEST STATION,MUPAA,0,0,S,YU,5801
2/9/2019,18:28,Saturday,VICTORIA PARK STATION,MUDD,3,7,W,BD,5274
2/9/2019,18:49,Saturday,EGLINTON STATION,SUAP,0,0,,YU,0
2/9/2019,20:14,Saturday,KING STATION,SUDP,0,0,N,YU,6051
2/9/2019,21:07,Saturday,YONGE BD STATION,MUIRS,0,0,E,BD,5163
2/9/2019,21:12,Saturday,OSSINGTON STATION,MUPAA,0,0,E,BD,5304
2/9/2019,21:17,Saturday,ST GEORGE BD STATION,SUO,9,14,W,BD,5144
2/9/2019,21:45,Saturday,BROADVIEW STATION,EUME,10,15,E,BD,5140
2/9/2019,21:56,Saturday,SUMMERHILL STATION,SUUT,0,0,N,YU,6056
2/9/2019,22:00,Saturday,YUS/BD/SHEPPARD SUBWAY,MUO,0,0,,YU/BD,0
2/9/2019,22:14,Saturday,ST CLAIR STATION,MUIR,17,22,N,YU,5501
2/9/2019,22:17,Saturday,EGLINTON WEST STATION,MUNCA,0,0,,YU,0
2/9/2019,22:39,Saturday,BLOOR DANFORTH SUBWAY,MUGD,0,0,,BD,0
2/9/2019,23:20,Saturday,BLOOR DANFORTH SUBWAY,MUGD,0,0,,BD,0
2/10/2019,00:36,Sunday,SPADINA BD STATION,SUUT,5,9,E,BD,5371
2/10/2019,01:02,Sunday,ST GEORGE YUS STATION,MUPAA,4,9,N,YU,5111
2/10/2019,07:35,Sunday,FINCH STATION,SUCOL,0,0,,YU,0
2/10/2019,07:53,Sunday,BAYVIEW STATION,PUSI,165,0,E,SHP,6156
2/10/2019,08:00,Sunday,ST CLAIR TO LAWRENCE S,MUO,0,0,,YU,0
2/10/2019,08:14,Sunday,GREENWOOD YARD,EUBO,5,10,E,BD,5075
2/10/2019,08:17,Sunday,GREENWOOD YARD,EUDO,4,9,,BD,5099
2/10/2019,08:52,Sunday,MAIN STREET STATION,MUO,7,13,W,BD,5369
2/10/2019,10:56,Sunday,FINCH STATION,PUSNT,0,0,N,YU,5861
2/10/2019,11:22,Sunday,BLOOR STATION,MUSC,0,0,S,YU,5991
2/10/2019,11:35,Sunday,KENNEDY BD STATION,SUO,0,0,,BD,0
2/10/2019,11:50,Sunday,FINCH STATION,PUSNT,0,0,N,YU,5566
2/10/2019,11:53,Sunday,ST CLAIR STATION,MUIS,0,0,,YU,0
2/10/2019,12:07,Sunday,QUEEN STATION,MUIS,0,0,N,YU,0
2/10/2019,12:11,Sunday,KIPLING STATION,MUO,0,0,E,BD,5178
2/10/2019,13:18,Sunday,YONGE SHP STATION,PUSI,10,15,E,SHP,6166
2/10/2019,13:28,Sunday,RUNNYMEDE STATION,MUIS,0,0,,BD,0
2/10/2019,13:34,Sunday,DONLANDS STATION,MUIS,0,0,W,BD,5273
2/10/2019,13:44,Sunday,CASTLE FRANK STATION,MUIS,0,0,,BD,0
2/10/2019,14:32,Sunday,BROADVIEW STATION,PUMEL,0,0,,BD,0
2/10/2019,17:59,Sunday,RUNNYMEDE STATION,MUIS,0,0,,BD,0
2/10/2019,18:30,Sunday,JANE STATION,MUIS,0,0,,BD,0
2/10/2019,18:57,Sunday,ST ANDREW STATION,MUPAA,0,0,N,YU,6011
2/10/2019,20:40,Sunday,VICTORIA PARK STATION,MUSC,0,0,W,BD,5240
2/10/2019,20:46,Sunday,VICTORIA PARK STATION,MUSC,0,0,E,BD,5312
2/10/2019,22:00,Sunday,YUS/BD/SHEPPARD SUBWAY,MUO,0,0,,YU/BD,0
2/10/2019,23:11,Sunday,SPADINA BD STATION,MUIS,0,0,,BD,4483
2/10/2019,23:45,Sunday,VICTORIA PARK STATION,MUSC,0,0,E,BD,5091
2/11/2019,01:00,Monday,NORTH YORK CTR STATION,MUIS,0,0,,YU,0
2/11/2019,05:39,Monday,FINCH STATION,TUSC,0,0,S,YU,6061
2/11/2019,05:47,Monday,SUMMERHILL STATION,MUSC,0,0,N,YU,5906
2/11/2019,05:54,Monday,WILSON HOSTLER,TUNOA,3,6,,YU,0
2/11/2019,06:02,Monday,KIPLING STATION,MUSC,0,0,E,BD,5344
2/11/2019,06:07,Monday,KIPLING STATION,SUDP,0,0,,BD,0
2/11/2019,06:09,Monday,FINCH STATION,MUSC,0,0,S,YU,5991
2/11/2019,06:19,Monday,DUPONT STATION,MUATC,7,0,N,YU,5561
2/11/2019,06:54,Monday,FINCH STATION,MUSC,0,0,,YU,5736
2/11/2019,07:13,Monday,OLD MILL STATION,MUSC,0,0,W,BD,5087
2/11/2019,07:21,Monday,WOODBINE STATION,MUSC,0,0,W,BD,5362
2/11/2019,07:43,Monday,DUPONT STATION,MUSC,0,0,S,YU,6091
2/11/2019,07:47,Monday,WARDEN STATION,MUSC,0,0,W,BD,5111
2/11/2019,07:52,Monday,MIDLAND STATION,ERDO,4,9,N,SRT,3007
2/11/2019,07:52,Monday,MIDLAND STATION,ERDO,4,9,N,SRT,3007
2/11/2019,08:03,Monday,OSGOODE STATION,TUSC,0,0,N,YU,5886
2/11/2019,08:52,Monday,BATHURST STATION,SUAE,0,0,,BD,0
2/11/2019,08:57,Monday,BLOOR STATION,MUIRS,0,0,S,YU,0
2/11/2019,09:35,Monday,WILSON STATION,EUOE,11,14,S,YU,5631
2/11/2019,10:06,Monday,DONLANDS STATION,TUSC,0,0,E,BD,5167
2/11/2019,10:12,Monday,GREENWOOD STATION,TUCC,0,0,W,BD,5255
2/11/2019,10:33,Monday,KIPLING STATION,EUBO,3,6,W,BD,5267
2/11/2019,10:56,Monday,VAUGHAN MC STATION,PUMEL,0,0,,YU,0
2/11/2019,11:29,Monday,WILSON HOSTLER,MUIE,0,0,,,0
2/11/2019,11:30,Monday,BLOOR DANFORTH SUBWAY,MUGD,0,0,,BD,0
2/11/2019,11:44,Monday,WARDEN STATION,SUAP,15,18,W,BD,5183
2/11/2019,11:59,Monday,WARDEN STATION,TUSC,0,0,,,5071
2/11/2019,12:07,Monday,FINCH STATION,TUSC,0,0,N,YU,5676
2/11/2019,12:25,Monday,YONGE UNIVERSITY LINE,MUGD,0,0,,YU,0
2/11/2019,13:30,Monday,ISLINGTON STATION,MUSC,0,0,W,BD,5248
2/11/2019,14:31,Monday,JANE STATION,TUSC,0,0,W,BD,5205
2/11/2019,15:10,Monday,ROYAL YORK STATION,MUPAA,0,0,E,BD,5268
2/11/2019,15:12,Monday,MCCOWAN STATION,PREL,0,0,,SRT,0
2/11/2019,15:12,Monday,MCCOWAN STATION,PREL,0,0,,SRT,0
2/11/2019,15:18,Monday,BAY STATION,MUDD,0,0,W,BD,5341
2/11/2019,15:22,Monday,KENNEDY SRT STATION,MRTO,13,18,N,SRT,3019
2/11/2019,15:22,Monday,KENNEDY SRT STATION,MRTO,13,18,N,SRT,3019
2/11/2019,15:41,Monday,EGLINTON STATION,SUDP,3,6,N,YU,5451
2/11/2019,16:17,Monday,VAUGHAN MC STATION,EUVA,3,5,N,YU,6071
2/11/2019,16:27,Monday,VICTORIA PARK STATION,EUBK,3,5,W,BD,5320
2/11/2019,16:36,Monday,BLOOR STATION,MUIR,0,0,N,YU,5432
2/11/2019,17:02,Monday,DONLANDS STATION,TUSC,0,0,W,BD,5361
2/11/2019,17:15,Monday,LAWRENCE STATION,MUPAA,0,0,N,YU,5986
2/11/2019,17:16,Monday,ISLINGTON STATION,MUSC,0,0,W,BD,5248
2/11/2019,17:17,Monday,KING STATION,MUPAA,0,0,S,YU,5866
2/11/2019,17:44,Monday,SHEPPARD WEST STATION,TUNIP,6,7,N,YU,5386
2/11/2019,18:10,Monday,KIPLING STATION,TUMVS,0,0,W,BD,5071
2/11/2019,18:19,Monday,ISLINGTON STATION,TUMVS,0,0,E,BD,5014
2/11/2019,18:26,Monday,FINCH STATION,MUPAA,0,0,S,YU,5781
2/11/2019,19:30,Monday,SHEPPARD WEST STATION,TUNIP,6,7,N,YU,5601
2/11/2019,20:17,Monday,DUPONT STATION,MUI,7,10,S,YU,5606
2/11/2019,20:19,Monday,DOWNSVIEW PARK STATION,MUPAA,0,0,N,YU,5521
2/11/2019,22:00,Monday,YUS/BD/SHEPPARD SUBWAY,MUO,0,0,,YU/BD,0
2/11/2019,22:55,Monday,FINCH WEST STATION,MUO,3,7,S,YU,5476
2/11/2019,23:15,Monday,KIPLING STATION,MUSC,0,0,E,BD,5111
2/11/2019,23:34,Monday,SHERBOURNE STATION,MUPAA,0,0,E,BD,5295
2/12/2019,00:32,Tuesday,FINCH STATION,TUSC,0,0,N,YU,6106
2/12/2019,01:05,Tuesday,DOWNSVIEW PARK STATION,MUIS,0,0,N,YU,0
2/12/2019,02:00,Tuesday,YONGE UNIVERSITY LINE,TUML,0,0,N,YU,6056
2/12/2019,02:00,Tuesday,YONGE UNIVERSITY LINE,TUST,0,0,,YU,0
2/12/2019,05:31,Tuesday,GREENWOOD YARD,PUSSW,4,8,W,BD,0
2/12/2019,05:55,Tuesday,COLLEGE STATION,SUDP,0,0,,YU,0
2/12/2019,06:36,Tuesday,DUPONT STATION,MUATC,5,9,N,YU,6051
2/12/2019,06:37,Tuesday,YONGE UNIVERSITY LINE,TUST,0,0,,YU,0
2/12/2019,06:40,Tuesday,BLOOR DANFORTH SUBWAY,TUST,0,0,,BD,0
2/12/2019,06:55,Tuesday,MCCOWAN STATION,ERDB,5,10,N,SRT,3003
2/12/2019,06:55,Tuesday,MCCOWAN STATION,ERDB,5,10,N,SRT,3003
2/12/2019,07:15,Tuesday,SPADINA YUS STATION,EUBK,4,6,S,YU,6666
2/12/2019,07:28,Tuesday,BLOOR STATION,SUAP,0,0,,YU,0
2/12/2019,07:35,Tuesday,FINCH STATION,MUSC,0,0,S,YU,5766
2/12/2019,07:47,Tuesday,HIGHWAY 407 STATION,MUIRS,0,0,,YU,0
2/12/2019,07:57,Tuesday,ST GEORGE YUS STATION,PUMST,0,0,,YU,0
2/12/2019,08:03,Tuesday,DUNDAS WEST STATION,MUSC,0,0,W,BD,5192
2/12/2019,08:04,Tuesday,VICTORIA PARK STATION,MUSC,0,0,W,BD,5308
2/12/2019,08:25,Tuesday,KIPLING STATION,MUSC,0,0,E,BD,5111
2/12/2019,08:34,Tuesday,BLOOR STATION,MUIRS,0,0,S,YU,5101
2/12/2019,08:36,Tuesday,VICTORIA PARK STATION,MUSC,0,0,W,BD,5056
2/12/2019,08:53,Tuesday,UNION STATION,MUIRS,0,0,,YU,0
2/12/2019,09:00,Tuesday,ST CLAIR STATION,MUIS,0,0,,YU,0
2/12/2019,09:13,Tuesday,OSGOODE STATION,MUSC,0,0,N,YU,5561
2/12/2019,09:33,Tuesday,HIGH PARK STATION,MUSC,0,0,E,BD,5053
2/12/2019,10:53,Tuesday,ST GEORGE YUS STATION,SUSA,0,0,,YU,0
2/12/2019,11:15,Tuesday,BLOOR DANFORTH SUBWAY,MUGD,0,0,,BD,0
2/12/2019,12:10,Tuesday,ELLESMERE STATION,MRTO,0,0,N,SRT,3007
2/12/2019,12:10,Tuesday,ELLESMERE STATION,MRTO,0,0,N,SRT,3007
2/12/2019,12:16,Tuesday,BATHURST STATION,TUSC,0,0,W,BD,5354
2/12/2019,12:27,Tuesday,HIGHWAY 407 STATION,MUIS,0,0,,YU,0
2/12/2019,12:32,Tuesday,ST CLAIR WEST STATION,PUMEL,0,0,S,YU,0
2/12/2019,12:39,Tuesday,KEELE STATION,MUSC,0,0,W,BD,5167
2/12/2019,12:54,Tuesday,HIGH PARK STATION,MUSC,0,0,E,BD,5248
2/12/2019,13:03,Tuesday,ISLINGTON STATION,PUSSW,5,9,E,BD,5047
2/12/2019,13:36,Tuesday,KIPLING STATION,EUBK,0,0,E,BD,5144
2/12/2019,14:42,Tuesday,VICTORIA PARK STATION,MUSC,0,0,E,BD,5055
2/12/2019,14:45,Tuesday,YONGE SHP STATION,TUSC,0,0,E,SHP,6156
2/12/2019,16:16,Tuesday,SCARB CTR STATION,MRIE,0,0,,SRT,0
2/12/2019,16:16,Tuesday,SCARB CTR STATION,MRIE,0,0,,SRT,0
2/12/2019,16:21,Tuesday,BLOOR STATION,EUDO,4,7,N,YU,5441
2/12/2019,16:23,Tuesday,GLENCAIRN STATION,MUATC,3,5,S,YU,5726
2/12/2019,16:40,Tuesday,ELLESMERE STATION,MRWEA,5,10,N,SRT,3003
2/12/2019,16:40,Tuesday,ELLESMERE STATION,MRWEA,5,10,N,SRT,3003
2/12/2019,16:42,Tuesday,KENNEDY BD STATION,TUSC,0,0,E,BD,5055
2/12/2019,16:52,Tuesday,ST PATRICK STATION,PUMEL,0,0,N,YU,0
2/12/2019,17:08,Tuesday,WARDEN STATION,MUSC,0,0,W,BD,5167
2/12/2019,17:17,Tuesday,ST CLAIR WEST STATION,SUDP,5,7,S,YU,5451
2/12/2019,17:25,Tuesday,FINCH STATION,MUSC,0,0,S,YU,6036
2/12/2019,17:48,Tuesday,JANE STATION,MUSC,0,0,W,BD,5167
2/12/2019,17:54,Tuesday,KENNEDY BD STATION,MUSC,0,0,E,BD,5273
2/12/2019,18:00,Tuesday,OSSINGTON STATION,SUDP,0,0,,BD,0
2/12/2019,18:27,Tuesday,MAIN STREET STATION,PUMEL,0,0,,BD,0
2/12/2019,18:59,Tuesday,DOWNSVIEW PARK STATION,MUATC,8,10,S,YU,5726
2/12/2019,19:48,Tuesday,SHEPPARD STATION,SUSP,27,30,N,YU,5656
2/12/2019,19:57,Tuesday,MAIN STREET STATION,MUIR,4,7,E,BD,5004
2/12/2019,20:28,Tuesday,LAWRENCE EAST STATION,MRWEA,284,290,N,SRT,3009
2/12/2019,20:28,Tuesday,LAWRENCE EAST STATION,MRWEA,284,290,N,SRT,3009
2/12/2019,20:38,Tuesday,QUEEN STATION,MUIS,0,0,S,YU,0
2/12/2019,21:01,Tuesday,YONGE SHP STATION,TUNOA,5,10,W,SHP,6161
2/12/2019,21:26,Tuesday,KIPLING STATION,SUDP,0,0,W,BD,5263
2/12/2019,21:40,Tuesday,JANE STATION,EUSC,0,0,W,YU,5167
2/12/2019,21:44,Tuesday,KIPLING STATION,MUIR,0,0,E,BD,5080
2/12/2019,21:54,Tuesday,KIPLING STATION,MUSC,0,0,W,BD,5246
2/12/2019,22:00,Tuesday,YUS/BD/SHEPPARD SUBWAY,MUO,0,0,,YU/BD,0
2/12/2019,23:25,Tuesday,BLOOR DANFORTH SUBWAY,MUGD,0,0,,BD,0
2/12/2019,23:45,Tuesday,WARDEN STATION,PUSI,5,9,E,BD,5268
2/13/2019,00:35,Wednesday,DUNDAS WEST STATION,TUMVS,0,0,W,BD,5304
2/13/2019,00:41,Wednesday,ELLESMERE STATION,MRO,0,0,,SRT,0
2/13/2019,00:41,Wednesday,ELLESMERE STATION,MRO,0,0,,SRT,0
2/13/2019,01:15,Wednesday,DUNDAS STATION,MUIS,0,0,,YU,0
2/13/2019,02:00,Wednesday,BLOOR DANFORTH SUBWAY,TUST,0,0,,BD,5137
2/13/2019,05:33,Wednesday,DUPONT STATION,MUSC,0,0,S,YU,6056
2/13/2019,06:03,Wednesday,KIPLING STATION,MUSC,0,0,E,BD,5161
2/13/2019,06:07,Wednesday,MCCOWAN STATION,MRWEA,5,10,S,SRT,3004
2/13/2019,06:07,Wednesday,MCCOWAN STATION,MRWEA,5,10,S,SRT,3004
2/13/2019,06:43,Wednesday,MCCOWAN STATION,ERDB,5,10,S,SRT,3002
2/13/2019,06:43,Wednesday,MCCOWAN STATION,ERDB,5,10,S,SRT,3002
2/13/2019,07:21,Wednesday,VICTORIA PARK STATION,MUSC,0,0,W,BD,5354
2/13/2019,07:34,Wednesday,YORK MILLS STATION,TUSC,0,0,S,YU,5741
2/13/2019,07:38,Wednesday,YONGE BD STATION,MUDD,3,5,E,BD,5369
2/13/2019,07:58,Wednesday,FINCH STATION,TUSC,0,0,N,YU,5836
2/13/2019,08:41,Wednesday,COLLEGE STATION,MUTO,3,5,N,YU,5801
2/13/2019,08:54,Wednesday,KENNEDY BD STATION,MUSC,0,0,E,BD,5303
2/13/2019,09:28,Wednesday,ISLINGTON STATION,MUIRS,0,0,,BD,0
2/13/2019,09:50,Wednesday,ISLINGTON STATION,MUDD,7,9,W,BD,5021
2/13/2019,09:58,Wednesday,KENNEDY BD STATION,EUBK,6,9,W,BD,5087
2/13/2019,10:58,Wednesday,DUNDAS STATION,SUDP,0,0,S,YU,5466
2/13/2019,11:00,Wednesday,DUNDAS WEST STATION,TUMVS,0,0,W,BD,5297
2/13/2019,11:19,Wednesday,BLOOR STATION,MUIS,0,0,S,YU,0
2/13/2019,11:30,Wednesday,BLOOR DANFORTH SUBWAY,MUGD,0,0,,BD,0
2/13/2019,12:16,Wednesday,SHEPPARD WEST STATION,TUNIP,4,7,N,YU,5406
2/13/2019,12:26,Wednesday,ST GEORGE BD STATION,PUMEL,0,0,,BD,0
2/13/2019,12:33,Wednesday,RUNNYMEDE STATION,MUIS,0,0,E,BD,0
2/13/2019,13:06,Wednesday,DUFFERIN STATION,MUI,23,26,E,BD,5287
2/13/2019,13:17,Wednesday,WARDEN STATION,MUSC,0,0,E,BD,5032
2/13/2019,13:25,Wednesday,ISLINGTON STATION,TUMVS,4,7,E,BD,5310
2/13/2019,13:55,Wednesday,ST GEORGE BD STATION,SUDP,4,7,E,BD,5126
2/13/2019,14:38,Wednesday,SPADINA YUS STATION,MUPLB,29,32,N,YU,5796
2/13/2019,14:40,Wednesday,SPADINA BD STATION,MUO,0,0,W,BD,5293
2/13/2019,15:00,Wednesday,VICTORIA PARK STATION,SUSA,0,0,,BD,0
2/13/2019,15:26,Wednesday,MCCOWAN STATION,ERTC,9,14,S,SRT,3018
2/13/2019,15:26,Wednesday,MCCOWAN STATION,ERTC,9,14,S,SRT,3018
2/13/2019,16:06,Wednesday,YONGE BD STATION,TUMVS,0,0,W,BD,5025
2/13/2019,16:28,Wednesday,DUNDAS WEST STATION,TUSC,0,0,W,BD,5218
2/13/2019,16:33,Wednesday,ST GEORGE BD STATION,EUSC,0,0,W,BD,5111
2/13/2019,16:56,Wednesday,MAIN STREET STATION,MUIS,0,0,,BD,0
2/13/2019,16:59,Wednesday,FINCH STATION,TUSC,0,0,S,YU,5671
2/13/2019,17:20,Wednesday,PIONEER VILLAGE STATIO,PUMEL,0,0,,YU,0
2/13/2019,17:28,Wednesday,DUNDAS WEST STATION,TUSC,0,0,W,BD,5295
2/13/2019,17:29,Wednesday,ST GEORGE YUS STATION,TUSC,0,0,N,YU,5731
2/13/2019,17:53,Wednesday,COLLEGE STATION,MUIR,6,8,N,YU,5436
2/13/2019,18:32,Wednesday,ST CLAIR WEST STATION,MUIS,0,0,,YU,0
2/13/2019,18:35,Wednesday,MCCOWAN STATION,ERTC,5,10,S,SRT,3014
2/13/2019,18:35,Wednesday,MCCOWAN STATION,ERTC,5,10,S,SRT,3014
2/13/2019,18:46,Wednesday,CHRISTIE STATION,MUPLC,0,0,W,BD,5062
2/13/2019,19:33,Wednesday,FINCH STATION,TUSC,0,0,S,YU,5786
2/13/2019,19:39,Wednesday,DAVISVILLE YARD,MUPLB,0,0,,YU,0
2/13/2019,19:58,Wednesday,YONGE BD STATION,MUI,8,10,E,BD,5055
2/13/2019,20:22,Wednesday,ST GEORGE BD STATION,EUSC,0,0,W,BD,5111
2/13/2019,20:32,Wednesday,DOWNSVIEW PARK STATION,SUO,0,0,,YU,0
2/13/2019,20:55,Wednesday,DUPONT STATION,PUSTS,10,14,N,YU,5526
2/13/2019,21:06,Wednesday,FINCH STATION,TUSC,0,0,N,YU,5906
2/13/2019,21:42,Wednesday,VICTORIA PARK STATION,PUMO,0,0,,BD,0
2/13/2019,21:48,Wednesday,BLOOR STATION,MUI,0,0,S,YU,0
2/13/2019,21:50,Wednesday,WARDEN STATION,EUSC,0,0,W,BD,5111
2/13/2019,21:53,Wednesday,WARDEN STATION,EUSC,0,0,W,BD,5111
2/13/2019,22:00,Wednesday,YUS/BD/SHEPPARD SUBWAY,MUO,0,0,,YU/BD,0
2/13/2019,22:04,Wednesday,YORKDALE STATION,MUATC,0,0,S,YU,5746
2/13/2019,22:07,Wednesday,KENNEDY SRT STATION,MRDD,6,12,,SRT,3023
2/13/2019,22:07,Wednesday,KENNEDY SRT STATION,MRDD,6,12,,SRT,3023
2/13/2019,22:41,Wednesday,WARDEN STATION,MUO,4,9,E,BD,5135
2/13/2019,22:48,Wednesday,VICTORIA PARK STATION,PUSIS,5,10,W,BD,5295
2/13/2019,23:02,Wednesday,KING STATION,MUNCA,0,0,,YU,0
2/13/2019,23:32,Wednesday,VICTORIA PARK STATION,PUSIS,4,9,W,BD,5361
2/14/2019,00:20,Thursday,KENNEDY BD STATION,EUBO,4,8,,BD,5255
2/14/2019,00:26,Thursday,OLD MILL STATION,MUSC,0,0,W,BD,5019
2/14/2019,00:37,Thursday,DON MILLS STATION,TUMVS,0,0,E,SHP,6186
2/14/2019,00:57,Thursday,MAIN STREET STATION,MUSC,0,0,W,BD,5192
2/14/2019,01:07,Thursday,DAVISVILLE STATION,SUAP,10,15,N,YU,6111
2/14/2019,01:33,Thursday,BLOOR STATION,SUDP,3,8,N,YU,5656
2/14/2019,01:57,Thursday,ST GEORGE BD STATION,TUMVS,0,0,E,BD,5092
2/14/2019,05:45,Thursday,EGLINTON STATION,TUCC,8,0,S,YU,5566
2/14/2019,05:55,Thursday,KENNEDY BD STATION,TUSC,4,8,W,BD,5359
2/14/2019,06:18,Thursday,MCCOWAN STATION,PRTST,3,8,N,SRT,3003
2/14/2019,06:18,Thursday,MCCOWAN STATION,PRTST,3,8,N,SRT,3003
2/14/2019,06:36,Thursday,KIPLING STATION,MUSC,0,0,E,BD,5165
2/14/2019,07:03,Thursday,MCCOWAN STATION,PRO,0,0,,SRT,0
2/14/2019,07:03,Thursday,MCCOWAN STATION,PRO,0,0,,SRT,0
2/14/2019,07:09,Thursday,KENNEDY BD STATION,EUNT,3,5,W,BD,5126
2/14/2019,07:20,Thursday,VAUGHAN MC STATION,MUPF,5,7,S,YU,5516
2/14/2019,07:23,Thursday,GREENWOOD STATION,EUTL,3,5,E,BD,5189
2/14/2019,07:49,Thursday,KENNEDY BD STATION,TUSC,3,5,W,BD,5359
2/14/2019,08:13,Thursday,GREENWOOD STATION,EUSC,0,0,E,BD,5111
2/14/2019,08:20,Thursday,EGLINTON STATION,EUTR,3,5,N,YU,5545
2/14/2019,08:21,Thursday,GREENWOOD STATION,EUDO,5,7,W,BD,5304
2/14/2019,08:22,Thursday,DUPONT STATION,TUATC,3,5,N,YU,5856
2/14/2019,08:33,Thursday,KENNEDY SRT STATION,PRSA,12,17,N,SRT,3003
2/14/2019,08:33,Thursday,KENNEDY SRT STATION,PRSA,12,17,N,SRT,3003
2/14/2019,09:30,Thursday,KENNEDY SRT STATION,ERTC,7,12,N,SRT,3013
2/14/2019,09:30,Thursday,KENNEDY SRT STATION,ERTC,7,12,N,SRT,3013
2/14/2019,09:33,Thursday,ST CLAIR WEST STATION,PUSSW,35,37,N,YU,6121
2/14/2019,09:37,Thursday,ISLINGTON STATION,EUSC,0,0,E,BD,5111
2/14/2019,09:47,Thursday,DUNDAS WEST STATION,MUSC,0,0,E,BD,5111
2/14/2019,11:37,Thursday,FINCH STATION,EUPI,3,6,N,YU,5926
2/14/2019,12:37,Thursday,BROADVIEW STATION,MUSC,0,0,E,BD,5356
2/14/2019,13:08,Thursday,WARDEN STATION,SUO,0,0,W,BD,5055
2/14/2019,13:23,Thursday,LAWRENCE WEST STATION,MUIR,3,6,S,YU,6091
2/14/2019,14:09,Thursday,SHEPPARD WEST STATION,TUNIP,7,10,S,YU,5626
2/14/2019,14:11,Thursday,MCCOWAN STATION,PRTST,30,35,,SRT,3020
2/14/2019,14:11,Thursday,MCCOWAN STATION,PRTST,30,35,,SRT,3020
2/14/2019,14:35,Thursday,DAVISVILLE STATION,MUPAA,0,0,N,YU,5481
2/14/2019,15:02,Thursday,HIGHWAY 407 STATION,MUIS,0,0,,YU,0
2/14/2019,15:36,Thursday,MCCOWAN STATION,PRTST,5,10,S,SRT,3011
2/14/2019,15:36,Thursday,MCCOWAN STATION,PRTST,5,10,S,SRT,3011
2/14/2019,15:52,Thursday,KIPLING STATION,MUSC,0,0,E,BD,5111
2/14/2019,15:57,Thursday,DON MILLS STATION,SUDP,5,10,W,SHP,6191
2/14/2019,16:11,Thursday,BATHURST STATION,MUPAA,0,0,W,BD,5189
2/14/2019,16:16,Thursday,BATHURST STATION,SUDP,0,0,W,BD,5144
2/14/2019,16:29,Thursday,JANE STATION,EUDO,6,8,W,BD,5144
2/14/2019,16:30,Thursday,BLOOR STATION,SUAE,0,0,S,YU,0
2/14/2019,16:32,Thursday,BATHURST STATION,EUDO,4,6,W,BD,5277
2/14/2019,16:33,Thursday,ST GEORGE BD STATION,MUIS,0,0,,BD,0
2/14/2019,16:43,Thursday,WILSON STATION,SUDP,5,7,N,YU,5811
2/14/2019,17:09,Thursday,BLOOR STATION,EUSC,0,0,N,YU,6101
2/14/2019,17:12,Thursday,DUPONT STATION,EUDO,5,7,N,YU,5441
2/14/2019,17:14,Thursday,BLOOR STATION,TUSC,0,0,S,YU,6101
2/14/2019,17:38,Thursday,ROSEDALE STATION,MUIS,0,0,,YU,0
2/14/2019,17:42,Thursday,ISLINGTON STATION,PUMEL,0,0,,BD,0
2/14/2019,18:19,Thursday,ST CLAIR WEST STATION,MUPAA,3,5,N,YU,5866
2/14/2019,18:30,Thursday,KIPLING STATION,TUNIP,3,5,E,BD,5021
2/14/2019,18:39,Thursday,SHEPPARD WEST STATION,TUNIP,9,11,N,YU,5426
2/14/2019,18:42,Thursday,DAVISVILLE STATION,MUI,18,20,N,YU,5936
2/14/2019,19:17,Thursday,YORK MILLS STATION,TUMVS,0,0,N,YU,5766
2/14/2019,19:36,Thursday,LAWRENCE STATION,MUPAA,3,5,N,YU,5511
2/14/2019,19:38,Thursday,OLD MILL STATION,MUSC,0,0,E,BD,5111
2/14/2019,19:55,Thursday,HIGH PARK STATION,MUIS,0,0,,BD,0
2/14/2019,20:16,Thursday,WARDEN STATION,MUSC,0,0,E,BD,5111
2/14/2019,20:25,Thursday,FINCH STATION,SUDP,3,6,N,YU,5426
2/14/2019,20:45,Thursday,SHEPPARD STATION,TUSC,0,0,N,YU,6031
2/14/2019,22:00,Thursday,YUS/BD/SHEPPARD SUBWAY,MUO,0,0,,YU/BD,0
2/14/2019,22:05,Thursday,KENNEDY BD STATION,PUMST,0,0,,BD,0
2/14/2019,22:29,Thursday,ST GEORGE BD STATION,SUDP,4,8,E,BD,5218
2/14/2019,22:55,Thursday,BLOOR STATION,MUPAA,5,10,N,YU,5656
2/14/2019,23:39,Thursday,HIGH PARK STATION,MUSC,0,0,E,BD,5175
2/14/2019,23:40,Thursday,BLOOR DANFORTH SUBWAY,MUGD,0,0,,BD,0
2/15/2019,00:14,Friday,ST CLAIR WEST STATION,SUDP,0,0,S,YU,5826
2/15/2019,00:41,Friday,CHRISTIE STATION,TUSC,0,0,W,BD,5027
2/15/2019,01:12,Friday,LESLIE STATION,SUDP,0,0,W,SHP,6151
2/15/2019,01:51,Friday,GREENWOOD STATION,TUMVS,0,0,W,BD,5163
2/15/2019,01:57,Friday,PIONEER VILLAGE STATIO,MUATC,5,10,N,YU,5981
2/15/2019,02:05,Friday,YORK MILLS STATION,SUDP,5,10,N,YU,5506
2/15/2019,02:19,Friday,GREENWOOD STATION,TUMVS,0,0,W,BD,5137
2/15/2019,05:55,Friday,OSSINGTON STATION,PUTWZ,14,18,W,BD,5332
2/15/2019,06:01,Friday,COXWELL STATION,EUSC,0,0,,BD,5006
2/15/2019,06:08,Friday,ST CLAIR STATION,MUIS,4,8,S,YU,6036
2/15/2019,06:29,Friday,WILSON YARD,MUIE,0,0,,YU,0
2/15/2019,07:01,Friday,KIPLING STATION,MUSC,0,0,W,BD,5160
2/15/2019,07:12,Friday,KIPLING STATION,TUSC,0,0,E,BD,5359
2/15/2019,07:45,Friday,GREENWOOD STATION,EUSC,0,0,E,BD,5111
2/15/2019,07:51,Friday,ST GEORGE YUS STATION,EUDO,6,8,S,YU,5441
2/15/2019,07:56,Friday,OLD MILL STATION,TUOS,3,5,E,BD,5159
2/15/2019,08:05,Friday,KEELE STATION,TUO,3,5,E,BD,5159
2/15/2019,08:16,Friday,COXWELL STATION,EUSC,0,0,E,BD,5339
2/15/2019,08:25,Friday,WARDEN STATION,MUSC,3,5,E,BD,5339
2/15/2019,08:27,Friday,KENNEDY SRT STATION,MRUIR,0,0,,SRT,0
2/15/2019,08:27,Friday,KENNEDY SRT STATION,MRUIR,0,0,,SRT,0
2/15/2019,09:02,Friday,KIPLING STATION,TUSC,0,0,E,BD,5359
2/15/2019,09:07,Friday,SPADINA BD STATION,MUIS,0,0,,BD,0
2/15/2019,09:12,Friday,KEELE STATION,EUSC,0,0,E,BD,5111
2/15/2019,09:35,Friday,CHESTER STATION,EUSC,0,0,E,BD,5111
2/15/2019,09:48,Friday,VICTORIA PARK STATION,EUSC,0,0,E,BD,5111
2/15/2019,10:17,Friday,SHEPPARD STATION,SUAP,0,0,,YU,3127
2/15/2019,10:26,Friday,YONGE BD STATION,MUIRS,0,0,E,BD,5021
2/15/2019,10:55,Friday,GLENCAIRN STATION,PUSWZ,6,9,S,YU,5741
2/15/2019,11:11,Friday,ISLINGTON STATION,TUSC,0,0,E,BD,5062
2/15/2019,11:26,Friday,ST GEORGE YUS STATION,SUAP,0,0,,YU,0
2/15/2019,11:50,Friday,BLOOR DANFORTH SUBWAY,MUGD,0,0,,BD,0
2/15/2019,11:54,Friday,ISLINGTON STATION,MUNCA,0,0,,BD,0
2/15/2019,12:05,Friday,PIONEER VILLAGE STATIO,PUEO,0,0,,YU,0
2/15/2019,12:08,Friday,FINCH STATION,MUIS,0,0,,YU,0
2/15/2019,12:10,Friday,KENNEDY SRT STATION,MRUIR,9,15,,SRT,3019
2/15/2019,12:10,Friday,KENNEDY SRT STATION,MRUIR,9,15,,SRT,3019
2/15/2019,13:58,Friday,KENNEDY BD STATION,MUIR,3,6,W,BD,5369
2/15/2019,15:42,Friday,ROYAL YORK STATION,MUPLA,18,20,E,BD,5287
2/15/2019,15:47,Friday,ST CLAIR WEST STATION,MUO,0,0,N,YU,5916
2/15/2019,15:48,Friday,SCARB CTR STATION,ERTC,5,10,N,SRT,3003
2/15/2019,15:48,Friday,SCARB CTR STATION,ERTC,5,10,N,SRT,3003
2/15/2019,16:03,Friday,ISLINGTON STATION,MUSC,0,0,E,BD,5088
2/15/2019,16:03,Friday,ST GEORGE YUS STATION,SUDP,3,5,N,YU,5491
2/15/2019,16:17,Friday,DUPONT STATION,MUSC,0,0,N,YU,5976
2/15/2019,16:28,Friday,COXWELL STATION,TUO,3,5,E,BD,5300
2/15/2019,16:31,Friday,KENNEDY BD STATION,SUO,17,19,W,BD,5021
2/15/2019,16:33,Friday,KIPLING STATION,MUSC,0,0,E,BD,5150
2/15/2019,16:45,Friday,MUSEUM STATION,TUMVS,3,5,N,YU,5786
2/15/2019,16:51,Friday,SCARBOROUGH RAPID TRAN,SRO,17,22,N,SRT,3019
2/15/2019,16:51,Friday,SCARBOROUGH RAPID TRAN,SRO,17,22,N,SRT,3019
2/15/2019,17:23,Friday,WOODBINE STATION,MUSC,0,0,W,BD,5264
2/15/2019,17:31,Friday,BATHURST STATION,MUTO,0,0,W,BD,5019
2/15/2019,17:34,Friday,DONLANDS STATION,MUIS,0,0,E,BD,0
2/15/2019,17:41,Friday,DUNDAS WEST STATION,TUMVS,3,5,W,BD,5277
2/15/2019,17:50,Friday,EGLINTON STATION,MUPAA,0,0,N,YU,5986
2/15/2019,18:06,Friday,WARDEN STATION,MUSAN,4,6,W,BD,5051
2/15/2019,18:19,Friday,PAPE STATION,EUDO,6,8,E,BD,5058
2/15/2019,18:26,Friday,ST CLAIR STATION,MUPAA,0,0,N,YU,6091
2/15/2019,18:45,Friday,WILSON STATION,MUPAA,0,0,N,YU,5396
2/15/2019,18:50,Friday,FINCH STATION,MUIS,0,0,,YU,0
2/15/2019,19:40,Friday,BLOOR DANFORTH SUBWAY,MUGD,0,0,,BD,0
2/15/2019,19:56,Friday,JANE STATION,TUSC,0,0,W,BD,5053
2/15/2019,20:19,Friday,COLLEGE STATION,MUPAA,0,0,N,YU,5551
2/15/2019,20:42,Friday,DAVISVILLE STATION,SUUT,9,12,N,YU,5456
2/15/2019,21:13,Friday,NORTH YORK CTR STATION,SUDP,15,18,N,YU,5561
2/15/2019,21:54,Friday,BROADVIEW STATION,SUAP,3,6,E,BD,5359
2/15/2019,21:57,Friday,OSSINGTON STATION,SUDP,0,0,W,BD,5175
2/15/2019,22:00,Friday,YUS/BD/SHEPPARD SUBWAY,MUO,0,0,,YU/BD,0
2/15/2019,22:52,Friday,COXWELL STATION,MUO,4,8,W,BD,5137
2/15/2019,22:59,Friday,YONGE BD STATION,MUIS,0,0,S,YU,0
2/15/2019,23:03,Friday,BROADVIEW STATION,MUIR,3,7,E,BD,5371
2/15/2019,23:57,Friday,ST ANDREW STATION,SUDP,0,0,S,YU,5986
2/16/2019,00:31,Saturday,VICTORIA PARK STATION,PUSTS,6,11,W,BD,5198
2/16/2019,01:07,Saturday,VICTORIA PARK STATION,PUSTS,0,0,W,BD,5077
2/16/2019,01:11,Saturday,LESLIE STATION,TUMVS,10,15,W,SHP,6191
2/16/2019,01:38,Saturday,VAUGHAN MC STATION,SUDP,0,0,,YU,0
2/16/2019,02:16,Saturday,WARDEN STATION,SUCOL,0,0,,BD,0
2/16/2019,02:28,Saturday,KIPLING STATION,MUIS,0,0,,BD,0
2/16/2019,05:49,Saturday,COXWELL STATION,MUSC,0,0,E,BD,5091
2/16/2019,06:09,Saturday,COXWELL STATION,MUSC,0,0,E,BD,5163
2/16/2019,08:34,Saturday,COXWELL STATION,MUTO,0,0,E,BD,5364
2/16/2019,08:47,Saturday,JANE STATION,MUO,0,0,E,BD,5006
2/16/2019,10:09,Saturday,KIPLING STATION,MUO,4,8,E,BD,5137
2/16/2019,12:34,Saturday,KIPLING STATION,MUO,0,0,,BD,0
2/16/2019,14:13,Saturday,YORK UNIVERSITY STATIO,SUO,0,0,N,YU,5776
2/16/2019,14:42,Saturday,LESLIE STATION,MUPAA,4,10,E,SHP,6176
2/16/2019,14:47,Saturday,UNION STATION,MUPAA,4,7,N,YU,5476
2/16/2019,15:10,Saturday,DUNDAS WEST STATION,MUIS,0,0,,BD,0
2/16/2019,15:55,Saturday,YONGE BD STATION,MUIS,0,0,,BD,0
2/16/2019,15:56,Saturday,OSSINGTON STATION,MUIRS,0,0,E,BD,0
2/16/2019,16:17,Saturday,DUNDAS WEST STATION,MUPAA,0,0,E,BD,5283
2/16/2019,17:13,Saturday,WELLESLEY STATION,EUDO,7,10,N,YU,6036
2/16/2019,17:39,Saturday,VAUGHAN MC STATION,MUIS,0,0,,YU,0
2/16/2019,17:55,Saturday,FINCH STATION,MUSC,0,0,S,YU,5526
2/16/2019,18:12,Saturday,ST PATRICK STATION,TUSC,0,0,S,YU,5911
2/16/2019,18:28,Saturday,BROADVIEW STATION,MUIS,0,0,,BD,0
2/16/2019,19:06,Saturday,MAIN STREET STATION,MUIS,0,0,E,BD,0
2/16/2019,19:16,Saturday,KENNEDY SRT STATION,MRD,3,9,N,SRT,3027
2/16/2019,19:16,Saturday,KENNEDY SRT STATION,MRD,3,9,N,SRT,3027
2/16/2019,19:44,Saturday,CHESTER STATION,MUIR,3,7,E,BD,5329
2/16/2019,19:52,Saturday,WOODBINE STATION,MUSC,0,0,E,BD,5329
2/16/2019,19:54,Saturday,KENNEDY SRT STATION,ERCO,9,15,N,SRT,3003
2/16/2019,19:54,Saturday,KENNEDY SRT STATION,ERCO,9,15,N,SRT,3003
2/16/2019,20:06,Saturday,KENNEDY BD STATION,SUDP,4,8,W,BD,5264
2/16/2019,20:17,Saturday,QUEEN STATION,SUO,0,0,N,YU,5391
2/16/2019,20:55,Saturday,EGLINTON STATION,MUI,18,22,N,YU,5856
2/16/2019,21:29,Saturday,LAWRENCE EAST STATION,SRO,7,12,N,SRT,3023
2/16/2019,21:29,Saturday,LAWRENCE EAST STATION,SRO,7,12,N,SRT,3023
2/16/2019,21:36,Saturday,DUPONT STATION,MUI,8,13,N,YU,5746
2/16/2019,21:38,Saturday,ROYAL YORK STATION,PUTIS,0,0,E,BD,5062
2/16/2019,21:52,Saturday,COXWELL STATION,MUIS,0,0,,BD,0
2/16/2019,22:00,Saturday,YUS/BD/SHEPPARD SUBWAY,MUO,0,0,,YU/BD,0
2/16/2019,22:09,Saturday,ROYAL YORK STATION,SUO,0,0,E,BD,5296
2/16/2019,23:27,Saturday,OLD MILL STATION,SUUT,0,0,E,BD,5332
2/16/2019,23:36,Saturday,LANSDOWNE STATION,MUIS,0,0,W,BD,5271
2/17/2019,00:04,Sunday,YONGE BD STATION,SUO,0,0,W,BD,5175
2/17/2019,00:07,Sunday,VICTORIA PARK STATION,MUSC,0,0,E,BD,5192
2/17/2019,00:35,Sunday,FINCH STATION,TUSC,0,0,N,YU,5906
2/17/2019,00:41,Sunday,KIPLING STATION,MUSC,0,0,W,BD,5204
2/17/2019,01:49,Sunday,DUPONT STATION,MUATC,8,13,N,YU,5876
2/17/2019,01:55,Sunday,LAWRENCE STATION,TUSC,0,0,S,YU,6051
2/17/2019,03:40,Sunday,ISLINGTON STATION,SUCOL,0,0,,BD,0
2/17/2019,08:44,Sunday,MAIN STREET STATION,MUSC,0,0,E,BD,5060
2/17/2019,10:29,Sunday,KEELE STATION,PUSTS,4,8,E,BD,5088
2/17/2019,11:00,Sunday,KENNEDY BD STATION,TUO,5,10,W,BD,5140
2/17/2019,11:41,Sunday,DON MILLS STATION,TUSC,0,0,E,SHP,6166
2/17/2019,13:10,Sunday,FINCH STATION,MUSC,0,0,N,YU,6021
2/17/2019,14:05,Sunday,SHEPPARD WEST STATION,MUIR,0,0,N,YU,5646
2/17/2019,15:34,Sunday,SHEPPARD WEST STATION,MUIE,0,0,,YU,0
2/17/2019,16:26,Sunday,KIPLING STATION,MUPAA,6,11,E,BD,5192
2/17/2019,16:36,Sunday,ROYAL YORK STATION,TUSC,0,0,E,BD,5012
2/17/2019,17:10,Sunday,EGLINTON STATION,SUAP,0,0,,YU,0
2/17/2019,17:31,Sunday,ISLINGTON STATION,PUSIS,3,8,E,BD,5091
2/17/2019,17:35,Sunday,DUFFERIN STATION,PUMEL,0,0,,BD,0
2/17/2019,18:33,Sunday,CHRISTIE STATION,TUSC,0,0,W,BD,5140
2/17/2019,19:50,Sunday,DUNDAS WEST STATION,SUDP,3,8,W,BD,5320
2/17/2019,20:10,Sunday,ROSEDALE STATION,SUDP,10,15,S,YU,5876
2/17/2019,21:21,Sunday,DUNDAS WEST STATION,SUDP,5,9,W,BD,5300
2/17/2019,21:28,Sunday,BESSARION STATION,SUCOL,0,0,,SHP,0
2/17/2019,22:00,Sunday,YUS/BD/SHEPPARD SUBWAY,MUO,0,0,,YU/BD,0
2/17/2019,22:04,Sunday,KEELE STATION,MUIS,0,0,E,BD,5194
2/17/2019,22:09,Sunday,LAWRENCE STATION,MUSC,0,0,N,YU,5906
2/17/2019,22:35,Sunday,SCARBOROUGH RAPID TRAN,TRST,0,0,,SRT,0
2/17/2019,22:35,Sunday,SCARBOROUGH RAPID TRAN,TRST,0,0,,SRT,0
2/17/2019,22:55,Sunday,DON MILLS STATION,SUDP,0,0,,SHP,0
2/17/2019,23:33,Sunday,SHEPPARD WEST STATION,MUATC,0,0,S,YU,5836
2/17/2019,23:58,Sunday,BLOOR STATION,SUO,0,0,N,YU,5761
2/18/2019,02:25,Monday,KENNEDY BD STATION,PUMST,0,0,,BD,0
2/18/2019,05:51,Monday,RUNNYMEDE STATION,TUOS,6,0,W,BD,5178
2/18/2019,05:54,Monday,ISLINGTON STATION,PUSIS,3,7,E,BD,5091
2/18/2019,05:55,Monday,KIPLING STATION,TUNIP,4,8,E,BD,5087
2/18/2019,05:57,Monday,JANE STATION,TUO,4,0,W,BD,5178
2/18/2019,05:59,Monday,KENNEDY BD STATION,TUSC,0,0,W,BD,5273
2/18/2019,06:00,Monday,TORONTO TRANSIT COMMIS,MUO,0,0,,YU/BD,0
2/18/2019,06:00,Monday,TORONTO TRANSIT COMMIS,MUO,0,0,,SHP,0
2/18/2019,06:00,Monday,TORONTO TRANSIT COMMIS,MRO,0,0,,SRT,0
2/18/2019,06:00,Monday,SCARBOROUGH RAPID TRAN,MRO,0,0,,SRT,0
2/18/2019,06:05,Monday,COXWELL STATION,MUSC,0,0,E,BD,5271
2/18/2019,06:06,Monday,DAVISVILLE STATION,MUNOA,5,10,N,YU,5856
2/18/2019,06:09,Monday,HIGH PARK STATION,MUSC,0,0,W,BD,5053
2/18/2019,06:14,Monday,HIGH PARK STATION,MUSC,0,0,E,BD,5087
2/18/2019,06:17,Monday,ISLINGTON STATION,MUSC,0,0,E,BD,5057
2/18/2019,06:23,Monday,YONGE SHP STATION,MUPLB,5,10,E,SHP,6166
2/18/2019,06:29,Monday,KENNEDY BD STATION,EUSC,0,0,W,BD,5322
2/18/2019,06:46,Monday,DUPONT STATION,MUATC,6,10,N,YU,6051
2/18/2019,06:58,Monday,YORK MILLS STATION,PUMEL,0,0,,YU,0
2/18/2019,07:13,Monday,HIGH PARK STATION,MUSC,0,0,E,BD,5153
2/18/2019,08:03,Monday,UNION STATION,MUTO,6,11,N,YU,5676
2/18/2019,08:17,Monday,VICTORIA PARK STATION,MUSC,0,0,E,BD,5091
2/18/2019,09:35,Monday,DAVISVILLE STATION,PUSIS,5,10,N,YU,5721
2/18/2019,09:57,Monday,COXWELL STATION,SUPOL,16,20,E,BD,5021
2/18/2019,09:57,Monday,OLD MILL STATION,MUSC,0,0,E,BD,5067
2/18/2019,10:03,Monday,HIGH PARK STATION,TUOS,0,0,E,BD,5058
2/18/2019,10:42,Monday,ISLINGTON STATION,PUSIS,0,0,E,BD,5191
2/18/2019,11:28,Monday,ISLINGTON STATION,TUSC,0,0,E,BD,5284
2/18/2019,11:45,Monday,QUEEN STATION,SUDP,3,7,S,YU,5916
2/18/2019,11:51,Monday,KENNEDY BD STATION,TUMVS,0,0,E,BD,5042
2/18/2019,12:01,Monday,KENNEDY BD STATION,TUKEY,4,8,W,BD,5042
2/18/2019,12:15,Monday,DAVISVILLE STATION,TUOS,0,0,S,YU,5401
2/18/2019,12:56,Monday,YONGE SHP STATION,MUSC,0,0,E,SHP,6176
2/18/2019,13:58,Monday,QUEEN'S PARK STATION,SUCOL,0,0,N,YU,5471
2/18/2019,14:33,Monday,BAY STATION,SUDP,0,0,,BD,0
2/18/2019,14:38,Monday,SHEPPARD STATION,MUPAA,0,0,N,YU,6116
2/18/2019,14:40,Monday,ST CLAIR STATION,MUIRS,0,0,N,YU,5721
2/18/2019,15:48,Monday,SHEPPARD WEST STATION,SUDP,0,0,,YU,0
2/18/2019,16:03,Monday,DUNDAS WEST STATION,TUMVS,0,0,W,BD,5335
2/18/2019,16:16,Monday,BAY STATION,MUIRS,0,0,,BD,0
2/18/2019,17:16,Monday,WOODBINE STATION,EUNT,4,8,W,BD,5273
2/18/2019,17:47,Monday,OSSINGTON STATION,MUDD,3,7,W,BD,5300
2/18/2019,17:59,Monday,WILSON STATION,EUTL,7,11,N,YU,5401
2/18/2019,18:07,Monday,SPADINA YUS STATION,MUIS,0,0,,YU,0
2/18/2019,18:14,Monday,HIGH PARK STATION,SUCOL,0,0,E,BD,5314
2/18/2019,19:51,Monday,KENNEDY BD STATION,EUOE,0,0,W,BD,5357
2/18/2019,20:09,Monday,QUEEN'S PARK STATION,SUDP,0,0,N,YU,5751
2/18/2019,20:22,Monday,FINCH STATION,TUSC,0,0,S,YU,5566
2/18/2019,20:54,Monday,FINCH STATION,TUSC,0,0,N,YU,5476
2/18/2019,21:28,Monday,YORKDALE STATION,SUAE,0,0,,YU,0
2/18/2019,21:45,Monday,EGLINTON WEST STATION,MUDD,3,8,N,YU,5606
2/18/2019,22:00,Monday,NORTH YORK CTR STATION,MUIR,19,24,N,YU,5701
2/18/2019,22:00,Monday,YUS/BD/SHEPPARD SUBWAY,MUO,0,0,,YU/BD,0
2/18/2019,22:03,Monday,YORK UNIVERSITY STATIO,SUDP,0,0,S,YU,5946
2/18/2019,22:26,Monday,SPADINA YUS STATION,MUSC,0,0,N,YU,5936
2/18/2019,22:33,Monday,SPADINA YUS STATION,TUSC,0,0,N,YU,5936
2/18/2019,22:36,Monday,BLOOR DANFORTH SUBWAY,MUGD,0,0,,BD,0
2/19/2019,00:06,Tuesday,QUEEN STATION,SUCOL,0,0,N,YU,5466
2/19/2019,00:10,Tuesday,FINCH STATION,MUIS,0,0,,YU,0
2/19/2019,01:29,Tuesday,DUPONT STATION,MUSC,0,0,S,YU,5541
2/19/2019,06:02,Tuesday,KIPLING STATION,MUSC,0,0,E,BD,5021
2/19/2019,06:28,Tuesday,SHEPPARD WEST STATION,EUDO,4,8,N,YU,5461
2/19/2019,06:31,Tuesday,COXWELL STATION,MUSC,0,0,E,BD,5006
2/19/2019,06:31,Tuesday,KIPLING STATION,MUSC,0,0,E,BD,5300
2/19/2019,06:58,Tuesday,EGLINTON STATION,MUPLB,12,14,S,YU,6026
2/19/2019,07:03,Tuesday,DON MILLS STATION,MUIR,0,0,,SHP,6166
2/19/2019,07:31,Tuesday,SHEPPARD WEST STATION,PUMEL,0,0,,YU,0
2/19/2019,07:48,Tuesday,KENNEDY BD STATION,MUSC,0,0,W,BD,5191
2/19/2019,07:55,Tuesday,ST GEORGE BD STATION,MUIR,3,5,E,BD,5218
2/19/2019,08:05,Tuesday,ST GEORGE BD STATION,EUDO,4,6,W,BD,5226
2/19/2019,08:49,Tuesday,COXWELL STATION,MUIS,0,0,W,BD,0
2/19/2019,09:21,Tuesday,EGLINTON STATION,MUIS,0,0,S,YU,5441
2/19/2019,09:55,Tuesday,KIPLING STATION,TUSC,0,0,W,BD,5140
2/19/2019,11:03,Tuesday,SPADINA BD STATION,SUDP,0,0,W,BD,5020
2/19/2019,11:07,Tuesday,SPADINA YUS STATION,SUDP,0,0,N,YU,5966
2/19/2019,12:01,Tuesday,KIPLING STATION,MUSC,0,0,,BD,5171
2/19/2019,13:09,Tuesday,EGLINTON WEST STATION,SUDP,0,0,N,YU,5416
2/19/2019,13:44,Tuesday,KIPLING STATION,MUSC,0,0,W,BD,5210
2/19/2019,14:04,Tuesday,WILSON YARD,SUEAS,0,0,,YU,0
2/19/2019,14:10,Tuesday,ROYAL YORK STATION,PUSTS,0,0,E,BD,5192
2/19/2019,14:33,Tuesday,WOODBINE STATION,PUMEL,0,0,,BD,0
2/19/2019,15:06,Tuesday,MCCOWAN STATION,PRTST,3,8,S,SRT,3016
2/19/2019,15:06,Tuesday,MCCOWAN STATION,PRTST,3,8,S,SRT,3016
2/19/2019,15:15,Tuesday,PAPE STATION,MUIR,5,8,E,BD,5220
2/19/2019,15:29,Tuesday,WILSON STATION,PUMO,0,0,,YU,0
2/19/2019,16:19,Tuesday,DUPONT STATION,TUSC,0,0,N,YU,5101
2/19/2019,16:50,Tuesday,DUNDAS WEST STATION,TUOS,5,7,E,BD,5046
2/19/2019,16:53,Tuesday,LANSDOWNE STATION,TUO,3,5,W,BD,5046
2/19/2019,17:12,Tuesday,QUEEN STATION,MUIS,0,0,,YU,0
2/19/2019,17:22,Tuesday,SPADINA YUS STATION,MUIR,10,13,S,YU,5846
2/19/2019,17:41,Tuesday,WARDEN STATION,SUDP,9,11,W,BD,5226
2/19/2019,19:22,Tuesday,ST GEORGE BD STATION,MUIR,4,7,W,BD,5088
2/19/2019,19:34,Tuesday,SHEPPARD STATION,MUPAA,0,0,S,YU,5911
2/19/2019,19:35,Tuesday,DUNDAS WEST STATION,SUDP,0,0,E,BD,5284
2/19/2019,19:38,Tuesday,BATHURST STATION,MUIS,0,0,E,BD,0
2/19/2019,19:42,Tuesday,JANE STATION,MUIR,5,8,W,BD,5088
2/19/2019,19:54,Tuesday,ISLINGTON STATION,MUIS,0,0,,BD,0
2/19/2019,20:01,Tuesday,UNION STATION,PUSTS,0,0,N,YU,5781
2/19/2019,21:22,Tuesday,ST CLAIR WEST STATION,SUAP,3,6,N,YU,5611
2/19/2019,22:00,Tuesday,YUS/BD/SHEPPARD SUBWAY,MUO,0,0,,YU,0
2/19/2019,22:18,Tuesday,OLD MILL STATION,TUSC,0,0,E,BD,5244
2/19/2019,22:31,Tuesday,DUNDAS WEST STATION,MUSC,0,0,E,BD,5300
2/19/2019,23:35,Tuesday,BLOOR DANFORTH SUBWAY,MUGD,0,0,,BD,0
2/20/2019,00:00,Wednesday,ISLINGTON STATION,MUSC,0,0,W,BD,5150
2/20/2019,00:38,Wednesday,KIPLING STATION,MUIS,0,0,E,BD,0
2/20/2019,01:40,Wednesday,EGLINTON STATION,TUCC,0,0,S,YU,5756
2/20/2019,01:40,Wednesday,KIPLING STATION,PUSTC,0,0,W,BD,5190
2/20/2019,05:54,Wednesday,ROSEDALE STATION,TUCC,0,0,S,YU,5941
2/20/2019,05:54,Wednesday,UNION STATION,PUTWZ,12,0,N,YU,5741
2/20/2019,06:40,Wednesday,COXWELL STATION,MUSC,0,0,E,BD,5322
2/20/2019,06:41,Wednesday,KENNEDY BD STATION,MUSC,0,0,W,BD,5109
2/20/2019,07:15,Wednesday,COXWELL STATION,MUSC,0,0,E,BD,5296
2/20/2019,08:16,Wednesday,BATHURST STATION,MUIS,0,0,W,BD,0
2/20/2019,09:01,Wednesday,KENNEDY BD STATION,MUSC,0,0,W,BD,5125
2/20/2019,09:08,Wednesday,ST CLAIR STATION,MUPAA,4,6,N,YU,5746
2/20/2019,09:33,Wednesday,JANE STATION,TUSC,0,0,W,BD,5263
2/20/2019,09:44,Wednesday,FINCH STATION,MUPAA,0,0,S,YU,5811
2/20/2019,10:34,Wednesday,YORK MILLS STATION,SUDP,0,0,,YU,0
2/20/2019,10:51,Wednesday,FINCH STATION,PUSTC,4,7,N,YU,5511
2/20/2019,12:22,Wednesday,YONGE SHP STATION,MUIE,0,0,E,SHP,0
2/20/2019,13:14,Wednesday,UNION STATION,MUO,7,10,N,YU,5476
2/20/2019,14:48,Wednesday,VICTORIA PARK STATION,MUI,16,19,W,BD,5168
2/20/2019,14:54,Wednesday,COXWELL STATION,MUSC,0,0,W,BD,5189
2/20/2019,15:32,Wednesday,FINCH STATION,MUPAA,0,0,N,YU,5781
2/20/2019,15:46,Wednesday,MCCOWAN STATION,ERO,5,10,S,SRT,3025
2/20/2019,15:46,Wednesday,MCCOWAN STATION,ERO,5,10,S,SRT,3025
2/20/2019,16:20,Wednesday,RUNNYMEDE STATION,MUIE,0,0,E,BD,5271
2/20/2019,16:48,Wednesday,MUSEUM STATION,MUI,12,14,N,YU,5981
2/20/2019,16:49,Wednesday,YORK MILLS STATION,MUPAA,0,0,S,YU,5756
2/20/2019,17:19,Wednesday,DOWNSVIEW PARK STATION,MUO,0,0,,YU,0
2/20/2019,17:41,Wednesday,KIPLING STATION,MUSC,0,0,E,BD,5022
2/20/2019,17:47,Wednesday,VICTORIA PARK STATION,MUSC,0,0,W,BD,5284
2/20/2019,18:02,Wednesday,DONLANDS STATION,MUNCA,0,0,,BD,0
2/20/2019,18:03,Wednesday,NORTH YORK CTR STATION,MUPLB,17,19,S,YU,5716
2/20/2019,18:23,Wednesday,BLOOR STATION,MUIS,0,0,,YU,0
2/20/2019,18:57,Wednesday,KING STATION,PUSTS,0,0,S,YU,5716
2/20/2019,19:23,Wednesday,KEELE STATION,EUDO,4,7,E,BD,5021
2/20/2019,19:32,Wednesday,QUEEN STATION,SUUT,0,0,N,YU,5946
2/20/2019,19:59,Wednesday,KIPLING STATION,MUSC,0,0,W,BD,5062
2/20/2019,20:02,Wednesday,HIGH PARK STATION,SUDP,3,6,E,BD,5354
2/20/2019,20:14,Wednesday,VICTORIA PARK STATION,MUSC,0,0,E,BD,5273
2/20/2019,20:16,Wednesday,VICTORIA PARK STATION,MUSC,0,0,W,BD,5362
2/20/2019,20:48,Wednesday,KIPLING STATION,MUPAA,0,0,E,BD,5340
2/20/2019,21:03,Wednesday,KEELE STATION,SUDP,5,8,W,BD,5186
2/20/2019,21:32,Wednesday,SUMMERHILL STATION,MUPLB,44,48,S,YU,5931
2/20/2019,21:49,Wednesday,HIGH PARK STATION,MUSC,0,0,E,BD,5255
2/20/2019,22:00,Wednesday,YUS/BD/SHEPPARD SUBWAY,MUO,0,0,,YU/BD,0
2/20/2019,22:04,Wednesday,EGLINTON STATION,MUIR,9,14,S,YU,5536
2/20/2019,22:55,Wednesday,YONGE UNIVERSITY LINE,MUGD,0,0,,YU,0
2/20/2019,23:15,Wednesday,BLOOR DANFORTH SUBWAY,MUGD,0,0,,BD,0
2/20/2019,23:23,Wednesday,SHEPPARD WEST STATION,MUO,7,12,N,YU,5526
2/20/2019,23:23,Wednesday,VICTORIA PARK STATION,PUMEL,0,0,,BD,0
2/21/2019,00:20,Thursday,UNION STATION,MUPAA,3,8,N,YU,5431
2/21/2019,00:36,Thursday,ST CLAIR STATION,SUAP,0,0,N,YU,0
2/21/2019,03:35,Thursday,MCCOWAN STATION,TRST,0,0,S,SRT,0
2/21/2019,03:35,Thursday,MCCOWAN STATION,TRST,0,0,S,SRT,0
2/21/2019,05:33,Thursday,RUNNYMEDE STATION,MUIE,0,0,,BD,0
2/21/2019,05:46,Thursday,DAVISVILLE BUILD-UP,TUSC,0,0,N,YU,5971
2/21/2019,06:07,Thursday,ST GEORGE BD STATION,TUMVS,3,0,W,BD,5143
2/21/2019,06:46,Thursday,GREENWOOD YARD,TUSUP,7,10,W,BD,5320
2/21/2019,06:59,Thursday,KIPLING STATION,MUSC,0,0,,BD,5252
2/21/2019,07:10,Thursday,ROYAL YORK STATION,EUSC,0,0,E,BD,5060
2/21/2019,07:14,Thursday,OLD MILL STATION,EUSC,0,0,E,BD,5060
2/21/2019,07:26,Thursday,OSSINGTON STATION,EUSC,0,0,E,BD,5060
2/21/2019,07:34,Thursday,SHEPPARD STATION,EUSC,0,0,N,YU,5696
2/21/2019,07:49,Thursday,SPADINA YUS STATION,EUDO,3,6,S,YU,5446
2/21/2019,08:02,Thursday,BLOOR STATION,MUIS,0,0,S,YU,0
2/21/2019,08:08,Thursday,DUPONT STATION,MUI,11,13,S,YU,6021
2/21/2019,08:30,Thursday,FINCH STATION,EUTRD,5,7,,YU,5986
2/21/2019,08:54,Thursday,YORK MILLS STATION,EUSC,0,0,N,YU,5696
2/21/2019,08:57,Thursday,SHEPPARD STATION,EUSC,0,0,N,YU,5696
2/21/2019,09:01,Thursday,BLOOR STATION,EUCD,3,5,S,YU,5986
2/21/2019,10:34,Thursday,KIPLING STATION,MUSC,0,0,E,BD,5252
2/21/2019,11:01,Thursday,YONGE BD STATION,MUI,0,0,W,BD,5171
2/21/2019,11:11,Thursday,ST ANDREW STATION,MUPLB,5,8,S,YU,5856
2/21/2019,11:23,Thursday,BATHURST STATION,SUO,3,6,W,BD,5251
2/21/2019,11:51,Thursday,BESSARION STATION,MUTD,3,8,E,SHP,6196
2/21/2019,12:01,Thursday,DUPONT STATION,TUO,5,8,N,YU,5771
2/21/2019,13:22,Thursday,HIGHWAY 407 STATION,TUO,4,7,N,YU,5766
2/21/2019,13:43,Thursday,ST CLAIR WEST STATION,PUMEL,0,0,,YU,0
2/21/2019,15:11,Thursday,FINCH STATION,MUIS,0,0,,YU,0
2/21/2019,15:26,Thursday,VICTORIA PARK STATION,TUKEY,3,5,W,BD,5129
2/21/2019,16:12,Thursday,YONGE BD STATION,EUPI,3,5,E,BD,5209
2/21/2019,16:22,Thursday,KIPLING STATION,MUSC,0,0,E,BD,5060
2/21/2019,16:40,Thursday,GLENCAIRN STATION,MUPAA,0,0,N,YU,5516
2/21/2019,16:56,Thursday,SHEPPARD STATION,MUPAA,0,0,N,YU,6121
2/21/2019,16:59,Thursday,SHEPPARD STATION,TUSC,0,0,N,YU,5401
2/21/2019,17:08,Thursday,KING STATION,PUSTS,0,0,N,YU,5731
2/21/2019,17:16,Thursday,WELLESLEY STATION,MUPAA,0,0,N,YU,5956
2/21/2019,17:28,Thursday,SHEPPARD WEST STATION,TUNIP,3,5,N,YU,5931
2/21/2019,18:12,Thursday,COXWELL STATION,TUNIP,6,8,W,BD,5229
2/21/2019,18:44,Thursday,ST ANDREW STATION,SUROB,0,0,N,YU,5711
2/21/2019,18:54,Thursday,UNION STATION,SUDP,4,6,N,YU,5721
2/21/2019,19:19,Thursday,VAUGHAN MC STATION,TUNIP,3,6,S,YU,5641
2/21/2019,19:29,Thursday,LAWRENCE EAST STATION,SRDP,11,16,N,SRT,3003
2/21/2019,19:29,Thursday,LAWRENCE EAST STATION,SRDP,11,16,N,SRT,3003
2/21/2019,19:51,Thursday,ROYAL YORK STATION,EUSC,0,0,E,BD,5060
2/21/2019,19:57,Thursday,YORK MILLS STATION,MUPAA,0,0,N,YU,6126
2/21/2019,20:58,Thursday,KEELE STATION,SUO,9,13,E,BD,5287
2/21/2019,21:06,Thursday,KENNEDY BD STATION,EUBO,8,11,W,BD,5189
2/21/2019,21:14,Thursday,DUNDAS STATION,SUO,0,0,N,YU,5986
2/21/2019,22:00,Thursday,YUS/BD/SHEPPARD SUBWAY,MUO,0,0,,YU/BD,0
2/21/2019,22:33,Thursday,SHERBOURNE STATION,MUIS,0,0,W,BD,0
2/21/2019,23:36,Thursday,LAWRENCE STATION,MUSC,0,0,N,YU,5866
2/21/2019,23:53,Thursday,SHEPPARD STATION,MUSC,0,0,N,YU,6051
2/22/2019,00:13,Friday,MCCOWAN STATION,ERME,4,10,S,SRT,3014
2/22/2019,00:13,Friday,MCCOWAN STATION,ERME,4,10,S,SRT,3014
2/22/2019,00:22,Friday,ST ANDREW STATION,MUIS,0,0,N,YU,0
2/22/2019,00:24,Friday,WELLESLEY STATION,MUPAA,0,0,N,YU,5576
2/22/2019,01:38,Friday,SUMMERHILL STATION,MUIRS,0,0,S,YU,0
2/22/2019,01:42,Friday,ISLINGTON STATION,TUSC,0,0,E,BD,5209
2/22/2019,05:40,Friday,YONGE SHP STATION,TUO,7,12,W,SHP,6191
2/22/2019,06:02,Friday,KENNEDY BD STATION,MUIE,5,10,W,BD,5032
2/22/2019,06:41,Friday,KIPLING STATION,MUSC,0,0,,BD,5077
2/22/2019,07:12,Friday,DUNDAS STATION,EUDO,4,6,N,YU,5446
2/22/2019,07:18,Friday,KIPLING STATION,MUSC,0,0,,BD,5252
2/22/2019,07:22,Friday,SPADINA YUS STATION,MUSC,0,0,N,YU,5696
2/22/2019,07:39,Friday,DUNDAS STATION,MUIS,0,0,S,YU,0
2/22/2019,07:45,Friday,YORK MILLS STATION,TUSC,0,0,S,YU,5821
2/22/2019,08:02,Friday,WARDEN STATION,EUSC,0,0,E,BD,5248
2/22/2019,08:07,Friday,WARDEN STATION,PUMST,0,0,,BD,0
2/22/2019,08:26,Friday,KENNEDY BD STATION,PUSNT,6,9,,BD,0
2/22/2019,08:55,Friday,PIONEER VILLAGE STATIO,PUMEL,0,0,,YU,0
2/22/2019,09:06,Friday,BATHURST STATION,SUAE,0,0,,BD,0
2/22/2019,09:26,Friday,VICTORIA PARK STATION,SUDP,0,0,,BD,0
2/22/2019,09:30,Friday,BLOOR STATION,TUMVS,0,0,N,YU,5986
2/22/2019,09:32,Friday,YONGE BD STATION,MUPLB,7,9,W,BD,5089
2/22/2019,10:00,Friday,ROYAL YORK STATION,TUSC,0,0,E,BD,5362
2/22/2019,10:18,Friday,YORKDALE STATION,SUO,0,0,,YU,0
2/22/2019,10:24,Friday,COLLEGE STATION,SUSA,8,11,N,YU,5501
2/22/2019,10:42,Friday,OSSINGTON STATION,SUO,10,13,E,BD,5320
2/22/2019,11:03,Friday,ISLINGTON STATION,EUSC,0,0,E,BD,5248
2/22/2019,11:09,Friday,YONGE SHP STATION,TUSC,0,0,W,SHP,5161
2/22/2019,12:08,Friday,YONGE BD STATION,MUPAA,0,0,W,BD,5112
2/22/2019,13:53,Friday,BATHUSRT STATION,SUAP,4,7,W,BD,5275
2/22/2019,14:22,Friday,COXWELL STATION,TUNIP,4,7,W,BD,5263
2/22/2019,15:01,Friday,DUNDAS STATION,TUMVS,0,0,N,YU,5421
2/22/2019,15:24,Friday,FINCH STATION,TUSC,0,0,N,YU,5641
2/22/2019,15:29,Friday,SHEPPARD WEST STATION,SUDP,18,21,N,YU,5626
2/22/2019,15:40,Friday,FINCH STATION,TUSC,0,0,N,YU,6131
2/22/2019,15:45,Friday,DUPONT STATION,TUSC,0,0,S,YU,5696
2/22/2019,16:27,Friday,FINCH STATION,MUSC,0,0,S,YU,5766
2/22/2019,16:35,Friday,HIGH PARK STATION,PUMEL,0,0,,BD,0
2/22/2019,17:32,Friday,ELLESMERE STATION,PRW,168,173,S,SRT,3004
2/22/2019,17:32,Friday,ELLESMERE STATION,PRW,168,173,S,SRT,3004
2/22/2019,17:45,Friday,ST GEORGE YUS STATION,MUIRS,0,0,,YU,0
2/22/2019,17:52,Friday,BAY STATION,MUNCA,0,0,,BD,0
2/22/2019,17:58,Friday,MIDLAND STATION,TRNCA,0,0,,SRT,0
2/22/2019,17:58,Friday,MIDLAND STATION,TRNCA,0,0,,SRT,0
2/22/2019,18:34,Friday,KENNEDY BD STATION,MUPAA,0,0,W,BD,5042
2/22/2019,19:08,Friday,GLENCAIRN STATION,TUOS,0,0,N,YU,6091
2/22/2019,19:08,Friday,SPADINA BD STATION,MUDD,0,0,W,BD,5144
2/22/2019,19:21,Friday,MAIN STREET STATION,TUSC,0,0,W,BD,5232
2/22/2019,19:52,Friday,FINCH STATION,TUSC,0,0,N,YU,5451
2/22/2019,20:57,Friday,KENNEDY BD STATION,SUAP,0,0,,BD,0
2/22/2019,21:27,Friday,WILSON STATION,MUI,7,10,N,YU,5791
2/22/2019,22:00,Friday,YUS/BD/SHEPPARD SUBWAY,MUO,0,0,,YU/BD,0
2/22/2019,23:19,Friday,YONGE BD STATION,MUIS,0,0,W,BD,0
2/22/2019,23:27,Friday,WILSON HOSTLER,MUATC,0,0,N,YU,5491
2/22/2019,23:50,Friday,ST GEORGE YUS STATION,SUDP,3,8,N,YU,5876
2/23/2019,00:06,Saturday,EGLINTON STATION,MUIS,0,0,,YU,0
2/23/2019,01:23,Saturday,DONLANDS STATION,MUIS,0,0,E,BD,5065
2/23/2019,01:33,Saturday,KIPLING STATION,EUSC,0,0,W,BD,5100
2/23/2019,01:35,Saturday,ISLINGTON STATION,MUSC,0,0,E,BD,5357
2/23/2019,01:43,Saturday,SHERBOURNE STATION,SUDP,14,19,E,BD,5153
2/23/2019,02:20,Saturday,ROYAL YORK STATION,MUIS,0,0,E,BD,0
2/23/2019,05:48,Saturday,ELLESMERE STATION,PRW,19,0,S,SRT,3004
2/23/2019,05:48,Saturday,ELLESMERE STATION,PRW,19,0,S,SRT,3004
2/23/2019,06:00,Saturday,YONGE UNIVERSITY LINE,MUO,0,0,,YU,0
2/23/2019,06:17,Saturday,FINCH STATION,SUROB,0,0,,YU,0
2/23/2019,06:22,Saturday,KENNEDY BD STATION,MUSC,0,0,W,BD,5361
2/23/2019,07:07,Saturday,YORK MILLS STATION,TUSC,0,0,S,YU,5756
2/23/2019,07:17,Saturday,OLD MILL STATION,EUSC,0,0,E,BD,5060
2/23/2019,07:33,Saturday,YONGE BD STATION,MUDD,5,9,E,BD,5134
2/23/2019,07:40,Saturday,SHERBOURNE STATION,EUSC,0,0,E,BD,5060
2/23/2019,08:04,Saturday,KENNEDY BD STATION,SUEAS,4,8,W,BD,5361
2/23/2019,08:49,Saturday,UNION STATION,SUO,7,12,S,YU,5586
2/23/2019,08:59,Saturday,YONGE SHP STATION,MUIS,0,0,,SHP,0
2/23/2019,09:18,Saturday,KENNEDY BD STATION,TUMVS,0,0,E,BD,5300
2/23/2019,09:30,Saturday,KENNEDY BD STATION,EUBK,4,8,W,BD,5314
2/23/2019,09:47,Saturday,WARDEN STATION,PUMEL,0,0,,BD,0
2/23/2019,10:57,Saturday,UNION STATION,SUDP,6,11,N,YU,6046
2/23/2019,10:58,Saturday,GREENWOOD YARD,TUMVS,0,0,E,BD,5153
2/23/2019,11:15,Saturday,BLOOR DANFORTH SUBWAY,MUGD,0,0,,BD,0
2/23/2019,11:36,Saturday,YORK MILLS CENTRE TRAC,MUSC,3,8,N,YU,5751
2/23/2019,12:14,Saturday,UNION STATION,EUSC,0,0,N,YU,5756
2/23/2019,12:58,Saturday,ROYAL YORK STATION,MUSC,0,0,E,BD,5006
2/23/2019,13:06,Saturday,YORK MILLS STATION,TUSC,5,10,N,YU,5961
2/23/2019,13:30,Saturday,FINCH STATION,TUSC,0,0,E,YU,5511
2/23/2019,14:13,Saturday,ST CLAIR STATION,MUIS,0,0,,YU,0
2/23/2019,14:38,Saturday,UNION STATION,EUSC,4,9,S,YU,5751
2/23/2019,14:41,Saturday,WOODBINE STATION,MUI,6,10,W,BD,5255
2/23/2019,15:17,Saturday,BLOOR STATION,SUAP,0,0,S,YU,0
2/23/2019,15:27,Saturday,OSSINGTON STATION,SUCOL,0,0,E,BD,5014
2/23/2019,16:20,Saturday,UNION STATION,TUS,5,10,N,YU,5671
2/23/2019,17:38,Saturday,LANSDOWNE STATION,MUNCA,0,0,,BD,0
2/23/2019,20:37,Saturday,SHEPPARD STATION,MUSC,0,0,N,YU,5876
2/23/2019,21:28,Saturday,EGLINTON WEST STATION,SUUT,23,28,N,YU,5811
2/23/2019,21:34,Saturday,OLD MILL STATION,TUSC,0,0,E,BD,5283
2/23/2019,22:00,Saturday,YUS/BD/SHEPPARD SUBWAY,MUO,0,0,,YU/BD,0
2/23/2019,22:18,Saturday,BAY STATION,SUDP,3,8,W,BD,5099
2/23/2019,22:37,Saturday,BLOOR DANFORTH SUBWAY,MUGD,0,0,,BD,0
2/23/2019,22:42,Saturday,ST CLAIR STATION,MUIS,0,0,,YU,0
2/23/2019,22:43,Saturday,OLD MILL STATION,PUMEL,0,0,,BD,0
2/23/2019,23:08,Saturday,FINCH STATION,TUNIP,6,11,S,YU,5646
2/24/2019,01:45,Sunday,ELLESMERE STATION,MRTO,4,10,N,SRT,3007
2/24/2019,01:45,Sunday,ELLESMERE STATION,MRTO,4,10,N,SRT,3007
2/24/2019,01:56,Sunday,NORTH YORK CTR STATION,TUSC,0,0,S,YU,6046
2/24/2019,02:17,Sunday,VICTORIA PARK STATION,EUSC,0,0,E,BD,5006
2/24/2019,02:46,Sunday,VAUGHAN MC STATION,PUMEL,0,0,,YU,0
2/24/2019,07:46,Sunday,WILSON STATION,PUTWZ,3,0,S,YU,5836
2/24/2019,08:00,Sunday,YONGE UNIVERSITY LINE,MUO,0,0,,YU,0
2/24/2019,08:17,Sunday,UNION STATION,MUO,11,0,N,YU,5786
2/24/2019,08:20,Sunday,DONLANDS STATION,TUNIP,3,8,W,BD,0
2/24/2019,08:25,Sunday,DAVISVILLE STATION,EUYRD,3,8,N,YU,5706
2/24/2019,08:37,Sunday,EGLINTON STATION,PUMO,0,0,,YU,0
2/24/2019,09:05,Sunday,KIPLING STATION,EUSC,4,9,E,BD,5060
2/24/2019,11:26,Sunday,KIPLING STATION,PUSTC,0,0,E,BD,5002
2/24/2019,11:58,Sunday,ROSEDALE STATION,MUPAA,0,0,N,YU,5736
2/24/2019,12:20,Sunday,NORTH YORK CTR STATION,TUSC,0,0,S,YU,5781
2/24/2019,12:24,Sunday,YORK MILLS STATION,TUSC,0,0,S,YU,5781
2/24/2019,12:24,Sunday,YORK MILLS STATION,SUROB,0,0,,YU,0
2/24/2019,12:41,Sunday,WILSON STATION,MUPAA,0,0,S,YU,5866
2/24/2019,13:22,Sunday,LANSDOWNE STATION,MUIR,7,12,E,BD,5100
2/24/2019,13:47,Sunday,ST GEORGE BD STATION,EUSC,4,9,W,BD,5252
2/24/2019,14:15,Sunday,KIPLING STATION,MUPAA,3,8,E,BD,5232
2/24/2019,14:16,Sunday,ROSEDALE STATION,SUDP,9,14,S,YU,5641
2/24/2019,14:21,Sunday,DAVISVILLE STATION,MUIS,0,0,,YU,0
2/24/2019,14:27,Sunday,BLOOR STATION,SUDP,5,10,S,YU,5641
2/24/2019,14:35,Sunday,EGLINTON STATION,TUMVS,0,0,N,YU,5926
2/24/2019,14:37,Sunday,QUEEN STATION,MUIRS,0,0,N,YU,0
2/24/2019,14:44,Sunday,ST GEORGE BD STATION,TUSC,0,0,W,BD,5026
2/24/2019,15:15,Sunday,ISLINGTON STATION,TUSC,0,0,W,BD,5299
2/24/2019,15:57,Sunday,SUMMERHILL STATION,MUPAA,0,0,N,YU,5676
2/24/2019,16:08,Sunday,VICTORIA PARK STATION,MUSC,0,0,W,BD,5226
2/24/2019,16:58,Sunday,KEELE STATION,MUSC,0,0,E,BD,5039
2/24/2019,18:35,Sunday,YORK MILLS STATION,TUSC,0,0,N,YU,5971
2/24/2019,19:41,Sunday,DUNDAS STATION,SUDP,0,0,N,YU,6041
2/24/2019,21:26,Sunday,YONGE BD STATION,SUAP,0,0,,BD,0
2/24/2019,21:39,Sunday,SCARBOROUGH RAPID TRAN,TRST,0,0,,SRT,0
2/24/2019,21:39,Sunday,SCARBOROUGH RAPID TRAN,TRST,0,0,,SRT,0
2/24/2019,21:43,Sunday,ISLINGTON STATION,TUSC,0,0,E,BD,5251
2/24/2019,21:58,Sunday,ROSEDALE STATION,PUSI,0,0,S,YU,0
2/24/2019,22:00,Sunday,YUS/BD/SHEPPARD SUBWAY,MUO,0,0,,YU/BD,0
2/24/2019,22:05,Sunday,FINCH STATION,MUIS,0,0,,YU,0
2/24/2019,22:11,Sunday,BLOOR DANFORTH SUBWAY,MUGD,0,0,,BD,0
2/24/2019,23:26,Sunday,BLOOR STATION,MUIS,0,0,S,YU,0
2/25/2019,00:04,Monday,WILSON CARHOUSE,MUIE,0,0,,YU,0
2/25/2019,00:05,Monday,ISLINGTON STATION,PUSIS,0,0,E,BD,5137
2/25/2019,00:20,Monday,KIPLING STATION,MUIR,5,10,E,BD,5004
2/25/2019,00:31,Monday,ROYAL YORK STATION,PUSIS,5,10,E,BD,5255
2/25/2019,00:46,Monday,CHRISTIE STATION,MUIS,0,0,,BD,0
2/25/2019,01:30,Monday,ROYAL YORK STATION,MUSC,0,0,E,BD,5305
2/25/2019,01:42,Monday,VAUGHAN MC STATION,MUIS,0,0,,YU,0
2/25/2019,02:07,Monday,BESSARION STATION,EUOPO,5,10,E,SHP,6181
2/25/2019,05:36,Monday,DAVISVILLE YARD,MUO,19,23,N,YU,6101
2/25/2019,06:24,Monday,ST CLAIR WEST STATION,MUTO,3,7,S,YU,5491
2/25/2019,06:25,Monday,WOODBINE STATION,MUSC,0,0,W,BD,5314
2/25/2019,06:40,Monday,YORK MILLS STATION,TUSC,0,0,N,YU,5996
2/25/2019,06:48,Monday,EGLINTON WEST STATION,MUATC,19,23,N,YU,5921
2/25/2019,06:55,Monday,COXWELL STATION,MUSC,0,0,E,BD,5150
2/25/2019,06:58,Monday,DUPONT STATION,MUATC,5,9,N,YU,5586
2/25/2019,07:06,Monday,DUPONT STATION,MUATC,5,7,N,YU,5851
2/25/2019,07:20,Monday,DUPONT STATION,EUATC,3,5,N,YU,5996
2/25/2019,07:20,Monday,SPADINA YUS STATION,TUSC,0,0,S,YU,5446
2/25/2019,07:29,Monday,FINCH WEST STATION,MUATC,9,13,S,YU,6041
2/25/2019,07:31,Monday,KEELE STATION,MUSC,0,0,E,BD,5238
2/25/2019,07:34,Monday,VAUGHAN MC STATION,EUTM,4,8,N,YU,5581
2/25/2019,07:37,Monday,KENNEDY BD STATION,MUSAN,4,6,W,BD,5106
2/25/2019,07:50,Monday,DUNDAS WEST STATION,MUDD,6,8,W,BD,5091
2/25/2019,07:51,Monday,DUPONT STATION,MUSC,0,0,S,YU,5511
2/25/2019,08:10,Monday,SYSTEM - WIDE IN THE O,MUWEA,0,0,,YU/BD,0
2/25/2019,08:19,Monday,FINCH STATION,MUSC,0,0,N,YU,6001
2/25/2019,08:39,Monday,LAWRENCE STATION,MUIR,0,0,S,YU,5891
2/25/2019,08:45,Monday,ST GEORGE BD STATION,PUSI,7,9,W,BD,5111
2/25/2019,08:47,Monday,DUPONT STATION,EUATC,5,8,N,YU,5731
2/25/2019,08:56,Monday,ST GEORGE BD STATION,PUSI,5,7,W,BD,5331
2/25/2019,08:59,Monday,ROYAL YORK STATION,MUDD,10,12,E,BD,5014
2/25/2019,09:45,Monday,YORK MILLS STATION,PUMEL,0,0,,YU,0
2/25/2019,10:13,Monday,ST CLAIR WEST STATION,SUDP,0,0,N,YU,5471
2/25/2019,10:44,Monday,ROYAL YORK STATION,TUSC,0,0,E,BD,5179
2/25/2019,11:20,Monday,FINCH STATION,MUSC,0,0,N,YU,6001
2/25/2019,11:28,Monday,BLOOR DANFORTH SUBWAY,MUGD,0,0,,BD,0
2/25/2019,11:33,Monday,UNION STATION,EUSC,0,0,S,YU,5876
2/25/2019,11:34,Monday,COLLEGE STATION,MUIR,14,17,N,YU,5486
2/25/2019,12:36,Monday,LAWRENCE SUB STATION,PUMO,0,0,,YU,0
2/25/2019,12:59,Monday,COXWELL STATION,MUIS,0,0,W,BD,0
2/25/2019,13:27,Monday,SHEPPARD WEST STATION,TUNIP,9,13,S,YU,5906
2/25/2019,13:44,Monday,ST GEORGE BD STATION,TUSC,0,0,W,BD,5022
2/25/2019,14:33,Monday,GREENWOOD PORTAL,MUSC,0,0,W,BD,5233
2/25/2019,14:45,Monday,COLLEGE STATION,MUPAA,0,0,S,YU,5666
2/25/2019,15:55,Monday,KIPLING STATION,MUSC,0,0,E,BD,5004
2/25/2019,16:35,Monday,SPADINA BD STATION,PUMEL,0,0,,BD,0
2/25/2019,16:45,Monday,SPADINA BD STATION,MUI,14,16,W,BD,5275
2/25/2019,16:49,Monday,DUPONT STATION,MUATC,0,0,S,YU,5969
2/25/2019,16:51,Monday,KIPLING STATION,MUNCA,0,0,,BD,0
2/25/2019,17:07,Monday,QUEEN STATION,MUPAA,0,0,N,YU,6969
2/25/2019,17:09,Monday,BROADVIEW STATION,EUDO,7,9,E,BD,5020
2/25/2019,17:13,Monday,WELLESLEY STATION,MUPAA,0,0,N,YU,5696
2/25/2019,17:19,Monday,YONGE BD STATION,SUDP,4,6,W,BD,5022
2/25/2019,17:36,Monday,ST CLAIR WEST STATION,MUPAA,0,0,N,YU,6071
2/25/2019,17:42,Monday,DUNDAS STATION,MUIS,0,0,,YU,0
2/25/2019,17:47,Monday,KIPLING STATION,MUSC,0,0,E,BD,5004
2/25/2019,18:11,Monday,ROYAL YORK STATION,TUSC,0,0,W,BD,5329
2/25/2019,18:31,Monday,OLD MILL STATION,MUPR1,107,109,E,BD,5340
2/25/2019,18:58,Monday,KING STATION,TUMVS,0,0,N,YU,5541
2/25/2019,19:32,Monday,NORTH YORK CTR STATION,EUSC,0,0,S,YU,5421
2/25/2019,19:35,Monday,SHEPPARD STATION,EUSC,0,0,S,YU,5421
2/25/2019,19:36,Monday,KIPLING STATION,TUMVS,0,0,W,BD,5346
2/25/2019,20:32,Monday,JANE STATION,MUD,0,0,E,BD,5046
2/25/2019,20:51,Monday,SHEPPARD STATION,SUDP,4,7,N,YU,5411
2/25/2019,21:24,Monday,ISLINGTON STATION,MUSC,0,0,E,BD,5002
2/25/2019,21:38,Monday,GREENWOOD PORTAL,PUSNT,0,0,E,BD,5014
2/25/2019,22:00,Monday,YUS/BD/SHEPPARD SUBWAY,MUO,0,0,,YU/BD,0
2/25/2019,22:40,Monday,ST CLAIR STATION,EUVA,5,10,S,YU,5546
2/25/2019,22:50,Monday,YONGE UNIVERSITY LINE,MUGD,0,0,,YU,0
2/25/2019,22:57,Monday,KING STATION,TUMVS,0,0,N,YU,5411
2/25/2019,23:19,Monday,BLOOR DANFORTH SUBWAY,MUGD,0,0,,BD,0
2/25/2019,23:41,Monday,BROADVIEW TO YONGE,SUUT,27,31,W,BD,5361
2/26/2019,01:20,Tuesday,YONGE BD STATION,SUDP,3,7,W,BD,5068
2/26/2019,01:47,Tuesday,COLLEGE STATION,SUCOL,0,0,N,YU,5461
2/26/2019,05:50,Tuesday,ISLINGTON STATION,PUSIS,0,0,E,BD,5004
2/26/2019,05:59,Tuesday,FINCH STATION,MUIRS,0,0,,YU,0
2/26/2019,06:06,Tuesday,ISLINGTON STATION,TUMVS,5,9,E,BD,5043
2/26/2019,06:13,Tuesday,WILSON STATION,PUSSW,0,0,N,YU,6016
2/26/2019,06:40,Tuesday,ISLINGTON STATION,MUSC,0,0,E,BD,5002
2/26/2019,07:19,Tuesday,YORK MILLS STATION,EUBK,3,5,N,YU,5951
2/26/2019,07:23,Tuesday,WOODBINE STATION,EUSC,9,11,E,BD,5211
2/26/2019,08:57,Tuesday,FINCH STATION,MUSC,0,0,N,YU,5926
2/26/2019,09:21,Tuesday,YORKDALE STATION,SUDP,0,0,N,YU,5511
2/26/2019,09:22,Tuesday,SHEPPARD STATION,TUSC,0,0,N,YU,5896
2/26/2019,09:24,Tuesday,WILSON STATION,SUDP,0,0,N,YU,5496
2/26/2019,09:37,Tuesday,WARDEN STATION,TUSC,0,0,W,BD,5137
2/26/2019,10:02,Tuesday,ISLINGTON STATION,EUSC,0,0,E,BD,5167
2/26/2019,10:03,Tuesday,UNION STATION,PUSSW,6,9,S,YU,5536
2/26/2019,10:06,Tuesday,QUEEN'S PARK STATION,TUSC,0,0,N,YU,5611
2/26/2019,10:24,Tuesday,ST CLAIR WEST STATION,MUPAA,0,0,S,YU,5706
2/26/2019,11:08,Tuesday,SHEPPARD WEST STATION,TUNIP,4,7,N,YU,6076
2/26/2019,11:14,Tuesday,YONGE SHP STATION,TUMVS,0,0,E,SHP,6181
2/26/2019,11:52,Tuesday,ISLINGTON STATION,EUSC,0,0,E,BD,5167
2/26/2019,11:57,Tuesday,OLD MILL STATION,EUSC,4,6,E,BD,5167
2/26/2019,12:28,Tuesday,SHEPPARD STATION,MUPAA,3,6,N,YU,6001
2/26/2019,12:45,Tuesday,DUNDAS WEST STATION,MUSC,0,0,E,BD,5275
2/26/2019,13:10,Tuesday,ROYAL YORK STATION,EUBK,0,0,W,BD,5139
2/26/2019,13:50,Tuesday,BLOOR STATION,MUSC,0,0,S,YU,5801
2/26/2019,13:54,Tuesday,OLD MILL STATION,MUSC,0,0,E,BD,5039
2/26/2019,13:59,Tuesday,JANE STATION,TUSC,0,0,W,BD,5012
2/26/2019,14:04,Tuesday,JANE STATION,TUSC,0,0,W,BD,5313
2/26/2019,14:23,Tuesday,SPADINA YUS STATION,MUSC,0,0,N,YU,5741
2/26/2019,15:30,Tuesday,PIONEER VILLAGE STATIO,PUMEL,0,0,,YU,0
2/26/2019,15:44,Tuesday,DUNDAS WEST STATION,MUPAA,3,5,W,BD,5234
2/26/2019,16:04,Tuesday,WILSON STATION,PUMEL,0,0,,YU,0
2/26/2019,16:06,Tuesday,ISLINGTON STATION,MUSC,0,0,E,BD,5174
2/26/2019,16:11,Tuesday,LANSDOWNE STATION,MUIS,0,0,W,BD,0
2/26/2019,16:20,Tuesday,VICTORIA PARK STATION,PUSTS,3,5,E,BD,5287
2/26/2019,17:22,Tuesday,DUNDAS STATION,MUIR,3,5,N,YU,5891
2/26/2019,18:34,Tuesday,LANSDOWNE STATION,MUIR,6,8,E,BD,5068
2/26/2019,18:48,Tuesday,HIGH PARK STATION,PUMEL,0,0,,BD,0
2/26/2019,19:10,Tuesday,DUFFERIN STATION,PUMST,0,0,,BD,0
2/26/2019,20:03,Tuesday,KENNEDY BD STATION,EUBO,3,6,W,BD,5055
2/26/2019,20:11,Tuesday,JANE STATION,SUDP,3,6,E,BD,5141
2/26/2019,20:15,Tuesday,EGLINTON STATION,MUIR,0,0,N,YU,5761
2/26/2019,20:16,Tuesday,SHEPPARD WEST STATION,MUATC,11,15,S,YU,5971
2/26/2019,21:23,Tuesday,YORK MILLS STATION,MUSC,0,0,S,YU,5841
2/26/2019,21:27,Tuesday,FINCH STATION,MUSC,0,0,S,YU,5976
2/26/2019,21:50,Tuesday,BLOOR STATION,MUSC,0,0,S,YU,5656
2/26/2019,22:00,Tuesday,YUS/BD/SHEPPARD SUBWAY,MUO,0,0,,YU/BD,0
2/26/2019,22:13,Tuesday,EGLINTON STATION,MUIS,0,0,,YU,0
2/26/2019,23:25,Tuesday,BLOOR DANFORTH SUBWAY,MUGD,0,0,,BD,0
2/27/2019,01:26,Wednesday,WARDEN STATION,PUSIS,3,8,W,BD,5034
2/27/2019,01:27,Wednesday,PAPE STATION,MUWEA,5,10,E,BD,5137
2/27/2019,01:50,Wednesday,KIPLING STATION,SUDP,0,0,,BD,0
2/27/2019,01:59,Wednesday,MCCOWAN STATION,TRST,0,0,,SRT,0
2/27/2019,01:59,Wednesday,YONGE UNIVERSITY LINE,MUO,0,0,,,0
2/27/2019,01:59,Wednesday,MCCOWAN STATION,TRST,0,0,,SRT,0
2/27/2019,02:00,Wednesday,MCCOWAN STATION,TRST,0,0,,SRT,0
2/27/2019,02:00,Wednesday,MCCOWAN STATION,TRST,0,0,,SRT,0
2/27/2019,02:29,Wednesday,YONGE SHP STATION,TUMVS,0,0,W,SHP,6171
2/27/2019,04:30,Wednesday,SCARBOROUGH RAPID TRAN,TRST,0,0,,SRT,0
2/27/2019,04:30,Wednesday,YONGE UNIVERSITY LINE,MUWEA,0,0,,YU,0
2/27/2019,04:30,Wednesday,SCARBOROUGH RAPID TRAN,TRST,0,0,,SRT,0
2/27/2019,05:53,Wednesday,ST GEORGE YUS STATION,PUTWZ,10,0,S,YU,5701
2/27/2019,05:56,Wednesday,ST CLAIR WEST STATION,PUTWZ,5,0,S,YU,5926
2/27/2019,06:02,Wednesday,YORKDALE STATION,SUDP,5,9,S,YU,6046
2/27/2019,06:28,Wednesday,ROSEDALE STATION,TUOS,0,0,N,YU,5926
2/27/2019,06:39,Wednesday,VAUGHAN MC STATION,EUHV,0,0,S,YU,5721
2/27/2019,06:42,Wednesday,LAWRENCE EAST STATION,ERDO,4,9,N,SRT,3013
2/27/2019,06:42,Wednesday,LAWRENCE EAST STATION,ERDO,4,9,N,SRT,3013
2/27/2019,07:00,Wednesday,WILSON STATION,EUTRD,3,5,S,YU,5746
2/27/2019,07:15,Wednesday,ISLINGTON STATION,MUSC,0,0,E,BD,5078
2/27/2019,07:21,Wednesday,GREENWOOD PORTAL,MUSC,0,0,E,BD,5216
2/27/2019,07:34,Wednesday,SUMMERHILL STATION,MUI,4,6,S,YU,6121
2/27/2019,07:41,Wednesday,KENNEDY BD STATION,TUSC,0,0,E,BD,5242
2/27/2019,07:56,Wednesday,SHEPPARD STATION,MUSC,0,0,N,YU,5806
2/27/2019,08:01,Wednesday,KIPLING STATION,TUSC,0,0,W,BD,5272
2/27/2019,08:13,Wednesday,SPADINA YUS STATION,EUSC,0,0,S,YU,5421
2/27/2019,08:15,Wednesday,SUMMERHILL STATION,MUIR,8,10,S,YU,6136
2/27/2019,08:22,Wednesday,ST PATRICK STATION,EUSC,0,0,S,YU,5421
2/27/2019,08:35,Wednesday,MAIN STREET STATION,MUIRS,0,0,W,BD,0
2/27/2019,08:47,Wednesday,BLOOR STATION,MUPAA,0,0,S,YU,5451
2/27/2019,08:50,Wednesday,HIGH PARK STATION,MUSC,0,0,W,BD,5154
2/27/2019,08:51,Wednesday,BLOOR STATION,MUIR,0,0,S,YU,5466
2/27/2019,09:05,Wednesday,KEELE STATION,MUIS,0,0,,BD,0
2/27/2019,09:08,Wednesday,CASTLE FRANK STATION,SUDP,4,6,W,BD,5053
2/27/2019,09:19,Wednesday,WELLESLEY STATION,MUPAA,0,0,N,YU,5641
2/27/2019,09:42,Wednesday,KIPLING STATION,EUNT,3,5,E,BD,5039
2/27/2019,09:48,Wednesday,KIPLING STATION,EUOE,0,0,W,BD,5039
2/27/2019,10:04,Wednesday,ST CLAIR STATION,PUMEL,0,0,,YU,0
2/27/2019,10:18,Wednesday,WELLESLEY STATION,EUNT,4,6,S,YU,5776
2/27/2019,10:20,Wednesday,ISLINGTON STATION,MUSC,0,0,W,BD,5111
2/27/2019,10:24,Wednesday,COXWELL STATION,TUNIP,5,8,W,BD,5036
2/27/2019,10:30,Wednesday,WARDEN STATION,MUIE,0,0,,BD,0
2/27/2019,10:30,Wednesday,WILSON STATION,MUATC,6,8,S,YU,5481
2/27/2019,10:49,Wednesday,OSSINGTON STATION,MUTD,0,0,E,BD,5004
2/27/2019,10:52,Wednesday,CHESTER STATION,MUNCA,0,0,,BD,0
2/27/2019,11:00,Wednesday,VICTORIA PARK STATION,EUSC,0,0,W,BD,5150
2/27/2019,11:02,Wednesday,ST GEORGE BD STATION,PUSTC,6,9,W,BD,5109
2/27/2019,11:35,Wednesday,COXWELL STATION,MUCL,5,8,W,BD,5367
2/27/2019,11:45,Wednesday,ISLINGTON STATION,MUSC,0,0,W,BD,5102
2/27/2019,11:47,Wednesday,SCARBOROUGH RAPID TRAN,MRO,0,0,,SRT,0
2/27/2019,11:47,Wednesday,SCARBOROUGH RAPID TRAN,MRO,0,0,,SRT,0
2/27/2019,12:47,Wednesday,DUNDAS WEST STATION,MUSC,0,0,E,BD,5234
2/27/2019,12:51,Wednesday,YORK MILLS STATION,MUPAA,3,6,S,YU,5546
2/27/2019,13:37,Wednesday,YORK MILLS STATION,TUSC,0,0,S,YU,5501
2/27/2019,13:40,Wednesday,DAVISVILLE STATION,PUSIS,3,6,N,YU,5456
2/27/2019,13:46,Wednesday,WELLESLEY STATION,SUDP,4,7,N,YU,5481
2/27/2019,13:54,Wednesday,HIGH PARK STATION,MUSC,0,0,E,BD,5329
2/27/2019,13:56,Wednesday,KIPLING STATION,MUSC,0,0,W,BD,5275
2/27/2019,14:01,Wednesday,HIGH PARK STATION,TUOS,4,7,E,BD,5344
2/27/2019,14:02,Wednesday,DAVISVILLE STATION,PUSIS,3,6,S,YU,6111
2/27/2019,14:04,Wednesday,WARDEN STATION,PUSIS,0,0,W,BD,5362
2/27/2019,14:06,Wednesday,LAWRENCE STATION,SUDP,3,6,N,YU,5481
2/27/2019,14:13,Wednesday,DUFFERIN STATION,MUO,4,7,E,BD,5344
2/27/2019,14:19,Wednesday,ST GEORGE BD STATION,TUKEY,4,7,E,BD,5344
2/27/2019,14:46,Wednesday,WARDEN STATION,PUSIS,3,6,E,BD,5344
2/27/2019,15:28,Wednesday,DAVISVILLE STATION,PUSIS,3,6,N,YU,6046
2/27/2019,15:36,Wednesday,HIGH PARK STATION,MUSC,0,0,E,BD,5091
2/27/2019,15:57,Wednesday,OLD MILL STATION,MUSC,0,0,W,BD,5275
2/27/2019,16:07,Wednesday,COXWELL STATION,MUIS,0,0,,BD,0
2/27/2019,16:08,Wednesday,WARDEN STATION,TUSC,0,0,W,BD,5142
2/27/2019,16:19,Wednesday,WILSON STATION,MUATC,3,5,S,YU,5851
2/27/2019,16:26,Wednesday,WELLESLEY STATION,MUPAA,0,0,N,YU,5966
2/27/2019,16:30,Wednesday,ST CLAIR STATION,TUOS,5,7,S,YU,5781
2/27/2019,16:39,Wednesday,BLOOR STATION,MUTO,3,5,S,YU,5981
2/27/2019,16:57,Wednesday,HIGH PARK STATION,TUOS,3,5,E,BD,5127
2/27/2019,17:02,Wednesday,ISLINGTON STATION,PUSIS,3,5,W,BD,5109
2/27/2019,17:08,Wednesday,ST GEORGE BD STATION,SUO,4,6,W,BD,5371
2/27/2019,17:11,Wednesday,LANSDOWNE STATION,MUIR,22,24,W,BD,5036
2/27/2019,17:15,Wednesday,WARDEN STATION,PUSIS,0,0,W,BD,5313
2/27/2019,17:18,Wednesday,FINCH STATION,MUNCA,0,0,,YU,0
2/27/2019,17:23,Wednesday,BLOOR STATION,MUNCA,0,0,,YU,0
2/27/2019,17:35,Wednesday,OSSINGTON STATION,SUAP,0,0,W,BD,0
2/27/2019,17:42,Wednesday,ST ANDREW STATION,MUIRS,0,0,,YU,0
2/27/2019,17:59,Wednesday,SPADINA BD STATION,MUIS,0,0,E,BD,0
2/27/2019,18:13,Wednesday,KIPLING STATION,EUDO,3,5,E,BD,5233
2/27/2019,18:19,Wednesday,LAWRENCE STATION,TUMVS,5,7,N,YU,5551
2/27/2019,18:24,Wednesday,VICTORIA PARK STATION,PUSIS,3,5,W,BD,5077
2/27/2019,18:54,Wednesday,YORK MILLS STATION,TUSC,0,0,N,YU,5901
2/27/2019,19:03,Wednesday,HIGH PARK STATION,MUSC,0,0,E,BD,5277
2/27/2019,19:46,Wednesday,BLOOR DANFORTH SUBWAY,MUGD,0,0,,BD,0
2/27/2019,19:55,Wednesday,KIPLING STATION,EUSC,0,0,W,BD,5171
2/27/2019,20:54,Wednesday,OLD MILL STATION,MUSC,0,0,W,BD,5109
2/27/2019,21:01,Wednesday,CASTLE FRANK STATION,SUAP,7,11,E,BD,5255
2/27/2019,21:09,Wednesday,WOODBINE STATION,MUSC,0,0,E,BD,5298
2/27/2019,21:12,Wednesday,WARDEN STATION,PUSIS,0,0,E,BD,5191
2/27/2019,21:18,Wednesday,SHEPPARD WEST STATION,TUSUP,4,8,S,YU,6126
2/27/2019,21:36,Wednesday,UNION STATION,SUUT,0,0,,YU,0
2/27/2019,21:37,Wednesday,KENNEDY BD STATION,SUAP,5,10,E,BD,5255
2/27/2019,21:38,Wednesday,OLD MILL STATION,EUSC,0,0,W,BD,5171
2/27/2019,21:40,Wednesday,KENNEDY BD STATION,MUIS,0,0,,BD,0
2/27/2019,22:00,Wednesday,YUS/BD/SHEPPARD SUBWAY,MUO,0,0,,YU/BD,0
2/27/2019,22:25,Wednesday,YONGE UNIVERSITY LINE,MUGD,0,0,,YU,0
2/27/2019,22:57,Wednesday,DON MILLS STATION,MUIS,0,0,,SHP,0
2/27/2019,23:05,Wednesday,DAVISVILLE STATION,PUSIS,5,10,N,YU,5836
2/27/2019,23:20,Wednesday,BLOOR DANFORTH SUBWAY,MUGD,0,0,,BD,0
2/27/2019,23:52,Wednesday,LAWRENCE WEST STATION,SUDP,3,8,S,YU,5641
2/27/2019,23:55,Wednesday,KENNEDY BD STATION,TUSC,0,0,W,BD,5109
2/28/2019,00:02,Thursday,UNION STATION,PUSTS,0,0,N,YU,0
2/28/2019,00:18,Thursday,YONGE BD STATION,MUIS,0,0,,BD,0
2/28/2019,01:30,Thursday,KIPLING STATION,EUO,3,7,E,BD,5183
2/28/2019,01:50,Thursday,KENNEDY BD STATION,MUIS,0,0,,BD,0
2/28/2019,01:59,Thursday,LESLIE STATION,MUIS,0,0,,SHP,0
2/28/2019,03:09,Thursday,CHRISTIE STATION,EUSC,0,0,W,BD,5216
2/28/2019,03:52,Thursday,BAY LOWER STATION,MUO,0,0,E,BD,5183
2/28/2019,05:41,Thursday,KENNEDY BD STATION,TUSC,0,0,W,BD,5305
2/28/2019,06:00,Thursday,BLOOR STATION,EUVE,17,0,N,YU,5641
2/28/2019,06:19,Thursday,BLOOR STATION,MUIS,0,0,S,YU,0
2/28/2019,06:33,Thursday,WARDEN STATION,PUSIS,4,7,W,BD,5082
2/28/2019,06:42,Thursday,KEELE STATION,PUSIS,0,0,W,BD,5068
2/28/2019,06:51,Thursday,WARDEN STATION,TUSC,0,0,W,BD,5139
2/28/2019,07:03,Thursday,EGLINTON STATION,TUSC,0,0,N,YU,5696
2/28/2019,07:10,Thursday,PAPE STATION,EUDO,6,9,W,BD,5336
2/28/2019,07:15,Thursday,HIGH PARK STATION,MUSC,0,0,E,BD,5277
2/28/2019,07:18,Thursday,COXWELL STATION,MUSC,0,0,E,BD,5275
2/28/2019,07:36,Thursday,VICTORIA PARK STATION,MUDD,3,6,W,BD,5193
2/28/2019,07:42,Thursday,MAIN STREET STATION,MUDD,4,6,W,BD,5193
2/28/2019,07:52,Thursday,KENNEDY BD STATION,MUSC,0,0,W,BD,5305
2/28/2019,07:54,Thursday,UNION STATION,MUIS,0,0,,YU,0
2/28/2019,08:04,Thursday,VICTORIA PARK STATION,PUSIS,3,5,E,BD,5277
2/28/2019,08:08,Thursday,WARDEN STATION,PUSIS,0,0,E,BD,5277
2/28/2019,08:11,Thursday,LAWRENCE STATION,TUSC,0,0,N,YU,5991
2/28/2019,08:22,Thursday,DAVISVILLE STATION,PUSIS,4,6,S,YU,5501
2/28/2019,08:29,Thursday,OLD MILL STATION,TUMVS,0,0,E,BD,5333
2/28/2019,08:35,Thursday,ST PATRICK STATION,MUIR,4,6,S,YU,5901
2/28/2019,08:38,Thursday,BATHURST STATION,MUI,3,5,E,BD,5183
2/28/2019,09:00,Thursday,EGLINTON STATION,MUIR,8,10,S,YU,6041
2/28/2019,09:34,Thursday,KIPLING STATION,PUMO,0,0,,BD,0
2/28/2019,09:36,Thursday,PAPE STATION,SUO,4,7,W,BD,5311
2/28/2019,09:46,Thursday,KENNEDY BD STATION,EUBO,3,5,W,BD,5007
2/28/2019,10:02,Thursday,DON MILLS STATION,MUNCA,0,0,,SHP,0
2/28/2019,10:02,Thursday,JANE STATION,TUMVS,0,0,E,BD,5145
2/28/2019,10:09,Thursday,LAWRENCE STATION,MUIR,0,0,S,YU,6101
2/28/2019,10:18,Thursday,QUEEN STATION,MUIR,0,0,S,YU,5911
2/28/2019,10:51,Thursday,BAYVIEW STATION,TUSC,0,0,E,SHP,5166
2/28/2019,11:03,Thursday,FINCH STATION,EUDO,0,0,S,YU,5956
2/28/2019,11:19,Thursday,FINCH WEST STATION,MUIR,4,6,N,YU,6101
2/28/2019,11:37,Thursday,BLOOR STATION,MUSC,0,0,S,YU,5771
2/28/2019,12:19,Thursday,KENNEDY BD STATION,TUSC,0,0,E,BD,5264
2/28/2019,12:22,Thursday,BATHURST STATION,EUDO,3,6,E,BD,5285
2/28/2019,13:10,Thursday,JANE STATION,SUDP,4,7,E,BD,5026
2/28/2019,13:27,Thursday,QUEEN'S PARK STATION,EUO,6,9,S,YU,5696
2/28/2019,14:20,Thursday,FINCH STATION,MUTO,3,6,N,YU,5771
2/28/2019,14:20,Thursday,LESLIE STATION,TUMVS,5,10,W,SHP,6151
2/28/2019,14:26,Thursday,ST GEORGE YUS STATION,MUIR,4,7,N,YU,5986
2/28/2019,14:34,Thursday,GREENWOOD PORTAL,MUSC,0,0,W,BD,5165
2/28/2019,15:01,Thursday,RUNNYMEDE STATION,MUPR1,130,133,W,BD,5165
2/28/2019,15:05,Thursday,PAPE STATION,MUPAA,0,0,W,BD,5139
2/28/2019,15:31,Thursday,OSSINGTON STATION,MUSC,0,0,E,BD,5146
2/28/2019,15:35,Thursday,ROSEDALE STATION,TUOS,3,6,N,YU,5981
2/28/2019,15:45,Thursday,WOODBINE STATION,MUI,10,12,E,BD,5072
2/28/2019,16:13,Thursday,DUNDAS WEST STATION,EUDO,5,7,E,BD,5333
2/28/2019,16:20,Thursday,EGLINTON WEST STATION,MUPAA,3,5,N,YU,5411
2/28/2019,16:29,Thursday,VAUGHAN MC STATION,EUO,3,5,N,YU,5741
2/28/2019,16:40,Thursday,JANE STATION,TUSC,0,0,E,BD,5068
2/28/2019,16:41,Thursday,FINCH STATION,SUDP,3,5,N,YU,6066
2/28/2019,16:53,Thursday,JANE STATION,MUIRS,0,0,E,BD,0
2/28/2019,16:57,Thursday,DUFFERIN STATION,MUPAA,0,0,W,BD,5066
2/28/2019,17:00,Thursday,COXWELL STATION,MUIS,0,0,,BD,0
2/28/2019,17:00,Thursday,VICTORIA PARK STATION,MUSC,0,0,W,BD,5318
2/28/2019,17:02,Thursday,JANE STATION,MUIS,0,0,,BD,0
2/28/2019,17:07,Thursday,QUEEN STATION,MUNCA,0,0,,YU,0
2/28/2019,17:22,Thursday,BESSARION STATION,MUNCA,0,0,,SHP,0
2/28/2019,17:35,Thursday,WILSON STATION,EUDO,3,5,S,YU,5391
2/28/2019,17:44,Thursday,KING STATION,MUPAA,0,0,N,YU,5751
2/28/2019,17:45,Thursday,EGLINTON STATION,MUIS,0,0,S,YU,0
2/28/2019,19:04,Thursday,KENNEDY BD STATION,MUIS,0,0,,BD,0
2/28/2019,19:23,Thursday,NORTH YORK CTR STATION,SUCOL,0,0,N,YU,5901
2/28/2019,19:23,Thursday,ROYAL YORK STATION,PUSTC,3,6,E,BD,5043
2/28/2019,19:24,Thursday,COXWELL STATION,SUAP,0,0,E,BD,5270
2/28/2019,19:45,Thursday,ST GEORGE BD STATION,SUDP,0,0,E,BD,5043
2/28/2019,20:26,Thursday,OLD MILL STATION,MUI,35,38,W,BD,5082
2/28/2019,20:55,Thursday,BLOOR STATION,MUIS,0,0,N,YU,0
2/28/2019,21:05,Thursday,HIGHWAY 407 STATION,MUO,4,7,N,YU,5586
2/28/2019,21:07,Thursday,SHEPPARD WEST STATION,TUNIP,3,6,N,YU,5586
2/28/2019,21:16,Thursday,KENNEDY BD STATION,SUDP,5,9,W,BD,5362
2/28/2019,21:27,Thursday,KIPLING STATION,TUSC,0,0,W,BD,5324
2/28/2019,21:44,Thursday,DONLANDS STATION,PUMST,0,0,,BD,0
2/28/2019,22:00,Thursday,YONGE-UNIVERSITY AND B,MUO,0,0,,YU/BD,0
2/28/2019,22:20,Thursday,YONGE UNIVERSITY LINE,MUGD,0,0,,YU,0
2/28/2019,23:10,Thursday,ST GEORGE BD STATION,PUMST,0,0,,BD,0
2/28/2019,23:17,Thursday,BATHURST STATION,MUIRS,0,0,W,BD,0
2/28/2019,23:18,Thursday,ST GEORGE YUS STATION,MUIR,4,9,S,YU,5856
2/28/2019,23:41,Thursday,SHERBOURNE STATION,MUIS,0,0,,BD,0
2/28/2019,23:46,Thursday,BLOOR DANFORTH SUBWAY,MUGD,0,0,,BD,0
