Date,Time,Day,Station,Code,Min Delay,Min Gap,Bound,Line,Vehicle
2/1/2021,00:06,Monday,WILSON STATION,EUECD,5,10,N,YU,5841
2/1/2021,00:15,Monday,BAY STATION,MUIS,0,0,W,BD,0
2/1/2021,01:48,Monday,YORK MILLS STATION,TUMVS,0,0,S,YU,5551
2/1/2021,01:55,Monday,DUNDAS WEST STATION,TUMVS,0,0,W,BD,5165
2/1/2021,02:40,Monday,KENNEDY BD STATION,SUO,0,0,,BD,0
2/1/2021,02:52,Monday,FINCH STATION,SUAE,0,0,,YU,0
2/1/2021,06:28,Monday,KIPLING STATION,MUTO,3,8,E,BD,5125
2/1/2021,07:36,Monday,ROSEDALE STATION,TUSC,0,0,N,YU,6016
2/1/2021,07:54,Monday,ROSEDALE STATION,MUSC,0,0,N,YU,6111
2/1/2021,09:04,Monday,COLLEGE STATION,MUIRS,0,0,,YU,0
2/1/2021,09:16,Monday,RUNNYMEDE STATION,PUMEL,0,0,,BD,0
2/1/2021,10:04,Monday,ISLINGTON STATION,SUO,0,0,,BD,0
2/1/2021,10:40,Monday,ROSEDALE STATION,MUSC,0,0,N,YU,6111
2/1/2021,10:50,Monday,EGLINTON STATION (ENTE,MUSC,0,0,N,YU,5491
2/1/2021,10:53,Monday,EGLINTON STATION (LEAV,TUSC,0,0,N,YU,5491
2/1/2021,11:18,Monday,ROSEDALE STATION,MUATC,5,8,S,YU,5631
2/1/2021,11:37,Monday,DON MILLS STATION,EUBK,0,0,W,SHP,6156
2/1/2021,13:50,Monday,ISLINGTON STATION,PUMEL,0,0,,BD,0
2/1/2021,14:00,Monday,EGLINTON STATION,MUSC,0,0,N,YU,5966
2/1/2021,14:10,Monday,COXWELL STATION,TUO,7,10,W,BD,5148
2/1/2021,14:24,Monday,SUMMERHILL STATION,SUUT,8,11,N,YU,5856
2/1/2021,14:59,Monday,SHERBOURNE STATION,MUIS,0,0,W,BD,0
2/1/2021,15:40,Monday,UNION STATION,EUDO,8,11,N,YU,5636
2/1/2021,15:42,Monday,ST CLAIR STATION,MUSC,0,0,S,YU,5661
2/1/2021,16:02,Monday,COLLEGE STATION,MUIS,0,0,N,YU,0
2/1/2021,16:51,Monday,COLLEGE STATION,SUDP,6,9,N,YU,5396
2/1/2021,18:29,Monday,EGLINTON STATION,MUSAN,3,6,N,YU,5461
2/1/2021,18:39,Monday,KIPLING STATION,EUTL,3,6,E,BD,5367
2/1/2021,19:13,Monday,BLOOR STATION,MUIRS,0,0,,YU,0
2/1/2021,19:35,Monday,DUNDAS WEST STATION,EUCD,8,11,E,BD,5367
2/1/2021,19:55,Monday,KENNEDY BD STATION,PUMST,0,0,,BD,0
2/1/2021,20:39,Monday,ROSEDALE STATION,TUSC,0,0,N,YU,5381
2/1/2021,20:42,Monday,KING STATION,MUPAA,0,0,N,YU,6121
2/1/2021,20:54,Monday,COLLEGE STATION,MUIR,0,0,S,YU,5841
2/1/2021,20:55,Monday,WARDEN STATION,MUIS,0,0,,BD,0
2/1/2021,20:57,Monday,DUNDAS STATION,SUAP,0,0,N,YU,0
2/1/2021,21:06,Monday,DUNDAS STATION,MUIS,0,0,S,YU,0
2/1/2021,22:00,Monday,YONGE-UNIVERSITY AND B,MUO,0,0,,YU/BD,0
2/1/2021,22:16,Monday,ROYAL YORK STATION,MUIS,0,0,E,BD,0
2/1/2021,22:59,Monday,EGLINTON WEST STATION,MUIS,0,0,,YU,0
2/1/2021,23:44,Monday,WILSON STATION,EUTR,5,10,N,YU,5956
2/2/2021,00:24,Tuesday,ROSEDALE STATION,MUSC,0,0,N,YU,5536
2/2/2021,00:50,Tuesday,DUFFERIN STATION,SUDP,17,22,E,BD,5158
2/2/2021,01:48,Tuesday,VAUGHAN MC STATION,SUDP,0,0,S,YU,5721
2/2/2021,01:51,Tuesday,SCARBOROUGH CTR STATIO,SRDP,0,0,,SRT,0
2/2/2021,01:56,Tuesday,ROSEDALE STATION,MUIRS,0,0,,YU,0
2/2/2021,02:34,Tuesday,FINCH STATION,MUIS,0,0,,YU,0
2/2/2021,04:31,Tuesday,ST GEORGE YU STATION,MUO,0,0,,YU,0
2/2/2021,05:38,Tuesday,EGLINTON STATION,MUTO,3,0,N,YU,5616
2/2/2021,06:19,Tuesday,WILSON STATION,SUO,0,0,N,YU,0
2/2/2021,06:50,Tuesday,KENNEDY BD STATION,EUAC,5,10,W,BD,5201
2/2/2021,07:05,Tuesday,LAWRENCE STATION,EUSC,3,6,S,YU,6016
2/2/2021,07:14,Tuesday,ROSEDALE STATION,MUATC,24,27,N,YU,5916
2/2/2021,07:27,Tuesday,WELLESLEY STATION,SUDP,4,7,S,YU,5451
2/2/2021,08:28,Tuesday,KEELE STATION,MUSC,3,6,W,BD,5048
2/2/2021,08:45,Tuesday,EGLINTON STATION,SUDP,0,0,,YU,0
2/2/2021,09:21,Tuesday,DUFFERIN STATION,MUDD,7,10,W,BD,5338
2/2/2021,09:48,Tuesday,EGLINTON STATION,EUSC,0,0,S,YU,6016
2/2/2021,10:27,Tuesday,DUPONT STATION,MUI,15,18,S,YU,5536
2/2/2021,11:11,Tuesday,MUSEUM STATION,MUSAN,3,6,S,YU,6006
2/2/2021,11:29,Tuesday,BLOOR STATION,TUOS,6,9,S,YU,5876
2/2/2021,11:58,Tuesday,BLOOR STATION,MUATC,4,7,S,YU,5836
2/2/2021,12:04,Tuesday,DUFFERIN STATION,TUKEY,6,9,E,BD,5151
2/2/2021,12:10,Tuesday,UNION STATION,MUIS,0,0,,YU,0
2/2/2021,12:33,Tuesday,EGLINTON STATION,EUSC,0,0,S,YU,6016
2/2/2021,13:01,Tuesday,ST CLAIR WEST STATION,MUIS,0,0,S,YU,5471
2/2/2021,13:20,Tuesday,SPADINA YUS STATION,SUDP,15,18,N,YU,5896
2/2/2021,13:26,Tuesday,SPADINA BD STATION,SUDP,10,14,E,BD,5116
2/2/2021,14:30,Tuesday,WELLESLEY STATION,SUAP,7,10,N,YU,6011
2/2/2021,14:33,Tuesday,ST GEORGE BD STATION,MUSAN,4,7,W,BD,5124
2/2/2021,14:35,Tuesday,LAWRENCE WEST STATION,SUDP,5,8,S,YU,5891
2/2/2021,15:03,Tuesday,EGLINTON WEST STATION,SUAP,19,21,N,YU,5421
2/2/2021,15:19,Tuesday,ST CLAIR WEST STATION,TUO,4,7,N,YU,5541
2/2/2021,15:27,Tuesday,ST PATRICK STATION,SUDP,0,0,N,YU,5446
2/2/2021,16:05,Tuesday,KENNEDY BD STATION,SUDP,3,6,W,BD,5014
2/2/2021,16:27,Tuesday,WILSON STATION,MUO,3,6,S,YU,5441
2/2/2021,16:34,Tuesday,MAIN STREET STATION,MUIS,0,0,,BD,0
2/2/2021,17:06,Tuesday,KIPLING STATION,PUSRA,3,6,W,BD,5068
2/2/2021,17:27,Tuesday,ST CLAIR STATION,SUDP,0,0,S,YU,0
2/2/2021,17:46,Tuesday,COXWELL STATION,MUIS,0,0,,BD,0
2/2/2021,17:49,Tuesday,VAUGHAN MC STATION,MUIRS,0,0,,YU,0
2/2/2021,18:26,Tuesday,VAUGHAN MC STATION,MUNOA,3,6,S,YU,0
2/2/2021,18:46,Tuesday,BLOOR STATION,MUIS,0,0,N,YU,0
2/2/2021,18:59,Tuesday,YORKDALE STATION,EUECD,3,6,N,YU,5831
2/2/2021,19:16,Tuesday,ISLINGTON STATION,SUUT,19,22,W,BD,5165
2/2/2021,19:43,Tuesday,SHEPPARD STATION,MUSC,0,0,S,YU,5421
2/2/2021,19:48,Tuesday,RUNNYMEDE STATION,SUDP,3,6,W,BD,5091
2/2/2021,20:26,Tuesday,LAWRENCE STATION,SUDP,0,0,N,YU,5646
2/2/2021,20:43,Tuesday,ST CLAIR WEST STATION,MUPAA,4,7,N,YU,5981
2/2/2021,21:25,Tuesday,BLOOR STATION,MUATC,3,6,S,YU,5896
2/2/2021,21:47,Tuesday,VAUGHAN MC STATION,MUIR,0,0,S,YU,5756
2/2/2021,22:00,Tuesday,YONGE-UNIVERSITY AND B,MUO,0,0,,YU/BD,0
2/2/2021,23:00,Tuesday,KENNEDY BD STATION,MUO,0,0,,BD,0
2/2/2021,23:09,Tuesday,PIONEER VILLAGE STATIO,MUIR,11,16,S,YU,5396
2/2/2021,23:27,Tuesday,DUNDAS WEST STATION,MUIS,0,0,,BD,0
2/3/2021,00:50,Wednesday,VAUGHAN MC STATION,SUDP,5,10,S,YU,5726
2/3/2021,00:51,Wednesday,VAUGHAN MC STATION,SUDP,5,10,S,YU,5676
2/3/2021,02:26,Wednesday,VAUGHAN MC STATION,SUDP,0,0,S,YU,5986
2/3/2021,02:28,Wednesday,WARDEN STATION,MUI,0,0,W,BD,5165
2/3/2021,04:55,Wednesday,SHEPPARD WEST STATION,PUSSW,0,0,S,YU,0
2/3/2021,06:25,Wednesday,OLD MILL STATION,TUMVS,0,0,W,BD,5161
2/3/2021,06:33,Wednesday,SPADINA BD STATION,MUIS,0,0,,BD,0
2/3/2021,06:39,Wednesday,LAWRENCE STATION,EUSC,0,0,S,YU,6016
2/3/2021,07:09,Wednesday,EGLINTON STATION,EUTRD,3,6,S,YU,5421
2/3/2021,07:28,Wednesday,SHEPPARD WEST STATION,MUTO,5,8,N,YU,5661
2/3/2021,08:00,Wednesday,LANSDOWNE STATION,EUNT,5,8,W,BD,5146
2/3/2021,08:07,Wednesday,BATHURST STATION,MUIRS,0,0,,BD,0
2/3/2021,09:04,Wednesday,QUEEN STATION,MUIRS,0,0,,YU,0
2/3/2021,09:05,Wednesday,BROADVIEW STATION,MUIS,0,0,,BD,0
2/3/2021,09:54,Wednesday,YORK MILLS STATION,MUIR,3,6,N,YU,5461
2/3/2021,09:58,Wednesday,OSGOODE STATION,MUNCA,0,0,,YU,0
2/3/2021,10:21,Wednesday,KENNEDY SRT STATION,PRSA,8,15,N,SRT,3019
2/3/2021,10:26,Wednesday,ST GEORGE YU STATION,PUMST,0,0,,YU,0
2/3/2021,10:55,Wednesday,DUNDAS WEST STATION,TUMVS,0,0,W,BD,5209
2/3/2021,11:09,Wednesday,ISLINGTON STATION,TUO,3,6,W,BD,5209
2/3/2021,11:16,Wednesday,ST CLAIR STATION,MUSC,0,0,S,YU,5446
2/3/2021,12:26,Wednesday,YORK MILLS STATION,PUMEL,0,0,,YU,0
2/3/2021,13:12,Wednesday,SHEPPARD STATION,MUIE,6,9,N,YU,5471
2/3/2021,13:33,Wednesday,SHEPPARD-YONGE STATION,PUMO,0,0,,SHP,0
2/3/2021,14:08,Wednesday,DUNDAS STATION,MUIRS,0,0,,YU,0
2/3/2021,14:40,Wednesday,BLOOR STATION,SUDP,0,0,S,YU,5911
2/3/2021,15:21,Wednesday,VAUGHAN MC STATION,MUSAN,3,6,S,YU,5633
2/3/2021,15:38,Wednesday,PIONEER VILLAGE STATIO,SUDP,0,0,,YU,3244
2/3/2021,16:03,Wednesday,PAPE STATION,PUMEL,0,0,,BD,0
2/3/2021,16:32,Wednesday,LAWRENCE STATION,MUSAN,3,6,N,YU,5641
2/3/2021,16:51,Wednesday,SPADINA BD STATION,PUMEL,0,0,,BD,0
2/3/2021,17:11,Wednesday,CHRISTIE STATION,MUPAA,0,0,W,BD,5120
2/3/2021,17:16,Wednesday,KIPLING STATION,SUDP,0,0,,BD,0
2/3/2021,17:34,Wednesday,KIPLING STATION,TUMVS,0,0,W,BD,5148
2/3/2021,17:42,Wednesday,COXWELL STATION,PUMST,0,0,,BD,0
2/3/2021,18:01,Wednesday,DUNDAS STATION,SUDP,0,0,,YU,0
2/3/2021,18:11,Wednesday,MUSEUM STATION,SUO,0,0,S,YU,5756
2/3/2021,18:14,Wednesday,DAVISVILLE STATION,MUI,9,12,N,YU,5851
2/3/2021,18:40,Wednesday,BLOOR STATION,SUDP,5,8,N,YU,5916
2/3/2021,18:46,Wednesday,UNION TO KING,MUIS,0,0,N,YU,5541
2/3/2021,18:57,Wednesday,KIPLING STATION,MUTO,4,7,E,BD,5048
2/3/2021,19:02,Wednesday,DAVISVILLE STATION,MUI,3,6,N,YU,5916
2/3/2021,19:41,Wednesday,WILSON STATION,MUPAA,0,0,N,YU,5476
2/3/2021,19:53,Wednesday,DUFFERIN STATION,PUTDN,15,21,W,BD,5161
2/3/2021,22:00,Wednesday,YONGE-UNIVERSITY AND B,MUO,0,0,,YU/BD,0
2/3/2021,22:03,Wednesday,GLENCAIRN STATION,MUPR1,39,44,S,YU,5956
2/3/2021,22:49,Wednesday,LAWRENCE WEST STATION,MUI,4,9,S,YU,5681
2/3/2021,23:00,Wednesday,WARDEN TO KENNEDY,MUO,0,0,,BD,0
2/4/2021,00:15,Thursday,VICTORIA PARK STATION,SUDP,0,0,,BD,0
2/4/2021,01:03,Thursday,UNION STATION,SUDP,0,0,S,YU,5511
2/4/2021,01:10,Thursday,BLOOR STATION,SUROB,0,0,,YU,0
2/4/2021,01:45,Thursday,LAWRENCE STATION,TUSC,0,0,S,,5596
2/4/2021,01:47,Thursday,KIPLING STATION,MUIS,0,0,E,BD,5058
2/4/2021,02:01,Thursday,DON MILLS STATION,PUSO,6,11,W,SHP,6156
2/4/2021,02:17,Thursday,FINCH STATION,MUIS,0,0,,YU,0
2/4/2021,07:21,Thursday,ROSEDALE STATION,MUSC,6,9,N,YU,5576
2/4/2021,08:11,Thursday,DAVISVILLE STATION,SUUT,0,0,S,YU,6071
2/4/2021,08:13,Thursday,FINCH STATION,MUSC,0,0,S,YU,6111
2/4/2021,08:19,Thursday,ROSEDALE STATION,MUSAN,3,6,N,YU,5976
2/4/2021,09:10,Thursday,LESLIE STATION,EUSC,0,0,E,SHP,6151
2/4/2021,10:16,Thursday,MAIN STREET STATION,MUIRS,0,0,,BD,0
2/4/2021,10:32,Thursday,ROSEDALE STATION,EUSC,0,0,N,YU,5771
2/4/2021,10:42,Thursday,KENNEDY BD STATION,MUIS,3,6,W,BD,5052
2/4/2021,10:52,Thursday,COXWELL STATION,MUPAA,0,0,W,BD,5085
2/4/2021,10:55,Thursday,EGLINTON WEST STATION,SUDP,6,9,S,YU,5981
2/4/2021,11:02,Thursday,YORK UNIVERSITY STATIO,PUMEL,0,0,,YU,0
2/4/2021,11:06,Thursday,ST CLAIR WEST STATION,MUIRS,0,0,,YU,0
2/4/2021,11:26,Thursday,VAUGHAN MC STATION,SUDP,3,9,S,YU,5986
2/4/2021,13:05,Thursday,CHESTER STATION,MUSC,0,0,E,BD,5177
2/4/2021,13:07,Thursday,ROSEDALE STATION,EUSC,0,0,N,YU,5771
2/4/2021,13:14,Thursday,DUFFERIN STATION,MUIS,0,0,,BD,0
2/4/2021,13:32,Thursday,WARDEN STATION,SUUT,9,12,E,BD,5302
2/4/2021,13:47,Thursday,WARDEN STATION,SUUT,5,8,E,BD,5332
2/4/2021,14:32,Thursday,KEELE STATION,MUSC,0,0,W,BD,5308
2/4/2021,14:40,Thursday,PIONEER VILLAGE STATIO,SUDP,0,0,S,YU,5491
2/4/2021,14:50,Thursday,RUNNYMEDE STATION,PUMO,0,0,,BD,0
2/4/2021,15:21,Thursday,BLOOR STATION,MUIS,0,0,N,YU,0
2/4/2021,15:29,Thursday,WOODBINE STATION,SUDP,0,0,,BD,0
2/4/2021,15:41,Thursday,COLLEGE STATION,MUIRS,0,0,,YU,0
2/4/2021,16:55,Thursday,NORTH YORK CTR STATION,SUDP,3,6,N,YU,6056
2/4/2021,17:17,Thursday,DUFFERIN STATION,MUIR,4,7,W,BD,5108
2/4/2021,17:17,Thursday,OSSINGTON STATION,MUNCA,0,0,,BD,0
2/4/2021,17:21,Thursday,UNION STATION,MUIS,0,0,N,YU,0
2/4/2021,17:23,Thursday,WELLESLEY STATION,MUIRS,0,0,,YU,0
2/4/2021,17:32,Thursday,OSGOODE STATION,EUDO,3,6,S,YU,5766
2/4/2021,18:05,Thursday,WOODBINE STATION,TUOS,3,6,W,BD,5085
2/4/2021,18:21,Thursday,VAUGHAN MC STATION,SUDP,3,6,S,YU,5746
2/4/2021,18:25,Thursday,BLOOR STATION,MUIS,0,0,,YU,0
2/4/2021,18:36,Thursday,FINCH STATION,MUI,3,6,N,YU,5676
2/4/2021,18:44,Thursday,COXWELL STATION,SUDP,3,6,W,BD,5362
2/4/2021,18:55,Thursday,BATHURST STATION,SUAP,4,7,E,BD,5081
2/4/2021,19:08,Thursday,SHERBOURNE STATION,TUMVS,3,6,E,BD,5061
2/4/2021,19:28,Thursday,BLOOR STATION,SUDP,8,11,N,YU,5966
2/4/2021,19:38,Thursday,VAUGHAN MC STATION,EUCD,3,6,S,YU,5766
2/4/2021,20:22,Thursday,PAPE STATION,MUPAA,0,0,E,BD,5124
2/4/2021,20:34,Thursday,DUPONT STATION,SUUT,5,8,N,YU,5516
2/4/2021,20:45,Thursday,KENNEDY BD STATION,PUMEL,0,0,,BD,0
2/4/2021,20:48,Thursday,EGLINTON WEST STATION,MUSAN,3,6,N,YU,5516
2/4/2021,21:17,Thursday,VAUGHAN MC STATION,MUTO,3,8,S,YU,5516
2/4/2021,21:29,Thursday,ST CLAIR WEST STATION,SUDP,8,11,N,YU,5981
2/4/2021,21:59,Thursday,DONLANDS STATION,MUPAA,3,9,E,BD,5302
2/4/2021,22:00,Thursday,YONGE-UNIVERSITY AND B,MUO,0,0,,YU/BD,0
2/4/2021,22:04,Thursday,QUEEN STATION,SUDP,0,0,S,YU,0
2/4/2021,22:25,Thursday,UNION STATION,SUDP,0,0,,YU,0
2/4/2021,22:42,Thursday,OSSINGTON STATION,PUTDN,5,11,W,BD,5331
2/4/2021,23:00,Thursday,BLOOR-DANFORTH SUBWAY,MUO,0,0,,BD,0
2/4/2021,23:16,Thursday,BLOOR STATION,MUIRS,0,0,,YU,0
2/4/2021,23:48,Thursday,SPADINA BD STATION,MUIS,0,0,W,BD,0
2/5/2021,00:35,Friday,FINCH STATION,EUBO,5,10,N,YU,6126
2/5/2021,02:10,Friday,FINCH STATION,MUIS,0,0,,YU,0
2/5/2021,02:17,Friday,ISLINGTON STATION,PUTOE,0,0,,BD,17
2/5/2021,02:26,Friday,ROYAL YORK STATION,PUSSW,6,0,W,BD,5161
2/5/2021,05:46,Friday,WARDEN STATION,MUSC,0,0,E,BD,5302
2/5/2021,06:04,Friday,QUEENS PARK STATION,MUATC,0,0,S,YU,5641
2/5/2021,06:08,Friday,LAWRENCE STATION,TUOS,7,10,N,YU,5931
2/5/2021,06:13,Friday,EGLINTON STATION,MUIRS,0,0,,YU,0
2/5/2021,06:24,Friday,FINCH STATION,SUO,0,0,,YU,0
2/5/2021,06:30,Friday,MCCOWAN STATION,ERME,5,12,,SRT,3000
2/5/2021,06:34,Friday,GREENWOOD STATION,MUTO,3,6,E,BD,5256
2/5/2021,07:07,Friday,FINCH STATION,SUO,3,6,S,YU,5741
2/5/2021,07:10,Friday,MCCOWAN STATION,ERCD,3,10,S,SRT,3000
2/5/2021,08:04,Friday,YORK MILLS STATION,EUSC,3,6,S,YU,5876
2/5/2021,08:26,Friday,SHEPPARD STATION,SUAP,0,0,S,YU,0
2/5/2021,08:30,Friday,ISLINGTON STATION,TUSC,0,0,E,BD,5302
2/5/2021,08:34,Friday,SHEPPARD-YONGE STATION,SUUT,0,0,W,SHP,6186
2/5/2021,08:43,Friday,COLLEGE STATION,MUIS,0,0,,YU,0
2/5/2021,09:36,Friday,YORK MILLS STATION,SUAP,0,0,N,YU,5491
2/5/2021,09:52,Friday,FINCH STATION,MUSC,0,0,S,YU,5741
2/5/2021,11:47,Friday,BAYVIEW STATION,TUOPO,3,8,W,SHP,6156
2/5/2021,12:04,Friday,NORTH YORK CTR STATION,MUPAA,5,8,N,YU,6086
2/5/2021,12:13,Friday,RUNNYMEDE STATION,MUIS,0,0,,BD,0
2/5/2021,12:30,Friday,RUNNYMEDE STATION,MUI,0,0,W,BD,5362
2/5/2021,12:51,Friday,QUEEN STATION,MUIR,0,0,S,YU,5681
2/5/2021,12:54,Friday,HIGH PARK STATION,TUO,3,6,E,BD,5362
2/5/2021,12:54,Friday,HIGH PARK STATION,TUO,3,6,E,BD,0
2/5/2021,13:11,Friday,ST GEORGE YU STATION,MUPAA,0,0,S,YU,5616
2/5/2021,13:22,Friday,LANSDOWNE STATION,SUAP,0,0,E,BD,0
2/5/2021,13:50,Friday,OLD MILL STATION,MUIR,10,13,W,BD,5101
2/5/2021,13:52,Friday,BROADVIEW STATION,MUIS,0,0,,BD,0
2/5/2021,14:07,Friday,LAWRENCE WEST STATION,PUMEL,0,0,,YU,0
2/5/2021,14:17,Friday,NORTH YORK CTR STATION,MUSAN,3,6,S,YU,5806
2/5/2021,14:57,Friday,VAUGHAN MC STATION,MUIS,0,0,S,YU,5756
2/5/2021,15:08,Friday,YORK UNIVERSITY STATIO,MUSAN,3,6,N,YU,6116
2/5/2021,15:10,Friday,KENNEDY BD STATION,PUSCR,3,6,E,BD,5123
2/5/2021,15:32,Friday,MAIN STREET STATION,MUDD,0,0,W,BD,5123
2/5/2021,15:41,Friday,BATHURST STATION,MUD,3,6,W,BD,5067
2/5/2021,16:10,Friday,SHEPPARD WEST STATION,MUPAA,0,0,S,YU,5471
2/5/2021,16:26,Friday,CHESTER STATION,PUMEL,0,0,W,BD,0
2/5/2021,17:44,Friday,DUPONT STATION,MUIS,0,0,,YU,0
2/5/2021,17:52,Friday,UNION STATION,SUAP,0,0,N,YU,6056
2/5/2021,18:34,Friday,BLOOR STATION,SUAE,0,0,,YU,0
2/5/2021,18:38,Friday,YORKDALE STATION,SUDP,0,0,S,YU,5591
2/5/2021,19:14,Friday,DAVISVILLE STATION,MUI,3,6,N,YU,5676
2/5/2021,19:17,Friday,EGLINTON STATION,SUDP,8,11,N,YU,5556
2/5/2021,19:33,Friday,BAYVIEW STATION,MUSC,5,10,E,SHP,6146
2/5/2021,20:12,Friday,KIPLING STATION,PUCSC,0,0,W,BD,5366
2/5/2021,20:19,Friday,DUFFERIN STATION,SUDP,0,0,,BD,0
2/5/2021,20:33,Friday,CHESTER STATION,SUDP,0,0,W,BD,5067
2/5/2021,21:05,Friday,BROADVIEW STATION,MUIS,0,0,,BD,0
2/5/2021,21:53,Friday,KENNEDY BD STATION,SUDP,7,13,E,BD,5177
2/5/2021,22:00,Friday,YONGE-UNIVERSITY AND B,MUO,0,0,,YU/BD,0
2/5/2021,22:20,Friday,ST CLAIR STATION,TUOS,3,8,S,YU,6116
2/5/2021,22:22,Friday,KIPLING STATION,TUMVS,0,0,W,BD,5247
2/5/2021,22:39,Friday,RUNNYMEDE STATION,TUO,6,12,E,BD,5104
2/5/2021,22:40,Friday,ST CLAIR STATION,EUBO,0,0,S,YU,6041
2/5/2021,23:18,Friday,GLENCAIRN STATION,EUCD,5,10,N,YU,6041
2/5/2021,23:31,Friday,KENNEDY BD STATION,SUDP,6,12,W,BD,5101
2/5/2021,23:38,Friday,DAVISVILLE STATION,TUNOA,5,10,S,YU,5676
2/6/2021,00:02,Saturday,FINCH WEST STATION,PUMEL,0,0,,YU,0
2/6/2021,01:31,Saturday,SHEPPARD WEST STATION,SUDP,0,0,S,YU,5796
2/6/2021,02:02,Saturday,SCARBOROUGH CTR STATIO,PREL,0,0,,SRT,0
2/6/2021,02:06,Saturday,KIPLING STATION,SUDP,0,0,,BD,5177
2/6/2021,02:09,Saturday,KENNEDY BD STATION,SUDP,0,0,,BD,0
2/6/2021,06:00,Saturday,YONGE UNIVERSITY LINE,MUO,0,0,,YU,0
2/6/2021,07:33,Saturday,SHEPPARD-YONGE STATION,TUSC,0,0,E,SHP,6156
2/6/2021,10:18,Saturday,ST CLAIR STATION,SUDP,0,0,N,YU,6116
2/6/2021,10:23,Saturday,ROSEDALE STATION,MUSC,0,0,N,YU,6036
2/6/2021,11:14,Saturday,SPADINA YUS STATION,SUDP,4,9,N,YU,5571
2/6/2021,11:27,Saturday,KIPLING STATION,MUIS,0,0,,BD,0
2/6/2021,11:31,Saturday,KIPLING STATION,PUCSC,3,8,E,BD,5151
2/6/2021,12:02,Saturday,ROYAL YORK STATION,SUO,0,0,E,BD,0
2/6/2021,12:38,Saturday,DAVISVILLE BUILD UP,MUO,0,0,S,YU,5556
2/6/2021,12:44,Saturday,ST CLAIR WEST STATION,SUDP,0,0,,YU,4439
2/6/2021,13:04,Saturday,BAY STATION,SUDP,10,14,E,BD,5059
2/6/2021,14:43,Saturday,QUEEN STATION,PUMST,0,0,N,YU,0
2/6/2021,14:54,Saturday,DAVISVILLE STATION,EUDO,0,0,S,YU,5761
2/6/2021,16:00,Saturday,VAUGHAN MC STATION,EUCD,5,10,S,YU,5761
2/6/2021,16:07,Saturday,ROYAL YORK STATION,MUSAN,3,7,E,BD,5311
2/6/2021,16:53,Saturday,DUNDAS STATION,MUIS,0,0,S,YU,0
2/6/2021,17:08,Saturday,ROSEDALE STATION,EUSC,5,10,N,YU,5761
2/6/2021,17:23,Saturday,WELLESLEY STATION,MUATC,0,0,N,YU,5916
2/6/2021,17:27,Saturday,DUFFERIN STATION,SUAP,11,15,W,BD,5159
2/6/2021,17:42,Saturday,WELLESLEY STATION,SUDP,0,0,S,YU,5461
2/6/2021,17:45,Saturday,WELLESLEY STATION,SUUT,0,0,S,YU,5461
2/6/2021,17:58,Saturday,WELLESLEY STATION,MUIS,0,0,,YU,0
2/6/2021,18:02,Saturday,ST CLAIR STATION,MUIR,0,0,N,YU,5796
2/6/2021,18:20,Saturday,MUSEUM STATION,MUIRS,0,0,S,YU,0
2/6/2021,18:33,Saturday,DUNDAS STATION,MUIS,0,0,,YU,0
2/6/2021,18:43,Saturday,ST CLAIR STATION,MUIS,0,0,,YU,0
2/6/2021,18:48,Saturday,DON MILLS STATION,MUO,0,0,W,SHP,6141
2/6/2021,19:02,Saturday,PAPE STATION,MUIS,0,0,,BD,0
2/6/2021,19:33,Saturday,VAUGHAN MC STATION,TUNIP,5,10,S,YU,5526
2/6/2021,20:12,Saturday,VAUGHAN MC STATION,MUTO,5,10,S,YU,5856
2/6/2021,20:13,Saturday,DONLANDS STATION,TUO,6,12,E,BD,5055
2/6/2021,21:54,Saturday,HIGH PARK STATION,MUD,7,13,E,BD,5351
2/6/2021,22:00,Saturday,YONGE-UNIVERSITY AND B,MUO,0,0,,YU/BD,0
2/6/2021,22:37,Saturday,YORKDALE STATION,SUDP,0,0,,YU,0
2/6/2021,22:48,Saturday,VICTORIA PARK STATION,PUSTS,0,0,W,BD,5123
2/6/2021,23:12,Saturday,ST CLAIR STATION,MUIR,28,33,N,YU,6001
2/6/2021,23:29,Saturday,JANE STATION,MUIS,0,0,,BD,0
2/6/2021,23:48,Saturday,DAVISVILLE STATION,TUSC,0,0,S,YU,6006
2/6/2021,23:55,Saturday,ROSEDALE STATION,MUATC,0,0,S,YU,6006
2/7/2021,01:06,Sunday,FINCH STATION,MUIS,0,0,,YU,0
2/7/2021,01:50,Sunday,DAVISVILLE CARHOUSE,MUIE,0,0,,YU,0
2/7/2021,07:07,Sunday,ST PATRICK STATION,MUNCA,0,0,,YU,0
2/7/2021,08:00,Sunday,YONGE UNIVERSITY LINE,MUO,0,0,,YU,0
2/7/2021,08:36,Sunday,HIGH PARK STATION,TUOS,0,0,E,BD,5072
2/7/2021,08:38,Sunday,ROSEDALE STATION,MUATC,11,16,S,YU,5671
2/7/2021,09:38,Sunday,LAWRENCE WEST STATION,MUIS,0,0,,YU,0
2/7/2021,09:59,Sunday,ST CLAIR STATION,SUUT,6,11,N,YU,5896
2/7/2021,10:25,Sunday,VAUGHAN MC STATION,TUNIP,4,9,S,YU,5551
2/7/2021,10:48,Sunday,COXWELL STATION,MUIS,0,0,,BD,0
2/7/2021,13:15,Sunday,LANSDOWNE STATION,MUIS,0,0,,BD,0
2/7/2021,14:17,Sunday,KENNEDY BD STATION,MUIS,0,0,,BD,0
2/7/2021,14:50,Sunday,ST CLAIR STATION,PUMST,0,0,,YU,0
2/7/2021,18:16,Sunday,DUNDAS STATION,MUIS,0,0,,YU,0
2/7/2021,19:56,Sunday,KEELE STATION,TUOS,3,7,E,BD,5186
2/7/2021,21:04,Sunday,VAUGHAN MC STATION,MUSAN,4,8,S,YU,5721
2/7/2021,21:17,Sunday,VAUGHAN MC STATION,MUTO,3,7,S,YU,5891
2/7/2021,21:35,Sunday,ST GEORGE BD STATION,MUIS,0,0,,BD,0
2/7/2021,22:00,Sunday,YONGE-UNIVERSITY AND B,MUO,0,0,,YU/BD,0
2/7/2021,22:25,Sunday,OLD MILL STATION,TUMVS,0,0,W,BD,5314
2/7/2021,22:27,Sunday,ROYAL YORK STATION,MUO,5,10,W,BD,5314
2/7/2021,23:22,Sunday,SHEPPARD WEST STATION,MUPAA,3,8,N,YU,6021
2/7/2021,23:46,Sunday,SHEPPARD-YONGE STATION,EUDO,5,10,E,SHP,6146
2/8/2021,01:08,Monday,BLOOR STATION,SUDP,6,11,N,YU,5666
2/8/2021,01:14,Monday,YONGE BD STATION,SUDP,0,0,W,BD,5134
2/8/2021,01:30,Monday,KIPLING STATION,MUI,0,0,E,BD,0
2/8/2021,02:35,Monday,SHEPPARD-YONGE STATION,MUIS,0,0,,SHP,0
2/8/2021,03:38,Monday,PIONEER VILLAGE STATIO,MUIS,0,0,,YU,0
2/8/2021,05:47,Monday,GREENWOOD STATION,EUYRD,11,0,E,BD,5282
2/8/2021,06:26,Monday,JANE STATION,MUIE,0,0,W,BD,5048
2/8/2021,06:35,Monday,YORK MILLS STATION,EUSC,0,0,S,YU,5601
2/8/2021,08:03,Monday,ST GEORGE YU STATION,MUIRS,0,0,S,YU,5571
2/8/2021,09:00,Monday,VAUGHAN MC STATION,MUO,3,6,S,YU,5591
2/8/2021,09:02,Monday,ST CLAIR WEST STATION,MUSAN,3,6,N,YU,5891
2/8/2021,09:13,Monday,RUNNYMEDE STATION,PUMST,0,0,,BD,0
2/8/2021,09:30,Monday,BLOOR STATION,SUO,0,0,S,YU,5761
2/8/2021,09:37,Monday,YONGE BD STATION,SUPOL,0,0,W,BD,5104
2/8/2021,09:43,Monday,WILSON STATION,PUSSW,11,14,S,YU,5551
2/8/2021,11:40,Monday,SPADINA BD STATION,EUDO,3,6,E,BD,5318
2/8/2021,11:54,Monday,PAPE STATION,EUCD,3,6,E,BD,5318
2/8/2021,12:01,Monday,ST PATRICK STATION,MUIS,0,0,N,YU,0
2/8/2021,12:41,Monday,ROSEDALE STATION,MUATC,5,8,S,YU,5661
2/8/2021,12:55,Monday,CHRISTIE STATION,SUDP,0,0,,BD,0
2/8/2021,13:05,Monday,LANSDOWNE STATION,MUIRS,0,0,E,BD,5331
2/8/2021,13:37,Monday,DAVISVILLE STATION,SUDP,7,10,S,YU,6126
2/8/2021,15:11,Monday,ROSEDALE STATION,MUATC,4,7,S,YU,5661
2/8/2021,15:56,Monday,BATHURST STATION,SUDP,0,0,E,BD,5146
2/8/2021,16:34,Monday,VICTORIA PARK STATION,MUPAA,0,0,W,BD,5092
2/8/2021,16:34,Monday,KING STATION,SUDP,0,0,,YU,0
2/8/2021,17:06,Monday,EGLINTON STATION,PUCSC,4,7,S,YU,5461
2/8/2021,17:29,Monday,EGLINTON STATION,MUIS,0,0,,YU,0
2/8/2021,18:43,Monday,FINCH STATION,PUMEL,0,0,,YU,0
2/8/2021,18:48,Monday,PAPE STATION,SUO,0,0,,BD,0
2/8/2021,18:53,Monday,BLOOR STATION,SUDP,3,6,N,YU,6001
2/8/2021,20:10,Monday,EGLINTON WEST STATION,MUPAA,0,0,N,YU,6006
2/8/2021,21:47,Monday,ROSEDALE STATION,MUATC,5,8,S,YU,5726
2/8/2021,21:53,Monday,BLOOR STATION,MUATC,4,7,S,YU,5726
2/8/2021,21:58,Monday,OLD MILL STATION,MUSAN,0,0,W,BD,5351
2/8/2021,22:00,Monday,YONGE-UNIVERSITY AND B,MUO,0,0,,YU/BD,0
2/8/2021,22:30,Monday,SPADINA BD STATION,MUSAN,5,11,E,BD,5158
2/8/2021,22:58,Monday,YONGE BD STATION,EUBK,11,17,W,BD,5161
2/8/2021,23:00,Monday,YONGE UNIVERSITY LINE,MUO,0,0,,YU,0
2/8/2021,23:42,Monday,BLOOR STATION,MUIR,4,9,N,YU,5546
2/9/2021,00:02,Tuesday,SHEPPARD-YONGE STATION,EUDO,0,0,E,SHP,6166
2/9/2021,00:19,Tuesday,ISLINGTON STATION,SUDP,9,15,E,BD,5332
2/9/2021,00:50,Tuesday,SHERBOURNE STATION,SUDP,8,14,E,BD,5332
2/9/2021,01:55,Tuesday,KENNEDY BD STATION,MUIS,0,0,,BD,0
2/9/2021,05:46,Tuesday,GREENWOOD STATION,MUTO,5,0,E,BD,5056
2/9/2021,06:05,Tuesday,ROSEDALE STATION,MUATC,3,6,S,YU,5516
2/9/2021,06:14,Tuesday,VICTORIA PARK STATION,MUSC,0,0,E,BD,5332
2/9/2021,06:30,Tuesday,FINCH STATION,EUSC,0,0,S,YU,5896
2/9/2021,06:39,Tuesday,QUEEN'S QUAY STATION,PUMEL,0,0,,YU,0
2/9/2021,07:09,Tuesday,UNION STATION,MUIRS,0,0,,YU,0
2/9/2021,07:42,Tuesday,DUPONT STATION,EUTRD,9,12,S,YU,5771
2/9/2021,07:54,Tuesday,CHRISTIE STATION,EUDO,6,9,W,BD,5318
2/9/2021,08:02,Tuesday,DUFFERIN STATION,EUCD,3,6,W,BD,5318
2/9/2021,08:50,Tuesday,ROSEDALE STATION,MUATC,4,7,S,YU,5516
2/9/2021,09:10,Tuesday,LAWRENCE STATION,MUSC,0,0,N,YU,6046
2/9/2021,10:25,Tuesday,DUNDAS WEST STATION,TUMVS,4,7,W,BD,5101
2/9/2021,11:16,Tuesday,COLLEGE STATION,SUO,5,8,N,YU,5811
2/9/2021,11:28,Tuesday,VAUGHAN MC STATION,SUAP,3,6,S,YU,5551
2/9/2021,11:57,Tuesday,EGLINTON WEST STATION,MUPAA,0,0,S,YU,5551
2/9/2021,12:45,Tuesday,WOODBINE STATION,EUPI,3,6,E,BD,5048
2/9/2021,12:48,Tuesday,FINCH STATION,MUSC,0,0,S,YU,5551
2/9/2021,14:45,Tuesday,EGLINTON STATION,SUAP,0,0,,YU,0
2/9/2021,14:49,Tuesday,KIPLING STATION,MUIS,0,0,,BD,0
2/9/2021,14:52,Tuesday,VICTORIA PARK STATION,SUEAS,12,15,E,BD,5186
2/9/2021,15:08,Tuesday,ROSEDALE STATION,TUSC,0,0,N,YU,5551
2/9/2021,15:31,Tuesday,VICTORIA PARK STATION,TUSUP,7,10,W,BD,5069
2/9/2021,16:06,Tuesday,FINCH STATION,MUIR,3,6,S,YU,5531
2/9/2021,16:57,Tuesday,YORKDALE STATION,MUATC,0,0,S,YU,5961
2/9/2021,17:01,Tuesday,QUEEN STATION,SUUT,15,18,N,YU,5751
2/9/2021,17:30,Tuesday,ST CLAIR STATION,MUTO,7,10,N,YU,5751
2/9/2021,18:11,Tuesday,ST PATRICK STATION,MUSAN,3,6,S,YU,5911
2/9/2021,18:23,Tuesday,DAVISVILLE STATION,MUNCA,0,0,,YU,0
2/9/2021,19:12,Tuesday,LANSDOWNE STATION,MUIS,0,0,W,BD,0
2/9/2021,20:08,Tuesday,ISLINGTON STATION,SUDP,0,0,E,BD,5293
2/9/2021,20:17,Tuesday,BLOOR STATION,MUIS,0,0,S,YU,0
2/9/2021,20:37,Tuesday,WARDEN STATION,MUIS,0,0,,BD,0
2/9/2021,20:43,Tuesday,KENNEDY BD STATION,PUSNT,0,0,W,BD,5106
2/9/2021,20:46,Tuesday,YONGE BD STATION,MUO,3,9,E,BD,5351
2/9/2021,20:55,Tuesday,YORK MILLS STATION,TUSC,0,0,S,YU,5021
2/9/2021,21:06,Tuesday,VICTORIA PARK STATION,SUDP,0,0,E,BD,5259
2/9/2021,21:28,Tuesday,ROSEDALE STATION,SUAP,7,12,N,YU,5636
2/9/2021,21:43,Tuesday,KEELE STATION,SUDP,0,0,W,BD,5159
2/9/2021,22:00,Tuesday,YONGE-UNIVERSITY AND B,MUO,0,0,,YU / BD,0
2/9/2021,22:40,Tuesday,MAIN STREET STATION,MUIS,0,0,,BD,0
2/9/2021,23:00,Tuesday,YONGE UNIVERSITY LINE,MUO,0,0,,YU,0
2/9/2021,23:27,Tuesday,WILSON STATION,SUDP,0,0,,YU,0
2/10/2021,05:42,Wednesday,DAVISVILLE YARD,PUTSM,5,10,N,YU,6061
2/10/2021,06:08,Wednesday,KENNEDY BD STATION,EUNT,4,7,W,BD,5313
2/10/2021,06:22,Wednesday,SHEPPARD WEST STATION,MUNOA,4,8,N,YU,0
2/10/2021,06:23,Wednesday,FINCH STATION,MUSC,0,0,S,YU,5451
2/10/2021,06:46,Wednesday,GREENWOOD STATION,MUTO,4,0,E,BD,5117
2/10/2021,06:51,Wednesday,FINCH STATION,MUSC,0,0,S,YU,5976
2/10/2021,07:18,Wednesday,EGLINTON STATION,MUIS,0,0,,YU,0
2/10/2021,08:17,Wednesday,ST CLAIR STATION,SUDP,6,9,N,YU,5396
2/10/2021,08:28,Wednesday,EGLINTON WEST STATION,EUDO,7,10,S,YU,5576
2/10/2021,09:16,Wednesday,SHEPPARD WEST STATION,MUSAN,4,7,N,YU,5561
2/10/2021,09:53,Wednesday,KIPLING STATION,MUI,0,0,,BD,5056
2/10/2021,09:56,Wednesday,YONGE STATION,SUAE,0,0,,BD,0
2/10/2021,10:30,Wednesday,DUNDAS WEST STATION,SUDP,5,8,E,BD,5117
2/10/2021,11:00,Wednesday,VAUGHAN MC STATION,MUESA,3,6,S,YU,5616
2/10/2021,11:02,Wednesday,ROSEDALE STATION,MUATC,6,9,S,YU,5731
2/10/2021,11:39,Wednesday,DONLANDS STATION,PUSO,4,7,E,BD,5072
2/10/2021,11:55,Wednesday,ISLINGTON STATION,PUMEL,0,0,,BD,0
2/10/2021,12:12,Wednesday,WOODBINE STATION,SUROB,5,8,W,BD,5354
2/10/2021,12:20,Wednesday,ST CLAIR STATION,MUPAA,0,0,N,YU,6031
2/10/2021,12:50,Wednesday,ISLINGTON STATION,TUMVS,4,7,E,BD,5317
2/10/2021,13:17,Wednesday,FINCH STATION,MUSC,0,0,S,YU,5731
2/10/2021,13:19,Wednesday,OSGOODE STATION,EUDO,7,10,N,YU,5601
2/10/2021,14:21,Wednesday,MAIN STREET STATION,SUAE,17,20,E,BD,5010
2/10/2021,14:38,Wednesday,VICTORIA PARK STATION,TUMVS,0,0,W,BD,5050
2/10/2021,15:05,Wednesday,ST GEORGE BD STATION,MUIR,0,0,E,BD,5351
2/10/2021,15:53,Wednesday,WARDEN STATION,SUUT,0,0,W,BD,5055
2/10/2021,16:20,Wednesday,VAUGHAN MC STATION,MUTO,3,6,S,YU,0
2/10/2021,16:57,Wednesday,ST GEORGE BD STATION,SUDP,0,0,E,BD,5056
2/10/2021,17:03,Wednesday,LAWRENCE WEST STATION,SUDP,6,9,S,YU,6031
2/10/2021,17:17,Wednesday,ST CLAIR STATION,MUNCA,0,0,,YU,0
2/10/2021,17:33,Wednesday,GREENWOOD STATION,MUO,0,0,E,BD,5190
2/10/2021,17:52,Wednesday,ISLINGTON STATION,MUSAN,0,0,E,BD,5368
2/10/2021,18:25,Wednesday,YONGE BD STATION,SUDP,19,22,E,BD,5204
2/10/2021,18:49,Wednesday,HIGH PARK STATION,SUDP,0,0,E,BD,5314
2/10/2021,19:04,Wednesday,YORKDALE STATION,MUIS,0,0,,YU,0
2/10/2021,19:08,Wednesday,DONLANDS STATION,SUO,4,7,E,BD,5332
2/10/2021,19:20,Wednesday,COXWELL STATION,MUIS,0,0,,BD,0
2/10/2021,19:44,Wednesday,PAPE STATION,SUDP,4,10,E,BD,5284
2/10/2021,19:45,Wednesday,KENNEDY BD STATION,MUPAA,0,0,E,BD,5117
2/10/2021,20:15,Wednesday,BAY STATION,SUDP,0,0,E,BD,5301
2/10/2021,22:00,Wednesday,YONGE-UNIVERSITY AND B,MUO,0,0,,YU / BD,0
2/10/2021,22:19,Wednesday,KIPLING STATION,SUAP,17,23,E,BD,5314
2/10/2021,22:29,Wednesday,SHEPPARD-YONGE STATION,PUMEL,0,0,,SHP,0
2/10/2021,23:46,Wednesday,KENNEDY BD STATION,PUMEL,0,0,,BD,0
2/10/2021,23:47,Wednesday,KENNEDY BD STATION,SUDP,0,0,W,BD,5354
2/11/2021,00:13,Thursday,SPADINA BD STATION,MUIRS,0,0,E,BD,0
2/11/2021,01:01,Thursday,KENNEDY BD STATION,MUI,6,12,,BD,5069
2/11/2021,01:12,Thursday,GREENWOOD CARHOUSE,MUIE,0,0,,,0
2/11/2021,05:00,Thursday,SPADINA BD STATION,PUSNT,0,0,W,BD,17
2/11/2021,05:53,Thursday,BLOOR STATION,PUTWZ,6,0,S,YU,5966
2/11/2021,09:27,Thursday,LESLIE STATION,PUSTS,5,10,E,SHP,6141
2/11/2021,10:10,Thursday,VICTORIA PARK STATION,PUTO,4,7,W,BD,5351
2/11/2021,10:12,Thursday,VICTORIA PARK STATION,TUMVS,0,0,W,BD,5209
2/11/2021,10:21,Thursday,BATHURST STATION,PUMST,0,0,,BD,0
2/11/2021,10:40,Thursday,BLOOR STATION,MUIRS,0,0,S,YU,0
2/11/2021,12:04,Thursday,COXWELL STATION,EUO,3,6,W,BD,5302
2/11/2021,12:13,Thursday,VICTORIA PARK STATION,PUTO,0,0,W,BD,5134
2/11/2021,13:38,Thursday,COXWELL STATION,MUSAN,0,0,E,BD,5043
2/11/2021,13:43,Thursday,VICTORIA PARK STATION,PUTO,4,7,W,BD,5209
2/11/2021,13:45,Thursday,FINCH STATION,MUTO,3,6,S,YU,5786
2/11/2021,13:46,Thursday,PIONEER VILLAGE STATIO,PUMEL,0,0,,YU,0
2/11/2021,13:54,Thursday,VICTORIA PARK STATION,TUMVS,0,0,W,BD,5134
2/11/2021,13:57,Thursday,BATHURST STATION,MUPAA,3,6,W,BD,5351
2/11/2021,16:15,Thursday,SHEPPARD-YONGE STATION,EUDO,5,10,E,SHP,6166
2/11/2021,17:49,Thursday,COXWELL STATION,MUSAN,4,7,E,BD,5170
2/11/2021,18:55,Thursday,KEELE STATION,MUIRS,0,0,E,BD,0
2/11/2021,19:17,Thursday,MAIN STREET STATION,MUIS,0,0,,BD,0
2/11/2021,20:06,Thursday,FINCH STATION,MUSAN,3,6,S,YU,5856
2/11/2021,22:00,Thursday,YONGE-UNIVERSITY AND B,MUO,0,0,,YU / BD,0
2/11/2021,22:23,Thursday,WELLESLEY STATION,MUIS,0,0,,YU,0
2/11/2021,23:00,Thursday,YONGE UNIVERSITY LINE,MUO,0,0,,YU,0
2/12/2021,00:16,Friday,SCARBOROUGH CTR STATIO,ERDO,4,11,N,SRT,3025
2/12/2021,00:55,Friday,WELLESLEY STATION,MUIS,0,0,N,YU,5936
2/12/2021,01:44,Friday,SHEPPARD WEST STATION,SUDP,0,0,N,YU,5456
2/12/2021,06:44,Friday,OLD MILL STATION,MUSC,0,0,E,BD,5312
2/12/2021,07:45,Friday,FINCH STATION,MUIR,3,6,S,YU,5441
2/12/2021,07:55,Friday,KIPLING STATION,EUNT,3,6,E,BD,5085
2/12/2021,08:16,Friday,BAYVIEW STATION,MUIRS,0,0,,SHP,0
2/12/2021,08:39,Friday,SHEPPARD STATION,SUAE,0,0,,YU,0
2/12/2021,09:18,Friday,KIPLING STATION,MUSAN,3,6,E,BD,5343
2/12/2021,09:52,Friday,YORK MILLS STATION,PUTO,19,22,N,YU,5951
2/12/2021,10:01,Friday,LAWRENCE EAST STATION,MRTO,5,10,N,SRT,3017
2/12/2021,10:06,Friday,KEELE STATION,PUSRA,5,8,E,BD,5343
2/12/2021,10:38,Friday,LAWRENCE WEST STATION,MUIS,0,0,N,YU,0
2/12/2021,10:40,Friday,BLOOR STATION,MUATC,3,6,N,YU,6131
2/12/2021,11:33,Friday,DUNDAS STATION,MUPAA,0,0,N,YU,5396
2/12/2021,11:58,Friday,VAUGHAN MC STATION,MUNOA,3,6,S,YU,5496
2/12/2021,13:18,Friday,SHEPPARD-YONGE STATION,TUSC,0,0,E,SHP,5156
2/12/2021,13:58,Friday,YONGE BD STATION,SUDP,3,6,E,BD,5015
2/12/2021,14:33,Friday,QUEEN STATION,MUIRS,0,0,,YU,0
2/12/2021,14:35,Friday,KENNEDY BD STATION,PUTIJ,4,7,E,BD,5170
2/12/2021,15:09,Friday,KEELE STATION,MUSC,0,0,W,BD,5368
2/12/2021,15:33,Friday,GREENWOOD STATION,PUTDN,3,6,E,BD,5056
2/12/2021,15:43,Friday,ISLINGTON STATION,TUSC,0,0,W,BD,5246
2/12/2021,15:59,Friday,GREENWOOD STATION,PUTDN,6,9,E,BD,5312
2/12/2021,16:48,Friday,QUEEN'S PARK STATION,MUNCA,0,0,,YU,0
2/12/2021,17:03,Friday,WILSON STATION,SUDP,0,0,N,YU,5861
2/12/2021,18:23,Friday,DUNDAS STATION,SUDP,0,0,,YU,0
2/12/2021,18:38,Friday,WARDEN STATION,MUD,9,12,E,BD,5196
2/12/2021,19:14,Friday,KENNEDY BD STATION,MUIR,0,0,W,BD,5092
2/12/2021,21:05,Friday,COLLEGE STATION,SUDP,0,0,,YU,0
2/12/2021,21:27,Friday,CASTLE FRANK STATION,MUIR,0,0,,BD,0
2/12/2021,21:37,Friday,KING STATION,PUMEL,0,0,,YU,0
2/12/2021,21:39,Friday,ST GEORGE YU STATION,MUIS,0,0,,YU,0
2/12/2021,21:51,Friday,VAUGHAN MC STATION,SUDP,0,0,S,YU,5851
2/12/2021,22:00,Friday,YONGE-UNIVERSITY AND B,MUO,0,0,,YU/BD,0
2/12/2021,23:15,Friday,FINCH STATION,MUI,0,0,S,YU,5981
2/13/2021,00:06,Saturday,GREENWOOD YARD,PUTOE,0,0,,BD,0
2/13/2021,00:23,Saturday,KEELE STATION,MUSC,0,0,E,BD,5056
2/13/2021,00:36,Saturday,KING STATION,SUO,12,17,N,YU,5956
2/13/2021,01:11,Saturday,SHEPPARD STATION,MUPAA,4,9,N,YU,5956
2/13/2021,02:00,Saturday,KENNEDY BD STATION,MUIS,0,0,,BD,0
2/13/2021,05:42,Saturday,SHERBOURNE STATION,MUNCA,0,0,,BD,0
2/13/2021,06:01,Saturday,KENNEDY BD STATION,PUSRA,6,12,W,BD,5085
2/13/2021,09:40,Saturday,KIPLING STATION,TUNIP,5,10,E,BD,5124
2/13/2021,10:07,Saturday,BLOOR STATION,SUDP,5,10,S,YU,5381
2/13/2021,11:06,Saturday,WELLESLEY STATION,SUEAS,12,17,S,YU,5976
2/13/2021,11:27,Saturday,WILSON STATION,MUNOA,3,6,S,YU,0
2/13/2021,11:47,Saturday,KENNEDY BD STATION,TUO,0,0,E,BD,5293
2/13/2021,12:14,Saturday,FINCH STATION,MUSAN,3,6,S,YU,6006
2/13/2021,12:25,Saturday,DOWNSVIEW PARK STATION,SUDP,4,7,S,YU,5476
2/13/2021,13:14,Saturday,WILSON YARD,TUNIP,3,6,S,YU,5786
2/13/2021,13:23,Saturday,ROSEDALE STATION,MUATC,5,8,S,YU,5751
2/13/2021,13:30,Saturday,BLOOR STATION,MUATC,3,6,S,YU,5751
2/13/2021,14:08,Saturday,VAUGHAN MC STATION,MUNOA,3,6,S,YU,0
2/13/2021,14:27,Saturday,MUSEUM STATION,MUIS,0,0,N,YU,0
2/13/2021,14:44,Saturday,SHEPPARD WEST STATION,SUDP,0,0,,YU,0
2/13/2021,16:52,Saturday,QUEEN STATION,MUIS,0,0,N,YU,0
2/13/2021,16:56,Saturday,ST CLAIR STATION,SUDP,3,6,N,YU,6121
2/13/2021,18:23,Saturday,DONLANDS STATION,SUROB,0,0,E,BD,5354
2/13/2021,18:58,Saturday,JANE STATION,PUMEL,0,0,,BD,0
2/13/2021,19:15,Saturday,YORK UNIVERSITY STATIO,EUTRD,3,8,N,YU,5741
2/13/2021,19:39,Saturday,VAUGHAN MC STATION,TUO,5,10,S,YU,5666
2/13/2021,20:17,Saturday,DUNDAS STATION,MUIS,0,0,,YU,0
2/13/2021,20:20,Saturday,BAY STATION,SUDP,4,9,E,BD,5282
2/13/2021,20:29,Saturday,SHERBOURNE STATION,SUDP,0,0,E,BD,5046
2/13/2021,20:48,Saturday,EGLINTON STATION,SUDP,0,0,N,YU,6026
2/13/2021,22:00,Saturday,YONGE-UNIVERSITY AND B,MUO,0,0,,YU/BD,0
2/13/2021,22:01,Saturday,WILSON STATION,MUPLB,19,24,S,YU,5421
2/13/2021,22:20,Saturday,EGLINTON STATION (APPR,TUMVS,3,8,S,YU,5776
2/13/2021,22:24,Saturday,ST GEORGE YU STATION,SUDP,12,17,N,YU,5736
2/13/2021,22:55,Saturday,VICTORIA PARK STATION,TUOS,0,0,W,BD,5069
2/13/2021,23:38,Saturday,QUEEN STATION,SUDP,6,11,N,YU,5811
2/14/2021,01:36,Sunday,DUNDAS STATION,MUIS,0,0,,YU,0
2/14/2021,02:11,Sunday,FINCH STATION,MUIS,0,0,,YU,0
2/14/2021,02:18,Sunday,JANE STATION,SUDP,0,0,W,BD,0
2/14/2021,04:25,Sunday,DUNDAS STATION,SUDP,0,0,,YU,0
2/14/2021,07:57,Sunday,WARDEN TO KENNEDY,MUO,0,0,,BD,0
2/14/2021,08:06,Sunday,FINCH STATION,TUSC,0,0,S,YU,5391
2/14/2021,08:27,Sunday,SHEPPARD WEST STATION,EUOE,18,23,N,YU,5656
2/14/2021,08:43,Sunday,WARDEN STATION,EUDO,4,8,W,BD,5048
2/14/2021,09:07,Sunday,DON MILLS STATION,TUMVS,4,9,E,SHP,6166
2/14/2021,09:19,Sunday,VAUGHAN MC STATION,MUTO,5,10,S,YU,5756
2/14/2021,09:40,Sunday,MCCOWAN STATION,PRSA,31,37,N,SRT,3013
2/14/2021,10:05,Sunday,MAIN STREET STATION,SUDP,0,0,,BD,0
2/14/2021,10:31,Sunday,YONGE BD STATION,MUO,3,7,E,BD,5104
2/14/2021,11:13,Sunday,OSSINGTON STATION,MUIRS,0,0,,BD,0
2/14/2021,13:05,Sunday,ROYAL YORK STATION,TUSC,0,0,E,BD,5111
2/14/2021,14:07,Sunday,BESSARION STATION,TUOS,0,0,E,SHP,6186
2/14/2021,14:11,Sunday,FINCH STATION,TUMVS,0,0,N,YU,5851
2/14/2021,14:15,Sunday,YORK MILLS STATION,SUROB,0,0,,YU,0
2/14/2021,15:48,Sunday,ISLINGTON STATION,TUMVS,7,11,E,BD,5151
2/14/2021,18:06,Sunday,OLD MILL STATION,EUSC,0,0,E,BD,5071
2/14/2021,18:14,Sunday,KIPLING STATION,SUDP,4,8,E,BD,5046
2/14/2021,18:24,Sunday,BATHURST STATION,EUSC,0,0,E,BD,5071
2/14/2021,18:33,Sunday,FINCH STATION,MUSC,0,0,S,YU,6036
2/14/2021,19:04,Sunday,GREENWOOD CARHOUSE,MUO,0,0,,BD,0
2/14/2021,20:54,Sunday,HIGH PARK STATION,MUIS,0,0,,BD,0
2/14/2021,22:00,Sunday,YONGE-UNIVERSITY AND B,MUO,0,0,,YU/BD,0
2/14/2021,23:03,Sunday,LAWRENCE STATION,MUPAA,0,0,N,YU,5946
2/14/2021,23:18,Sunday,QUEEN'S PARK STATION,MUIS,0,0,,YU,0
2/15/2021,00:07,Monday,MAIN STREET STATION,MUIS,0,0,,BD,0
2/15/2021,00:09,Monday,KIPLING STATION,PUSIS,5,10,W,BD,5084
2/15/2021,01:26,Monday,KIPLING STATION,PUSIS,5,10,E,BD,5180
2/15/2021,01:27,Monday,SHEPPARD-YONGE STATION,TUSC,0,0,W,SHP,6181
2/15/2021,01:40,Monday,VAUGHAN MC STATION,SUDP,0,0,S,YU,5691
2/15/2021,05:47,Monday,KEELE STATION,TUCC,6,0,W,BD,5331
2/15/2021,05:51,Monday,DAVISVILLE BUILD UP,EUSC,0,0,N,YU,5831
2/15/2021,05:53,Monday,KIPLING STATION,TUCC,13,17,E,BD,5175
2/15/2021,06:43,Monday,EGLINTON STATION,MUIRS,0,0,,YU,0
2/15/2021,07:25,Monday,KIPLING STATION,EUDO,3,7,E,BD,5048
2/15/2021,08:18,Monday,ISLINGTON STATION,TUMVS,3,7,E,BD,5325
2/15/2021,08:58,Monday,COLLEGE STATION,MUIRS,0,0,,YU,0
2/15/2021,09:06,Monday,KENNEDY BD STATION,TUMVS,4,8,E,BD,5325
2/15/2021,09:17,Monday,BAYVIEW STATION,TUSC,0,0,E,SHP,6166
2/15/2021,10:12,Monday,ST PATRICK STATION,MUIRS,0,0,,YU,0
2/15/2021,13:18,Monday,CASTLE FRANK STATION,MUPAA,0,0,E,BD,5050
2/15/2021,14:01,Monday,ST GEORGE YU STATION,SUDP,0,0,N,YU,6001
2/15/2021,15:20,Monday,KIPLING STATION,TUCC,10,15,E,BD,0
2/15/2021,15:32,Monday,YONGE BD STATION,SUDP,5,9,W,BD,5171
2/15/2021,15:34,Monday,ST CLAIR STATION,SUDP,6,10,S,YU,5901
2/15/2021,16:06,Monday,MIDLAND STATION,SRDP,0,0,S,SRT,3002
2/15/2021,16:37,Monday,KIPLING STATION,SUDP,0,0,W,BD,5161
2/15/2021,17:08,Monday,KIPLING STATION,SUAE,0,0,,BD,0
2/15/2021,17:20,Monday,DUNDAS STATION,SUUT,11,15,N,YU,5906
2/15/2021,17:30,Monday,YONGE BD STATION,SUDP,3,8,E,BD,5314
2/15/2021,18:22,Monday,DUFFERIN STATION,SUDP,3,8,E,BD,5071
2/15/2021,18:57,Monday,OSSINGTON STATION,MUPLB,58,62,E,BD,5124
2/15/2021,20:30,Monday,SCARBOROUGH RAPID TRAN,TRST,0,0,,SRT,0
2/15/2021,20:30,Monday,YONGE UNIVERSITY LINE,TUST,0,0,,BD,0
2/15/2021,20:36,Monday,OSSINGTON STATION,MUPLB,116,120,W,BD,5282
2/15/2021,20:51,Monday,KENNEDY BD STATION,SUDP,0,0,,BD,0
2/15/2021,20:53,Monday,KENNEDY BD STATION,MUPLC,0,0,W,BD,5092
2/15/2021,21:16,Monday,SUMMERHILL STATION,MUI,24,29,N,YU,5851
2/15/2021,21:16,Monday,MUSEUM STATION,SUDP,3,8,S,YU,5611
2/15/2021,21:49,Monday,EGLINTON STATION (LEAV,TUMVS,3,8,S,YU,5696
2/15/2021,22:00,Monday,YONGE-UNIVERSITY AND B,MUO,0,0,,YU/BD,0
2/15/2021,22:41,Monday,UNION STATION,MUIRS,0,0,,YU,0
2/15/2021,23:38,Monday,ISLINGTON STATION,MUIS,0,0,,BD,0
2/15/2021,23:56,Monday,EGLINTON STATION,MUPAA,0,0,N,YU,5946
2/16/2021,00:08,Tuesday,DAVISVILLE STATION,PUSIS,5,10,S,YU,5661
2/16/2021,00:40,Tuesday,KENNEDY SRT STATION,ERDO,7,13,N,SRT,3017
2/16/2021,01:59,Tuesday,VAUGHAN MC STATION,MUIS,0,0,,YU,0
2/16/2021,02:22,Tuesday,YONGE-UNIVERSITY AND B,TUML,0,0,,YU/BD,0
2/16/2021,02:40,Tuesday,KENNEDY SRT TO MCCOWA,TRST,0,0,,SRT,3001
2/16/2021,05:11,Tuesday,ELLESMERE STATION,TRNCA,0,0,,SRT,0
2/16/2021,05:30,Tuesday,LESLIE STATION,MUWEA,8,0,E,SHP,6196
2/16/2021,05:44,Tuesday,KEELE STATION,TUML,14,0,W,BD,5063
2/16/2021,05:49,Tuesday,BLOOR STATION,EUNT,0,0,N,YU,6034
2/16/2021,05:50,Tuesday,WILSON STATION,MUATC,0,0,S,YU,5386
2/16/2021,06:00,Tuesday,WILSON STATION,MUNOA,4,8,S,YU,0
2/16/2021,06:02,Tuesday,HIGHWAY 407 STATION,EUNT,4,8,S,YU,6076
2/16/2021,06:06,Tuesday,ROSEDALE STATION,MUSC,0,0,N,YU,5756
2/16/2021,06:08,Tuesday,ROSEDALE STATION,MUATC,0,0,S,YU,5896
2/16/2021,06:17,Tuesday,ISLINGTON STATION,PUSIS,0,0,E,BD,5159
2/16/2021,06:20,Tuesday,ROSEDALE STATION,MUSC,0,0,N,YU,5851
2/16/2021,06:21,Tuesday,WILSON STATION,MUTO,4,8,S,YU,5901
2/16/2021,06:25,Tuesday,WARDEN STATION,PUSIS,0,0,E,BD,5319
2/16/2021,06:35,Tuesday,KIPLING STATION,MUIR,0,0,E,BD,5092
2/16/2021,06:53,Tuesday,WILSON STATION,MUATC,3,7,S,YU,6011
2/16/2021,06:59,Tuesday,FINCH STATION,MUSC,0,0,S,YU,5976
2/16/2021,07:28,Tuesday,VAUGHAN MC STATION,MUTO,4,8,S,YU,5771
2/16/2021,07:36,Tuesday,DONLANDS STATION,EUNT,7,11,W,BD,5166
2/16/2021,07:46,Tuesday,BROADVIEW STATION,EUME,6,10,W,BD,5166
2/16/2021,07:51,Tuesday,WILSON STATION,MUTO,3,6,S,YU,6006
2/16/2021,07:57,Tuesday,YU & BD,MUWEA,0,0,,YU,0
2/16/2021,07:57,Tuesday,LINE 3 SCARBOROUGH RT,TRST,0,0,,SRT,0
2/16/2021,08:36,Tuesday,VAUGHAN MC STATION,MUTO,0,0,S,YU,5736
2/16/2021,08:36,Tuesday,KIPLING STATION,PUSIS,0,0,E,BD,5056
2/16/2021,09:08,Tuesday,LESLIE STATION,PUMEL,0,0,,SHP,0
2/16/2021,09:23,Tuesday,VAUGHAN MC STATION,MUNOA,3,6,S,YU,0
2/16/2021,10:10,Tuesday,FINCH STATION,PUCSC,0,0,N,YU,5966
2/16/2021,11:11,Tuesday,VAUGHAN MC STATION,MUATC,4,7,S,YU,5671
2/16/2021,11:44,Tuesday,OLD MILL STATION,TUOS,3,6,W,BD,5084
2/16/2021,12:00,Tuesday,VAUGHAN MC STATION,TUNIP,3,7,S,YU,5746
2/16/2021,12:34,Tuesday,DAVISVILLE STATION,SUO,0,0,S,YU,6041
2/16/2021,12:45,Tuesday,ROSEDALE STATION,MUATC,3,6,S,YU,5676
2/16/2021,12:58,Tuesday,VAUGHAN MC STATION,MUNOA,3,6,S,YU,0
2/16/2021,13:33,Tuesday,VAUGHAN MC STATION,MUNOA,3,6,S,YU,0
2/16/2021,13:46,Tuesday,VAUGHAN MC STATION,MUNOA,3,6,S,YU,0
2/16/2021,13:57,Tuesday,EGLINTON STATION,SUDP,0,0,S,YU,6136
2/16/2021,14:12,Tuesday,RUNNYMEDE STATION,MUIR,0,0,E,BD,5155
2/16/2021,14:24,Tuesday,VAUGHAN MC STATION,MUNOA,3,6,S,YU,0
2/16/2021,14:45,Tuesday,ST CLAIR STATION,TUOS,3,6,N,YU,5671
2/16/2021,16:58,Tuesday,WARDEN STATION,PUSIS,4,8,W,BD,5161
2/16/2021,17:00,Tuesday,WELLESLEY STATION,SUUT,3,7,S,YU,5896
2/16/2021,17:01,Tuesday,CHESTER STATION,SUDP,6,10,W,BD,5143
2/16/2021,17:33,Tuesday,SPADINA BD STATION,SUUT,0,0,W,BD,0
2/16/2021,17:41,Tuesday,SHEPPARD STATION,SUDP,6,9,N,YU,5671
2/16/2021,17:54,Tuesday,VAUGHAN MC STATION,MUNOA,3,6,S,YU,0
2/16/2021,17:57,Tuesday,KENNEDY BD STATION,PUTIJ,4,8,W,BD,5137
2/16/2021,18:01,Tuesday,WOODBINE STATION,SUDP,5,9,E,BD,5106
2/16/2021,18:25,Tuesday,VICTORIA PARK STATION,SUDP,6,10,E,BD,5208
2/16/2021,18:30,Tuesday,CHRISTIE STATION,SUDP,8,12,E,BD,5159
2/16/2021,18:32,Tuesday,BROADVIEW STATION,MUIS,0,0,E,BD,0
2/16/2021,18:40,Tuesday,KEELE STATION,PUSTS,4,8,W,BD,5069
2/16/2021,19:03,Tuesday,BLOOR STATION,SUDP,4,7,S,YU,6126
2/16/2021,19:37,Tuesday,EGLINTON STATION,SUDP,4,7,S,YU,6051
2/16/2021,20:04,Tuesday,COLLEGE STATION,SUO,7,11,S,YU,6001
2/16/2021,20:33,Tuesday,OSGOODE STATION,SUUT,0,0,N,YU,6116
2/16/2021,21:10,Tuesday,QUEEN STATION,MUIS,0,0,S,YU,0
2/16/2021,21:21,Tuesday,WARDEN STATION,PUSIS,0,0,E,BD,5320
2/16/2021,21:31,Tuesday,EGLINTON WEST STATION,SUDP,0,0,S,YU,5821
2/16/2021,21:36,Tuesday,ST CLAIR STATION,SUDP,4,9,N,YU,6056
2/16/2021,21:46,Tuesday,KENNEDY BD STATION,SUDP,7,14,E,BD,5028
2/16/2021,22:00,Tuesday,YONGE-UNIVERSITY AND B,MUO,0,0,,YU/BD,0
2/16/2021,22:21,Tuesday,ST GEORGE YU STATION,MUD,3,8,S,YU,5671
2/16/2021,22:42,Tuesday,KENNEDY BD STATION,SUDP,7,14,W,BD,5282
2/16/2021,22:58,Tuesday,BAYVIEW STATION,PUSTS,0,0,E,SHP,6186
2/16/2021,23:02,Tuesday,BAYVIEW STATION,PUSTS,0,0,E,SHP,6191
2/16/2021,23:14,Tuesday,BAYVIEW STATION,PUSTS,0,0,,SHP,6171
2/16/2021,23:44,Tuesday,MCCOWAN STATION,MRTO,6,12,N,SRT,3021
2/16/2021,23:46,Tuesday,VAUGHAN MC STATION,MUNOA,5,10,S,YU,0
2/16/2021,23:58,Tuesday,BAYVIEW STATION,PUSTS,6,11,E,SHP,6166
2/17/2021,00:00,Wednesday,KENNEDY BD STATION,SUDP,7,14,E,BD,5142
2/17/2021,01:49,Wednesday,KING STATION,MUIS,0,0,N,YU,0
2/17/2021,02:00,Wednesday,SCARBOROUGH RAPID TRAN,TRST,0,0,,SRT,0
2/17/2021,02:11,Wednesday,HIGH PARK STATION,MUI,24,31,W,BD,5166
2/17/2021,02:30,Wednesday,BLOOR DANFORTH SUBWAY,TUST,0,0,W,BD,5151
2/17/2021,03:00,Wednesday,YONGE UNIVERSITY LINE,TUST,0,0,,YU,0
2/17/2021,05:10,Wednesday,YORK MILLS STATION,PUTOE,0,0,S,YU,0
2/17/2021,05:37,Wednesday,DAVISVILLE STATION,TUSC,0,0,N,YU,5966
2/17/2021,05:54,Wednesday,DONLANDS STATION,TUNIP,4,9,W,BD,5309
2/17/2021,06:11,Wednesday,PIONEER VILLAGE STATIO,EUTR,3,6,S,YU,5986
2/17/2021,06:50,Wednesday,WILSON STATION,TUATC,3,6,S,YU,5631
2/17/2021,06:57,Wednesday,OSGOODE STATION,MUPAA,0,0,N,YU,6136
2/17/2021,07:04,Wednesday,WARDEN STATION,PUTIS,0,0,W,BD,5282
2/17/2021,07:35,Wednesday,VICTORIA PARK STATION,PUTIS,0,0,W,BD,5028
2/17/2021,07:48,Wednesday,KIPLING STATION,TUS,4,8,E,BD,5019
2/17/2021,07:57,Wednesday,KIPLING STATION,TUS,4,8,E,BD,5301
2/17/2021,08:19,Wednesday,ST GEORGE BD STATION,MUIS,0,0,,BD,0
2/17/2021,09:05,Wednesday,BAY STATION,SUO,11,15,W,BD,5282
2/17/2021,09:33,Wednesday,CHRISTIE STATION,TUSC,0,0,E,BD,5258
2/17/2021,09:40,Wednesday,KEELE STATION,MUSC,0,0,W,BD,5258
2/17/2021,10:42,Wednesday,DAVISVILLE STATION,SUDP,4,7,N,YU,5851
2/17/2021,11:11,Wednesday,LANSDOWNE STATION,PUMST,0,0,,BD,0
2/17/2021,11:26,Wednesday,ROSEDALE STATION,TUATC,8,11,S,YU,6061
2/17/2021,11:30,Wednesday,BLOOR STATION,MUIS,0,0,N,YU,0
2/17/2021,11:52,Wednesday,KENNEDY SRT STATION,PRSA,13,16,S,SRT,3014
2/17/2021,12:39,Wednesday,QUEEN STATION,MUPAA,0,0,S,YU,5951
2/17/2021,13:17,Wednesday,ROYAL YORK STATION,TUSC,0,0,W,BD,5151
2/17/2021,14:22,Wednesday,CASTLE FRANK STATION,EUNT,5,9,W,BD,5297
2/17/2021,14:37,Wednesday,MAIN STREET STATION,MUIRS,0,0,,BD,0
2/17/2021,14:37,Wednesday,BATHURST STATION,TUSC,0,0,W,BD,5104
2/17/2021,14:38,Wednesday,VAUGHAN MC STATION,MUCL,3,6,S,YU,5661
2/17/2021,15:01,Wednesday,BATHURST STATION,PUMST,0,0,W,BD,0
2/17/2021,15:05,Wednesday,RUNNYMEDE STATION,SUDP,0,0,W,BD,5028
2/17/2021,15:33,Wednesday,BESSARION STATION,PUSTS,0,0,E,SHP,6191
2/17/2021,15:48,Wednesday,ST CLAIR WEST STATION,SUO,0,0,N,YU,5866
2/17/2021,15:54,Wednesday,KIPLING STATION,MUIR,4,8,E,BD,5134
2/17/2021,15:56,Wednesday,YONGE BD STATION,MUIS,0,0,E,BD,5142
2/17/2021,16:33,Wednesday,DONLANDS STATION,EUPI,4,8,E,BD,5251
2/17/2021,16:36,Wednesday,FINCH STATION,MUTO,3,6,S,YU,5676
2/17/2021,16:44,Wednesday,VAUGHAN MC STATION,TUO,3,6,S,YU,5776
2/17/2021,16:54,Wednesday,SHEPPARD STATION,MUPAA,3,6,S,YU,5391
2/17/2021,17:00,Wednesday,FINCH STATION,PUCSC,0,0,N,YU,5796
2/17/2021,17:25,Wednesday,SHEPPARD STATION,SUDP,0,0,S,YU,6001
2/17/2021,17:37,Wednesday,SHEPPARD-YONGE STATION,TUSC,0,0,E,SHP,6186
2/17/2021,17:40,Wednesday,VAUGHAN MC STATION,MUNOA,3,6,S,YU,5956
2/17/2021,17:46,Wednesday,FINCH STATION,MUPAA,0,0,S,YU,5571
2/17/2021,18:00,Wednesday,BAYVIEW STATION,SUAE,0,0,,SHP,0
2/17/2021,18:00,Wednesday,FINCH STATION,TUSC,0,0,N,YU,5736
2/17/2021,18:06,Wednesday,SHERBOURNE STATION,MUNCA,0,0,,BD,0
2/17/2021,18:08,Wednesday,BLOOR STATION,MUIRS,0,0,,YU,0
2/17/2021,19:03,Wednesday,BROADVIEW STATION,EUDO,4,8,E,BD,5124
2/17/2021,19:18,Wednesday,VICTORIA PARK STATION,PUMST,0,0,W,BD,0
2/17/2021,19:44,Wednesday,ST GEORGE YU STATION,MUSAN,3,6,N,YU,5676
2/17/2021,19:47,Wednesday,ST ANDREW STATION,MUSAN,3,6,N,YU,5676
2/17/2021,19:51,Wednesday,KENNEDY BD STATION,MUTO,3,8,W,BD,5030
2/17/2021,19:55,Wednesday,ST GEORGE YU STATION,TUSUP,4,7,N,YU,5676
2/17/2021,19:58,Wednesday,BLOOR STATION,SUUT,0,0,S,YU,5526
2/17/2021,20:35,Wednesday,BAYVIEW STATION,SUO,0,0,,SHP,0
2/17/2021,21:01,Wednesday,QUEEN STATION,MUIRS,0,0,,YU,0
2/17/2021,21:15,Wednesday,FINCH STATION,SUDP,0,0,N,YU,5641
2/17/2021,21:34,Wednesday,DUPONT STATION,MUIS,0,0,,YU,0
2/17/2021,21:56,Wednesday,ST CLAIR STATION,SUUT,7,12,N,YU,5521
2/17/2021,22:00,Wednesday,YONGE-UNIVERSITY AND B,MUO,0,0,,YU/BD,0
2/17/2021,22:08,Wednesday,MAIN STREET STATION,MUIS,0,0,,BD,0
2/17/2021,22:55,Wednesday,MAIN STREET STATION,MUIE,0,0,,BD,0
2/18/2021,00:40,Thursday,BESSARION STATION,TUMVS,5,11,E,SHP,6171
2/18/2021,01:24,Thursday,SHEPPARD WEST STATION,MUIS,0,0,,YU,0
2/18/2021,01:28,Thursday,UNION STATION,SUDP,0,0,N,YU,6011
2/18/2021,01:38,Thursday,KING STATION,MUPAA,3,8,N,YU,5796
2/18/2021,02:35,Thursday,HIGHWAY 407 STATION,MUIS,0,0,,YU,0
2/18/2021,06:27,Thursday,YORKDALE STATION,SUO,0,0,N,YU,5651
2/18/2021,07:16,Thursday,FINCH STATION,MUSC,0,0,S,YU,5846
2/18/2021,07:20,Thursday,OSGOODE STATION,MUIR,0,0,,YU,0
2/18/2021,07:40,Thursday,KEELE STATION,TUS,4,8,W,BD,5251
2/18/2021,07:45,Thursday,KENNEDY BD STATION,EUTR,4,8,W,BD,5104
2/18/2021,08:34,Thursday,ROSEDALE STATION,MUATC,6,9,S,YU,5831
2/18/2021,08:41,Thursday,KEELE STATION,TUS,4,8,E,BD,5180
2/18/2021,09:54,Thursday,GLENCAIRN STATION,MUNCA,0,0,,YU,0
2/18/2021,10:25,Thursday,DONLANDS STATION,MUIR,13,17,W,BD,5207
2/18/2021,10:40,Thursday,DAVISVILLE STATION,EUOE,4,7,S,YU,5791
2/18/2021,10:50,Thursday,FINCH STATION,MUSAN,3,6,S,YU,5961
2/18/2021,11:15,Thursday,SUMMERHILL STATION,SUDP,0,0,S,YU,5851
2/18/2021,11:54,Thursday,WELLESLEY STATION,MUPAA,3,6,S,YU,5496
2/18/2021,12:12,Thursday,MAIN STREET STATION,MUI,20,24,W,BD,5207
2/18/2021,12:13,Thursday,LAWRENCE WEST STATION,MUIR,0,0,S,YU,5541
2/18/2021,12:18,Thursday,VAUGHAN MC STATION,TUNIP,3,6,S,YU,5656
2/18/2021,12:55,Thursday,KIPLING STATION,PUMEL,0,0,,BD,0
2/18/2021,13:17,Thursday,SCARBOROUGH CTR STATIO,TRO,9,15,S,SRT,3010
2/18/2021,13:39,Thursday,BLOOR STATION,PUMEL,0,0,,YU,0
2/18/2021,14:07,Thursday,DAVISVILLE STATION,SUDP,0,0,N,YU,5881
2/18/2021,14:15,Thursday,SCARBOROUGH CTR STATIO,ERTC,27,33,S,SRT,3010
2/18/2021,15:25,Thursday,LINE 3 SCARBOROUGH RT,TRST,0,0,,SRT,3000
2/18/2021,15:40,Thursday,YONGE UNIVERSITY LINE,TUST,0,0,S,YU,6031
2/18/2021,15:47,Thursday,WELLESLEY STATION,SUDP,5,8,N,YU,5656
2/18/2021,15:54,Thursday,WELLESLEY STATION,SUO,0,0,N,YU,6006
2/18/2021,16:02,Thursday,LAWRENCE WEST STATION,SUDP,0,0,N,YU,5526
2/18/2021,16:24,Thursday,VAUGHAN MC STATION,TUNIP,3,6,S,YU,5901
2/18/2021,16:33,Thursday,NORTH YORK CTR STATION,SUDP,0,0,N,YU,5826
2/18/2021,16:38,Thursday,NORTH YORK CTR STATION,MUPAA,6,9,N,YU,5641
2/18/2021,16:39,Thursday,SHEPPARD STATION,SUAP,0,0,N,YU,5766
2/18/2021,16:42,Thursday,SHEPPARD-YONGE STATION,SUO,17,22,E,SHP,6191
2/18/2021,16:59,Thursday,BLOOR DANFORTH SUBWAY,TUST,0,0,W,BD,5091
2/18/2021,17:16,Thursday,QUEEN STATION,SUDP,0,0,N,YU,5391
2/18/2021,17:40,Thursday,LAWRENCE STATION,MUPAA,0,0,S,YU,5976
2/18/2021,17:48,Thursday,SHERBOURNE STATION,MUNCA,0,0,,BD,0
2/18/2021,18:49,Thursday,FINCH STATION,MUIRS,0,0,,YU,0
2/18/2021,19:02,Thursday,CHESTER STATION,MUD,5,9,E,BD,5307
2/18/2021,19:27,Thursday,EGLINTON STATION (LEAV,PUSIS,8,11,S,YU,5816
2/18/2021,20:19,Thursday,EGLINTON STATION,MUIS,0,0,N,YU,5846
2/18/2021,20:23,Thursday,SCARBOROUGH CTR STATIO,SRO,0,0,,SRT,0
2/18/2021,22:00,Thursday,YONGE-UNIVERSITY AND B,MUO,0,0,,YU/BD,0
2/18/2021,22:04,Thursday,WARDEN STATION,PUSIS,0,0,W,BD,5283
2/18/2021,23:00,Thursday,YONGE UNIVERSITY LINE,MUO,0,0,,YU,0
2/18/2021,23:05,Thursday,WOODBINE STATION,MUPAA,0,0,E,BD,5174
2/18/2021,23:19,Thursday,BLOOR STATION,SUDP,0,0,S,YU,6136
2/19/2021,00:14,Friday,KING STATION,SUDP,0,0,S,YU,5816
2/19/2021,01:35,Friday,SPADINA BD STATION,MUPAA,0,0,E,BD,5207
2/19/2021,01:55,Friday,UNION STATION,SUO,0,0,,YU,0
2/19/2021,02:00,Friday,SCARBOROUGH RAPID TRAN,TRST,0,0,,SRT,0
2/19/2021,02:02,Friday,VAUGHAN MC STATION,SUO,0,0,,YU,0
2/19/2021,02:24,Friday,KENNEDY BD STATION,MUIS,0,0,,BD,5111
2/19/2021,02:32,Friday,KENNEDY BD STATION,MUIS,0,0,,BD,0
2/19/2021,03:00,Friday,YONGE UNIVERSITY LINE,TUST,0,0,,YU,5761
2/19/2021,05:41,Friday,OSGOODE STATION,PUTWZ,0,0,S,YU,5761
2/19/2021,05:54,Friday,QUEEN'S PARK STATION,MUATC,4,9,S,YU,6001
2/19/2021,06:04,Friday,WARDEN STATION,PUSIS,0,0,W,BD,5134
2/19/2021,06:05,Friday,EGLINTON STATION,EUYRD,6,11,N,YU,5466
2/19/2021,06:33,Friday,BLOOR STATION,SUDP,11,14,N,YU,5491
2/19/2021,06:50,Friday,FINCH STATION,PUMST,0,0,,YU,0
2/19/2021,06:56,Friday,BAY STATION,EUDO,6,11,E,BD,5059
2/19/2021,07:02,Friday,FINCH STATION,MUSC,0,0,N,YU,5846
2/19/2021,07:12,Friday,SPADINA BD STATION,MUD,9,13,W,BD,5283
2/19/2021,07:12,Friday,VAUGHAN MC STATION,MUIR,3,6,S,YU,6066
2/19/2021,09:45,Friday,SHERBOURNE STATION,MUIRS,0,0,E,BD,0
2/19/2021,09:55,Friday,COXWELL STATION,TUS,5,9,E,BD,5069
2/19/2021,10:05,Friday,VICTORIA PARK STATION,EUNT,6,10,W,BD,5028
2/19/2021,10:07,Friday,VICTORIA PARK STATION,EUOE,0,0,W,BD,5063
2/19/2021,11:14,Friday,SUMMERHILL STATION,EUTL,8,11,S,YU,6041
2/19/2021,11:16,Friday,QUEEN STATION,MUO,0,0,,YU,0
2/19/2021,11:24,Friday,VAUGHAN MC STATION,MUI,3,6,S,YU,5756
2/19/2021,12:20,Friday,DUFFERIN STATION,MUIRS,0,0,,BD,0
2/19/2021,13:11,Friday,DUNDAS WEST STATION,MUIS,0,0,,BD,0
2/19/2021,13:26,Friday,WARDEN STATION,SUUT,5,9,E,BD,5208
2/19/2021,13:31,Friday,OSGOODE STATION,MUPAA,0,0,N,YU,5546
2/19/2021,14:13,Friday,LAWRENCE WEST STATION,SUDP,5,8,N,YU,6021
2/19/2021,14:45,Friday,SPADINA BD STATION,SUDP,3,7,W,BD,5256
2/19/2021,14:48,Friday,GLENCAIRN STATION,SUO,0,0,,YU,0
2/19/2021,15:21,Friday,QUEEN STATION,SUDP,0,0,,YU,0
2/19/2021,15:50,Friday,FINCH STATION,MUSAN,0,0,N,YU,5756
2/19/2021,15:55,Friday,BATHURST STATION,MUIRS,0,0,,BD,0
2/19/2021,15:55,Friday,FINCH STATION,MUIS,0,0,,YU,0
2/19/2021,16:20,Friday,WARDEN STATION,MUTO,4,8,W,BD,5197
2/19/2021,16:31,Friday,CASTLE FRANK STATION,MUPAA,0,0,E,BD,5208
2/19/2021,16:41,Friday,ISLINGTON STATION,PUMEL,0,0,,BD,0
2/19/2021,16:56,Friday,HIGH PARK STATION,MUI,13,17,W,BD,5104
2/19/2021,17:08,Friday,DUNDAS STATION,SUDP,6,9,S,YU,5976
2/19/2021,17:15,Friday,DUNDAS STATION,SUDP,0,0,S,YU,5691
2/19/2021,17:21,Friday,WARDEN STATION,MUIS,5,9,W,BD,5142
2/19/2021,17:23,Friday,BESSARION STATION,TUOS,4,9,E,SHP,6171
2/19/2021,17:47,Friday,KIPLING STATION,SUDP,0,0,E,BD,5208
2/19/2021,17:53,Friday,WELLESLEY STATION,SUDP,0,0,N,YU,5541
2/19/2021,17:59,Friday,ROSEDALE STATION,SUAP,4,7,N,YU,5446
2/19/2021,18:34,Friday,WELLESLEY STATION,SUUT,12,15,N,YU,6121
2/19/2021,18:44,Friday,QUEEN STATION,SUDP,0,0,S,YU,5526
2/19/2021,19:21,Friday,VAUGHAN MC STATION,MUIS,0,0,,YU,0
2/19/2021,19:33,Friday,MAIN STREET STATION,SUDP,0,0,,BD,0
2/19/2021,20:06,Friday,DUNDAS STATION,MUPAA,0,0,S,YU,5396
2/19/2021,21:07,Friday,MIDLAND STATION,SRAP,13,20,W,SRT,3018
2/19/2021,21:10,Friday,GREENWOOD STATION,SUDP,3,9,W,BD,5058
2/19/2021,22:00,Friday,YONGE-UNIVERSITY AND B,MUO,0,0,,YU/BD,0
2/19/2021,22:46,Friday,KENNEDY BD STATION,MUIS,0,0,,BD,0
2/19/2021,23:13,Friday,FINCH STATION,MUIR,5,10,S,YU,5691
2/19/2021,23:15,Friday,MCCOWAN STATION,MRUIR,7,14,N,SRT,3007
2/20/2021,00:24,Saturday,EGLINTON WEST STATION,MUIS,0,0,,YU,0
2/20/2021,00:37,Saturday,ST ANDREW STATION,SUDP,3,8,N,YU,5831
2/20/2021,00:45,Saturday,VAUGHAN MC STATION,MUATC,7,12,S,YU,5666
2/20/2021,00:57,Saturday,SUMMERHILL STATION,SUDP,4,9,N,YU,5786
2/20/2021,01:20,Saturday,KENNEDY BD STATION,PUSCR,6,12,W,BD,5047
2/20/2021,02:08,Saturday,KENNEDY BD STATION,MUIS,0,0,,BD,0
2/20/2021,02:15,Saturday,MAIN STREET STATION,SUDP,0,0,E,BD,0
2/20/2021,06:07,Saturday,FINCH STATION,MUSAN,5,10,S,YU,5696
2/20/2021,06:40,Saturday,VAUGHAN MC STATION,MUATC,10,20,S,YU,5511
2/20/2021,06:56,Saturday,FINCH STATION,SUDP,0,0,,YU,0
2/20/2021,07:12,Saturday,VAUGHAN MC STATION,MUIRS,0,0,,YU,0
2/20/2021,07:48,Saturday,COLLEGE STATION,SUDP,0,0,,YU,0
2/20/2021,08:50,Saturday,BROADVIEW STATION,MUDD,3,8,E,BD,5025
2/20/2021,09:14,Saturday,SUMMERHILL STATION,SUO,4,9,N,YU,6026
2/20/2021,09:21,Saturday,WARDEN STATION,MUIRS,0,0,,BD,0
2/20/2021,09:23,Saturday,FINCH WEST STATION,SUO,5,10,N,YU,5646
2/20/2021,09:38,Saturday,ROSEDALE STATION,MUSC,0,0,N,YU,5786
2/20/2021,09:56,Saturday,ROSEDALE STATION,MUSC,0,0,N,YU,6061
2/20/2021,10:14,Saturday,ST CLAIR WEST STATION,SUDP,5,10,S,YU,6086
2/20/2021,10:47,Saturday,SHEPPARD WEST STATION,EUTR,5,10,S,YU,5981
2/20/2021,10:53,Saturday,BROADVIEW STATION,MUPAA,0,0,W,BD,5089
2/20/2021,11:02,Saturday,SHERBOURNE STATION,MUPAA,0,0,E,BD,5333
2/20/2021,11:36,Saturday,PIONEER VILLAGE STATIO,SUDP,0,0,,YU,0
2/20/2021,12:06,Saturday,GREENWOOD PORTAL (EXIT,EUSC,0,0,E,BD,5319
2/20/2021,13:13,Saturday,FINCH STATION,MUPAA,0,0,S,YU,5741
2/20/2021,13:34,Saturday,BAY STATION,MUIS,0,0,,BD,0
2/20/2021,13:35,Saturday,ST CLAIR STATION,SUDP,0,0,N,YU,5676
2/20/2021,14:21,Saturday,VAUGHAN MC STATION,MUATC,9,12,S,YU,5666
2/20/2021,14:57,Saturday,VICTORIA PARK STATION,MUDD,12,16,W,BD,5260
2/20/2021,16:17,Saturday,QUEEN STATION,MUIS,0,0,S,YU,0
2/20/2021,16:18,Saturday,MAIN STREET STATION,MUIS,0,0,E,BD,0
2/20/2021,16:33,Saturday,EGLINTON STATION,MUSAN,3,6,N,YU,5941
2/20/2021,16:57,Saturday,ROYAL YORK STATION,SUDP,3,7,E,BD,5151
2/20/2021,17:03,Saturday,COXWELL STATION,TUNIP,3,7,E,BD,5174
2/20/2021,17:15,Saturday,SUMMERHILL STATION,MUIRS,0,0,,YU,0
2/20/2021,17:17,Saturday,SHEPPARD-YONGE STATION,TUSC,0,0,W,SHP,6146
2/20/2021,17:24,Saturday,GREENWOOD STATION,SUDP,0,0,E,BD,5256
2/20/2021,17:44,Saturday,EGLINTON STATION,MUIS,0,0,,YU,0
2/20/2021,17:53,Saturday,BLOOR STATION,MUIRS,0,0,S,YU,0
2/20/2021,18:40,Saturday,MAIN STREET STATION,TUSC,7,11,W,BD,5260
2/20/2021,18:56,Saturday,EGLINTON STATION,MUIRS,0,0,N,YU,5676
2/20/2021,19:34,Saturday,WARDEN STATION,SUAP,3,8,W,BD,5104
2/20/2021,19:37,Saturday,HIGHWAY 407 STATION,MUATC,8,13,S,YU,5666
2/20/2021,20:45,Saturday,DUPONT STATION,MUDD,3,8,S,YU,5881
2/20/2021,22:00,Saturday,YONGE-UNIVERSITY AND B,MUO,0,0,,YU/BD,0
2/20/2021,22:26,Saturday,EGLINTON STATION,MUIRS,0,0,,YU,0
2/20/2021,22:43,Saturday,OLD MILL STATION,MUIS,0,0,E,BD,0
2/20/2021,22:49,Saturday,DUNDAS STATION,MUIRS,0,0,N,YU,0
2/21/2021,00:40,Sunday,MCCOWAN STATION,MRUIR,5,10,S,SRT,3018
2/21/2021,01:46,Sunday,MAIN STREET STATION,MUIS,0,0,,BD,0
2/21/2021,02:32,Sunday,NORTH YORK CTR STATION,SUDP,0,0,,YU,0
2/21/2021,02:37,Sunday,FINCH STATION,SUDP,0,0,,YU,0
2/21/2021,07:14,Sunday,SPADINA BD STATION,MUIS,0,0,,BD,0
2/21/2021,08:24,Sunday,SHEPPARD WEST STATION,MUATC,6,11,N,YU,6036
2/21/2021,10:04,Sunday,FINCH STATION,EUSC,0,0,S,YU,6036
2/21/2021,11:20,Sunday,SPADINA BD STATION,MUIS,0,0,,BD,0
2/21/2021,12:28,Sunday,LAWRENCE STATION,EUSC,0,0,N,YU,5836
2/21/2021,14:44,Sunday,BATHURST STATION,PUTDN,13,17,W,BD,5053
2/21/2021,15:11,Sunday,FINCH STATION,MUIRS,0,0,,YU,0
2/21/2021,15:58,Sunday,CHESTER STATION,MUPAA,5,9,W,BD,5154
2/21/2021,16:57,Sunday,BROADVIEW STATION,MUIS,0,0,,BD,0
2/21/2021,17:10,Sunday,EGLINTON STATION,MUIS,5,9,N,YU,5756
2/21/2021,17:44,Sunday,KEELE STATION,MUSC,0,0,W,BD,5103
2/21/2021,18:18,Sunday,DUNDAS STATION,MUIS,0,0,N,YU,0
2/21/2021,19:07,Sunday,WARDEN STATION,MUIS,0,0,,BD,0
2/21/2021,19:46,Sunday,FINCH WEST STATION,MUPAA,4,9,S,YU,5556
2/21/2021,19:50,Sunday,ST GEORGE BD STATION,MUPAA,0,0,W,BD,5010
2/21/2021,20:16,Sunday,SPADINA YUS STATION,SUDP,3,8,S,YU,6121
2/21/2021,20:41,Sunday,DUPONT STATION,MUPAA,0,0,S,YU,5861
2/21/2021,21:07,Sunday,WARDEN STATION,MUIS,0,0,E,BD,0
2/21/2021,21:15,Sunday,UNION STATION,SUUT,4,9,N,YU,5766
2/21/2021,21:39,Sunday,MUSEUM STATION,MUIS,0,0,S,YU,0
2/21/2021,21:53,Sunday,WARDEN STATION,TUO,0,0,W,BD,5159
2/21/2021,22:00,Sunday,YONGE-UNIVERSITY AND B,MUO,0,0,,YU/BD,0
2/21/2021,22:00,Sunday,DUNDAS STATION,SUDP,3,8,N,YU,5971
2/21/2021,22:27,Sunday,SPADINA BD STATION,MUPAA,0,0,E,BD,5367
2/21/2021,23:22,Sunday,UNION STATION,MUIRS,0,0,,YU,0
2/21/2021,23:52,Sunday,KENNEDY BD STATION,SUDP,3,7,E,BD,5331
2/22/2021,00:22,Monday,BLOOR STATION,SUO,0,0,,YU,0
2/22/2021,00:32,Monday,DUNDAS STATION,SUDP,3,8,N,YU,6086
2/22/2021,01:41,Monday,YONGE BD STATION,MUPAA,4,11,E,BD,5029
2/22/2021,01:50,Monday,WELLESLEY STATION,SUUT,0,0,S,YU,0
2/22/2021,01:56,Monday,KIPLING STATION,SUDP,0,0,,BD,0
2/22/2021,06:19,Monday,OLD MILL STATION,TUOS,0,0,E,BD,5283
2/22/2021,06:27,Monday,SPADINA YUS STATION,SUDP,0,0,N,YU,5781
2/22/2021,06:56,Monday,FINCH STATION,MUSC,4,7,S,YU,6001
2/22/2021,06:59,Monday,ROYAL YORK STATION,MUSC,0,0,E,BD,5336
2/22/2021,07:12,Monday,KEELE STATION,TUOS,0,0,W,BD,5331
2/22/2021,07:48,Monday,WILSON STATION,MUATC,3,6,S,YU,5671
2/22/2021,07:50,Monday,YORK MILLS STATION,TUMVS,4,7,S,YU,5971
2/22/2021,08:27,Monday,BICHMOUNT DIVISION,MUIE,0,0,,,0
2/22/2021,09:01,Monday,KEELE STATION,MUSC,0,0,W,BD,5170
2/22/2021,09:18,Monday,EGLINTON WEST STATION,MUPAA,0,0,N,YU,5136
2/22/2021,12:10,Monday,MAIN STREET STATION,MUIS,0,0,W,BD,5333
2/22/2021,12:15,Monday,SHEPPARD WEST STATION,SUO,0,0,,YU,0
2/22/2021,13:11,Monday,YONGE BD STATION,MUIS,0,0,,BD,0
2/22/2021,13:13,Monday,WELLESLEY STATION,SUO,0,0,,YU,0
2/22/2021,13:33,Monday,VAUGHAN MC STATION,MUTO,3,6,S,YU,5941
2/22/2021,13:35,Monday,HIGHWAY 407 STATION,MUPAA,3,6,S,YU,5794
2/22/2021,14:52,Monday,WILSON STATION,PUMEL,0,0,,YU,0
2/22/2021,15:08,Monday,MUSEUM STATION,PUMEL,0,0,,YU,0
2/22/2021,16:33,Monday,UNION STATION,SUDP,0,0,,YU,0
2/22/2021,17:12,Monday,LAWRENCE WEST STATION,EUBO,3,6,S,YU,6071
2/22/2021,17:21,Monday,QUEEN'S PARK STATION,SUO,3,18,N,YU,6551
2/22/2021,17:49,Monday,UNION STATION,MUIS,0,0,,YU,0
2/22/2021,17:52,Monday,EGLINTON STATION (LEAV,TUMVS,0,0,N,YU,5576
2/22/2021,19:07,Monday,VAUGHAN MC STATION,SUG,0,0,S,YU,6021
2/22/2021,19:18,Monday,VAUGHAN MC STATION,SUG,3,6,N,YU,5486
2/22/2021,19:21,Monday,SUMMERHILL STATION,TUOS,3,6,N,YU,5881
2/22/2021,19:23,Monday,ST CLAIR WEST STATION,PUMEL,0,0,,YU,0
2/22/2021,19:28,Monday,ST CLAIR WEST STATION,SUG,7,10,S,YU,6006
2/22/2021,19:50,Monday,ST ANDREW STATION,SUO,3,12,S,YU,5946
2/22/2021,19:57,Monday,EGLINTON WEST STATION,SUDP,5,8,N,YU,5691
2/22/2021,21:23,Monday,ST CLAIR STATION,MUTO,0,0,,YU,0
2/22/2021,22:00,Monday,YONGE-UNIVERSITY AND B,MUO,0,0,,YU/BD,0
2/22/2021,22:33,Monday,BLOOR STATION,SUAP,4,9,N,,6006
2/22/2021,22:38,Monday,DOWNSVIEW PARK STATION,MUIRS,18,23,N,YU,5986
2/22/2021,23:36,Monday,EGLINTON STATION,MUO,0,0,,,0
2/23/2021,00:17,Tuesday,YORK UNIVERSITY STATIO,SUO,0,0,S,YU,5876
2/23/2021,00:30,Tuesday,ST CLAIR STATION,SUAP,6,11,S,YU,6001
2/23/2021,00:33,Tuesday,WARDEN STATION,MUD,0,0,E,BD,5289
2/23/2021,01:28,Tuesday,SHEPPARD WEST STATION,MUI,17,22,S,YU,5941
2/23/2021,01:37,Tuesday,ROSEDALE STATION,TUATC,6,11,S,YU,5551
2/23/2021,01:38,Tuesday,VAUGHAN MC STATION,MUIS,0,0,,YU,0
2/23/2021,01:48,Tuesday,WELLESLEY STATION,MUIS,0,0,,YU,0
2/23/2021,02:09,Tuesday,VAUGHAN MC STATION,SUDP,0,0,,YU,0
2/23/2021,02:14,Tuesday,FINCH STATION,MUIS,0,0,,YU,0
2/23/2021,05:38,Tuesday,KENNEDY BD STATION,MUIE,0,0,,BD,0
2/23/2021,06:49,Tuesday,LAWRENCE STATION,MUPAA,0,0,S,YU,5686
2/23/2021,07:31,Tuesday,DAVISVILLE STATION,EUSC,0,0,S,YU,6041
2/23/2021,07:46,Tuesday,WELLESLEY STATION,SUROB,4,7,S,YU,5471
2/23/2021,09:53,Tuesday,DOWNSVIEW PARK STATION,SUDP,3,6,N,YU,5801
2/23/2021,10:45,Tuesday,BROADVIEW STATION,PUMST,0,0,,BD,0
2/23/2021,12:02,Tuesday,SPADINA YUS STATION,SUDP,4,7,N,YU,5756
2/23/2021,13:05,Tuesday,COLLEGE STATION,SUDP,0,0,N,YU,5946
2/23/2021,14:07,Tuesday,SCARBOROUGH CTR STATIO,SRO,0,0,,SRT,0
2/23/2021,14:38,Tuesday,SUMMERHILL STATION,MUSC,0,0,N,YU,5736
2/23/2021,14:54,Tuesday,BLOOR STATION,MUPAA,4,7,N,YU,5981
2/23/2021,15:46,Tuesday,COLLEGE STATION,MUPAA,0,0,N,YU,5946
2/23/2021,16:03,Tuesday,MIDLAND STATION,PRO,0,0,S,SRT,3000
2/23/2021,16:31,Tuesday,VAUGHAN MC STATION,MUTO,4,7,S,YU,5901
2/23/2021,16:32,Tuesday,DONLANDS STATION,MUO,4,8,W,BD,5197
2/23/2021,16:33,Tuesday,BATHURST STATION,MUSAN,4,8,W,BD,5088
2/23/2021,17:09,Tuesday,SHEPPARD STATION,MUIS,0,0,,YU,0
2/23/2021,17:12,Tuesday,QUEEN STATION,MUIS,0,0,N,YU,5901
2/23/2021,17:29,Tuesday,VICTORIA PARK STATION,MUIS,0,0,,BD,0
2/23/2021,17:37,Tuesday,SCARBOROUGH CTR STATIO,PRO,0,0,,SRT,0
2/23/2021,18:29,Tuesday,MAIN STREET STATION,MUIS,0,0,,BD,0
2/23/2021,18:58,Tuesday,WOODBINE STATION,TUSC,0,0,E,BD,5367
2/23/2021,19:16,Tuesday,ROSEDALE STATION,MUSC,3,6,N,YU,5771
2/23/2021,20:10,Tuesday,SHEPPARD STATION,MUIS,0,0,,YU,0
2/23/2021,20:40,Tuesday,KENNEDY BD STATION,MUO,7,14,W,BD,5208
2/23/2021,20:53,Tuesday,ST PATRICK STATION,SUDP,7,10,N,YU,5521
2/23/2021,21:29,Tuesday,WELLESLEY STATION,SUO,0,0,N,YU,5911
2/23/2021,21:51,Tuesday,SHEPPARD-YONGE STATION,TUSC,0,0,E,SHP,6171
2/23/2021,22:00,Tuesday,YONGE-UNIVERSITY AND B,MUO,0,0,,YU/BD,0
2/23/2021,22:46,Tuesday,KENNEDY BD STATION,MUIS,0,0,,BD,0
2/23/2021,23:00,Tuesday,FINCH STATION TO EGLIN,MUO,0,0,,YU,0
2/23/2021,23:19,Tuesday,BLOOR STATION,SUO,4,9,N,YU,6056
2/24/2021,00:23,Wednesday,YORK MILLS STATION,MUIE,0,0,,YU,0
2/24/2021,01:36,Wednesday,SPADINA BD STATION,MUIS,0,0,E,BD,5180
2/24/2021,05:29,Wednesday,WILSON STATION,MUATC,0,0,S,YU,5511
2/24/2021,05:34,Wednesday,LESLIE STATION,TUMVS,3,8,W,SHP,6186
2/24/2021,05:35,Wednesday,CHRISTIE STATION,MUIE,0,0,,BD,0
2/24/2021,05:44,Wednesday,YORK MILLS STATION,TUOS,0,0,N,YU,5836
2/24/2021,06:13,Wednesday,KENNEDY BD STATION,MUTO,4,8,W,BD,5061
2/24/2021,06:36,Wednesday,WELLESLEY STATION,MUATC,4,7,S,YU,5821
2/24/2021,07:05,Wednesday,ST ANDREW STATION,SUDP,4,7,N,YU,5646
2/24/2021,07:38,Wednesday,UNION STATION,MUPAA,0,0,N,YU,5741
2/24/2021,08:13,Wednesday,LAWRENCE EAST STATION,ERTC,7,12,N,SRT,3025
2/24/2021,08:30,Wednesday,SCARBOROUGH CTR STATIO,ERCD,5,10,S,SRT,3010
2/24/2021,08:34,Wednesday,WILSON STATION,MUTO,3,6,N,YU,5756
2/24/2021,08:37,Wednesday,SPADINA BD STATION,MUIS,0,0,,BD,0
2/24/2021,08:49,Wednesday,ROSEDALE STATION,MUSC,0,0,N,YU,5511
2/24/2021,08:55,Wednesday,KENNEDY SRT STATION,ERCD,7,12,N,SRT,3025
2/24/2021,09:22,Wednesday,KING STATION,SUDP,5,8,N,YU,5766
2/24/2021,11:06,Wednesday,BAYVIEW STATION,PUSO,13,18,W,SHP,6186
2/24/2021,11:12,Wednesday,LAWRENCE WEST STATION,MUATC,0,0,S,YU,6046
2/24/2021,11:29,Wednesday,KEELE STATION,MUSC,0,0,W,BD,5006
2/24/2021,11:44,Wednesday,SHEPPARD STATION,MUPAA,0,0,N,YU,5491
2/24/2021,11:52,Wednesday,KING STATION,SUDP,7,10,N,YU,5746
2/24/2021,12:03,Wednesday,YONGE BD STATION,MUPAA,5,9,W,BD,5355
2/24/2021,12:21,Wednesday,YONGE BD STATION,SUDP,0,0,E,BD,5190
2/24/2021,12:36,Wednesday,ISLINGTON STATION,MUI,17,20,E,BD,5137
2/24/2021,12:47,Wednesday,YORK MILLS STATION,EUSC,0,0,N,YU,5751
2/24/2021,13:44,Wednesday,BLOOR STATION,SUDP,0,0,S,YU,0
2/24/2021,14:40,Wednesday,SHERBOURNE STATION,MUIS,0,0,E,BD,0
2/24/2021,14:50,Wednesday,VICTORIA PARK STATION,SUDP,7,11,E,BD,5324
2/24/2021,15:01,Wednesday,ST GEORGE YU STATION,EUDO,5,8,N,YU,5821
2/24/2021,15:40,Wednesday,ST ANDREW STATION,MUIS,0,0,,YU,0
2/24/2021,15:46,Wednesday,VAUGHAN MC STATION,EUDO,3,6,S,YU,5826
2/24/2021,15:54,Wednesday,BLOOR STATION,SUUT,0,0,N,YU,5931
2/24/2021,16:12,Wednesday,DAVISVILLE STATION,MUPAA,4,7,S,YU,6081
2/24/2021,16:15,Wednesday,DON MILLS STATION,TUMVS,0,0,E,SHP,6171
2/24/2021,16:41,Wednesday,YORKDALE STATION,EUBK,8,11,S,YU,6046
2/24/2021,17:47,Wednesday,FINCH STATION,SUDP,19,22,S,YU,5456
2/24/2021,18:40,Wednesday,ST CLAIR WEST STATION,MUPAA,3,6,N,YU,5426
2/24/2021,18:40,Wednesday,FINCH STATION,MUTO,4,7,S,YU,5731
2/24/2021,19:02,Wednesday,COXWELL STATION,SUO,0,0,,BD,0
2/24/2021,19:05,Wednesday,KENNEDY BD STATION,SUDP,3,9,W,BD,5159
2/24/2021,19:14,Wednesday,COLLEGE STATION,MUIS,0,0,,YU,0
2/24/2021,19:39,Wednesday,FINCH STATION,SUDP,9,12,S,YU,5391
2/24/2021,19:56,Wednesday,DON MILLS STATION,PUSWZ,0,0,E,SHP,6171
2/24/2021,20:06,Wednesday,BROADVIEW STATION,MUIS,0,0,,BD,0
2/24/2021,20:09,Wednesday,MAIN STREET STATION,MUDD,5,11,E,BD,5101
2/24/2021,20:13,Wednesday,ST GEORGE YU STATION,MUIRS,0,0,,YU,0
2/24/2021,20:16,Wednesday,OSGOODE STATION,MUPAA,0,0,N,YU,5956
2/24/2021,20:25,Wednesday,OSGOODE STATION,SUDP,6,9,S,YU,5616
2/24/2021,20:26,Wednesday,QUEEN STATION,SUDP,8,11,N,YU,5406
2/24/2021,20:46,Wednesday,KENNEDY BD STATION,SUDP,7,14,W,BD,5159
2/24/2021,20:48,Wednesday,LAWRENCE STATION,MUSC,0,0,N,YU,5941
2/24/2021,21:00,Wednesday,FINCH STATION,PUMST,0,0,,YU,0
2/24/2021,21:09,Wednesday,UNION STATION,MUIS,0,0,,YU,0
2/24/2021,21:10,Wednesday,BLOOR STATION,MUIS,0,0,S,YU,5832
2/24/2021,22:00,Wednesday,YONGE-UNIVERSITY AND B,MUO,0,0,,YU/BD,0
2/24/2021,22:03,Wednesday,ST PATRICK STATION,SUDP,0,0,N,YU,5721
2/24/2021,22:14,Wednesday,ST GEORGE BD STATION,SUUT,0,0,W,BD,5197
2/25/2021,00:18,Thursday,WARDEN STATION,MUIS,0,0,,BD,0
2/25/2021,00:28,Thursday,COLLEGE STATION,SUUT,12,17,S,YU,5761
2/25/2021,01:32,Thursday,BLOOR STATION,SUUT,10,15,N,YU,5646
2/25/2021,02:02,Thursday,KIPLING STATION,MUIS,0,0,,BD,0
2/25/2021,02:25,Thursday,WILSON STATION,MUIS,0,0,,YU,0
2/25/2021,05:33,Thursday,FINCH STATION,EUOE,0,0,S,YU,6011
2/25/2021,05:46,Thursday,DAVISVILLE STATION,SUUT,9,14,S,YU,5761
2/25/2021,05:49,Thursday,KEELE STATION,MUO,5,10,W,BD,5355
2/25/2021,06:06,Thursday,DUNDAS WEST STATION,PUTR,0,0,W,BD,5093
2/25/2021,07:19,Thursday,WELLESLEY STATION,SUO,3,6,N,YU,5406
2/25/2021,07:38,Thursday,ST CLAIR STATION,MUIS,0,0,,YU,0
2/25/2021,07:47,Thursday,CASTLE FRANK STATION,SUDP,3,7,W,BD,5318
2/25/2021,07:48,Thursday,BLOOR STATION,SUAP,0,0,S,YU,5976
2/25/2021,08:29,Thursday,ISLINGTON STATION,PUMST,0,0,,BD,0
2/25/2021,09:20,Thursday,FINCH STATION,MUSAN,3,6,S,YU,5811
2/25/2021,10:58,Thursday,VAUGHAN MC STATION,PUMEL,0,0,,YU,0
2/25/2021,11:06,Thursday,KIPLING STATION,MUTO,3,7,E,BD,5137
2/25/2021,11:09,Thursday,UNION STATION,MUIR,13,16,N,YU,6051
2/25/2021,12:30,Thursday,YORK MILLS STATION,MUIR,3,6,N,YU,5861
2/25/2021,12:32,Thursday,CHRISTIE STATION,SUDP,5,9,W,BD,5093
2/25/2021,13:11,Thursday,FINCH STATION,SUDP,3,6,S,YU,5401
2/25/2021,13:24,Thursday,ST ANDREW STATION,SUDP,3,6,N,YU,5831
2/25/2021,13:39,Thursday,BLOOR STATION,SUDP,0,0,S,YU,6066
2/25/2021,13:46,Thursday,WELLESLEY STATION,SUDP,0,0,S,YU,5906
2/25/2021,14:31,Thursday,KENNEDY BD STATION,SUDP,3,7,E,BD,5059
2/25/2021,14:34,Thursday,QUEEN STATION,SUDP,5,8,N,YU,5916
2/25/2021,14:48,Thursday,ROSEDALE STATION,MUSC,0,0,N,YU,5916
2/25/2021,14:57,Thursday,DUNDAS WEST STATION,TUMVS,3,7,W,BD,5336
2/25/2021,15:08,Thursday,OSGOODE STATION,SUDP,0,0,,YU,0
2/25/2021,15:59,Thursday,VICTORIA PARK STATION,SUROB,0,0,,BD,0
2/25/2021,16:28,Thursday,BLOOR STATION,SUDP,0,0,S,YU,5936
2/25/2021,16:44,Thursday,SHEPPARD STATION,MUPAA,3,6,S,YU,6076
2/25/2021,17:10,Thursday,HIGH PARK STATION,SUO,0,0,W,BD,5321
2/25/2021,17:13,Thursday,ISLINGTON STATION,SUDP,0,0,W,BD,5364
2/25/2021,18:06,Thursday,DUNDAS STATION,SUDP,0,0,N,YU,0
2/25/2021,18:32,Thursday,KIPLING TO KENNEDY,TUS,6,10,E,BD,5017
2/25/2021,19:32,Thursday,MAIN STREET STATION,SUDP,0,0,,BD,0
2/25/2021,19:34,Thursday,NORTH YORK CTR STATION,SUDP,3,6,S,YU,5946
2/25/2021,19:46,Thursday,WELLESLEY STATION,SUDP,0,0,N,YU,5871
2/25/2021,19:50,Thursday,WOODBINE STATION,SUO,0,0,,BD,0
2/25/2021,19:57,Thursday,CASTLE FRANK STATION,PUMEL,0,0,,BD,0
2/25/2021,20:03,Thursday,UNION STATION,SUO,0,0,,YU,0
2/25/2021,20:05,Thursday,DUNDAS STATION,SUDP,0,0,S,YU,0
2/25/2021,20:06,Thursday,LAWRENCE STATION,SUDP,0,0,S,YU,6056
2/25/2021,20:14,Thursday,KIPLING STATION,SUDP,0,0,,BD,0
2/25/2021,20:54,Thursday,WILSON YARD,MUATC,0,0,,YU,0
2/25/2021,22:00,Thursday,YONGE-UNIVERSITY AND B,MUO,0,0,,YU/BD,0
2/25/2021,23:00,Thursday,YONGE UNIVERSITY LINE,MUO,0,0,,YU,0
2/25/2021,23:02,Thursday,KIPLING STATION,MUIS,0,0,,BD,0
2/25/2021,23:32,Thursday,SPADINA YUS STATION,MUI,4,9,S,YU,6036
2/26/2021,00:20,Friday,ST CLAIR WEST STATION,MUIR,5,10,N,YU,6121
2/26/2021,01:03,Friday,ROYAL YORK STATION,SUDP,0,0,,BD,0
2/26/2021,01:23,Friday,COXWELL STATION,SUDP,0,0,W,BD,0
2/26/2021,02:10,Friday,FINCH WEST STATION,MUPAA,0,0,N,YU,6056
2/26/2021,02:38,Friday,VAUGHAN MC STATION,MUIRS,0,0,,YU,0
2/26/2021,07:35,Friday,NORTH YORK CTR STATION,MUPR1,57,60,S,YU,5661
2/26/2021,09:29,Friday,FINCH STATION,TUSC,0,0,N,YU,5516
2/26/2021,09:54,Friday,BATHURST STATION,MUIRS,0,0,,BD,0
2/26/2021,10:53,Friday,YORK UNIVERSITY STATIO,MUD,5,8,S,YU,5431
2/26/2021,11:58,Friday,KEELE STATION,SUDP,0,0,E,BD,5159
2/26/2021,12:19,Friday,MAIN STREET STATION,PUMEL,0,0,,BD,0
2/26/2021,12:28,Friday,BLOOR STATION,MUIS,0,0,S,YU,0
2/26/2021,13:44,Friday,BLOOR STATION,MUIS,0,0,S,YU,6076
2/26/2021,13:48,Friday,SHEPPARD-YONGE STATION,PUSTS,5,10,E,SHP,6151
2/26/2021,15:09,Friday,MCCOWAN STATION,MRO,5,10,S,SRT,3000
2/26/2021,15:23,Friday,ST CLAIR WEST STATION,MUSAN,3,6,N,YU,5906
2/26/2021,15:39,Friday,DUPONT STATION,MUPAA,5,8,S,YU,5696
2/26/2021,15:41,Friday,SPADINA BD STATION,MUI,5,9,E,BD,5056
2/26/2021,15:54,Friday,COLLEGE STATION,SUUT,0,0,S,YU,5631
2/26/2021,16:07,Friday,YONGE BD STATION,SUDP,0,0,,BD,0
2/26/2021,16:09,Friday,QUEEN'S PARK STATION,MUIS,0,0,,YU,0
2/26/2021,16:16,Friday,ST ANDREW STATION,SUDP,10,13,N,YU,6011
2/26/2021,17:00,Friday,FINCH WEST STATION,PUMEL,0,0,,YU,0
2/26/2021,18:09,Friday,EGLINTON WEST STATION,SUUT,7,10,S,YU,5816
2/26/2021,18:11,Friday,WARDEN STATION,MUIRS,0,0,,BD,0
2/26/2021,18:24,Friday,EGLINTON WEST STATION,SUPOL,4,7,N,YU,5391
2/26/2021,18:40,Friday,CHESTER STATION,MUDD,7,11,E,BD,5174
2/26/2021,18:53,Friday,WOODBINE STATION,SUO,0,0,,BD,0
2/26/2021,19:02,Friday,DAVISVILLE STATION,EUSC,0,0,S,YU,5421
2/26/2021,19:03,Friday,DONLANDS STATION,SUDP,4,8,E,BD,5155
2/26/2021,19:32,Friday,MIDLAND STATION,MRPAA,0,0,N,SRT,3007
2/26/2021,20:59,Friday,SPADINA BD STATION,SUDP,0,0,,BD,0
2/26/2021,21:21,Friday,WILSON STATION,MUIS,0,0,,YU,0
2/26/2021,21:32,Friday,ISLINGTON STATION,SUROB,0,0,,BD,0
2/26/2021,21:50,Friday,ROYAL YORK STATION,MUIS,0,0,E,BD,0
2/26/2021,22:00,Friday,YONGE-UNIVERSITY AND B,MUO,0,0,,YU/BD,0
2/26/2021,22:18,Friday,SHEPPARD WEST STATION,MUIS,0,0,,YU,0
2/26/2021,22:34,Friday,WARDEN STATION,EUBK,7,14,E,BD,5159
2/26/2021,22:51,Friday,CHESTER STATION,EUPI,7,14,W,BD,5032
2/26/2021,23:05,Friday,BROADVIEW STATION,PUMEL,0,0,,BD,0
2/26/2021,23:13,Friday,SUMMERHILL STATION,SUDP,5,10,S,YU,5391
2/26/2021,23:31,Friday,BATHURST STATION,SUUT,13,20,E,BD,5168
2/27/2021,00:58,Saturday,LAWRENCE WEST STATION,MUIS,0,0,,YU,0
2/27/2021,01:29,Saturday,SHEPPARD WEST STATION,MUI,16,21,S,YU,5541
2/27/2021,02:07,Saturday,KENNEDY BD STATION,MUI,0,0,W,BD,5286
2/27/2021,02:19,Saturday,HIGHWAY 407 STATION,SUDP,0,0,S,YU,6061
2/27/2021,06:00,Saturday,YONGE UNIVERSITY LINE,MUO,0,0,,YU,0
2/27/2021,06:16,Saturday,CHRISTIE STATION,SUDP,4,9,E,BD,5283
2/27/2021,08:06,Saturday,WILSON STATION,MUATC,3,8,N,YU,5551
2/27/2021,08:15,Saturday,BATHURST STATION,MUIS,0,0,,BD,0
2/27/2021,09:55,Saturday,SUMMERHILL STATION,MUIS,0,0,N,YU,0
2/27/2021,13:19,Saturday,WARDEN STATION,MUPLC,0,0,,BD,0
2/27/2021,13:52,Saturday,LAWRENCE WEST STATION,SUO,0,0,,YU,0
2/27/2021,15:20,Saturday,VAUGHAN MC STATION,MUTO,9,14,S,YU,6016
2/27/2021,15:33,Saturday,VAUGHAN MC STATION,TUNIP,5,10,S,YU,5946
2/27/2021,15:37,Saturday,KENNEDY SRT STATION,SRUT,9,16,S,SRT,3018
2/27/2021,16:13,Saturday,COLLEGE STATION,MUIS,0,0,N,YU,0
2/27/2021,16:43,Saturday,ROSEDALE STATION,SUUT,5,9,N,YU,6001
2/27/2021,17:02,Saturday,DAVISVILLE STATION,EUSC,0,0,N,YU,6001
2/27/2021,17:26,Saturday,BAY STATION,SUAE,10,14,W,BD,5324
2/27/2021,18:08,Saturday,EGLINTON STATION,MUIS,0,0,,YU,0
2/27/2021,18:34,Saturday,BLOOR STATION,SUAP,0,0,S,YU,0
2/27/2021,18:52,Saturday,COLLEGE STATION,SUDP,4,8,N,YU,6001
2/27/2021,19:29,Saturday,SPADINA BD STATION,MUIS,0,0,W,BD,5358
2/27/2021,20:07,Saturday,ST CLAIR STATION,MUIRS,0,0,N,YU,0
2/27/2021,20:22,Saturday,WOODBINE STATION,SUROB,0,0,,BD,0
2/27/2021,22:00,Saturday,YONGE-UNIVERSITY AND B,MUO,0,0,,YU/BD,0
2/27/2021,22:33,Saturday,COXWELL STATION,SUDP,0,0,E,BD,5366
2/27/2021,23:32,Saturday,KENNEDY BD STATION,SUO,19,25,E,BD,5223
2/27/2021,23:33,Saturday,KENNEDY SRT STATION,SRDP,18,23,S,SRT,3016
2/28/2021,00:27,Sunday,MUSEUM STATION,EUATC,4,9,S,YU,5821
2/28/2021,00:45,Sunday,KENNEDY SRT STATION,PRSA,0,0,S,SRT,3016
2/28/2021,03:27,Sunday,FINCH STATION,MUIRS,0,0,,YU,0
2/28/2021,07:17,Sunday,SPADINA BD STATION,PUMO,8,23,N,BD,4585
2/28/2021,08:00,Sunday,YONGE UNIVERSITY LINE,MUO,0,0,,YU,0
2/28/2021,08:02,Sunday,BLOOR TO COLLEGE,PUTWZ,8,0,S,YU,5696
2/28/2021,08:05,Sunday,CASTLE FRANK STATION,PUTOE,0,0,E,BD,28
2/28/2021,08:07,Sunday,BLOOR STATION,MUATC,18,0,S,YU,5596
2/28/2021,09:32,Sunday,VICTORIA PARK STATION,PUMEL,0,0,,BD,0
2/28/2021,09:48,Sunday,ROSEDALE STATION,MUSC,0,0,N,YU,5461
2/28/2021,09:48,Sunday,KIPLING STATION,SUDP,4,8,E,BD,5018
2/28/2021,09:54,Sunday,WELLESLEY STATION,SUDP,0,0,N,YU,5901
2/28/2021,10:15,Sunday,ROSEDALE STATION,MUIS,0,0,,YU,0
2/28/2021,10:25,Sunday,PIONEER VILLAGE STATIO,EUBK,4,9,S,YU,5436
2/28/2021,11:28,Sunday,DON MILLS STATION,TUMVS,7,12,E,SHP,6141
2/28/2021,12:34,Sunday,BLOOR STATION,SUDP,3,8,N,YU,5636
2/28/2021,12:44,Sunday,BAYVIEW STATION,MUPAA,0,0,W,SHP,6146
2/28/2021,12:46,Sunday,KING STATION,PUTDN,10,15,N,YU,5866
2/28/2021,13:29,Sunday,GREENWOOD STATION,MUIS,0,0,,BD,0
2/28/2021,15:26,Sunday,VAUGHAN MC STATION,SUG,4,8,S,YU,5696
2/28/2021,16:53,Sunday,MUSEUM STATION,SUDP,4,8,N,YU,5906
2/28/2021,17:10,Sunday,MAIN STREET STATION,SUO,0,0,,BD,0
2/28/2021,18:03,Sunday,ST CLAIR WEST STATION,MUTO,3,7,S,YU,5906
2/28/2021,18:31,Sunday,ST CLAIR STATION,MUIS,0,0,N,YU,0
2/28/2021,19:55,Sunday,QUEEN STATION,SUDP,26,30,N,YU,5456
2/28/2021,20:36,Sunday,DAVISVILLE STATION,MUSAN,5,9,S,YU,5456
2/28/2021,21:10,Sunday,DUPONT STATION,SUUT,3,7,S,YU,5931
2/28/2021,21:41,Sunday,ST CLAIR STATION,MUSAN,10,15,N,YU,5931
2/28/2021,22:00,Sunday,YONGE-UNIVERSITY AND B,MUO,0,0,,YU/BD,0
2/28/2021,22:01,Sunday,KENNEDY BD STATION,MUPAA,0,0,E,BD,5101
2/28/2021,22:09,Sunday,BAY STATION,MUIS,0,0,,BD,0
2/28/2021,22:40,Sunday,EGLINTON STATION,MUIS,0,0,,YU,0
2/28/2021,22:54,Sunday,WILSON STATION,MUATC,0,0,N,YU,6061
2/28/2021,23:05,Sunday,FINCH STATION,PUSI,0,0,,YU,0
2/28/2021,23:47,Sunday,EGLINTON WEST STATION,MUTO,5,10,S,YU,6066
