Date,Time,Day,Station,Code,Min Delay,Min Gap,Bound,Line,Vehicle
1/1/2021,00:33,Friday,BLOOR STATION,MUPAA,0,0,N,YU,6046
1/1/2021,00:39,Friday,SHERBOURNE STATION,EUCO,5,9,E,BD,5250
1/1/2021,01:07,Friday,KENNEDY BD STATION,EUCD,5,9,E,BD,5249
1/1/2021,01:41,Friday,ST CLAIR STATION,MUIS,0,0,,YU,0
1/1/2021,02:04,Friday,SHEPPARD WEST STATION,MUIS,0,0,,YU,0
1/1/2021,02:35,Friday,KENNEDY BD STATION,MUIS,0,0,,BD,0
1/1/2021,02:39,Friday,VAUGHAN MC STATION,MUIS,0,0,,YU,0
1/1/2021,06:00,Friday,TORONTO TRANSIT COMMIS,MUO,0,0,,YU,0
1/1/2021,06:00,Friday,TORONTO TRANSIT COMMIS,MUO,0,0,,SHP,0
1/1/2021,06:00,Friday,TORONTO TRANSIT COMMIS,MRO,0,0,,SRT,0
1/1/2021,07:50,Friday,VAUGHAN MC STATION,TUO,3,0,S,YU,6086
1/1/2021,08:33,Friday,VAUGHAN MC STATION,MUATC,5,10,S,YU,5426
1/1/2021,08:53,Friday,DON MILLS STATION,TUMVS,0,0,E,SHP,6181
1/1/2021,09:10,Friday,DUNDAS STATION,MUPAA,3,8,S,YU,5506
1/1/2021,09:29,Friday,KENNEDY BD STATION,TUKEY,4,8,W,BD,5260
1/1/2021,09:30,Friday,GREENWOOD STATION,MUPLB,26,30,W,BD,5021
1/1/2021,10:04,Friday,ROYAL YORK STATION,PUSRA,5,9,E,BD,5024
1/1/2021,10:43,Friday,SHEPPARD-YONGE STATION,TUMVS,0,0,W,SHP,6171
1/1/2021,11:08,Friday,DUFFERIN STATION,MUIR,9,13,E,BD,5163
1/1/2021,11:23,Friday,ST GEORGE BD STATION,MUIR,49,53,E,BD,5163
1/1/2021,13:23,Friday,EGLINTON WEST STATION,MUIS,0,0,S,YU,0
1/1/2021,13:51,Friday,WELLESLEY STATION,SUDP,9,13,N,YU,5946
1/1/2021,14:08,Friday,KENNEDY SRT STATION,TRST,0,0,N,SRT,3023
1/1/2021,14:22,Friday,DUNDAS WEST STATION,SUDP,8,12,W,BD,5371
1/1/2021,15:15,Friday,OSGOODE STATION,SUDP,7,11,S,YU,5546
1/1/2021,16:07,Friday,KEELE STATION,EUSC,0,0,E,BD,5163
1/1/2021,16:13,Friday,KEELE STATION,MUSC,0,0,E,BD,5132
1/1/2021,16:14,Friday,CHRISTIE STATION,EUSC,0,0,E,BD,5163
1/1/2021,17:30,Friday,SHERBOURNE STATION,MUIS,0,0,,BD,0
1/1/2021,17:38,Friday,OSSINGTON STATION,TUMVS,0,0,W,BD,5270
1/1/2021,19:07,Friday,YORK MILLS STATION,SUDP,9,14,S,YU,5691
1/1/2021,19:36,Friday,SUMMERHILL STATION,SUDP,7,12,S,YU,5691
1/1/2021,20:41,Friday,DOWNSVIEW PARK STATION,SUDP,0,0,N,YU,5686
1/1/2021,21:21,Friday,FINCH STATION,MUPAA,0,0,S,YU,5981
1/1/2021,21:27,Friday,DONLANDS STATION,MUIS,0,0,E,BD,0
1/1/2021,22:19,Friday,CHRISTIE STATION,EUNT,5,9,W,BD,5391
1/2/2021,01:20,Saturday,ROSEDALE STATION,MUATC,7,12,S,YU,6041
1/2/2021,01:42,Saturday,ROSEDALE STATION,MUATC,4,9,S,YU,5491
1/2/2021,02:00,Saturday,LINE 1,TUST,0,0,,YU,0
1/2/2021,02:03,Saturday,SHEPPARD WEST STATION,MUIS,0,0,,YU,0
1/2/2021,02:21,Saturday,KENNEDY BD STATION,MUI,0,0,E,BD,5204
1/2/2021,02:45,Saturday,SCARBOROUGH RAPID TRAN,TRST,0,0,,SRT,0
1/2/2021,03:47,Saturday,SHEPPARD-YONGE STATION,MUIS,0,0,,SHP,0
1/2/2021,03:57,Saturday,YONGE UNIVERSITY/BLOOR,MUO,0,0,,YU/BD,0
1/2/2021,06:00,Saturday,VAUGHAN MC STATION,MUNOA,10,20,S,YU,6121
1/2/2021,06:02,Saturday,ST CLAIR WEST STATION,MUNOA,4,10,S,YU,5746
1/2/2021,06:38,Saturday,KIPLING STATION,PUSIS,13,18,W,BD,5311
1/2/2021,06:39,Saturday,LAWRENCE STATION,TUOS,4,9,N,YU,5851
1/2/2021,07:04,Saturday,KIPLING STATION,MUIR,0,0,,BD,0
1/2/2021,07:12,Saturday,LAWRENCE STATION,TUOS,0,0,N,YU,5496
1/2/2021,07:13,Saturday,KIPLING STATION,PUSIS,25,30,E,BD,5125
1/2/2021,08:31,Saturday,SHERBOURNE STATION,SUAP,0,0,,BD,0
1/2/2021,09:33,Saturday,SPADINA BD STATION,SUDP,3,8,E,BD,5177
1/2/2021,09:34,Saturday,FINCH STATION,SUDP,0,0,,YU,0
1/2/2021,11:08,Saturday,KENNEDY BD STATION,EUTR,4,8,E,BD,5016
1/2/2021,11:23,Saturday,YORK MILLS STATION,TUSC,0,0,S,YU,5766
1/2/2021,12:29,Saturday,GREENWOOD STATION,TUNIP,4,8,E,BD,5148
1/2/2021,12:41,Saturday,ROSEDALE STATION,MUIRS,0,0,,YU,0
1/2/2021,12:48,Saturday,COXWELL STATION,EUNT,0,0,E,BD,5257
1/2/2021,12:56,Saturday,KENNEDY BD STATION,TUMVS,0,0,E,BD,5111
1/2/2021,14:12,Saturday,EGLINTON STATION,EUSC,0,0,S,YU,6016
1/2/2021,15:46,Saturday,FINCH STATION,MUPAA,0,0,S,YU,5676
1/2/2021,16:11,Saturday,SHEPPARD STATION,SUPOL,0,0,N,YU,5731
1/2/2021,16:11,Saturday,SHEPPARD-YONGE STATION,SUO,12,17,E,SHP,6176
1/2/2021,16:27,Saturday,LAWRENCE EAST STATION,SRAP,20,26,N,SRT,3027
1/2/2021,16:44,Saturday,DUPONT STATION,MUIS,0,0,N,YU,5541
1/2/2021,16:49,Saturday,BLOOR STATION,MUI,23,26,S,YU,5951
1/2/2021,18:15,Saturday,KIPLING STATION,MUIS,0,0,,BD,0
1/2/2021,18:34,Saturday,VAUGHAN MC STATION,MUI,5,10,S,YU,5876
1/2/2021,18:38,Saturday,EGLINTON STATION,SUDP,4,7,S,YU,6031
1/2/2021,19:17,Saturday,KENNEDY BD STATION,TUMVS,0,0,E,BD,5132
1/2/2021,19:38,Saturday,SHEPPARD STATION,EUSC,0,0,N,YU,5851
1/2/2021,20:17,Saturday,BLOOR STATION,MUPAA,0,0,N,YU,5756
1/2/2021,20:54,Saturday,MAIN STREET STATION,SUDP,0,0,,BD,0
1/2/2021,21:20,Saturday,VAUGHAN MC STATION,TUNOA,5,10,S,YU,5936
1/2/2021,21:50,Saturday,YONGE BD STATION,MUPLB,11,17,E,BD,5167
1/2/2021,21:52,Saturday,BLOOR STATION,MUPLB,0,0,S,YU,5766
1/2/2021,22:00,Saturday,YONGE-UNIVERSITY AND B,MUO,0,0,,YU/BD,0
1/2/2021,22:04,Saturday,DUNDAS WEST STATION,TUMVS,0,0,W,BD,5037
1/2/2021,22:07,Saturday,HIGH PARK STATION,MUO,6,12,W,BD,5037
1/2/2021,22:48,Saturday,BLOOR STATION,MUPR1,114,119,S,YU,5756
1/2/2021,22:49,Saturday,YONGE BD STATION,MUO,0,0,E,BD,5278
1/2/2021,23:17,Saturday,EGLINTON STATION,MUIS,0,0,,YU,0
1/2/2021,23:22,Saturday,OSGOODE STATION,MUIS,0,0,,YU,0
1/2/2021,23:44,Saturday,KENNEDY BD STATION,EUAC,6,12,W,BD,5149
1/3/2021,00:21,Sunday,EGLINTON WEST STATION,SUDP,0,0,N,YU,5766
1/3/2021,01:19,Sunday,YORK MILLS STATION,PUTOE,4,9,S,YU,0
1/3/2021,01:51,Sunday,DUNDAS STATION,EUDO,3,8,N,YU,5871
1/3/2021,02:04,Sunday,COLLEGE STATION,MUATC,16,0,S,YU,5491
1/3/2021,06:58,Sunday,YORK MILLS STATION,EUOE,0,0,N,YU,5516
1/3/2021,10:09,Sunday,KENNEDY BD STATION,MUI,4,8,W,BD,5052
1/3/2021,11:22,Sunday,BLOOR STATION,MUIS,0,0,,YU,0
1/3/2021,11:28,Sunday,HIGH PARK STATION,MUNCA,0,0,,BD,0
1/3/2021,12:21,Sunday,DUNDAS WEST STATION,TUMVS,5,9,W,BD,5054
1/3/2021,15:16,Sunday,ST ANDREW STATION,SUDP,0,0,S,YU,5591
1/3/2021,18:21,Sunday,SHEPPARD WEST STATION,MUPAA,0,0,N,YU,5936
1/3/2021,18:28,Sunday,HIGH PARK STATION,PUMEL,0,0,,BD,0
1/3/2021,18:36,Sunday,COLLEGE STATION,SUDP,3,8,S,YU,5816
1/3/2021,18:45,Sunday,ST GEORGE BD STATION,MUPAA,0,0,W,BD,5331
1/3/2021,20:23,Sunday,DON MILLS STATION,TUMVS,0,0,E,SHP,6176
1/3/2021,21:03,Sunday,GREENWOOD STATION,PUMST,0,0,W,BD,0
1/3/2021,21:26,Sunday,BROADVIEW STATION,SUUT,12,16,E,BD,5344
1/3/2021,22:00,Sunday,YONGE-UNIVERSITY AND B,MUO,0,0,,YU/BD,0
1/3/2021,23:12,Sunday,OSSINGTON STATION,SUO,4,8,E,BD,5132
1/4/2021,00:09,Monday,CASTLE FRANK STATION,MUIRS,0,0,E,BD,0
1/4/2021,01:33,Monday,VAUGHAN MC STATION,SUO,30,35,N,YU,5876
1/4/2021,02:26,Monday,VAUGHAN MC STATION,MUI,0,0,S,YU,5806
1/4/2021,02:41,Monday,MCCOWAN YARD - 3 TRACK,ERME,0,0,W,SRT,3004
1/4/2021,06:00,Monday,YONGE-UNIVERSITY AND B,MUO,0,0,,YU/BD,0
1/4/2021,06:19,Monday,KENNEDY BD STATION,MUSC,0,0,W,BD,5051
1/4/2021,07:10,Monday,VAUGHAN MC STATION,EUBO,3,6,S,YU,5386
1/4/2021,08:23,Monday,FINCH STATION,SUO,0,0,,YU,0
1/4/2021,08:27,Monday,WELLESLEY STATION,SUO,0,0,,YU,0
1/4/2021,08:55,Monday,DUNDAS STATION,SUDP,0,0,S,YU,0
1/4/2021,10:16,Monday,WARDEN STATION,MUIRS,0,0,,BD,0
1/4/2021,10:31,Monday,FINCH STATION,MUPAA,0,0,N,YU,5966
1/4/2021,10:44,Monday,SHEPPARD-YONGE STATION,PUSO,0,0,W,SHP,6161
1/4/2021,10:55,Monday,EGLINTON STATION,MUIRS,0,0,,YU,0
1/4/2021,11:00,Monday,CHRISTIE STATION,PUSWZ,0,0,E,BD,5093
1/4/2021,11:28,Monday,KENNEDY BD STATION,SUDP,0,0,W,BD,5059
1/4/2021,12:30,Monday,MAIN STREET STATION,SUUT,15,18,W,BD,5021
1/4/2021,12:42,Monday,WARDEN STATION,MUPAA,3,6,W,BD,5057
1/4/2021,12:55,Monday,DONLANDS STATION,TUO,3,6,W,BD,5270
1/4/2021,13:43,Monday,MIDLAND STATION,ERTC,9,15,N,SRT,3026
1/4/2021,14:00,Monday,UNION STATION,MUTO,3,6,S,YU,5761
1/4/2021,15:21,Monday,KEELE STATION,SUDP,6,9,W,BD,5109
1/4/2021,15:38,Monday,ST GEORGE BD STATION,TUMVS,3,6,W,BD,5169
1/4/2021,15:51,Monday,FINCH STATION,SUO,3,6,S,YU,6001
1/4/2021,16:09,Monday,SPADINA BD STATION,TUMVS,0,0,E,BD,5316
1/4/2021,16:21,Monday,COXWELL STATION,MUPR1,141,144,W,BD,5047
1/4/2021,16:50,Monday,ST CLAIR STATION,SUAP,8,11,N,YU,5806
1/4/2021,17:04,Monday,QUEEN STATION,SUDP,8,11,S,YU,5821
1/4/2021,17:18,Monday,QUEEN STATION,SUO,4,7,N,YU,5906
1/4/2021,17:38,Monday,SHERBOURNE STATION,SUO,0,0,W,BD,5154
1/4/2021,17:42,Monday,WARDEN STATION,SUAP,7,10,E,BD,5287
1/4/2021,17:45,Monday,QUEEN STATION,MUIRS,0,0,,YU,0
1/4/2021,17:46,Monday,WARDEN STATION,MUPAA,5,8,W,BD,5355
1/4/2021,17:59,Monday,VICTORIA PARK STATION,PUSRA,6,9,E,BD,5177
1/4/2021,18:16,Monday,DUFFERIN STATION,SUUT,19,22,E,BD,5169
1/4/2021,18:23,Monday,KIPLING STATION,TUMVS,0,0,W,BD,5347
1/4/2021,18:54,Monday,UNION STATION,MUIRS,0,0,,YU,0
1/4/2021,19:21,Monday,ROYAL YORK STATION,MUIS,0,0,E,BD,0
1/4/2021,21:43,Monday,DAVISVILLE STATION,MUIRS,8,12,S,YU,5951
1/4/2021,21:52,Monday,WILSON YARD,PUMO,0,0,,YU,0
1/4/2021,22:00,Monday,YONGE-UNIVERSITY AND B,MUO,0,0,,YU/BD,0
1/5/2021,00:19,Tuesday,DUNDAS STATION,SUDP,5,10,S,YU,5516
1/5/2021,02:35,Tuesday,KIPLING STATION,SUDP,0,0,,BD,0
1/5/2021,04:04,Tuesday,FINCH STATION,PUMO,0,0,,YU,0
1/5/2021,05:23,Tuesday,DAVISVILLE CARHOUSE,MUIE,0,0,,YU,0
1/5/2021,06:01,Tuesday,WILSON STATION,PUTR,3,6,S,YU,5886
1/5/2021,06:06,Tuesday,ST CLAIR STATION,MUSC,0,0,S,YU,6111
1/5/2021,06:13,Tuesday,ROSEDALE STATION,MUATC,5,10,S,YU,6111
1/5/2021,06:26,Tuesday,KIPLING STATION,MUTO,5,10,E,BD,5357
1/5/2021,06:30,Tuesday,SHEPPARD WEST STATION,TUO,3,6,N,YU,5876
1/5/2021,06:49,Tuesday,ROSEDALE STATION,MUATC,3,6,S,YU,5976
1/5/2021,07:16,Tuesday,SUMMERHILL STATION,SUDP,0,0,S,YU,6001
1/5/2021,07:33,Tuesday,QUEEN STATION,SUDP,0,0,S,YU,6086
1/5/2021,07:48,Tuesday,ROSEDALE STATION,MUSC,0,0,N,YU,5871
1/5/2021,08:33,Tuesday,FINCH STATION,MUSC,0,0,S,YU,6111
1/5/2021,08:34,Tuesday,BROADVIEW STATION,SUDP,0,0,E,BD,5312
1/5/2021,09:04,Tuesday,QUEEN'S PARK STATION,MUATC,0,0,N,YU,6046
1/5/2021,11:01,Tuesday,VICTORIA PARK STATION,MUPLB,36,39,E,BD,5021
1/5/2021,11:41,Tuesday,WILSON STATION,TUOS,3,6,N,YU,5501
1/5/2021,12:22,Tuesday,VAUGHAN MC STATION,TUNOA,3,6,S,YU,5866
1/5/2021,13:02,Tuesday,ISLINGTON STATION,MUPR1,207,210,E,BD,5260
1/5/2021,13:44,Tuesday,OSGOODE STATION,MUDD,3,6,N,YU,5426
1/5/2021,13:49,Tuesday,DUNDAS WEST STATION,MUPAA,0,0,E,BD,5137
1/5/2021,15:09,Tuesday,DAVISVILLE STATION,TUNOA,3,6,S,YU,0
1/5/2021,15:26,Tuesday,WELLESLEY STATION,MUIR,3,6,S,YU,5821
1/5/2021,16:31,Tuesday,LAWRENCE WEST STATION,SUDP,0,0,S,YU,5981
1/5/2021,16:38,Tuesday,KIPLING STATION,TUSC,0,0,E,BD,5312
1/5/2021,17:07,Tuesday,UNION STATION,SUDP,0,0,,YU,0
1/5/2021,18:08,Tuesday,COXWELL STATION,SUDP,0,0,W,BD,5347
1/5/2021,18:15,Tuesday,YONGE BD STATION,SUDP,0,0,,BD,0
1/5/2021,18:18,Tuesday,BLOOR STATION,MUO,0,0,N,YU,5476
1/5/2021,18:48,Tuesday,JANE STATION,EUPI,5,8,E,BD,5008
1/5/2021,18:53,Tuesday,BAY STATION,SUO,0,0,E,BD,5054
1/5/2021,18:57,Tuesday,BAY STATION,SUDP,0,0,,BD,0
1/5/2021,19:56,Tuesday,BATHURST STATION,EUCD,4,10,W,BD,5316
1/5/2021,20:12,Tuesday,SHEPPARD WEST STATION,MUTO,3,6,S,YU,6061
1/5/2021,21:02,Tuesday,ST GEORGE YU STATION,SUAP,0,0,,YU,0
1/5/2021,22:00,Tuesday,YONGE-UNIVERSITY AND B,MUO,0,0,,YU/BD,0
1/5/2021,22:11,Tuesday,LANSDOWNE STATION,SUO,0,0,E,BD,5137
1/5/2021,22:46,Tuesday,DUNDAS STATION,SUDP,0,0,,YU,0
1/5/2021,23:06,Tuesday,BLOOR STATION,SUDP,4,9,S,YU,5816
1/6/2021,01:23,Wednesday,BATHURST STATION,MUIS,0,0,,BD,4532
1/6/2021,01:55,Wednesday,BROADVIEW STATION,SUO,0,0,,BD,0
1/6/2021,02:20,Wednesday,VAUGHAN MC STATION,MUIS,0,0,,YU,0
1/6/2021,05:54,Wednesday,MAIN STREET STATION,MUPAA,0,0,W,BD,5115
1/6/2021,06:11,Wednesday,EGLINTON STATION,TUMVS,0,0,N,YU,5911
1/6/2021,06:37,Wednesday,MAIN STREET STATION,SUDP,0,0,,BD,0
1/6/2021,07:43,Wednesday,KENNEDY BD STATION,EUDO,3,6,W,BD,5037
1/6/2021,08:02,Wednesday,SHEPPARD STATION,MUSC,0,0,S,YU,5861
1/6/2021,08:15,Wednesday,ROSEDALE STATION,TUATC,3,6,S,YU,6066
1/6/2021,08:20,Wednesday,BLOOR STATION,MUIS,0,0,,YU,0
1/6/2021,08:53,Wednesday,DON MILLS STATION,SUDP,6,11,E,SHP,6176
1/6/2021,09:26,Wednesday,WILSON STATION,MUTO,4,7,S,YU,5836
1/6/2021,10:18,Wednesday,COXWELL STATION,TUNIP,5,8,W,BD,5371
1/6/2021,11:25,Wednesday,KIPLING STATION,TUMVS,0,0,W,BD,5159
1/6/2021,11:36,Wednesday,MAIN STREET STATION,PUSTS,4,7,E,BD,5077
1/6/2021,12:45,Wednesday,UNION STATION,MUIS,0,0,,YU,0
1/6/2021,13:09,Wednesday,VAUGHAN MC STATION,TUNOA,3,6,S,YU,5791
1/6/2021,13:13,Wednesday,LAWRENCE STATION,SUO,0,0,S,YU,5426
1/6/2021,13:50,Wednesday,DAVISVILLE STATION,MUNOA,3,6,S,YU,0
1/6/2021,13:50,Wednesday,WILSON STATION,MUNOA,3,6,S,YU,0
1/6/2021,15:27,Wednesday,RUNNYMEDE STATION,MUIRS,0,0,,BD,0
1/6/2021,16:10,Wednesday,DAVISVILLE STATION,SUDP,3,6,N,YU,6021
1/6/2021,16:25,Wednesday,SHEPPARD STATION,MUI,6,9,S,YU,5631
1/6/2021,16:57,Wednesday,SHEPPARD-YONGE STATION,SUUT,8,12,E,SHP,6161
1/6/2021,17:08,Wednesday,CASTLE FRANK STATION,SUAP,12,15,E,BD,5282
1/6/2021,17:13,Wednesday,VAUGHAN MC STATION,MUSAN,3,6,S,YU,5836
1/6/2021,17:46,Wednesday,FINCH STATION,MUIR,3,6,S,YU,5751
1/6/2021,18:53,Wednesday,ST CLAIR STATION,MUSC,0,0,S,YU,6066
1/6/2021,19:30,Wednesday,KING STATION,PUMEL,0,0,,YU,0
1/6/2021,21:49,Wednesday,ELLESMERE STATION,ERTC,10,16,N,SRT,3021
1/6/2021,22:00,Wednesday,YONGE-UNIVERSITY AND B,MUO,0,0,,YU/BD,0
1/6/2021,22:10,Wednesday,SCARBOROUGH CTR STATIO,TRO,6,12,N,SRT,3027
1/6/2021,22:48,Wednesday,DON MILLS STATION,MUSAN,3,8,W,SHP,6141
1/6/2021,23:02,Wednesday,WOODBINE STATION,SUDP,6,12,E,BD,5047
1/6/2021,23:15,Wednesday,ROSEDALE STATION,MUATC,5,10,S,YU,5941
1/6/2021,23:36,Wednesday,FINCH STATION,MUNOA,5,10,S,YU,5466
1/6/2021,23:41,Wednesday,VAUGHAN MC STATION,MUIS,0,0,,YU,0
1/7/2021,00:17,Thursday,YONGE BD STATION,SUDP,0,0,,BD,0
1/7/2021,02:11,Thursday,BROADVIEW STATION,PUTOE,0,0,W,BD,0
1/7/2021,03:24,Thursday,YORK MILLS STATION,PUTWZ,0,0,,YU,0
1/7/2021,05:44,Thursday,WARDEN STATION,PUSO,0,0,E,BD,5315
1/7/2021,05:54,Thursday,BROADVIEW STATION,MUIS,0,0,,BD,0
1/7/2021,06:02,Thursday,DONLANDS STATION,PUTR,39,45,W,BD,5115
1/7/2021,06:05,Thursday,DONLANDS STATION,PUSSW,0,0,W,BD,5150
1/7/2021,06:20,Thursday,DONLANDS STATION,PUSSW,0,0,W,BD,5109
1/7/2021,07:02,Thursday,FINCH STATION,MUSC,0,0,S,YU,6011
1/7/2021,07:47,Thursday,COLLEGE STATION,MUPAA,0,0,S,YU,5521
1/7/2021,08:00,Thursday,WELLESLEY STATION,MUIRS,0,0,,YU,0
1/7/2021,08:26,Thursday,WILSON STATION,MUIRS,0,0,,YU,0
1/7/2021,09:00,Thursday,WILSON STATION,PUMO,0,0,,YU,0
1/7/2021,09:15,Thursday,COLLEGE STATION,MUPAA,0,0,S,YU,5941
1/7/2021,09:17,Thursday,ROSEDALE STATION,MUATC,5,8,S,YU,5816
1/7/2021,09:19,Thursday,LAWRENCE STATION,MUSC,0,0,N,YU,5981
1/7/2021,10:10,Thursday,BROADVIEW STATION,MUSC,3,6,E,BD,5093
1/7/2021,11:13,Thursday,SPADINA YUS STATION,MUIRS,0,0,N,YU,6056
1/7/2021,11:23,Thursday,OLD MILL STATION,MUIR,4,7,E,BD,5021
1/7/2021,11:38,Thursday,FINCH STATION,MUSC,0,0,S,YU,5816
1/7/2021,11:46,Thursday,QUEEN STATION,SUUT,15,18,N,YU,6126
1/7/2021,11:47,Thursday,DUFFERIN STATION,SUUT,0,0,E,BD,5132
1/7/2021,12:26,Thursday,CASTLE FRANK STATION,MUIR,4,7,W,BD,5335
1/7/2021,14:05,Thursday,BLOOR STATION,MUIS,0,0,,YU,0
1/7/2021,14:29,Thursday,COXWELL STATION,TUSUP,6,9,E,BD,5052
1/7/2021,15:08,Thursday,EGLINTON STATION,MUSC,0,0,S,YU,5932
1/7/2021,15:15,Thursday,LAWRENCE WEST STATION,PUMEL,0,0,,YU,0
1/7/2021,15:15,Thursday,ST CLAIR WEST STATION,MUIE,0,0,,YU,0
1/7/2021,15:34,Thursday,VAUGHAN MC STATION,TUNIP,3,6,S,YU,5751
1/7/2021,15:37,Thursday,SPADINA BD STATION,PUMO,0,0,E,BD,5350
1/7/2021,15:45,Thursday,BLOOR STATION,SUDP,0,0,,YU,0
1/7/2021,16:45,Thursday,ST GEORGE BD STATION,SUDP,0,0,E,BD,5193
1/7/2021,16:47,Thursday,ST GEORGE YUS STATION,SUDP,0,0,S,YU,6036
1/7/2021,16:51,Thursday,PIONEER VILLAGE STATIO,SUDP,5,8,S,YU,5791
1/7/2021,17:13,Thursday,BLOOR STATION,MUIS,0,0,,YU,0
1/7/2021,17:28,Thursday,MUSEUM STATION,SUDP,3,6,S,YU,5791
1/7/2021,18:09,Thursday,WELLESLEY STATION,MUSAN,3,6,S,YU,5976
1/7/2021,18:33,Thursday,WOODBINE STATION,MUI,7,10,W,BD,5331
1/7/2021,18:35,Thursday,CHRISTIE STATION,MUI,0,0,W,BD,5155
1/7/2021,19:07,Thursday,DAVISVILLE STATION,SUAP,9,12,N,YU,5856
1/7/2021,19:08,Thursday,ST CLAIR STATION,PUSTC,4,7,S,YU,6041
1/7/2021,19:42,Thursday,KENNEDY BD STATION,MUI,6,12,W,BD,1210
1/7/2021,19:46,Thursday,VAUGHAN MC STATION,MUI,3,6,S,YU,6066
1/7/2021,19:55,Thursday,DONLANDS STATION,SUDP,4,10,E,BD,5285
1/7/2021,21:11,Thursday,DUFFERIN STATION,SUUT,9,15,W,BD,5148
1/7/2021,21:28,Thursday,LAWRENCE STATION,MUPAA,0,0,N,YU,6046
1/7/2021,22:00,Thursday,YONGE-UNIVERSITY AND B,MUO,0,0,,YU/BD,0
1/7/2021,22:42,Thursday,FINCH STATION,MUNOA,5,10,S,YU,5551
1/7/2021,22:51,Thursday,KENNEDY BD STATION,EUO,6,12,E,BD,5109
1/7/2021,23:05,Thursday,FINCH STATION,SUG,3,8,S,YU,5986
1/7/2021,23:39,Thursday,YORK MILLS STATION,MUI,11,16,S,YU,5526
1/8/2021,01:25,Friday,EGLINTON STATION,MUIS,0,0,,YU,0
1/8/2021,01:33,Friday,PAPE STATION,MUSC,0,0,E,BD,5190
1/8/2021,02:01,Friday,KIPLING STATION,SUDP,0,0,E,BD,5107
1/8/2021,02:29,Friday,KENNEDY BD STATION,SUDP,0,0,,BD,0
1/8/2021,02:29,Friday,LAWRENCE STATION,SUUT,0,0,S,YU,25
1/8/2021,05:56,Friday,EGLINTON STATION,MUTO,3,8,N,YU,5446
1/8/2021,06:12,Friday,KEELE STATION,MUO,5,10,W,BD,5151
1/8/2021,06:38,Friday,EGLINTON STATION,MUPAA,3,6,N,YU,5916
1/8/2021,06:51,Friday,FINCH STATION,MUSC,0,0,S,YU,5661
1/8/2021,07:13,Friday,SHEPPARD-YONGE STATION,SUDP,0,0,W,SHP,6176
1/8/2021,07:45,Friday,COLLEGE STATION,SUDP,0,0,,YU,0
1/8/2021,08:30,Friday,VICTORIA PARK STATION,MUIRS,0,0,,BD,0
1/8/2021,09:13,Friday,EGLINTON WEST STATION,TUOS,3,6,S,YU,5871
1/8/2021,09:15,Friday,BLOOR STATION,MUPAA,0,0,S,YU,5856
1/8/2021,09:23,Friday,SHEPPARD-YONGE STATION,TUSC,0,0,E,SHP,6166
1/8/2021,09:53,Friday,ST CLAIR WEST STATION,MUNCA,0,0,,YU,0
1/8/2021,10:28,Friday,FINCH STATION,EUME,0,0,S,YU,5986
1/8/2021,10:43,Friday,WARDEN STATION,MUIRS,0,0,,BD,0
1/8/2021,10:49,Friday,COXWELL STATION,MUCL,7,10,W,BD,5371
1/8/2021,11:00,Friday,COXWELL STATION,MUCL,4,7,W,BD,5084
1/8/2021,11:04,Friday,UNION STATION,MUPAA,0,0,N,YU,5446
1/8/2021,11:11,Friday,ROSEDALE STATION,MUATC,5,8,S,YU,5976
1/8/2021,11:28,Friday,SHEPPARD-YONGE STATION,MUIS,0,0,,SHP,0
1/8/2021,12:15,Friday,CHRISTIE STATION,PUMEL,0,0,,BD,0
1/8/2021,12:52,Friday,COXWELL STATION,TUNIP,3,7,W,BD,5344
1/8/2021,13:33,Friday,ST CLAIR STATION,MUIE,0,0,N,YU,5951
1/8/2021,13:45,Friday,KENNEDY SRT STATION,PRSO,11,16,S,SRT,3020
1/8/2021,13:49,Friday,HIGH PARK STATION,MUPAA,0,0,E,BD,5308
1/8/2021,14:12,Friday,LAWRENCE STATION,TUDOE,9,12,N,YU,5446
1/8/2021,15:02,Friday,WILSON STATION,EUTRD,3,6,N,YU,5951
1/8/2021,15:09,Friday,SHEPPARD WEST STATION,MUTO,3,6,N,YU,5551
1/8/2021,15:18,Friday,VAUGHAN MC STATION,TUATC,4,7,S,YU,5526
1/8/2021,15:23,Friday,PIONEER VILLAGE STATIO,MUIRS,0,0,,YU,0
1/8/2021,15:46,Friday,SPADINA YUS STATION,MUI,12,15,N,YU,5456
1/8/2021,15:57,Friday,KENNEDY BD STATION,EUPI,3,6,W,BD,5105
1/8/2021,16:06,Friday,ST GEORGE BD STATION,SUO,7,10,W,BD,5084
1/8/2021,16:32,Friday,VAUGHAN MC STATION,SUDP,0,0,,YU,0
1/8/2021,16:46,Friday,ST PATRICK STATION,SUO,11,14,S,YU,6036
1/8/2021,17:19,Friday,KIPLING STATION,MUSAN,0,0,E,BD,5287
1/8/2021,18:02,Friday,CHESTER STATION,TUO,0,0,E,BD,5362
1/8/2021,19:41,Friday,WILSON STATION,SUDP,0,0,S,YU,6131
1/8/2021,19:46,Friday,COXWELL STATION,SUDP,0,0,,BD,0
1/8/2021,20:15,Friday,FINCH WEST STATION,MUIS,0,0,,YU,0
1/8/2021,22:00,Friday,YONGE/UNIVERSITY AND B,MUO,0,0,,YU,0
1/8/2021,22:49,Friday,ISLINGTON STATION,PUMEL,0,0,,BD,0
1/8/2021,22:58,Friday,BLOOR STATION,MUIRS,0,0,,YU,0
1/8/2021,23:06,Friday,WELLESLEY STATION,SUDP,4,9,S,YU,5556
1/8/2021,23:15,Friday,SHERBOURNE STATION,PUSRA,6,12,E,BD,5316
1/9/2021,00:58,Saturday,UNION STATION,SUDP,3,8,N,YU,6011
1/9/2021,01:52,Saturday,SPADINA YUS STATION,SUO,5,0,N,YU,5796
1/9/2021,02:44,Saturday,KIPLING STATION,SUO,0,0,,BD,0
1/9/2021,04:41,Saturday,DONLANDS STATION,PUSSW,0,0,W,BD,88
1/9/2021,05:45,Saturday,VAUGHAN MC STATION,MUNOA,10,20,S,YU,5811
1/9/2021,06:43,Saturday,BLOOR STATION,MUPAA,3,8,S,YU,5661
1/9/2021,07:02,Saturday,ROSEDALE STATION,MUSC,0,0,N,YU,5831
1/9/2021,07:05,Saturday,ROSEDALE STATION,MUSC,0,0,N,YU,5791
1/9/2021,08:02,Saturday,VAUGHAN MC STATION,TUATC,4,9,S,YU,5426
1/9/2021,08:36,Saturday,ROSEDALE STATION,MUATC,0,0,S,YU,6001
1/9/2021,08:56,Saturday,ROSEDALE STATION,MUSC,3,8,N,YU,5426
1/9/2021,09:37,Saturday,DUNDAS STATION,MUPAA,0,0,N,YU,5396
1/9/2021,11:15,Saturday,BLOOR STATION,MUATC,5,10,S,YU,6001
1/9/2021,11:35,Saturday,ROSEDALE STATION,MUATC,0,0,S,YU,5591
1/9/2021,12:17,Saturday,WILSON STATION,MUATC,3,7,S,YU,5971
1/9/2021,12:34,Saturday,BLOOR STATION,MUPAA,3,8,S,YU,5966
1/9/2021,13:20,Saturday,SPADINA BD STATION,SUUT,7,11,E,BD,5343
1/9/2021,13:29,Saturday,BLOOR STATION,MUIS,0,0,S,YU,0
1/9/2021,13:48,Saturday,ROSEDALE STATION,EUDO,3,6,S,YU,6136
1/9/2021,13:55,Saturday,SPADINA BD STATION,MUIS,0,0,,BD,0
1/9/2021,13:59,Saturday,KENNEDY BD STATION,PUMST,0,0,,BD,0
1/9/2021,14:00,Saturday,HIGH PARK STATION,EUNT,5,9,W,BD,5250
1/9/2021,14:01,Saturday,DUNDAS STATION,SUAP,0,0,,YU,0
1/9/2021,14:01,Saturday,ROSEDALE STATION,EUNT,3,6,N,YU,5426
1/9/2021,14:03,Saturday,QUEEN STATION,SUDP,10,13,S,YU,5656
1/9/2021,14:27,Saturday,VAUGHAN MC STATION,MUTO,3,6,S,YU,5466
1/9/2021,15:20,Saturday,VAUGHAN MC STATION,TUNIP,7,9,S,YU,5946
1/9/2021,16:19,Saturday,YONGE BD STATION,MUIS,0,0,,BD,0
1/9/2021,16:47,Saturday,DAVISVILLE STATION,TUSC,0,0,S,YU,5591
1/9/2021,16:57,Saturday,KENNEDY BD STATION,MUPAA,0,0,W,BD,5155
1/9/2021,17:17,Saturday,ST CLAIR STATION,MUPAA,3,6,S,YU,6011
1/9/2021,17:30,Saturday,DUNDAS WEST STATION,MUNCA,0,0,,BD,0
1/9/2021,17:57,Saturday,ST GEORGE BD STATION,SUROB,0,0,W,BD,0
1/9/2021,18:13,Saturday,BLOOR STATION,SUAE,8,11,N,YU,5651
1/9/2021,19:33,Saturday,VAUGHAN MC STATION,SUAP,3,8,S,YU,5476
1/9/2021,20:42,Saturday,YONGE BD STATION,SUDP,6,12,W,BD,5009
1/9/2021,20:44,Saturday,BLOOR STATION,SUAP,0,0,S,YU,5841
1/9/2021,20:52,Saturday,KEELE STATION,MUPAA,0,0,E,BD,5010
1/9/2021,22:00,Saturday,YONGE-UNIVERSITY AND B,MUO,0,0,,YU/BD,0
1/9/2021,22:25,Saturday,VICTORIA PARK STATION,SUO,0,0,,BD,0
1/9/2021,23:15,Saturday,EGLINTON WEST STATION,SUDP,3,8,S,YU,5956
1/9/2021,23:16,Saturday,VAUGHAN MC STATION,TUNIP,5,7,S,YU,5516
1/10/2021,00:04,Sunday,LESLIE STATION,EUSC,0,0,W,SHP,6176
1/10/2021,00:34,Sunday,VAUGHAN MC STATION,MUTO,4,9,S,YU,5896
1/10/2021,00:45,Sunday,DUNDAS STATION,SUDP,10,15,N,YU,6061
1/10/2021,01:25,Sunday,SHEPPARD WEST STATION,SUO,0,0,S,YU,0
1/10/2021,01:44,Sunday,EGLINTON WEST STATION,MUATC,4,9,N,YU,6076
1/10/2021,01:59,Sunday,YONGE BD STATION,SUDP,16,0,W,BD,5114
1/10/2021,09:18,Sunday,DAVISVILLE STATION,SUAP,0,0,,YU,0
1/10/2021,10:07,Sunday,SHEPPARD STATION,SUDP,5,9,S,YU,5631
1/10/2021,10:40,Sunday,BESSARION STATION,TUSUP,12,17,E,SHP,6146
1/10/2021,11:28,Sunday,BLOOR STATION,SUDP,3,8,S,YU,5874
1/10/2021,13:23,Sunday,LANSDOWNE STATION,MUIR,23,28,W,BD,5091
1/10/2021,15:22,Sunday,CHESTER STATION,MUPAA,5,10,W,BD,5091
1/10/2021,15:32,Sunday,YONGE BD STATION,MUIR,5,10,W,BD,5097
1/10/2021,17:05,Sunday,BAY STATION,MUPAA,0,0,W,BD,5347
1/10/2021,17:07,Sunday,KENNEDY BD STATION,MUIS,0,0,E,BD,0
1/10/2021,19:26,Sunday,KENNEDY BD STATION,EUAC,5,10,W,BD,5285
1/10/2021,19:39,Sunday,WARDEN STATION,TUO,0,0,E,BD,5289
1/10/2021,19:57,Sunday,DUNDAS STATION,SUDP,3,8,S,YU,5816
1/10/2021,20:03,Sunday,DUNDAS STATION,SUDP,3,8,S,YU,5671
1/10/2021,20:11,Sunday,QUEEN STATION,SUDP,3,8,S,YU,5936
1/10/2021,20:49,Sunday,BLOOR STATION,SUDP,3,8,N,YU,5871
1/10/2021,21:10,Sunday,ST GEORGE BD STATION,TUMVS,7,12,W,BD,5257
1/10/2021,21:22,Sunday,ST GEORGE BD STATION,MUIS,0,0,E,BD,5158
1/10/2021,22:00,Sunday,YONGE-UNIVERSITY AND B,MUO,0,0,,YU/BD,0
1/10/2021,22:03,Sunday,DUNDAS WEST STATION,MUPR1,135,150,W,BD,5051
1/10/2021,22:36,Sunday,LESLIE STATION,EUSC,0,0,W,SHP,6176
1/10/2021,22:55,Sunday,ST GEORGE BD STATION,MUPR1,14,19,E,BD,5049
1/10/2021,23:13,Sunday,BAY STATION,MUO,5,10,E,BD,5049
1/10/2021,23:22,Sunday,WELLESLEY STATION,SUAP,20,25,N,YU,5691
1/10/2021,23:58,Sunday,ST CLAIR STATION,MUNOA,5,10,N,YU,5896
1/11/2021,00:04,Monday,MAIN STREET STATION,SUAE,0,0,,BD,0
1/11/2021,00:37,Monday,YONGE BD STATION,MUIS,0,0,,BD,0
1/11/2021,01:19,Monday,DUNDAS WEST STATION,MUO,0,0,,BD,0
1/11/2021,01:39,Monday,DAVISVILLE STATION,MUSC,0,0,S,YU,5641
1/11/2021,07:58,Monday,SHERBOURNE STATION,MUD,4,7,W,BD,5310
1/11/2021,07:59,Monday,SHERBOURNE STATION,TUMVS,0,0,W,BD,5057
1/11/2021,08:21,Monday,ROSEDALE STATION,TUO,3,6,S,YU,5426
1/11/2021,08:54,Monday,ROSEDALE STATION,SUUT,14,17,N,YU,5826
1/11/2021,08:54,Monday,ROSEDALE STATION,MUTO,3,6,N,YU,5826
1/11/2021,09:38,Monday,RUNNYMEDE STATION,TUMVS,5,8,W,BD,5132
1/11/2021,09:54,Monday,YORKDALE STATION,EUTL,7,10,N,YU,5886
1/11/2021,10:06,Monday,KIPLING STATION,MUI,3,6,E,BD,5105
1/11/2021,10:58,Monday,WELLESLEY STATION,MUPAA,0,0,S,YU,5801
1/11/2021,11:01,Monday,VAUGHAN MC STATION,MUNOA,3,6,S,YU,5826
1/11/2021,11:05,Monday,BLOOR STATION,MUPAA,0,0,N,YU,6081
1/11/2021,11:24,Monday,LAWRENCE WEST STATION,MUI,17,20,S,YU,5681
1/11/2021,11:35,Monday,WARDEN STATION,SUDP,0,0,E,BD,5257
1/11/2021,11:49,Monday,ROSEDALE STATION,MUSC,0,0,N,YU,6006
1/11/2021,11:58,Monday,DUNDAS WEST STATION,TUMVS,0,0,W,BD,5028
1/11/2021,13:02,Monday,PAPE STATION,EUME,8,11,E,BD,5045
1/11/2021,13:50,Monday,DUNDAS STATION,SUDP,0,0,S,YU,5426
1/11/2021,14:15,Monday,FINCH WEST STATION,SUDP,3,6,S,YU,5966
1/11/2021,14:21,Monday,ROSEDALE STATION,MUSC,0,0,N,YU,6006
1/11/2021,14:27,Monday,ROSEDALE STATION,TUATC,7,10,S,YU,5456
1/11/2021,14:50,Monday,SHERBOURNE STATION,EUDO,3,6,W,BD,5310
1/11/2021,15:01,Monday,BAY STATION,MUDD,7,10,W,BD,5310
1/11/2021,15:02,Monday,MCCOWAN STATION,TRNIP,3,9,S,SRT,3022
1/11/2021,16:14,Monday,DUNDAS STATION,MUIR,3,6,S,YU,5781
1/11/2021,16:27,Monday,YONGE BD STATION,EUCD,4,7,W,BD,5310
1/11/2021,16:42,Monday,WARDEN STATION,MUO,0,0,,BD,0
1/11/2021,17:12,Monday,SCARBOROUGH CTR STATIO,MRUI,0,0,,SRT,0
1/11/2021,17:42,Monday,QUEEN STATION,MUSAN,3,6,N,YU,5385
1/11/2021,18:02,Monday,ST CLAIR WEST STATION,MUNCA,0,0,,YU,0
1/11/2021,18:20,Monday,ISLINGTON STATION,SUO,0,0,,BD,0
1/11/2021,19:09,Monday,WELLESLEY STATION,MUO,3,6,S,YU,6046
1/11/2021,19:23,Monday,SCARBOROUGH CTR STATIO,PREL,0,0,,SRT,0
1/11/2021,19:29,Monday,DUFFERIN STATION,MUNCA,0,0,,BD,0
1/11/2021,21:24,Monday,ST GEORGE YUS STATION,MUIS,0,0,,YU,0
1/11/2021,21:34,Monday,FINCH STATION,PUTWZ,5,10,S,YU,5516
1/11/2021,21:40,Monday,ST CLAIR STATION,PUSTC,8,11,S,YU,5781
1/11/2021,22:00,Monday,YONGE-UNIVERSITY AND B,MUO,0,0,,YU/BD,0
1/11/2021,22:08,Monday,GREENWOOD STATION,SUDP,6,12,W,BD,5315
1/11/2021,23:23,Monday,QUEEN STATION,MUIS,0,0,S,YU,0
1/11/2021,23:38,Monday,EGLINTON WEST STATION,PUMEL,0,0,,YU,0
1/12/2021,01:43,Tuesday,KIPLING STATION,SUDP,0,0,,BD,0
1/12/2021,02:15,Tuesday,DOWNSVIEW PARK STATION,MUIRS,0,0,,YU,0
1/12/2021,02:35,Tuesday,SHEPPARD-YONGE STATION,MUIRS,0,0,,SHP,0
1/12/2021,06:00,Tuesday,TORONTO TRANSIT COMMIS,MUO,0,0,,YU,0
1/12/2021,06:00,Tuesday,TORONTO TRANSIT COMMIS,MUO,0,0,,SHP,0
1/12/2021,06:00,Tuesday,TORONTO TRANSIT COMMIS,MRO,0,0,,SRT,0
1/12/2021,06:58,Tuesday,ST GEORGE YUS STATION,MUPAA,0,0,N,YU,5386
1/12/2021,09:22,Tuesday,ROSEDALE STATION,TUSC,0,0,N,YU,6041
1/12/2021,10:38,Tuesday,YORK MILLS STATION,EUNT,3,6,N,YU,5866
1/12/2021,10:44,Tuesday,ROYAL YORK STATION,TUSC,0,0,E,BD,5079
1/12/2021,11:30,Tuesday,YORK UNIVERSITY STATIO,EUBK,3,6,N,YU,5391
1/12/2021,11:45,Tuesday,CHRISTIE STATION,MUIS,0,0,,BD,0
1/12/2021,12:43,Tuesday,ST GEORGE YUS STATION,MUIS,0,0,,YU,0
1/12/2021,13:50,Tuesday,BAY STATION,SUDP,3,6,E,BD,5105
1/12/2021,15:29,Tuesday,VAUGHAN MC STATION,TUNIP,3,6,S,YU,5951
1/12/2021,15:39,Tuesday,KEELE STATION,MUSC,0,0,W,BD,5324
1/12/2021,15:49,Tuesday,LAWRENCE EAST STATION,SRDP,0,0,,SRT,0
1/12/2021,15:53,Tuesday,WARDEN STATION,MUPAA,0,0,E,BD,5105
1/12/2021,16:54,Tuesday,YONGE BD STATION,SUO,3,6,W,BD,5294
1/12/2021,17:08,Tuesday,DUNDAS WEST STATION,MUNCA,0,0,,BD,0
1/12/2021,17:14,Tuesday,DONLANDS STATION,MUI,6,9,E,BD,5075
1/12/2021,17:27,Tuesday,YORKDALE STATION,MUTD,0,0,N,YU,5966
1/12/2021,17:49,Tuesday,MAIN STREET STATION,PUMEL,0,0,,BD,0
1/12/2021,19:49,Tuesday,QUEEN'S PARK STATION,MUPAA,0,0,N,YU,5576
1/12/2021,20:23,Tuesday,MCCOWAN STATION,SRO,8,12,S,SRT,3022
1/12/2021,21:14,Tuesday,BLOOR STATION,SUSA,0,0,N,YU,0
1/12/2021,22:00,Tuesday,YONGE-UNIVERSITY AND B,MUO,0,0,,YU/BD,0
1/12/2021,22:36,Tuesday,VICTORIA PARK STATION,SUDP,0,0,W,BD,5356
1/12/2021,22:39,Tuesday,KENNEDY BD STATION,MUPAA,0,0,,BD,5112
1/12/2021,23:04,Tuesday,SUMMERHILL STATION,MUPAA,0,0,S,YU,5471
1/12/2021,23:48,Tuesday,FINCH STATION,SUSA,0,0,,YU,0
1/13/2021,00:32,Wednesday,YONGE BD STATION,MUIR,3,9,W,BD,5283
1/13/2021,00:42,Wednesday,EGLINTON STATION,SUDP,5,10,S,YU,5876
1/13/2021,01:34,Wednesday,HIGHWAY 407 STATION,MUIS,0,0,S,YU,5636
1/13/2021,01:43,Wednesday,CHRISTIE STATION,SUROB,0,0,,BD,0
1/13/2021,03:24,Wednesday,YONGE-UNIVERSITY LINE,MUO,0,0,,YU,0
1/13/2021,05:29,Wednesday,KENNEDY BD STATION,SUROB,0,0,,BD,0
1/13/2021,05:52,Wednesday,MCCOWAN STATION,MRCL,7,14,S,SRT,3024
1/13/2021,06:31,Wednesday,COLLEGE STATION,SUUT,0,0,N,YU,5661
1/13/2021,06:44,Wednesday,ROSEDALE STATION,MUATC,3,6,S,YU,6076
1/13/2021,06:57,Wednesday,BLOOR STATION,MUATC,3,6,S,YU,6076
1/13/2021,07:00,Wednesday,KING STATION,MUPAA,0,0,N,YU,5396
1/13/2021,08:17,Wednesday,WILSON STATION,SUDP,6,9,S,YU,6016
1/13/2021,08:39,Wednesday,FINCH STATION,MUSC,0,0,S,YU,5966
1/13/2021,09:15,Wednesday,ROSEDALE STATION,EUBK,5,8,N,YU,6051
1/13/2021,09:19,Wednesday,ST GEORGE YUS STATION,SUDP,3,6,S,YU,6016
1/13/2021,09:20,Wednesday,COXWELL STATION,SUDP,7,10,W,BD,5175
1/13/2021,09:26,Wednesday,ROSEDALE STATION,SUUT,14,17,N,YU,5676
1/13/2021,11:10,Wednesday,KENNEDY BD STATION,EUDO,5,8,W,BD,5158
1/13/2021,11:20,Wednesday,ISLINGTON STATION,PUSTS,3,6,W,BD,5346
1/13/2021,12:10,Wednesday,ISLINGTON STATION,PUSTS,0,0,W,BD,5331
1/13/2021,12:38,Wednesday,ISLINGTON STATION,PUSTS,5,8,W,BD,5261
1/13/2021,12:43,Wednesday,FINCH STATION,EUSC,0,0,N,YU,5556
1/13/2021,12:43,Wednesday,PAPE STATION,PUMEL,0,0,,BD,0
1/13/2021,13:31,Wednesday,KENNEDY BD STATION,PUMST,0,0,,BD,0
1/13/2021,13:39,Wednesday,ROSEDALE STATION,MUATC,0,0,N,YU,5961
1/13/2021,14:31,Wednesday,BLOOR STATION,MUIR,0,0,S,YU,5441
1/13/2021,15:06,Wednesday,ROSEDALE STATION,MUSC,0,0,N,YU,5556
1/13/2021,15:22,Wednesday,FINCH WEST STATION,MUSAN,3,6,S,,5751
1/13/2021,16:35,Wednesday,KENNEDY BD STATION,MUI,3,6,W,BD,5331
1/13/2021,16:36,Wednesday,SPADINA BD STATION,MUD,3,6,E,BD,5024
1/13/2021,16:56,Wednesday,ST GEORGE YUS STATION,MUDD,7,10,S,YU,5456
1/13/2021,17:08,Wednesday,SHEPPARD STATION,EUSC,0,0,N,YU,5511
1/13/2021,17:25,Wednesday,PAPE STATION,MUO,6,12,E,BD,5021
1/13/2021,17:25,Wednesday,QUEEN'S PARK STATION,MUSAN,4,7,N,YU,5546
1/13/2021,17:35,Wednesday,DONLANDS STATION,MUIE,0,0,E,BD,5353
1/13/2021,18:38,Wednesday,KIPLING STATION,MUTO,3,6,E,BD,5051
1/13/2021,19:19,Wednesday,KENNEDY BD STATION,SUDP,0,0,,BD,0
1/13/2021,19:24,Wednesday,VICTORIA PARK STATION,SUDP,8,14,W,BD,5283
1/13/2021,19:35,Wednesday,FINCH STATION,SUDP,3,6,S,YU,5956
1/13/2021,19:43,Wednesday,WILSON STATION,MUIS,0,0,,YU,0
1/13/2021,19:48,Wednesday,BLOOR STATION,SUDP,0,0,N,YU,6041
1/13/2021,19:57,Wednesday,COLLEGE STATION,PUMEL,0,0,,YU,0
1/13/2021,20:30,Wednesday,UNION STATION,SUDP,0,0,,YU,0
1/13/2021,22:00,Wednesday,YONGE-UNIVERSITY AND B,MUO,0,0,,YU/BD,0
1/13/2021,22:08,Wednesday,DUNDAS WEST STATION,MUIS,0,0,,BD,0
1/13/2021,22:08,Wednesday,EGLINTON WEST STATION,PUMEL,0,0,,,0
1/13/2021,23:00,Wednesday,FINCH TO EGLINTON STAT,MUO,0,0,,YU,0
1/13/2021,23:03,Wednesday,FINCH STATION,MUIS,0,0,S,YU,0
1/13/2021,23:20,Wednesday,BLOOR STATION,SUUT,4,9,N,YU,5981
1/13/2021,23:24,Wednesday,ISLINGTON STATION,TUO,6,12,W,BD,5017
1/13/2021,23:26,Wednesday,KIPLING STATION,MUIS,0,0,,BD,0
1/14/2021,00:29,Thursday,CASTLE FRANK STATION,MUI,13,19,E,BD,5270
1/14/2021,01:29,Thursday,SPADINA BD STATION,SUUT,10,16,W,BD,5155
1/14/2021,02:37,Thursday,VAUGHAN MC STATION,SUAE,0,0,N,YU,5466
1/14/2021,03:16,Thursday,VICTORIA PARK STATION,SUO,0,0,,BD,0
1/14/2021,04:59,Thursday,KENNEDY BD STATION,SUDP,0,0,,BD,0
1/14/2021,06:00,Thursday,YORK UNIVERSITY STATIO,EUTR,4,7,S,YU,5616
1/14/2021,06:16,Thursday,KIPLING STATION,MUIRS,0,0,,BD,0
1/14/2021,06:18,Thursday,LAWRENCE WEST STATION,EUCD,3,6,S,YU,5616
1/14/2021,06:25,Thursday,ROSEDALE STATION,MUATC,6,9,S,YU,6046
1/14/2021,06:43,Thursday,GREENWOOD STATION,MUTO,3,6,E,BD,5346
1/14/2021,06:55,Thursday,DON MILLS STATION,TUSC,0,0,W,SHP,6191
1/14/2021,08:26,Thursday,FINCH STATION,MUSC,0,0,S,YU,5796
1/14/2021,08:27,Thursday,UNION STATION,MUIRS,0,0,,YU,0
1/14/2021,09:39,Thursday,ROSEDALE STATION,MUATC,5,8,N,YU,5786
1/14/2021,10:28,Thursday,SHERBOURNE STATION,MUIS,0,0,W,BD,0
1/14/2021,10:39,Thursday,KIPLING STATION,MUSAN,3,6,E,BD,5024
1/14/2021,10:50,Thursday,BESSARION STATION,EUDO,4,9,W,SHP,6176
1/14/2021,13:07,Thursday,COXWELL STATION,TUS,4,7,W,BD,5112
1/14/2021,13:10,Thursday,QUEEN STATION,MUPR1,94,97,N,YU,5906
1/14/2021,13:18,Thursday,KIPLING STATION,SUDP,3,6,E,BD,5051
1/14/2021,15:04,Thursday,BLOOR STATION,MUIRS,0,0,S,YU,0
1/14/2021,15:37,Thursday,KENNEDY BD STATION,MUIS,0,0,W,BD,0
1/14/2021,16:21,Thursday,QUEEN STATION,MUNCA,0,0,,YU,0
1/14/2021,17:04,Thursday,WELLESLEY STATION,SUDP,4,7,S,YU,5571
1/14/2021,17:37,Thursday,FINCH STATION,TUMVS,0,0,N,YU,5446
1/14/2021,17:50,Thursday,WELLESLEY STATION,SUUT,9,12,N,YU,5946
1/14/2021,17:59,Thursday,BAYVIEW STATION,TUSC,0,0,E,SHP,6141
1/14/2021,18:34,Thursday,KENNEDY BD STATION,SUAP,0,0,,BD,0
1/14/2021,18:47,Thursday,ROYAL YORK STATION,PUMEL,0,0,,BD,0
1/14/2021,20:12,Thursday,BAY STATION,MUPAA,0,0,E,BD,5298
1/14/2021,20:18,Thursday,EGLINTON WEST STATION,MUATC,4,7,N,YU,5766
1/14/2021,20:24,Thursday,COXWELL STATION,SUDP,4,9,E,BD,5298
1/14/2021,20:24,Thursday,WOODBINE STATION,MUSAN,4,9,E,BD,5298
1/14/2021,20:29,Thursday,YONGE BD STATION,SUDP,3,6,W,BD,5058
1/14/2021,21:05,Thursday,WOODBINE STATION,SUDP,3,9,W,BD,5284
1/14/2021,21:28,Thursday,WILSON STATION,SUDP,5,10,S,YU,6081
1/14/2021,22:00,Thursday,CHRISTIE STATION,SUDP,0,0,W,BD,5155
1/14/2021,22:00,Thursday,YONGE-UNIVERSITY AND B,MUO,0,0,,YU/BD,0
1/14/2021,22:39,Thursday,WELLESLEY STATION,MUIRS,0,0,S,YU,0
1/14/2021,23:26,Thursday,EGLINTON WEST STATION,SUAP,0,0,S,YU,0
1/14/2021,23:48,Thursday,GREENWOOD STATION,MUDD,5,11,E,BD,5298
1/15/2021,00:15,Friday,WILSON STATION,MUTO,5,10,N,YU,6026
1/15/2021,02:01,Friday,VAUGHAN MC STATION,MUIS,0,0,,YU,0
1/15/2021,02:10,Friday,LANSDOWNE STATION,SUO,0,0,E,BD,0
1/15/2021,02:18,Friday,VAUGHAN MC STATION,MUIS,0,0,S,YU,6021
1/15/2021,05:29,Friday,FINCH STATION,EUTL,4,8,S,YU,6011
1/15/2021,06:00,Friday,TORONTO TRANSIT COMMIS,MUO,0,0,,YU,0
1/15/2021,06:00,Friday,TORONTO TRANSIT COMMIS,MUO,0,0,,SHP,0
1/15/2021,06:00,Friday,TORONTO TRANSIT COMMIS,MRO,0,0,,SRT,0
1/15/2021,06:55,Friday,VAUGHAN MC STATION,EUTL,3,6,S,YU,5911
1/15/2021,07:52,Friday,EGLINTON WEST STATION,SUDP,0,0,S,YU,5456
1/15/2021,09:50,Friday,VICTORIA PARK STATION,PUSTS,0,0,W,BD,5030
1/15/2021,10:02,Friday,KEELE STATION,MUIRS,0,0,E,BD,0
1/15/2021,11:17,Friday,LAWRENCE WEST STATION,SUDP,0,0,S,YU,5781
1/15/2021,11:34,Friday,KIPLING STATION,TUMVS,6,10,W,BD,5075
1/15/2021,11:41,Friday,WILSON CARHOUSE,MUO,0,0,,YU,0
1/15/2021,11:48,Friday,MAIN STREET STATION,SUDP,0,0,E,BD,5024
1/15/2021,12:14,Friday,LANSDOWNE STATION,MUIRS,5,8,E,BD,5104
1/15/2021,12:29,Friday,BATHURST STATION,MUSC,0,0,E,BD,5283
1/15/2021,13:02,Friday,SHEPPARD WEST STATION,MUIRS,0,0,,YU,0
1/15/2021,13:34,Friday,YORK MILLS STATION,MUPAA,0,0,S,YU,5591
1/15/2021,14:19,Friday,EGLINTON STATION,MUPAA,0,0,S,YU,5981
1/15/2021,15:19,Friday,BROADVIEW STATION,SUO,0,0,W,BD,0
1/15/2021,15:30,Friday,KIPLING STATION,TUMVS,0,0,W,BD,5063
1/15/2021,16:07,Friday,SPADINA BD STATION,MUSAN,0,0,W,BD,5365
1/15/2021,16:11,Friday,BLOOR STATION,MUIR,6,9,N,YU,5381
1/15/2021,18:48,Friday,SPADINA YUS STATION,SUUT,24,27,N,YU,6051
1/15/2021,19:19,Friday,BLOOR STATION,SUDP,3,6,S,YU,5641
1/15/2021,19:55,Friday,LAWRENCE STATION,MUSAN,3,6,S,YU,6031
1/15/2021,20:46,Friday,YORKDALE STATION,MUATC,7,10,N,YU,6031
1/15/2021,21:34,Friday,ST GEORGE YUS STATION,MUIS,0,0,N,YU,5441
1/15/2021,22:00,Friday,YONGE-UNIVERSITY AND B,MUO,0,0,,YONGE/UNIVERSITY/BLOOR,0
1/15/2021,22:29,Friday,LAWRENCE STATION,TUSC,0,0,N,YU,5876
1/15/2021,22:59,Friday,YORK MILLS STATION,SUDP,0,0,S,YU,5771
1/16/2021,00:02,Saturday,WELLESLEY STATION,MUPAA,0,0,S,YU,6136
1/16/2021,00:55,Saturday,CHESTER STATION,EUCA,12,18,E,BD,5017
1/16/2021,01:08,Saturday,DUNDAS STATION,MUIRS,0,0,,YU,0
1/16/2021,01:22,Saturday,FINCH STATION,MUI,0,0,S,YU,5916
1/16/2021,01:37,Saturday,KENNEDY BD STATION,MUTO,6,12,W,BD,5330
1/16/2021,02:13,Saturday,FINCH STATION,MUIS,0,0,,YU,0
1/16/2021,06:05,Saturday,GREENWOOD STATION,EUBO,5,10,E,BD,5066
1/16/2021,06:24,Saturday,PAPE STATION,EUAC,5,10,E,BD,5084
1/16/2021,06:49,Saturday,WILSON STATION,EUBK,5,10,N,YU,5466
1/16/2021,08:56,Saturday,ISLINGTON STATION,SUDP,3,8,W,BD,5010
1/16/2021,10:09,Saturday,BLOOR STATION,MUIS,0,0,S,YU,0
1/16/2021,10:28,Saturday,ST CLAIR STATION,MUPAA,0,0,N,YU,6056
1/16/2021,12:16,Saturday,MCCOWAN STATION,PRSA,32,39,S,SRT,3018
1/16/2021,12:30,Saturday,ISLINGTON STATION,MUDD,0,0,W,BD,5257
1/16/2021,12:41,Saturday,DUPONT STATION,MUPAA,0,0,S,YU,6131
1/16/2021,12:58,Saturday,WILSON STATION,TUNIP,3,6,S,YU,5676
1/16/2021,13:56,Saturday,KENNEDY BD STATION,TUMVS,4,8,E,BD,5051
1/16/2021,16:44,Saturday,LAWRENCE STATION,MUPAA,0,0,N,YU,5786
1/16/2021,19:14,Saturday,KENNEDY BD STATION,MUIS,0,0,,BD,8704
1/16/2021,20:31,Saturday,DUNDAS WEST STATION,MUIS,0,0,,BD,4546
1/16/2021,20:38,Saturday,VAUGHAN MC STATION,MUTO,3,8,S,YU,5981
1/16/2021,22:00,Saturday,YONGE-UNIVERSITY AND B,MUO,0,0,,YU/BD,0
1/16/2021,23:49,Saturday,ROYAL YORK STATION,SUUT,11,17,W,BD,5324
1/17/2021,01:07,Sunday,LAWRENCE STATION,MUPAA,0,0,S,YU,6046
1/17/2021,02:09,Sunday,ST GEORGE BD STATION,SUDP,0,0,,BD,0
1/17/2021,02:10,Sunday,FINCH STATION,SUDP,0,0,,YU,0
1/17/2021,07:51,Sunday,ROSEDALE STATION,MUSC,0,0,N,YU,5421
1/17/2021,09:33,Sunday,YONGE BD STATION,MUIRS,0,0,,BD,0
1/17/2021,12:11,Sunday,BATHURST STATION,SUROB,0,0,,BD,0
1/17/2021,12:50,Sunday,UNION STATION,MUPAA,0,0,N,YU,6056
1/17/2021,13:48,Sunday,LAWRENCE STATION,EUSC,0,0,N,YU,5551
1/17/2021,13:59,Sunday,PAPE STATION,MUSAN,4,8,W,BD,5190
1/17/2021,14:01,Sunday,CASTLE FRANK STATION,MUIS,0,0,E,BD,0
1/17/2021,15:55,Sunday,ISLINGTON STATION,TUSC,0,0,W,BD,5121
1/17/2021,16:12,Sunday,LAWRENCE WEST STATION,MUI,20,24,S,YU,6141
1/17/2021,16:18,Sunday,BROADVIEW STATION,SUO,0,0,W,BD,5169
1/17/2021,16:54,Sunday,BAYVIEW STATION,SUDP,0,0,,SHP,0
1/17/2021,16:54,Sunday,CHESTER STATION,SUUT,0,0,E,BD,5008
1/17/2021,17:47,Sunday,QUEEN'S PARK STATION,SUDP,10,14,N,YU,6136
1/17/2021,18:53,Sunday,YONGE BD STATION,SUDP,0,0,W,BD,5292
1/17/2021,19:57,Sunday,KENNEDY BD STATION,MUIS,0,0,,BD,0
1/17/2021,21:06,Sunday,WELLESLEY STATION,MUIS,0,0,,YU,0
1/17/2021,21:35,Sunday,QUEEN STATION,SUEAS,7,12,S,YU,5441
1/17/2021,22:00,Sunday,YONGE-UNIVERSITY AND B,MUO,0,0,,YU/BD,0
1/17/2021,22:45,Sunday,LAWRENCE STATION,MUI,19,24,N,YU,5911
1/17/2021,22:55,Sunday,DAVISVILLE STATION,SUDP,5,10,N,YU,5696
1/17/2021,23:13,Sunday,SPADINA YUS STATION,MUIS,5,10,N,YU,5826
1/18/2021,00:10,Monday,KENNEDY BD STATION,EUNT,6,12,W,BD,5292
1/18/2021,00:14,Monday,MUSEUM STATION,EUECD,5,10,N,YU,5746
1/18/2021,00:47,Monday,SHEPPARD-YONGE STATION,MUIS,0,0,,SHP,0
1/18/2021,00:57,Monday,ROSEDALE STATION,MUATC,3,8,S,YU,5691
1/18/2021,01:02,Monday,KENNEDY SRT STATION,ERDO,6,11,N,SRT,3025
1/18/2021,01:03,Monday,EGLINTON STATION,MUSC,0,0,S,YU,5646
1/18/2021,02:12,Monday,DON MILLS STATION,MUIS,0,0,,SHP,0
1/18/2021,02:25,Monday,KIPLING STATION,SUDP,0,0,,BD,0
1/18/2021,05:23,Monday,SHEPPARD-YONGE STATION,MUSC,0,0,E,SHP,6156
1/18/2021,05:41,Monday,DON MILLS STATION,MUSC,0,0,W,SHP,6186
1/18/2021,05:46,Monday,FINCH STATION,MUSC,0,0,S,YU,5441
1/18/2021,06:00,Monday,TORONTO TRANSIT COMMIS,MUO,0,0,,YU/BD,0
1/18/2021,06:00,Monday,TORONTO TRANSIT COMMIS,MUO,0,0,,SHP,0
1/18/2021,06:00,Monday,TORONTO TRANSIT COMMIS,MRO,0,0,,SRT,0
1/18/2021,08:14,Monday,KENNEDY SRT STATION,ERTC,9,13,N,SRT,3027
1/18/2021,08:24,Monday,ST GEORGE YUS STATION,SUDP,0,0,S,YU,5451
1/18/2021,08:49,Monday,EGLINTON WEST STATION,TUATC,3,6,N,YU,6126
1/18/2021,08:53,Monday,VICTORIA PARK STATION,EUAL,3,6,E,BD,5112
1/18/2021,09:57,Monday,ST CLAIR STATION,PUTIJ,3,6,S,YU,5801
1/18/2021,10:42,Monday,SPADINA STATION,PUMO,0,0,N,YU,5816
1/18/2021,10:49,Monday,SPADINA BD STATION,MUO,0,0,E,BD,5045
1/18/2021,12:35,Monday,YONGE BD STATION,MUIRS,0,0,,BD,0
1/18/2021,13:07,Monday,ROYAL YORK STATION,PUMEL,0,0,,BD,0
1/18/2021,15:08,Monday,CASTLE FRANK STATION,EUDO,9,12,W,BD,5077
1/18/2021,15:33,Monday,SUMMERHILL STATION,SUDP,3,6,N,YU,5721
1/18/2021,15:46,Monday,DAVISVILLE STATION,MUPAA,4,7,N,YU,5676
1/18/2021,15:57,Monday,ST PATRICK STATION,SUDP,7,10,N,YU,6026
1/18/2021,16:16,Monday,EGLINTON STATION,PUMEL,0,0,,YU,0
1/18/2021,16:17,Monday,FINCH STATION,TUNIP,3,6,S,YU,5951
1/18/2021,16:19,Monday,ST GEORGE YUS STATION,MUI,23,26,S,YU,6071
1/18/2021,16:43,Monday,SPADINA YUS STATION,MUO,31,34,S,YU,5451
1/18/2021,16:45,Monday,SPADINA BD STATION,SUEAS,18,21,E,BD,5024
1/18/2021,16:55,Monday,CHESTER STATION,MUPAA,0,0,E,BD,5186
1/18/2021,16:58,Monday,FINCH STATION,TUNIP,3,6,S,YU,6046
1/18/2021,17:32,Monday,GREENWOOD STATION,MUPAA,4,7,W,BD,5046
1/18/2021,17:34,Monday,MAIN STREET STATION,EUCD,9,12,W,BD,5077
1/18/2021,17:58,Monday,HIGHWAY 407 STATION,SUDP,13,16,N,YU,5631
1/18/2021,18:04,Monday,YORK MILLS STATION,EUDO,6,9,N,YU,5526
1/18/2021,18:06,Monday,SHEPPARD STATION,PUSI,0,0,N,YU,5941
1/18/2021,18:13,Monday,SHEPPARD STATION,EUCD,3,6,N,YU,5526
1/18/2021,18:17,Monday,SHEPPARD STATION,PUSI,4,7,N,YU,5506
1/18/2021,18:19,Monday,KENNEDY BD STATION,MUO,3,6,W,BD,5347
1/18/2021,18:30,Monday,ST CLAIR STATION,EUBK,4,7,S,YU,5501
1/18/2021,18:34,Monday,MIDLAND STATION,ERTC,7,12,N,SRT,6025
1/18/2021,19:16,Monday,SPADINA BD STATION,MUPAA,4,7,W,BD,5114
1/18/2021,19:22,Monday,ST CLAIR STATION,PUTIJ,3,6,S,YU,5771
1/18/2021,19:23,Monday,LAWRENCE STATION,SUDP,0,0,S,YU,5386
1/18/2021,20:26,Monday,YONGE BD STATION,SUDP,0,0,E,BD,5143
1/18/2021,20:37,Monday,ST GEORGE YUS STATION,SUDP,3,6,S,YU,5721
1/18/2021,22:00,Monday,YONGE-UNIVERSITY AND B,MUO,0,0,,YU/BD,0
1/18/2021,22:01,Monday,ROSEDALE STATION,MUATC,0,0,S,YU,5671
1/18/2021,23:00,Monday,YONGE-UNIVERSITY SUBWA,MUO,0,0,,YU,0
1/19/2021,01:34,Tuesday,VAUGHAN MC STATION,SUDP,0,0,S,YU,6051
1/19/2021,02:17,Tuesday,EGLINTON STATION,MUIRS,0,0,,YU,0
1/19/2021,02:36,Tuesday,VAUGHAN MC STATION,MUIS,0,0,,YU,0
1/19/2021,05:24,Tuesday,WILSON DIVISION,MUTO,0,0,,YU,0
1/19/2021,05:48,Tuesday,DAVISVILLE STATION,EUDO,3,0,S,YU,5501
1/19/2021,05:54,Tuesday,UNION STATION,MUTO,3,6,N,YU,5821
1/19/2021,07:22,Tuesday,DON MILLS STATION,MUIS,0,0,,SHP,0
1/19/2021,08:00,Tuesday,BROADVIEW STATION,TUMVS,6,9,W,BD,5045
1/19/2021,08:25,Tuesday,FINCH STATION,MUSC,0,0,S,YU,5511
1/19/2021,09:38,Tuesday,EGLINTON WEST STATION,MUSAN,3,6,N,YU,6136
1/19/2021,10:22,Tuesday,QUEEN STATION,MUNCA,0,0,,YU,0
1/19/2021,10:48,Tuesday,DUNDAS STATION,MUPAA,3,6,S,YU,5521
1/19/2021,11:34,Tuesday,EGLINTON STATION,PUSTS,3,6,S,YU,5396
1/19/2021,11:39,Tuesday,VAUGHAN MC STATION,MUCL,3,6,S,YU,5971
1/19/2021,11:56,Tuesday,KIPLING STATION,SUDP,4,7,E,BD,5320
1/19/2021,13:17,Tuesday,CHRISTIE STATION,MUIR,13,16,E,BD,5024
1/19/2021,13:22,Tuesday,ROSEDALE STATION,MUATC,3,6,S,YU,5596
1/19/2021,13:25,Tuesday,YORKDALE STATION,SUO,0,0,N,YU,6126
1/19/2021,13:43,Tuesday,KEELE STATION,SUDP,6,9,E,BD,5171
1/19/2021,13:52,Tuesday,DUNDAS WEST STATION,PUMEL,0,0,,BD,0
1/19/2021,13:52,Tuesday,VAUGHAN MC STATION,TUNIP,3,6,S,YU,6086
1/19/2021,13:58,Tuesday,CASTLE FRANK STATION,SUO,0,0,E,BD,0
1/19/2021,14:12,Tuesday,COXWELL STATION,TUNIP,3,6,W,BD,5017
1/19/2021,14:51,Tuesday,ST CLAIR STATION,MUSAN,4,7,N,YU,5841
1/19/2021,15:16,Tuesday,BLOOR STATION,PUMST,0,0,,YU,0
1/19/2021,15:37,Tuesday,BESSARION STATION,SUO,0,0,,SHP,0
1/19/2021,16:31,Tuesday,ROYAL YORK STATION,SUO,0,0,W,BD,5164
1/19/2021,16:36,Tuesday,KIPLING STATION,SUO,7,10,E,BD,5204
1/19/2021,17:56,Tuesday,SHEPPARD STATION,SUDP,0,0,S,YU,5846
1/19/2021,18:00,Tuesday,BAYVIEW STATION,SUO,10,15,W,SHP,6196
1/19/2021,18:04,Tuesday,WARDEN STATION,TUMVS,0,0,E,BD,5292
1/19/2021,20:05,Tuesday,ST CLAIR WEST STATION,MUIR,4,7,S,YU,5806
1/19/2021,21:20,Tuesday,DON MILLS STATION,TUMVS,0,0,E,SHP,6156
1/19/2021,21:54,Tuesday,SHEPPARD-YONGE STATION,EUBO,4,9,E,SHP,6156
1/19/2021,22:00,Tuesday,YONGE-UNIVERSITY AND B,MUO,0,0,,YU/BD,0
1/19/2021,22:05,Tuesday,RUNNYMEDE STATION,SUDP,0,0,E,BD,5114
1/19/2021,22:55,Tuesday,EGLINTON STATION,EUVE,8,13,S,YU,5546
1/20/2021,01:52,Wednesday,WILSON STATION,MUIS,0,0,,YU,0
1/20/2021,02:36,Wednesday,VAUGHAN MC STATION,MUI,0,0,S,YU,5806
1/20/2021,05:37,Wednesday,GREENWOOD STATION,PUTSM,0,0,E,BD,5164
1/20/2021,06:03,Wednesday,ROYAL YORK STATION,EUME,10,13,E,BD,5010
1/20/2021,06:22,Wednesday,KEELE YARD,EUCD,0,0,E,BD,5010
1/20/2021,07:05,Wednesday,WOODBINE STATION,EUDO,7,10,W,BD,5077
1/20/2021,07:37,Wednesday,SUMMERHILL STATION,MUSC,0,0,N,YU,5831
1/20/2021,08:23,Wednesday,QUEEN STATION,MUNCA,0,0,,YU,0
1/20/2021,08:41,Wednesday,SHEPPARD STATION,SUDP,3,6,S,YU,5726
1/20/2021,09:46,Wednesday,VAUGHAN MC STATION,MUTO,4,7,S,YU,5861
1/20/2021,10:00,Wednesday,VAUGHAN MC STATION,TUNIP,3,6,S,YU,5721
1/20/2021,10:09,Wednesday,ST CLAIR STATION,SUDP,4,7,S,YU,5396
1/20/2021,10:32,Wednesday,ROSEDALE STATION,EUSC,3,6,N,YU,6016
1/20/2021,10:39,Wednesday,DUNDAS STATION,MUIRS,0,0,N,YU,0
1/20/2021,12:03,Wednesday,EGLINTON STATION,SUUT,59,62,S,YU,5951
1/20/2021,12:26,Wednesday,YORK MILLS CENTRE TRAC,EUSC,0,0,N,YU,5551
1/20/2021,13:21,Wednesday,EGLINTON STATION,EUSC,0,0,S,YU,6026
1/20/2021,13:36,Wednesday,KENNEDY BD STATION,PUMO,4,7,E,BD,5249
1/20/2021,14:06,Wednesday,EGLINTON STATION,MUIS,0,0,,YU,0
1/20/2021,14:22,Wednesday,LAWRENCE WEST STATION,SUUT,63,69,N,YU,5511
1/20/2021,15:15,Wednesday,EGLINTON STATION,MUPAA,3,6,N,YU,6111
1/20/2021,16:45,Wednesday,GREENWOOD STATION,EUNT,4,7,E,BD,5222
1/20/2021,17:40,Wednesday,DUNDAS WEST STATION,MUSC,0,0,E,BD,5169
1/20/2021,17:50,Wednesday,SHEPPARD STATION,SUAE,0,0,,YU,0
1/20/2021,18:10,Wednesday,DUNDAS STATION,SUDP,0,0,N,YU,0
1/20/2021,18:12,Wednesday,YONGE BD STATION,SUO,3,6,E,BD,5256
1/20/2021,18:17,Wednesday,KIPLING STATION,MUIS,0,0,,BD,0
1/20/2021,18:53,Wednesday,YONGE BD STATION,PUMEL,0,0,,BD,0
1/20/2021,19:55,Wednesday,BATHURST STATION,SUDP,3,8,W,BD,5176
1/20/2021,20:46,Wednesday,YORK MILLS STATION,MUSAN,0,0,N,YU,5941
1/20/2021,21:24,Wednesday,ST GEORGE YU STATION,MUI,8,13,S,YU,6121
1/20/2021,21:29,Wednesday,FINCH STATION,SUDP,0,0,N,YU,5591
1/20/2021,21:37,Wednesday,NORTH YORK CTR STATION,SUDP,0,0,S,YU,5846
1/20/2021,22:00,Wednesday,YONGE-UNIVERSITY AND B,MUO,0,0,,YU/BD,0
1/20/2021,22:16,Wednesday,SHEPPARD WEST STATION,MUATC,7,12,S,YU,5416
1/20/2021,22:43,Wednesday,YORKDALE STATION,MUATC,3,8,S,YU,5416
1/20/2021,22:59,Wednesday,WILSON STATION,MUATC,10,15,S,YU,5416
1/20/2021,23:00,Wednesday,YONGE-UNIVERSITY SUBWA,MUO,0,0,,YU,0
1/21/2021,00:27,Thursday,SHEPPARD WEST STATION,MUTO,10,15,S,YU,5696
1/21/2021,01:26,Thursday,ISLINGTON STATION,TUMVS,0,0,E,BD,5371
1/21/2021,01:54,Thursday,WARDEN STATION,MUIS,0,0,,BD,0
1/21/2021,02:15,Thursday,VAUGHAN MC STATION,MUIS,0,0,,YU,0
1/21/2021,05:36,Thursday,FINCH STATION,TUSC,0,0,S,YU,5666
1/21/2021,06:03,Thursday,BAY STATION,SUEAS,17,21,W,BD,5320
1/21/2021,06:09,Thursday,BAY STATION,MUPAA,0,0,E,BD,5222
1/21/2021,06:12,Thursday,VAUGHAN MC STATION,MUATC,5,8,S,YU,5741
1/21/2021,06:20,Thursday,FINCH STATION,SUO,0,0,,YU,0
1/21/2021,06:43,Thursday,DON MILLS STATION,PUSO,3,9,E,SHP,6181
1/21/2021,06:44,Thursday,FINCH STATION,MUSC,0,0,S,YU,5611
1/21/2021,07:09,Thursday,BESSARION STATION,MUPAA,0,0,E,SHP,6141
1/21/2021,07:31,Thursday,ROSEDALE STATION,MUATC,4,7,S,YU,6016
1/21/2021,07:42,Thursday,BLOOR STATION,MUPAA,0,0,S,YU,6136
1/21/2021,08:49,Thursday,VAUGHAN MC STATION,MUTO,3,6,S,YU,5646
1/21/2021,09:07,Thursday,SPADINA BD STATION,EUBK,0,0,E,BD,5006
1/21/2021,09:29,Thursday,KENNEDY BD STATION,PUMEL,0,0,,BD,0
1/21/2021,09:32,Thursday,SPADINA BD STATION,SUDP,0,0,W,BD,5124
1/21/2021,09:44,Thursday,WILSON STATION,EUATC,10,13,S,YU,5956
1/21/2021,10:57,Thursday,ST CLAIR STATION,TUMVS,5,8,N,YU,6051
1/21/2021,11:11,Thursday,ST CLAIR STATION,PUMEL,0,0,,YU,8339
1/21/2021,11:55,Thursday,ROSEDALE STATION,MUATC,4,7,S,YU,5426
1/21/2021,12:05,Thursday,NORTH YORK CTR STATION,SUDP,5,8,N,YU,6021
1/21/2021,12:43,Thursday,OLD MILL STATION,EUSC,0,0,E,BD,5259
1/21/2021,14:40,Thursday,BLOOR STATION,SUDP,4,7,N,YU,5596
1/21/2021,14:43,Thursday,LAWRENCE STATION,EUSC,0,0,N,YU,6036
1/21/2021,14:45,Thursday,WILSON STATION,SUAE,4,7,S,YU,5576
1/21/2021,14:53,Thursday,COLLEGE STATION,MUIRS,0,0,S,YU,0
1/21/2021,15:05,Thursday,WILSON STATION,SUPOL,6,9,N,YU,5426
1/21/2021,15:08,Thursday,KING STATION,MUATC,4,7,N,YU,5761
1/21/2021,15:28,Thursday,WELLESLEY STATION,EUDO,0,0,N,YU,5876
1/21/2021,15:45,Thursday,BAY STATION,SUDP,3,6,E,BD,5117
1/21/2021,15:45,Thursday,FINCH STATION,MUTO,4,7,S,YU,5766
1/21/2021,16:01,Thursday,ROYAL YORK STATION,EUSC,0,0,E,BD,5259
1/21/2021,16:11,Thursday,KENNEDY BD STATION,MUTO,5,8,W,BD,5154
1/21/2021,16:31,Thursday,YORK MILLS STATION,SUDP,0,0,S,YU,5656
1/21/2021,16:52,Thursday,DON MILLS STATION,EUBO,5,10,W,SHP,6166
1/21/2021,17:22,Thursday,YORK MILLS STATION,TUSC,0,0,N,YU,6021
1/21/2021,17:33,Thursday,YORK MILLS STATION,TUSC,0,0,S,YU,5466
1/21/2021,17:52,Thursday,SPADINA STATION,MUIS,0,0,,YU,0
1/21/2021,17:53,Thursday,SPADINA STATION,PUMEL,0,0,,YU,0
1/21/2021,17:56,Thursday,FINCH WEST STATION,EUAC,15,18,N,YU,5426
1/21/2021,18:26,Thursday,YORK MILLS STATION,SUDP,0,0,N,YU,5876
1/21/2021,18:34,Thursday,YONGE BD STATION,SUUT,10,15,W,BD,5331
1/21/2021,18:57,Thursday,OSSINGTON STATION,SUDP,0,0,E,BD,5371
1/21/2021,20:04,Thursday,ISLINGTON STATION,SUDP,0,0,,BD,0
1/21/2021,20:45,Thursday,DON MILLS STATION,TUMVS,0,0,E,SHP,6146
1/21/2021,21:37,Thursday,BLOOR STATION,SUDP,3,8,N,YU,6061
1/21/2021,21:53,Thursday,DAVISVILLE STATION,SUDP,5,10,N,YU,6061
1/21/2021,21:53,Thursday,ST GEORGE YUS STATION,SUDP,0,0,S,YU,6071
1/21/2021,22:00,Thursday,YONGE-UNIVERSITY AND B,MUO,0,0,,YU/BD,0
1/21/2021,22:20,Thursday,FINCH STATION,SUDP,4,9,S,YU,5801
1/21/2021,22:32,Thursday,PIONEER VILLAGE STATIO,MUIS,0,0,N,YU,5971
1/22/2021,00:03,Friday,DUFFERIN STATION,MUIS,0,0,,BD,0
1/22/2021,01:29,Friday,VICTORIA PARK STATION,MUIS,0,0,,BD,0
1/22/2021,01:38,Friday,SHEPPARD WEST STATION,MUIS,0,0,S,YU,0
1/22/2021,03:19,Friday,DANFORTH DIVISION,MUIE,0,0,,BD,0
1/22/2021,05:46,Friday,DAVISVILLE STATION,MUTO,3,6,N,YU,5616
1/22/2021,05:51,Friday,DAVISVILLE STATION,MUTO,4,7,N,YU,5696
1/22/2021,06:19,Friday,FINCH STATION,TUSC,0,0,N,YU,5461
1/22/2021,06:22,Friday,OLD MILL STATION,MUDD,3,8,W,BD,5042
1/22/2021,07:47,Friday,YONGE BD STATION,EUBK,5,8,E,BD,5148
1/22/2021,09:32,Friday,COLLEGE STATION,MUSAN,3,7,N,YU,5651
1/22/2021,11:28,Friday,KENNEDY BD STATION,EUBK,3,6,E,BD,5343
1/22/2021,12:59,Friday,WILSON STATION,SUPOL,12,15,N,YU,5516
1/22/2021,13:53,Friday,FINCH STATION,SUAP,0,0,,YU,0
1/22/2021,14:23,Friday,ROSEDALE STATION,MUATC,0,0,N,YU,5511
1/22/2021,14:24,Friday,SPADINA BD STATION,SUDP,15,18,W,BD,5164
1/22/2021,14:28,Friday,SPADINA YUS STATION,SUO,15,18,S,YU,5731
1/22/2021,15:53,Friday,DON MILLS STATION,SUUT,16,21,W,SHP,6191
1/22/2021,16:00,Friday,VAUGHAN MC STATION,SUUT,15,18,N,YU,5551
1/22/2021,16:15,Friday,ROYAL YORK STATION,MUSC,4,7,E,BD,5259
1/22/2021,17:09,Friday,EGLINTON WEST STATION,MUIRS,0,0,S,YU,0
1/22/2021,17:10,Friday,ST CLAIR WEST STATION,SUEAS,15,18,S,YU,6121
1/22/2021,17:16,Friday,ST GEORGE YUS STATION,MUPAA,3,6,S,YU,5761
1/22/2021,18:06,Friday,ST GEORGE BD STATION,MUIS,0,0,,BD,0
1/22/2021,18:21,Friday,WOODBINE STATION,TUOS,3,6,E,BD,5294
1/22/2021,18:54,Friday,BLOOR STATION,SUAE,0,0,,YU,0
1/22/2021,19:09,Friday,PAPE STATION,MUIR,3,6,E,BD,5366
1/22/2021,20:07,Friday,SHEPPARD-YONGE STATION,PUOPO,6,11,E,SHP,6176
1/22/2021,20:18,Friday,DAVISVILLE STATION,SUDP,4,7,S,YU,6031
1/22/2021,21:14,Friday,EGLINTON STATION,MUIS,0,0,,YU,0
1/22/2021,21:14,Friday,WILSON STATION,MUTO,0,0,S,YU,5831
1/22/2021,21:21,Friday,FINCH STATION,TUSC,0,0,N,YU,6111
1/22/2021,21:34,Friday,ISLINGTON STATION,MUIRS,0,0,W,BD,0
1/22/2021,22:00,Friday,YONGE / UNIVERSITY - B,MUO,0,0,,YU / BD,0
1/22/2021,22:17,Friday,VAUGHAN MC STATION,MUPAA,0,0,N,YU,6086
1/22/2021,22:20,Friday,LESLIE STATION,EUBO,5,10,E,SHP,6156
1/22/2021,22:30,Friday,YORK MILLS STATION,MUO,3,8,S,YU,5911
1/22/2021,23:04,Friday,FINCH STATION,MUI,5,10,S,YU,6081
1/22/2021,23:34,Friday,KEELE STATION,MUIR,4,10,E,BD,5365
1/23/2021,00:13,Saturday,BLOOR STATION,MUPAA,3,5,N,YU,6026
1/23/2021,02:04,Saturday,HIGHWAY 407 STATION,SUDP,6,11,N,YU,5866
1/23/2021,05:22,Saturday,COXWELL STATION,SUO,0,0,E,BD,5288
1/23/2021,06:12,Saturday,ST ANDREW STATION,PUSSW,0,0,S,YU,5731
1/23/2021,06:31,Saturday,UNION STATION,PUSSW,43,48,S,YU,5841
1/23/2021,06:40,Saturday,WARDEN STATION,PUTIS,3,8,E,BD,5256
1/23/2021,06:41,Saturday,HIGHWAY 407 STATION,EUTR,0,0,S,YU,5561
1/23/2021,07:07,Saturday,QUEEN STATION,MUATC,3,8,N,YU,6056
1/23/2021,07:35,Saturday,WARDEN STATION,TUMVS,0,0,E,BD,5288
1/23/2021,07:51,Saturday,CHRISTIE STATION,SUUT,7,12,E,BD,5259
1/23/2021,08:42,Saturday,BATHURST STATION,SUAP,11,16,W,BD,5322
1/23/2021,10:22,Saturday,DUPONT STATION,PUMEL,0,0,,YU,0
1/23/2021,10:49,Saturday,PIONEER VILLAGE STATIO,SUDP,0,0,N,YU,5661
1/23/2021,11:46,Saturday,KENNEDY BD STATION,EUPI,4,8,W,BD,5034
1/23/2021,12:44,Saturday,GREENWOOD STATION,TUNOA,4,8,E,BD,5089
1/23/2021,13:19,Saturday,ROSEDALE STATION,SUDP,0,0,S,YU,5686
1/23/2021,13:22,Saturday,BLOOR STATION,SUDP,0,0,S,YU,5686
1/23/2021,15:04,Saturday,BAY STATION,MUDD,5,9,E,BD,5170
1/23/2021,15:51,Saturday,KING STATION,SUUT,22,27,N,YU,5666
1/23/2021,16:40,Saturday,LAWRENCE EAST STATION,PREL,0,0,,SRT,0
1/23/2021,16:45,Saturday,YONGE BD STATION,MUSC,0,0,E,BD,5051
1/23/2021,16:50,Saturday,VAUGHAN MC STATION,TUSUP,5,10,S,YU,5381
1/23/2021,17:05,Saturday,KENNEDY BD STATION,MUPAA,0,0,E,BD,5051
1/23/2021,17:36,Saturday,MAIN STREET STATION,EUNT,8,12,W,BD,5170
1/23/2021,18:52,Saturday,KIPLING STATION,MUI,4,8,E,BD,5324
1/23/2021,18:54,Saturday,DUFFERIN STATION,SUPOL,0,0,W,BD,5104
1/23/2021,18:54,Saturday,QUEEN STATION,MUSAN,5,10,N,YU,5776
1/23/2021,18:59,Saturday,FINCH WEST STATION,PUMEL,0,0,,YU,0
1/23/2021,19:01,Saturday,BESSARION STATION,SUDP,0,0,,SHP,0
1/23/2021,19:02,Saturday,ST CLAIR STATION,MUTO,4,9,S,YU,5441
1/23/2021,19:23,Saturday,BLOOR STATION,MUPAA,12,17,N,YU,5501
1/23/2021,19:43,Saturday,ST CLAIR STATION,SUDP,7,12,N,YU,5666
1/23/2021,20:47,Saturday,SHEPPARD-YONGE STATION,SUDP,0,0,E,SHP,0
1/23/2021,21:11,Saturday,SPADINA YUS STATION,SUDP,9,15,N,YU,5766
1/23/2021,21:39,Saturday,KENNEDY BD STATION,EUNT,5,10,W,BD,5077
1/23/2021,21:43,Saturday,BAY STATION,SUO,4,9,E,BD,5148
1/23/2021,22:49,Saturday,PIONEER VILLAGE STATIO,SUDP,0,0,,YU,0
1/24/2021,00:49,Sunday,VAUGHAN MC STATION,SUDP,0,0,S,YU,5871
1/24/2021,01:08,Sunday,FINCH STATION,MUIS,0,0,,YU,8416
1/24/2021,01:40,Sunday,SUMMERHILL STATION,TUOS,3,8,S,YU,5671
1/24/2021,06:00,Sunday,YONGE-UNIVERSITY SUBWA,MUO,0,0,,YU,0
1/24/2021,08:02,Sunday,KEELE STATION,SUG,5,10,W,BD,5319
1/24/2021,08:30,Sunday,DONLANDS STATION,EUDO,6,10,W,BD,5364
1/24/2021,08:56,Sunday,YORKDALE STATION,EUBK,3,8,N,YU,5726
1/24/2021,09:06,Sunday,WILSON STATION,EUCD,3,8,N,YU,5721
1/24/2021,10:10,Sunday,DAVISVILLE STATION,EUSC,0,0,N,YU,6001
1/24/2021,10:15,Sunday,GLENCAIRN STATION,TUO,0,0,N,YU,5576
1/24/2021,11:08,Sunday,LANSDOWNE STATION,SUDP,3,7,E,BD,5259
1/24/2021,11:34,Sunday,WOODBINE STATION,SUDP,3,7,E,BD,5003
1/24/2021,11:47,Sunday,WARDEN STATION,SUDP,0,0,E,BD,5256
1/24/2021,12:16,Sunday,BLOOR STATION,SUDP,0,0,N,YU,5496
1/24/2021,12:22,Sunday,YONGE BD STATION,SUDP,0,0,W,BD,5046
1/24/2021,12:59,Sunday,DUNDAS WEST STATION,TUSC,0,0,W,BD,5151
1/24/2021,15:03,Sunday,KENNEDY SRT STATION,ERTC,7,13,S,SRT,3024
1/24/2021,16:30,Sunday,BROADVIEW STATION,MUIS,0,0,,BD,0
1/24/2021,16:42,Sunday,ST CLAIR STATION,SUUT,22,27,N,YU,5981
1/24/2021,16:51,Sunday,ST GEORGE BD STATION,SUUT,27,31,E,BD,5006
1/24/2021,17:13,Sunday,DUNDAS STATION,SUDP,16,21,N,YU,5916
1/24/2021,17:36,Sunday,ELLESMERE STATION,ERDO,3,9,S,SRT,3024
1/24/2021,17:43,Sunday,EGLINTON WEST STATION,MUPAA,0,0,N,YU,5656
1/24/2021,20:34,Sunday,KING STATION,SUO,0,0,N,YU,5756
1/24/2021,20:55,Sunday,VAUGHAN MC STATION,MUI,5,10,S,YU,5806
1/24/2021,21:50,Sunday,COXWELL STATION,TUO,6,11,E,BD,5274
1/24/2021,22:00,Sunday,YONGE-UNIVERSITY AND B,MUO,0,0,,YU/BD,0
1/24/2021,22:02,Sunday,LANSDOWNE STATION,MUDD,0,0,W,BD,5077
1/24/2021,22:39,Sunday,BAY STATION,MUD,5,11,W,BD,5052
1/24/2021,23:01,Sunday,COLLEGE STATION,SUO,0,0,,YU,0
1/25/2021,00:36,Monday,BLOOR STATION,MUIS,0,0,N,YU,0
1/25/2021,01:03,Monday,LAWRENCE STATION,MUIS,0,0,,YU,0
1/25/2021,01:03,Monday,SHEPPARD STATION,EUDO,5,10,S,YU,5616
1/25/2021,01:30,Monday,BLOOR STATION,EUCD,4,9,S,YU,5616
1/25/2021,01:50,Monday,COLLEGE STATION,SUUT,8,0,S,YU,5801
1/25/2021,01:57,Monday,KENNEDY BD STATION,MUIS,0,0,,BD,0
1/25/2021,05:31,Monday,FINCH STATION,PUSTS,0,0,S,YU,5876
1/25/2021,06:01,Monday,ROSEDALE STATION,MUATC,0,0,S,YU,5986
1/25/2021,06:15,Monday,ISLINGTON STATION,MUNCA,0,0,,BD,0
1/25/2021,06:39,Monday,SHEPPARD STATION,PUTIJ,5,8,N,YU,5411
1/25/2021,07:22,Monday,YORK MILLS STATION,EUSC,0,0,N,YU,6016
1/25/2021,07:24,Monday,SHEPPARD STATION,TUMVS,5,8,N,YU,5556
1/25/2021,08:19,Monday,DUNDAS STATION,MUIS,0,0,,YU,0
1/25/2021,08:22,Monday,YORK MILLS STATION,TUMVS,13,16,N,YU,5636
1/25/2021,08:55,Monday,SHEPPARD STATION,TUMVS,5,8,N,YU,5916
1/25/2021,09:04,Monday,YORK MILLS STATION,PUSRA,3,6,N,YU,5836
1/25/2021,10:08,Monday,OSSINGTON STATION,MUIS,0,0,,BD,0
1/25/2021,10:36,Monday,UNION STATION,SUDP,5,8,N,YU,5446
1/25/2021,10:57,Monday,PIONEER VILLAGE STATIO,MUATC,7,10,N,YU,5416
1/25/2021,12:09,Monday,BLOOR STATION,MUIS,0,0,N,YU,5796
1/25/2021,12:23,Monday,KIPLING STATION,MUIRS,0,0,,BD,0
1/25/2021,12:23,Monday,LAWRENCE STATION,PUMEL,0,0,S,YU,5801
1/25/2021,12:46,Monday,DUFFERIN STATION,PUMO,0,0,W,BD,5021
1/25/2021,12:50,Monday,COLLEGE STATION,MUIS,0,0,,YU,0
1/25/2021,13:23,Monday,VAUGHAN MC STATION,EUDO,3,6,S,YU,5761
1/25/2021,13:24,Monday,LAWRENCE STATION,SUPOL,0,0,N,YU,6041
1/25/2021,14:50,Monday,FINCH STATION,MUTO,3,6,S,YU,5541
1/25/2021,17:48,Monday,SHEPPARD-YONGE STATION,MUPAA,0,0,E,SHP,6161
1/25/2021,19:08,Monday,PAPE STATION,MUIS,0,0,,BD,0
1/25/2021,20:38,Monday,FINCH STATION,MUI,5,10,S,YU,5381
1/25/2021,22:07,Monday,ST PATRICK STATION,SUO,0,0,S,YU,5806
1/25/2021,23:00,Monday,FINCH TO SHEPPARD STAT,MUO,0,0,,YU,0
1/26/2021,00:04,Tuesday,WELLESLEY STATION,SUDP,0,0,,YU,0
1/26/2021,00:05,Tuesday,EGLINTON WEST STATION,MUATC,5,10,N,YU,5656
1/26/2021,00:50,Tuesday,SHEPPARD STATION,SUDP,5,10,S,YU,5396
1/26/2021,01:01,Tuesday,FINCH WEST STATION,SUDP,0,0,,YU,0
1/26/2021,01:03,Tuesday,ST CLAIR WEST STATION,SUDP,12,17,N,YU,5821
1/26/2021,01:27,Tuesday,COLLEGE STATION,SUDP,0,0,,YU,0
1/26/2021,01:32,Tuesday,SHEPPARD WEST STATION,MUATC,5,10,N,YU,5791
1/26/2021,01:44,Tuesday,EGLINTON WEST STATION,MUIS,0,0,,YU,0
1/26/2021,01:58,Tuesday,VAUGHAN MC STATION,SUO,0,0,,YU,0
1/26/2021,02:36,Tuesday,KIPLING STATION,MUIS,0,0,,BD,0
1/26/2021,05:45,Tuesday,MCCOWAN STATION,ERCO,20,0,S,SRT,3012
1/26/2021,06:41,Tuesday,MCCOWAN STATION,ERTC,5,10,S,SRT,3011
1/26/2021,07:00,Tuesday,SCARBOROUGH RAPID TRAN,TRST,0,0,,SRT,0
1/26/2021,07:51,Tuesday,KING STATION,MUIS,0,0,,YU,0
1/26/2021,07:54,Tuesday,EGLINTON STATION,EUSC,0,0,S,YU,6016
1/26/2021,08:24,Tuesday,YONGE/UNIVERSITY-SPADI,TUST,0,0,,YU,0
1/26/2021,08:32,Tuesday,ROSEDALE STATION,MUATC,5,8,S,YU,5491
1/26/2021,08:47,Tuesday,KENNEDY BD STATION,MUIS,0,0,E,BD,0
1/26/2021,09:09,Tuesday,CHESTER STATION,TUSC,0,0,E,BD,5287
1/26/2021,09:29,Tuesday,KENNEDY BD STATION,TUMVS,0,0,E,BD,5287
1/26/2021,09:43,Tuesday,BAY STATION,EUNT,4,7,W,BD,5182
1/26/2021,09:46,Tuesday,BAY STATION,EUDO,7,10,E,BD,5112
1/26/2021,10:04,Tuesday,DAVISVILLE STATION,TUOS,3,6,S,YU,5851
1/26/2021,10:11,Tuesday,CASTLE FRANK STATION,MUSC,0,0,E,BD,5112
1/26/2021,10:35,Tuesday,EGLINTON STATION,EUSC,0,0,S,YU,6016
1/26/2021,11:20,Tuesday,KENNEDY BD STATION,MUIS,0,0,,BD,0
1/26/2021,11:38,Tuesday,VAUGHAN MC STATION,MUSAN,3,6,S,YU,5836
1/26/2021,11:44,Tuesday,ST ANDREW STATION,SUDP,0,0,N,YU,5916
1/26/2021,12:09,Tuesday,SHEPPARD STATION,SUAP,0,0,N,YU,0
1/26/2021,12:12,Tuesday,COXWELL STATION,MUDD,3,6,W,BD,5046
1/26/2021,12:15,Tuesday,CASTLE FRANK STATION,SUAP,0,0,,BD,0
1/26/2021,12:23,Tuesday,CASTLE FRANK STATION,MUI,3,6,W,BD,5004
1/26/2021,12:54,Tuesday,CASTLE FRANK STATION,MUIS,0,0,W,BD,0
1/26/2021,14:18,Tuesday,DUFFERIN STATION,MUIS,0,0,W,BD,5160
1/26/2021,17:23,Tuesday,VAUGHAN MC STATION,EUATC,3,6,S,YU,5946
1/26/2021,18:12,Tuesday,PIONEER VILLAGE STATIO,SUDP,0,0,,YU,0
1/26/2021,18:24,Tuesday,DAVISVILLE STATION,MUSC,0,0,S,YU,5951
1/26/2021,19:27,Tuesday,SPADINA YUS STATION,SUPOL,0,0,S,YU,5551
1/26/2021,19:28,Tuesday,SPADINA BD STATION,SUDP,0,0,W,BD,5312
1/26/2021,19:51,Tuesday,EGLINTON STATION,EUSC,0,0,N,YU,5511
1/26/2021,20:03,Tuesday,NORTH YORK CTR STATION,EUSC,0,0,N,YU,5511
1/26/2021,20:27,Tuesday,DUNDAS STATION,MUIR,8,11,N,YU,5836
1/26/2021,20:39,Tuesday,WELLESLEY STATION,MUSAN,3,6,N,YU,5836
1/26/2021,21:48,Tuesday,EGLINTON STATION,SUO,0,0,,YU,0
1/26/2021,22:00,Tuesday,YONGE/UNIVERSITY LINE,MUO,0,0,,YU,0
1/26/2021,22:19,Tuesday,SHEPPARD STATION,MUIS,0,0,E,YU,0
1/26/2021,22:38,Tuesday,EGLINTON WEST STATION,PUMEL,0,0,,YU,0
1/26/2021,23:00,Tuesday,FINCH STATION,MUO,0,0,,YU,0
1/26/2021,23:05,Tuesday,DUNDAS STATION,MUIS,0,0,S,YU,0
1/27/2021,00:32,Wednesday,KENNEDY BD STATION,MUIS,0,0,,BD,0
1/27/2021,01:33,Wednesday,SHEPPARD STATION,TUMVS,18,23,S,YU,5771
1/27/2021,01:55,Wednesday,YORK MILLS STATION,MUIS,0,0,,YU,0
1/27/2021,06:02,Wednesday,SHEPPARD WEST STATION,MUATC,5,8,N,YU,5636
1/27/2021,07:55,Wednesday,DAVISVILLE STATION,MUSC,0,0,S,YU,5831
1/27/2021,08:02,Wednesday,ST GEORGE BD STATION,MUI,0,0,,BD,0
1/27/2021,08:54,Wednesday,DON MILLS STATION,SUDP,5,11,E,SHP,6161
1/27/2021,08:58,Wednesday,OLD MILL STATION,MUSC,0,0,W,BD,5314
1/27/2021,11:11,Wednesday,ROSEDALE STATION,TUATC,4,7,S,YU,5641
1/27/2021,11:15,Wednesday,KENNEDY BD STATION,MUSAN,3,6,W,BD,5124
1/27/2021,12:13,Wednesday,FINCH STATION,TUSC,0,0,N,YU,5691
1/27/2021,12:29,Wednesday,FINCH STATION,MUSAN,3,6,S,YU,5571
1/27/2021,12:45,Wednesday,WELLESLEY STATION,MUIS,0,0,,YU,0
1/27/2021,13:42,Wednesday,YORK MILLS STATION,EUSC,3,6,N,YU,5511
1/27/2021,13:52,Wednesday,LANSDOWNE STATION,SUDP,4,7,W,BD,5091
1/27/2021,14:34,Wednesday,WOODBINE STATION,SUDP,4,7,E,BD,5030
1/27/2021,14:36,Wednesday,WELLESLEY STATION,PUMEL,0,0,S,YU,6076
1/27/2021,14:46,Wednesday,ST ANDREW STATION,SUDP,0,0,N,YU,6076
1/27/2021,15:57,Wednesday,DUNDAS WEST STATION,PUTDN,0,0,W,BD,5134
1/27/2021,16:02,Wednesday,BATHURST STATION,SUDP,5,8,W,BD,5112
1/27/2021,16:26,Wednesday,WELLESLEY STATION,SUDP,3,6,S,YU,6081
1/27/2021,18:02,Wednesday,KENNEDY SRT STATION,ERTC,8,13,S,SRT,3027
1/27/2021,18:50,Wednesday,SHERBOURNE STATION,MUIRS,0,0,E,BD,0
1/27/2021,18:54,Wednesday,DUNDAS WEST STATION,SUDP,0,0,W,BD,5186
1/27/2021,19:04,Wednesday,MAIN STREET STATION,SUDP,0,0,E,BD,5281
1/27/2021,19:12,Wednesday,YORKDALE STATION,SUDP,3,6,N,YU,5801
1/27/2021,19:16,Wednesday,OSGOODE STATION,SUUT,16,19,N,YU,6081
1/27/2021,19:49,Wednesday,CASTLE FRANK STATION,SUDP,4,10,W,BD,5089
1/27/2021,19:49,Wednesday,ST GEORGE YUS STATION,SUO,3,6,S,YU,5656
1/27/2021,19:58,Wednesday,WARDEN STATION,MUIS,0,0,,BD,0
1/27/2021,20:24,Wednesday,ST GEORGE YUS STATION,MUPAA,3,6,N,YU,5531
1/27/2021,20:37,Wednesday,YORK MILLS STATION,SUDP,3,6,N,YU,5521
1/27/2021,20:50,Wednesday,FINCH STATION,TUSC,0,0,N,YU,5521
1/27/2021,21:13,Wednesday,ST CLAIR WEST STATION,MUPAA,0,0,S,YU,5496
1/27/2021,21:15,Wednesday,MCCOWAN STATION,MRPAA,0,0,S,SRT,3002
1/27/2021,21:28,Wednesday,FINCH STATION,MUSC,3,6,S,YU,6126
1/27/2021,21:37,Wednesday,YORKDALE STATION,SUAP,0,0,N,YU,5896
1/27/2021,21:47,Wednesday,ROYAL YORK STATION,SUO,0,0,,BD,0
1/27/2021,22:00,Wednesday,YONGE-UNIVERSITY AND B,MUO,0,0,,,0
1/27/2021,23:00,Wednesday,FINCH STATION,MUO,0,0,,,0
1/27/2021,23:09,Wednesday,BROADVIEW STATION,MUIRS,0,0,,BD,0
1/27/2021,23:43,Wednesday,FINCH STATION,MUIS,0,0,,YU,0
1/28/2021,01:18,Thursday,ST GEORGE BD STATION,TUMVS,6,12,W,BD,5339
1/28/2021,05:26,Thursday,WILSON STATION,PUSAC,0,0,S,YU,5786
1/28/2021,05:43,Thursday,EGLINTON STATION,MUO,4,10,N,YU,5891
1/28/2021,05:47,Thursday,GREENWOOD YARD,EUBK,0,0,W,BD,5006
1/28/2021,05:50,Thursday,GREENWOOD STATION,MUO,5,8,E,BD,5112
1/28/2021,05:59,Thursday,BLOOR STATION,MUATC,4,0,N,YU,5866
1/28/2021,06:22,Thursday,KENNEDY SRT STATION,PRSA,9,15,,SRT,3027
1/28/2021,06:56,Thursday,ST CLAIR STATION,PUTIS,3,6,N,YU,5496
1/28/2021,07:03,Thursday,ROYAL YORK STATION,MUDD,0,0,W,BD,5124
1/28/2021,07:12,Thursday,DAVISVILLE STATION,PUTIS,4,7,S,YU,5836
1/28/2021,07:43,Thursday,YONGE BD STATION,MUDD,0,0,E,BD,5310
1/28/2021,07:59,Thursday,VAUGHAN MC STATION,TUNIP,5,8,S,YU,5786
1/28/2021,08:32,Thursday,SHEPPARD WEST STATION,MUTO,0,0,N,YU,5811
1/28/2021,08:50,Thursday,COLLEGE STATION,MUPAA,0,0,S,YU,5591
1/28/2021,08:53,Thursday,OSSINGTON STATION,SUAP,0,0,W,BD,0
1/28/2021,08:55,Thursday,VAUGHAN MC STATION,MUTO,3,6,S,YU,6061
1/28/2021,09:27,Thursday,EGLINTON WEST STATION,SUO,20,23,S,YU,5411
1/28/2021,12:40,Thursday,GLENCAIRN STATION,MUD,3,6,S,YU,5476
1/28/2021,13:32,Thursday,WILSON STATION,SUPOL,3,6,N,YU,5651
1/28/2021,14:12,Thursday,WOODBINE STATION,TUOS,3,6,W,BD,5089
1/28/2021,15:14,Thursday,YONGE BD STATION,MUO,0,0,E,BD,5151
1/28/2021,15:15,Thursday,BLOOR STATION,MUPR1,87,90,N,YU,5646
1/28/2021,15:30,Thursday,MIDLAND STATION,MRTO,7,12,N,SRT,3021
1/28/2021,15:37,Thursday,DONLANDS STATION,PUTR,3,6,E,BD,5169
1/28/2021,16:09,Thursday,DONLANDS STATION,SUDP,0,0,W,BD,5160
1/28/2021,16:18,Thursday,BROADVIEW STATION,SUDP,4,7,E,BD,5139
1/28/2021,16:25,Thursday,ST GEORGE BD STATION,TUO,3,6,E,BD,5119
1/28/2021,16:27,Thursday,ST GEORGE YUS STATION,MUPAA,0,0,S,YU,5636
1/28/2021,16:54,Thursday,DONLANDS STATION,PUTR,3,6,E,BD,5209
1/28/2021,17:00,Thursday,BLOOR STATION,SUDP,5,8,N,YU,0
1/28/2021,17:15,Thursday,ROSEDALE STATION,SUDP,14,17,S,YU,5516
1/28/2021,17:33,Thursday,LANSDOWNE STATION,SUDP,8,11,W,BD,5037
1/28/2021,17:37,Thursday,ST CLAIR WEST STATION,MUIS,15,18,S,YU,5596
1/28/2021,17:57,Thursday,BLOOR STATION,SUEAS,8,11,S,YU,6056
1/28/2021,18:32,Thursday,SHERBOURNE STATION,MUDD,3,6,W,BD,5350
1/28/2021,19:02,Thursday,SHERBOURNE STATION,SUDP,3,6,W,BD,5127
1/28/2021,20:04,Thursday,EGLINTON STATION,EUSC,0,0,N,YU,5511
1/28/2021,20:05,Thursday,YONGE BD STATION,EUDO,6,12,E,BD,5585
1/28/2021,20:09,Thursday,LAWRENCE STATION,EUSC,0,0,N,YU,5511
1/28/2021,20:31,Thursday,WOODBINE STATION,TUCC,3,6,E,BD,5207
1/28/2021,20:41,Thursday,DUNDAS WEST STATION,MUO,0,0,,BD,0
1/28/2021,20:50,Thursday,ST GEORGE BD STATION,SUDP,0,0,W,BD,5089
1/28/2021,21:04,Thursday,DAVISVILLE STATION,TUMVS,0,0,N,YU,5891
1/28/2021,21:07,Thursday,KIPLING STATION,SUO,0,0,,BD,0
1/28/2021,21:51,Thursday,GREENWOOD STATION,EUDO,6,12,W,BD,5350
1/28/2021,22:00,Thursday,YONGE-UNIVERSITY AND B,MUO,0,0,,YU/BD,0
1/28/2021,23:00,Thursday,FINCH TO SHEPPARD STAT,MUO,0,0,,YU,0
1/28/2021,23:16,Thursday,SHEPPARD STATION,PUSSW,5,10,S,YU,5471
1/28/2021,23:46,Thursday,KENNEDY SRT STATION,MRUI,20,27,N,SRT,3025
1/28/2021,23:51,Thursday,VAUGHAN MC STATION,MUNOA,5,10,S,YU,5616
1/29/2021,00:44,Friday,KIPLING STATION,PUTIS,51,57,E,BD,5204
1/29/2021,00:57,Friday,ST PATRICK STATION,MUIS,0,0,,YU,0
1/29/2021,01:26,Friday,KEELE STATION,MUNCA,0,0,,BD,0
1/29/2021,05:25,Friday,WILSON STATION,PUSAC,0,0,S,YU,5596
1/29/2021,05:43,Friday,UNION STATION,SUO,0,0,,YU,0
1/29/2021,05:50,Friday,DUNDAS WEST STATION,PUTIS,0,0,W,BD,5114
1/29/2021,07:27,Friday,FINCH STATION,EUBK,0,0,S,YU,5426
1/29/2021,07:54,Friday,ROSEDALE STATION,TUSC,0,0,N,YU,5841
1/29/2021,08:10,Friday,ST GEORGE BD STATION,MUIR,5,8,W,BD,5324
1/29/2021,08:29,Friday,BLOOR STATION,SUDP,3,6,S,YU,5441
1/29/2021,09:46,Friday,FINCH STATION,MUIE,3,6,S,YU,5801
1/29/2021,10:10,Friday,FINCH STATION,EUBK,0,0,S,YU,5426
1/29/2021,10:16,Friday,OSGOODE STATION,MUTD,3,6,S,YU,5741
1/29/2021,10:31,Friday,YORK UNIVERSITY STATIO,MUATC,0,0,N,YU,5751
1/29/2021,13:06,Friday,WARDEN STATION,SUUT,0,0,E,BD,5169
1/29/2021,14:10,Friday,ST ANDREW STATION,PUMEL,0,0,N,YU,5966
1/29/2021,14:57,Friday,DAVISVILLE STATION,SUDP,13,16,N,YU,6076
1/29/2021,15:01,Friday,ST CLAIR STATION,TUO,3,6,N,YU,6111
1/29/2021,15:16,Friday,VAUGHAN MC STATION,MUNOA,3,6,S,YU,5696
1/29/2021,15:31,Friday,EGLINTON STATION,MUIS,0,0,,YU,0
1/29/2021,15:43,Friday,ROSEDALE STATION,MUATC,6,9,S,YU,6131
1/29/2021,15:48,Friday,ROSEDALE STATION,MUSC,0,0,N,YU,5741
1/29/2021,15:52,Friday,BLOOR STATION,TUOS,3,6,S,YU,5801
1/29/2021,15:59,Friday,KENNEDY BD STATION,SUDP,3,6,W,BD,5317
1/29/2021,16:33,Friday,KIPLING STATION,MUIS,0,0,,BD,0
1/29/2021,16:35,Friday,VAUGHAN MC STATION,MUNOA,3,6,S,YU,5801
1/29/2021,16:41,Friday,EGLINTON STATION,PUSTS,3,6,S,YU,5846
1/29/2021,16:52,Friday,SCARBOROUGH CTR STATIO,ERDO,0,0,E,SRT,3003
1/29/2021,17:02,Friday,GREENWOOD STATION,SUDP,0,0,E,BD,5067
1/29/2021,18:02,Friday,LAWRENCE STATION,SUAP,0,0,,YU,0
1/29/2021,19:08,Friday,EGLINTON WEST STATION,MUATC,9,12,N,YU,5531
1/29/2021,19:17,Friday,ST PATRICK STATION,SUDP,0,0,N,YU,5571
1/29/2021,19:50,Friday,ST PATRICK STATION,SUDP,4,7,N,YU,5571
1/29/2021,19:56,Friday,FINCH STATION,TUSC,0,0,N,YU,5596
1/29/2021,20:24,Friday,FINCH WEST STATION,MUIS,0,0,,YU,0
1/29/2021,20:27,Friday,SUMMERHILL STATION,SUO,0,0,S,YU,5886
1/29/2021,21:21,Friday,KIPLING STATION,SUDP,0,0,,BD,0
1/29/2021,21:29,Friday,EGLINTON STATION,SUDP,0,0,,YU,0
1/29/2021,21:35,Friday,SPADINA YUS STATION,SUDP,6,9,N,YU,5911
1/29/2021,22:00,Friday,YONGE-UNIVERSITY AND B,MUO,0,0,,YU / BD,0
1/29/2021,22:02,Friday,MCCOWAN STATION,TRTC,6,12,S,SRT,0
1/29/2021,22:29,Friday,WELLESLEY STATION,SUDP,3,8,S,YU,5416
1/29/2021,23:46,Friday,KIPLING STATION,MUIRS,0,0,,BD,0
1/30/2021,00:27,Saturday,FINCH STATION,MUNOA,5,10,S,YU,5691
1/30/2021,02:28,Saturday,FINCH STATION,MUIS,0,0,,YU,0
1/30/2021,06:08,Saturday,WARDEN STATION,TUOS,0,0,W,BD,5186
1/30/2021,06:45,Saturday,KEELE STATION,PUSIS,0,0,W,BD,5158
1/30/2021,06:57,Saturday,KEELE STATION,PUSIS,3,8,W,BD,5114
1/30/2021,07:14,Saturday,ISLINGTON STATION,PUSSW,0,0,W,BD,5182
1/30/2021,08:50,Saturday,HIGH PARK STATION,SUUT,32,37,W,BD,5121
1/30/2021,08:55,Saturday,ST ANDREW STATION,MUPAA,4,9,N,YU,6116
1/30/2021,09:45,Saturday,SHEPPARD-YONGE STATION,TUSC,0,0,E,SHP,6171
1/30/2021,10:53,Saturday,VICTORIA PARK STATION,PUMEL,0,0,,BD,0
1/30/2021,12:10,Saturday,GREENWOOD STATION,PUSRA,4,8,E,BD,5175
1/30/2021,12:19,Saturday,EGLINTON STATION,SUO,0,0,S,YU,0
1/30/2021,12:42,Saturday,KENNEDY BD STATION,MUPAA,4,8,W,BD,5316
1/30/2021,12:45,Saturday,KENNEDY BD STATION,MUIRS,0,0,,BD,8732
1/30/2021,12:51,Saturday,COLLEGE STATION,MUIS,0,0,,YU,0
1/30/2021,12:54,Saturday,DUPONT STATION,MUIR,4,7,N,YU,6086
1/30/2021,12:54,Saturday,HIGHWAY 407 STATION,EUTL,9,12,S,YU,5976
1/30/2021,13:09,Saturday,YORKDALE STATION,MUI,16,19,N,YU,6086
1/30/2021,13:34,Saturday,BESSARION STATION,TUMVS,5,10,E,SHP,6146
1/30/2021,14:14,Saturday,WARDEN STATION,SUDP,0,0,,BD,0
1/30/2021,15:06,Saturday,VAUGHAN MC STATION,MUTO,5,8,S,YU,5741
1/30/2021,15:10,Saturday,YONGE BD STATION,SUAP,0,0,,BD,0
1/30/2021,16:45,Saturday,WELLESLEY STATION,MUIS,0,0,,YU,0
1/30/2021,16:46,Saturday,DAVISVILLE STATION,SUDP,4,7,N,YU,5671
1/30/2021,16:47,Saturday,NORTH YORK CTR STATION,TUOS,0,0,N,YU,5961
1/30/2021,16:56,Saturday,BLOOR STATION,MUIS,0,0,,YU,0
1/30/2021,16:57,Saturday,BLOOR STATION,MUATC,4,7,S,YU,5801
1/30/2021,17:10,Saturday,YORKDALE STATION,TUATC,3,6,S,YU,6061
1/30/2021,17:24,Saturday,ST CLAIR WEST STATION,SUDP,0,0,,YU,4599
1/30/2021,17:31,Saturday,VICTORIA PARK STATION,MUIS,0,0,,BD,0
1/30/2021,17:34,Saturday,WARDEN STATION,MUIS,0,0,,BD,0
1/30/2021,18:22,Saturday,GREENWOOD STATION,SUDP,0,0,,BD,0
1/30/2021,18:28,Saturday,NORTH YORK CTR STATION,MUIS,0,0,S,YU,0
1/30/2021,19:27,Saturday,VICTORIA PARK STATION,SUDP,0,0,,BD,0
1/30/2021,19:43,Saturday,MAIN STREET STATION,SUDP,5,9,E,BD,5302
1/30/2021,19:52,Saturday,FINCH STATION,MUIR,5,10,S,YU,5555
1/30/2021,19:55,Saturday,BLOOR STATION,MUD,3,8,S,YU,5651
1/30/2021,19:59,Saturday,SPADINA BD STATION,SUDP,4,8,E,BD,5312
1/30/2021,20:52,Saturday,SPADINA YUS STATION,MUIRS,0,0,N,YU,5476
1/30/2021,21:27,Saturday,KENNEDY BD STATION,TUMVS,0,0,E,BD,5006
1/30/2021,22:00,Saturday,YONGE-UNIVERSITY AND B,MUO,0,0,,YU/BD,0
1/30/2021,22:21,Saturday,VAUGHAN MC STATION,PUMEL,0,0,,YU,0
1/30/2021,22:23,Saturday,SHEPPARD WEST STATION,MUIRS,0,0,S,YU,5576
1/31/2021,01:10,Sunday,BLOOR STATION,TUOS,3,8,S,YU,5956
1/31/2021,01:15,Sunday,SHEPPARD WEST STATION,MUIS,0,0,,YU,0
1/31/2021,01:24,Sunday,QUEEN STATION,MUIS,0,0,,YU,0
1/31/2021,01:31,Sunday,YONGE BD STATION,MUIR,4,8,W,BD,5158
1/31/2021,01:52,Sunday,FINCH STATION,MUIS,0,0,,YU,0
1/31/2021,01:54,Sunday,KENNEDY BD STATION,MUIS,0,0,,BD,0
1/31/2021,07:56,Sunday,EGLINTON STATION,MUIS,0,0,,YU,0
1/31/2021,08:00,Sunday,YONGE-UNIVERSITY LINE,MUO,0,0,,YU,0
1/31/2021,08:18,Sunday,WOODBINE STATION,EUDO,12,16,E,BD,5285
1/31/2021,09:01,Sunday,KEELE STATION,MUIS,0,0,,BD,0
1/31/2021,10:37,Sunday,ROSEDALE STATION,TUSC,0,0,N,YU,5981
1/31/2021,10:38,Sunday,SHEPPARD STATION,MUPAA,0,0,N,YU,5576
1/31/2021,10:57,Sunday,EGLINTON STATION,SUDP,3,8,N,YU,5491
1/31/2021,11:39,Sunday,OSGOODE STATION,MUO,0,0,S,YU,6136
1/31/2021,13:28,Sunday,NORTH YORK CTR STATION,SUDP,0,0,S,YU,5631
1/31/2021,13:40,Sunday,LAWRENCE WEST STATION,SUUT,0,0,S,YU,5931
1/31/2021,14:10,Sunday,ST CLAIR STATION,TUOS,3,7,S,YU,5761
1/31/2021,14:17,Sunday,EGLINTON STATION,PUMST,0,0,,YU,0
1/31/2021,14:40,Sunday,SHERBOURNE STATION,SUDP,15,19,W,BD,5182
1/31/2021,14:48,Sunday,YORK UNIVERSITY STATIO,MUSAN,4,8,N,YU,5836
1/31/2021,15:11,Sunday,WILSON STATION,PUMEL,0,0,,YU,0
1/31/2021,15:31,Sunday,YORK MILLS STATION,MUIR,3,7,S,YU,5726
1/31/2021,15:48,Sunday,ROSEDALE STATION,TUSC,0,0,N,YU,5681
1/31/2021,16:09,Sunday,KIPLING STATION,MUIS,0,0,,BD,0
1/31/2021,16:17,Sunday,DUNDAS STATION,MUIRS,0,0,S,YU,0
1/31/2021,18:30,Sunday,ST CLAIR WEST STATION,TUO,0,0,S,YU,5681
1/31/2021,20:38,Sunday,ST CLAIR STATION,EUTRD,5,10,N,YU,5741
1/31/2021,22:00,Sunday,YONGE-UNIVERSITY AND B,MUO,0,0,,YU/BD,0
1/31/2021,22:30,Sunday,EGLINTON STATION,SUPOL,23,28,N,YU,5756
1/31/2021,23:32,Sunday,COLLEGE STATION,SUDP,0,0,N,YU,5681
1/31/2021,23:39,Sunday,WILSON STATION,SUDP,0,0,,YU,0
1/31/2021,23:58,Sunday,MIDLAND STATION,ERDO,3,9,S,SRT,3012
