Date,Time,Day,Station,Code,Min Delay,Min Gap,Bound,Line,Vehicle
6/1/2021,05:35,Tuesday,FINCH STATION,TUSC,0,0,S,YU,5896
6/1/2021,05:40,Tuesday,HIGH PARK STATION,MUPLB,41,48,E,BD,5058
6/1/2021,05:59,Tuesday,WILSON STATION,TUNIP,3,6,S,YU,6001
6/1/2021,06:04,Tuesday,JANE STATION,SUDP,0,0,E,BD,5004
6/1/2021,06:52,Tuesday,KIPLING STATION,TUMVS,0,0,W,BD,5161
6/1/2021,07:16,Tuesday,DUFFERIN STATION,SUDP,4,8,W,BD,5040
6/1/2021,07:37,Tuesday,ROSEDALE STATION,MUSC,0,0,N,YU,6011
6/1/2021,07:37,Tuesday,KIPLING STATION,SUDP,4,8,E,BD,5040
6/1/2021,08:07,Tuesday,SPADINA BD STATION,PUMEL,0,0,,BD,0
6/1/2021,08:40,Tuesday,COLLEGE STATION,MUPAA,0,0,N,YU,6051
6/1/2021,09:04,Tuesday,COLLEGE STATION,MUIS,0,0,,YU,0
6/1/2021,09:16,Tuesday,SHERBOURNE STATION,MUPAA,0,0,E,BD,5171
6/1/2021,09:32,Tuesday,KIPLING STATION,TUMVS,0,0,W,BD,5325
6/1/2021,09:53,Tuesday,VICTORIA PARK STATION,SUO,0,0,,BD,0
6/1/2021,10:25,Tuesday,YONGE BD STATION,SUDP,4,8,E,BD,5199
6/1/2021,10:37,Tuesday,ROSEDALE STATION,SUUT,25,28,N,YU,5391
6/1/2021,10:37,Tuesday,EGLINTON STATION,MUSC,0,0,E,YU,5836
6/1/2021,11:12,Tuesday,BLOOR STATION,MUPAA,3,6,N,YU,5986
6/1/2021,11:18,Tuesday,SPADINA BD STATION,MUPAA,0,0,W,BD,5225
6/1/2021,11:33,Tuesday,RUNNYMEDE STATION,SUBT,15,19,W,BD,5226
6/1/2021,11:47,Tuesday,HIGH PARK STATION,SUDP,0,0,,BD,0
6/1/2021,12:28,Tuesday,ST CLAIR WEST STATION,MUIS,0,0,,YU,0
6/1/2021,12:40,Tuesday,PAPE STATION,SUO,0,0,E,BD,5217
6/1/2021,13:23,Tuesday,FINCH STATION,TUMVS,0,0,N,YU,5486
6/1/2021,13:53,Tuesday,LAWRENCE STATION,SUUT,7,10,S,YU,5421
6/1/2021,14:07,Tuesday,VAUGHAN MC STATION,MUPLC,0,0,,YU,0
6/1/2021,14:12,Tuesday,KIPLING STATION,TUMVS,0,0,W,BD,5148
6/1/2021,14:15,Tuesday,YONGE-UNIVERSITY SUBWA,MUO,0,0,,YU,0
6/1/2021,14:19,Tuesday,COLLEGE STATION,SUDP,0,0,N,YU,0
6/1/2021,15:00,Tuesday,DONLANDS STATION,MUIRS,0,0,W,BD,5161
6/1/2021,15:12,Tuesday,VAUGHAN MC STATION,MUNOA,3,6,S,YU,5396
6/1/2021,16:11,Tuesday,QUEEN STATION,PUSAC,3,6,S,YU,5616
6/1/2021,16:15,Tuesday,ST CLAIR STATION,MUDD,3,6,S,YU,5836
6/1/2021,16:26,Tuesday,ST PATRICK STATION,SUDP,3,6,N,YU,5616
6/1/2021,16:34,Tuesday,YONGE BD STATION,SUDP,6,10,E,BD,5246
6/1/2021,16:54,Tuesday,DOWNSVIEW PARK STATION,MUIRS,0,0,,YU,0
6/1/2021,17:47,Tuesday,LAWRENCE WEST STATION,MUIS,0,0,,YU,0
6/1/2021,17:56,Tuesday,BLOOR STATION,MUPAA,0,0,S,YU,5776
6/1/2021,18:46,Tuesday,KIPLING STATION,TUMVS,0,0,W,BD,5161
6/1/2021,19:30,Tuesday,VICTORIA PARK STATION,MUNCA,0,0,,BD,0
6/1/2021,20:04,Tuesday,ST GEORGE BD STATION,MUIE,0,0,,BD,0
6/1/2021,20:43,Tuesday,BLOOR STATION,MUPAA,0,0,N,YU,5626
6/1/2021,21:57,Tuesday,MAIN STREET STATION,MUIS,0,0,,BD,0
6/1/2021,22:00,Tuesday,YONGE-UNIVERSITY AND B,MUO,0,0,,YU/BD,0
6/1/2021,22:32,Tuesday,LANSDOWNE STATION,MUIS,0,0,,BD,0
6/1/2021,00:00,Tuesday,PIONEER VILLAGE TO VAU,MUO,0,0,,YU,0
6/1/2021,16:53,Tuesday,SHEPPARD-YONGE STATION,MUPAA,0,0,E,SHP,6171
6/2/2021,13:08,Wednesday,ELLESMERE STATION,ERTC,5,10,E,SRT,3007
6/2/2021,03:24,Wednesday,KIPLING STATION,SUUT,0,0,,BD,0
6/2/2021,03:37,Wednesday,FINCH STATION,SUO,0,0,,YU,0
6/2/2021,17:10,Wednesday,SCARBOROUGH RAPID TRAN,MRWEA,0,0,,SRT,0
6/2/2021,07:44,Wednesday,LANSDOWNE STATION,SUDP,3,7,E,BD,5280
6/2/2021,08:28,Wednesday,HIGHWAY 407 STATION,MUPAA,3,6,S,YU,5851
6/2/2021,09:43,Wednesday,EGLINTON STATION,SUDP,4,7,S,YU,6051
6/2/2021,11:53,Wednesday,WELLESLEY STATION,SUO,0,0,N,YU,5406
6/2/2021,12:15,Wednesday,COXWELL STATION,MUSAN,3,7,E,BD,5132
6/2/2021,12:57,Wednesday,BROADVIEW STATION,MUPAA,0,0,E,BD,5280
6/2/2021,13:00,Wednesday,DUFFERIN STATION,MUDD,4,8,W,BD,5040
6/2/2021,13:40,Wednesday,FINCH STATION,TUSC,0,0,S,YU,5676
6/2/2021,13:51,Wednesday,LANSDOWNE STATION,MUPAA,0,0,E,BD,5286
6/2/2021,13:57,Wednesday,KIPLING STATION,TUMVS,0,0,W,BD,5055
6/2/2021,14:09,Wednesday,SHEPPARD-YONGE STATION,PUMEL,0,0,,YU,0
6/2/2021,14:13,Wednesday,FINCH WEST STATION,MUIS,0,0,,YU,0
6/2/2021,14:53,Wednesday,CHRISTIE STATION,MUPAA,0,0,W,BD,5169
6/2/2021,15:02,Wednesday,SHERBOURNE STATION,MUPAA,0,0,E,BD,5208
6/2/2021,16:00,Wednesday,BATHURST STATION,MUPLC,0,0,,BD,0
6/2/2021,16:05,Wednesday,ROYAL YORK STATION,PUMEL,0,0,,BD,0
6/2/2021,17:08,Wednesday,VICTORIA PARK STATION,MUTD,0,0,W,BD,5148
6/2/2021,17:16,Wednesday,RUNNYMEDE STATION,PUMEL,0,0,,BD,0
6/2/2021,17:37,Wednesday,BROADVIEW STATION,MUIRS,0,0,W,BD,0
6/2/2021,20:18,Wednesday,FINCH STATION,TUO,5,10,S,YU,6066
6/2/2021,20:51,Wednesday,VAUGHAN MC STATION,TUNIP,3,10,S,YU,6071
6/2/2021,21:21,Wednesday,EGLINTON WEST STATION,SUDP,0,0,N,YU,5886
6/2/2021,21:44,Wednesday,SHERBOURNE STATION,MUIS,0,0,W,BD,5112
6/2/2021,21:48,Wednesday,OSSINGTON STATION,MUIS,0,0,E,BD,5196
6/2/2021,22:00,Wednesday,YONGE-UNIVERSITY AND B,MUO,0,0,,YU/BD,0
6/2/2021,22:28,Wednesday,WARDEN STATION,MUIRS,0,0,,,0
6/2/2021,22:31,Wednesday,BATHURST STATION,MUIS,0,0,E,BD,0
6/2/2021,23:00,Wednesday,FINCH STATION TO EGLIN,MUO,0,0,,YU,0
6/2/2021,00:53,Wednesday,OSGOODE STATION,SUUT,7,14,N,YU,6036
6/2/2021,00:56,Wednesday,BAY STATION,SUO,0,0,,,0
6/2/2021,01:09,Wednesday,KENNEDY BD STATION,MUIS,0,0,,BD,0
6/3/2021,06:29,Thursday,ELLESMERE STATION,ERDO,3,9,N,SRT,3019
6/3/2021,03:16,Thursday,QUEEN'S PARK STATION,PUMO,0,0,,YU,0
6/3/2021,07:00,Thursday,KENNEDY SRT STATION,ERTC,3,9,N,SRT,3027
6/3/2021,03:48,Thursday,KIPLING STATION,SUO,0,0,,BD,0
6/3/2021,05:55,Thursday,KEELE STATION,EUVA,5,10,W,BD,5331
6/3/2021,08:06,Thursday,MCCOWAN STATION,ERTC,6,12,S,SRT,3002
6/3/2021,08:37,Thursday,MCCOWAN STATION,ERCD,5,11,S,SRT,3014
6/3/2021,06:32,Thursday,SHEPPARD WEST STATION,EUBK,3,6,S,YU,5921
6/3/2021,18:31,Thursday,KENNEDY SRT STATION,ERCD,5,10,N,SRT,3009
6/3/2021,06:44,Thursday,LAWRENCE WEST STATION,EUCD,3,6,S,YU,5921
6/3/2021,07:41,Thursday,ROSEDALE STATION,MUATC,5,8,S,YU,5386
6/3/2021,08:01,Thursday,SHEPPARD STATION,MUSC,3,6,S,YU,5876
6/3/2021,08:19,Thursday,GREENWOOD STATION,SUAE,0,0,W,BD,5148
6/3/2021,08:29,Thursday,ISLINGTON STATION,PUTIJ,0,0,E,BD,5196
6/3/2021,08:39,Thursday,ISLINGTON STATION,PUSTC,3,7,E,BD,5196
6/3/2021,10:03,Thursday,FINCH STATION,MUSC,3,6,S,YU,5386
6/3/2021,10:53,Thursday,SUMMERHILL STATION,MUSC,0,0,N,YU,5841
6/3/2021,11:06,Thursday,VAUGHAN MC STATION,TUS,6,9,S,YU,5626
6/3/2021,11:14,Thursday,CHRISTIE STATION,EUNT,5,9,W,BD,5361
6/3/2021,11:23,Thursday,KILPING STATION,SUDP,0,0,,BD,7977
6/3/2021,11:25,Thursday,ISLINGTON STATION,PUSTC,8,12,E,BD,5002
6/3/2021,11:35,Thursday,SUMMERHILL STATION,EUSC,3,6,N,YU,5836
6/3/2021,11:41,Thursday,KIPLING STATION,TUO,3,7,E,BD,5279
6/3/2021,11:50,Thursday,SPADINA BD STATION,MUDD,4,8,E,BD,5253
6/3/2021,11:58,Thursday,WILSON YARD,PUTO,8,15,S,YU,5851
6/3/2021,12:11,Thursday,SHERBOURNE STATION,MUPAA,0,0,W,BD,5247
6/3/2021,12:43,Thursday,LANSDOWNE STATION,SUDP,20,24,E,BD,5240
6/3/2021,13:19,Thursday,WELLESLEY STATION,MUPAA,3,6,S,YU,5676
6/3/2021,13:42,Thursday,FINCH STATION,MUNOA,3,6,S,YU,5796
6/3/2021,14:36,Thursday,MAIN STREET STATION,MUSC,0,0,W,BD,5312
6/3/2021,15:20,Thursday,SPADINA BD STATION,MUIRS,0,0,W,BD,5211
6/3/2021,15:31,Thursday,SHERBOURNE STATION,SUDP,0,0,,BD,0
6/3/2021,16:14,Thursday,ROSEDALE STATION,EUDO,8,11,N,YU,5651
6/3/2021,16:51,Thursday,SHERBOURNE STATION,MUPAA,0,0,W,BD,5211
6/3/2021,17:12,Thursday,KENNEDY BD STATION,MUPAA,0,0,,BD,5280
6/3/2021,17:29,Thursday,YONGE BD STATION,PUMST,0,0,,BD,0
6/3/2021,18:17,Thursday,GREENWOOD STATION,MUD,6,10,E,BD,5269
6/3/2021,19:08,Thursday,ST CLAIR STATION,EUNT,3,6,N,YU,5466
6/3/2021,19:14,Thursday,YORK MILLS STATION,SUAE,0,0,N,YU,0
6/3/2021,19:29,Thursday,BATHURST STATION,MUIS,0,0,,BD,0
6/3/2021,20:04,Thursday,KENNEDY BD STATION,EUBO,5,12,W,BD,5086
6/3/2021,21:24,Thursday,SHERBOURNE STATION,MUPAA,5,12,W,BD,5203
6/3/2021,22:00,Thursday,WARDEN STATION,SUAP,0,0,W,BD,5245
6/3/2021,22:00,Thursday,YONGE-UNIVERSITY AND B,MUO,0,0,,YU/BD,0
6/3/2021,22:12,Thursday,SUMMERHILL STATION,MUIS,0,0,N,YU,5931
6/3/2021,22:23,Thursday,DUNDAS STATION,SUAE,0,0,N,YU,0
6/3/2021,23:00,Thursday,FINCH STATION TO EGLIN,MUO,0,0,,YU,0
6/3/2021,23:42,Thursday,SPADINA YUS STATION,SUAP,0,0,N,YU,0
6/3/2021,23:51,Thursday,COLLEGE STATION,MUPAA,0,0,N,YU,5681
6/3/2021,00:00,Thursday,VMC STATION TO PIONEER,MUO,0,0,,YU,0
6/3/2021,00:34,Thursday,DUNDAS WEST STATION,SUPOL,0,0,E,BD,5143
6/4/2021,13:35,Friday,SRT LINE,MRWEA,0,0,,SRT,0
6/4/2021,05:40,Friday,WILSON STATION,PUMEL,0,0,,YU,0
6/4/2021,06:06,Friday,MAIN STREET STATION,MUSC,0,0,W,BD,5219
6/4/2021,06:14,Friday,SHEPPARD WEST STATION,MUTO,4,8,N,YU,5936
6/4/2021,06:24,Friday,BLOOR STATION,TUCC,0,0,N,YU,5396
6/4/2021,08:21,Friday,FINCH STATION,MUSC,0,0,S,YU,5726
6/4/2021,08:23,Friday,SUMMERHILL STATION,MUSC,0,0,N,YU,5836
6/4/2021,08:39,Friday,VICTORIA PARK STATION,MUIR,32,36,W,BD,5260
6/4/2021,08:54,Friday,COLLEGE STATION,MUIS,0,0,N,YU,0
6/4/2021,09:02,Friday,WARDEN STATION,TUMVS,0,0,W,BD,5226
6/4/2021,10:33,Friday,ROSEDALE STATION,TUMVS,4,7,S,YU,5436
6/4/2021,11:35,Friday,YORK MILLS STATION,PUMEL,0,0,,YU,0
6/4/2021,11:51,Friday,ROYAL YORK STATION,MUIS,0,0,,BD,0
6/4/2021,11:59,Friday,PAPE STATION,SUPOL,4,8,E,BD,5040
6/4/2021,12:49,Friday,FINCH STATION,MUSC,0,0,S,YU,5436
6/4/2021,13:14,Friday,ST CLAIR STATION,MUO,9,12,S,YU,5451
6/4/2021,13:17,Friday,ISLINGTON STATION,PUSTS,9,13,E,BD,5040
6/4/2021,14:00,Friday,YORK MILLS STATION,PUMEL,0,0,,YU,0
6/4/2021,14:06,Friday,DONLANDS STATION,MUIS,0,0,,BD,0
6/4/2021,14:28,Friday,KENNEDY BD STATION,EUDO,4,8,W,BD,5246
6/4/2021,14:28,Friday,ROYAL YORK STATION,TUSC,0,0,E,BD,5333
6/4/2021,14:35,Friday,PAPE STATION,SUPOL,4,8,E,BD,5223
6/4/2021,14:48,Friday,ISLINGTON STATION,PUSO,5,9,E,BD,5044
6/4/2021,14:50,Friday,ST GEORGE YUS STATION,SUDP,3,6,S,YU,5591
6/4/2021,14:55,Friday,BLOOR STATION,SUDP,0,0,N,YU,5786
6/4/2021,15:15,Friday,COXWELL STATION,SUAE,9,13,W,BD,5262
6/4/2021,16:00,Friday,ST GEORGE BD STATION,PUMST,0,0,W,BD,0
6/4/2021,16:11,Friday,ISLINGTON STATION,TUSC,0,0,E,BD,5333
6/4/2021,16:15,Friday,GLENCAIRN STATION,SUAP,0,0,N,YU,5772
6/4/2021,16:20,Friday,OSSINGTON STATION,MUI,16,20,W,BD,5211
6/4/2021,16:22,Friday,WILSON CARHOUSE,PUMEL,0,0,,YU,0
6/4/2021,16:33,Friday,SPADINA YUS STATION,SUSA,0,0,,YU,0
6/4/2021,16:54,Friday,DAVISVILLE BUILD-UP,MUIR,3,6,S,YU,5841
6/4/2021,17:30,Friday,EGLINTON STATION,EUSC,0,0,S,YU,5466
6/4/2021,17:54,Friday,ROYAL YORK STATION,TUSC,0,0,E,BD,5333
6/4/2021,17:56,Friday,GLENCAIRN STATION,SUDP,0,0,N,YU,5906
6/4/2021,18:32,Friday,ST GEORGE BD STATION,MUIS,0,0,,BD,0
6/4/2021,19:08,Friday,KIPLING STATION,MUIS,0,0,,BD,0
6/4/2021,19:31,Friday,KENNEDY BD STATION,TUO,7,14,E,BD,5313
6/4/2021,20:10,Friday,OLD MILL STATION,MUPAA,3,10,E,BD,5206
6/4/2021,20:54,Friday,UNION STATION,MUIS,0,0,,YU,0
6/4/2021,22:00,Friday,KENNEDY BD STATION,TUNIP,7,14,W,BD,5152
6/4/2021,22:00,Friday,YONGE-UNIVERSITY AND B,MUO,0,0,,YU/BD,0
6/4/2021,22:07,Friday,DUFFERIN STATION,SUAP,0,0,,BD,0
6/4/2021,00:03,Friday,BROADVIEW STATION,SUDP,3,10,E,BD,5305
6/4/2021,01:37,Friday,VAUGHAN MC STATION,MUIS,0,0,S,YU,5831
6/5/2021,02:07,Saturday,FINCH STATION,MUIS,0,0,,YU,0
6/5/2021,09:12,Saturday,SCARBOROUGH RAPID TRA,MRWEA,0,0,,SRT,0
6/5/2021,02:10,Saturday,KIPLING STATION,SUDP,0,0,,BD,5029
6/5/2021,05:55,Saturday,UNION STATION,PUSAC,14,0,N,YU,5381
6/5/2021,05:57,Saturday,ST. PATRICK STATION,MUATC,8,0,S,YU,5886
6/5/2021,06:23,Saturday,KIPLING STATION,EUNT,5,10,E,BD,5175
6/5/2021,06:34,Saturday,ROSEDALE STATION,MUSC,0,0,N,YU,5976
6/5/2021,07:35,Saturday,GLENCAIRN STATION,PUSAC,6,12,N,YU,5881
6/5/2021,07:52,Saturday,COXWELL STATION,PUTIJ,3,8,E,BD,5262
6/5/2021,08:13,Saturday,JANE STATION,MUPAA,0,0,W,BD,5312
6/5/2021,10:17,Saturday,SHERBOURNE STATION,MUPAA,0,0,E,BD,5073
6/5/2021,10:26,Saturday,ST GEORGE BD STATION,TUCC,3,8,E,BD,5026
6/5/2021,10:47,Saturday,RUNNYMEDE STATION,MUDD,3,8,E,BD,5325
6/5/2021,10:58,Saturday,ST CLAIR STATION,SUDP,0,0,,YU,0
6/5/2021,11:13,Saturday,ROSEDALE STATION,MUATC,6,10,S,YU,5461
6/5/2021,11:17,Saturday,VICTORIA PARK STATION,MUIS,0,0,W,BD,5084
6/5/2021,11:28,Saturday,ROSEDALE STATION,MUATC,3,7,S,YU,5871
6/5/2021,12:03,Saturday,ROSEDALE STATION,SUDP,3,7,S,YU,5751
6/5/2021,12:14,Saturday,OSSINGTON STATION,EUNT,7,12,E,BD,5269
6/5/2021,12:48,Saturday,BLOOR STATION,MUPAA,0,0,N,YU,5736
6/5/2021,13:39,Saturday,EGLINTON STATION,MUPAA,0,0,S,YU,5626
6/5/2021,13:40,Saturday,VICTORIA PARK STATION,MUIS,0,0,,BD,0
6/5/2021,13:50,Saturday,FINCH STATION,MUO,5,9,S,YU,5871
6/5/2021,14:42,Saturday,FINCH STATION,MUPAA,0,0,S,YU,6021
6/5/2021,16:10,Saturday,BLOOR STATION,MUPAA,0,0,S,YU,5566
6/5/2021,16:25,Saturday,HIGH PARK STATION,SUDP,0,0,E,BD,5370
6/5/2021,16:37,Saturday,SHERBOURNE STATION,MUPAA,0,0,E,BD,5262
6/5/2021,16:53,Saturday,ST CLAIR STATION,SUO,29,33,S,YU,5686
6/5/2021,17:05,Saturday,RUNNYMEDE STATION,SUO,9,14,W,BD,5169
6/5/2021,17:47,Saturday,QUEEN STATION,MUIS,0,0,,YU,0
6/5/2021,18:02,Saturday,COLLEGE STATION,SUDP,0,0,S,YU,5841
6/5/2021,18:23,Saturday,HIGH PARK STATION,SUEAS,18,22,E,BD,5053
6/5/2021,19:03,Saturday,WARDEN STATION,SUUT,0,0,E,BD,5062
6/5/2021,19:10,Saturday,DUNDAS STATION,SUDP,8,13,N,YU,5651
6/5/2021,19:25,Saturday,VAUGHAN MC STATION,TUNIP,5,10,S,YU,6031
6/5/2021,19:54,Saturday,HIGH PARK STATION,PUMEL,0,0,,BD,0
6/5/2021,20:05,Saturday,ST GEORGE YUS STATION,SUDP,3,8,N,YU,5906
6/5/2021,20:18,Saturday,DAVISVILLE CARHOUSE,MUO,0,0,,YU,0
6/5/2021,22:00,Saturday,YONGE-UNIVERSITY AND B,MUO,0,0,,YU/BD,0
6/5/2021,22:54,Saturday,GREENWOOD STATION,MUD,8,14,E,BD,5175
6/5/2021,23:29,Saturday,BATHURST STATION,SUDP,3,9,W,BD,5213
6/5/2021,23:34,Saturday,GLENCAIRN STATION,MUSAN,7,14,N,YU,5686
6/5/2021,23:43,Saturday,UNION STATION,SUDP,0,0,,YU,0
6/5/2021,23:56,Saturday,CHESTER STATION,TUMVS,0,0,E,BD,5189
6/5/2021,00:15,Saturday,FINCH STATION,SUEAS,8,15,N,YU,5381
6/5/2021,00:42,Saturday,ST CLAIR WEST STATION,PUMEL,0,0,,YU,0
6/5/2021,11:11,Saturday,LESLIE STATION (LEAVIN,MUPR1,111,116,W,SHP,6176
6/5/2021,13:05,Saturday,DON MILLS STATION,MUSC,0,0,W,SHP,6141
6/5/2021,13:27,Saturday,SHEPPARD-YONGE STATION,MUSC,0,0,E,SHP,6181
6/5/2021,20:01,Saturday,SHEPPARD-YONGE STATION,TUSC,0,0,W,SHP,6196
6/6/2021,03:15,Sunday,KENNEDY BD STATION,MUIS,0,0,,BD,0
6/6/2021,09:07,Sunday,SCARBOROUGH RAPID TRAN,MRWEA,0,0,,SRT,0
6/6/2021,06:22,Sunday,SPADINA BD STATION,PUMEL,0,0,,BD,0
6/6/2021,08:00,Sunday,BLOOR DANFORTH SUBWAY,MUO,0,0,,BD,0
6/6/2021,08:54,Sunday,SHERBOURNE STATION,MUPAA,0,0,E,BD,5175
6/6/2021,09:38,Sunday,MAIN STREET STATION,MUD,0,0,W,BD,5266
6/6/2021,09:55,Sunday,QUEEN STATION,EUDO,5,10,N,YU,6031
6/6/2021,10:49,Sunday,KENNEDY BD STATION,EUBK,4,8,E,BD,5109
6/6/2021,11:11,Sunday,ST CLAIR STATION,MUIRS,0,0,,YU,0
6/6/2021,12:22,Sunday,EGLINTON STATION,TUO,5,10,N,YU,5406
6/6/2021,12:48,Sunday,CASTLE FRANK STATION,SUDP,0,0,W,BD,5173
6/6/2021,12:54,Sunday,YONGE BD STATION,SUO,0,0,,BD,0
6/6/2021,13:44,Sunday,KENNEDY BD STATION,MUTO,5,9,E,BD,5226
6/6/2021,13:53,Sunday,SHEPPARD STATION,MUPAA,0,0,N,YU,6061
6/6/2021,14:40,Sunday,ST PATRICK STATION,MUPAA,0,0,N,YU,5816
6/6/2021,14:48,Sunday,VICTORIA PARK STATION,MUIS,0,0,W,BD,0
6/6/2021,15:06,Sunday,VAUGHAN MC STATION,MUIS,0,0,,YU,0
6/6/2021,15:30,Sunday,CASTLE FRANK STATION,MUPAA,0,0,E,BD,5193
6/6/2021,15:34,Sunday,BATHURST STATION,EUME,7,11,E,BD,5066
6/6/2021,15:57,Sunday,BLOOR STATION,SUDP,3,8,N,YU,5426
6/6/2021,16:18,Sunday,KEELE STATION,MUSC,0,0,W,BD,5150
6/6/2021,16:58,Sunday,WELLESLEY STATION,MUPAA,0,0,N,YU,5766
6/6/2021,17:22,Sunday,GREENWOOD STATION,MUPR1,97,101,W,BD,5171
6/6/2021,18:25,Sunday,KIPLING STATION,MUTO,5,9,E,BD,5073
6/6/2021,18:29,Sunday,KIPLING STATION,MUPAA,0,0,E,BD,5066
6/6/2021,18:40,Sunday,OSSINGTON STATION,SUAP,0,0,,BD,0
6/6/2021,18:51,Sunday,KENNEDY BD STATION,TUNIP,5,10,E,BD,5029
6/6/2021,19:37,Sunday,KENNEDY BD STATION,MUIS,0,0,,BD,0
6/6/2021,20:10,Sunday,YONGE BD STATION,SUO,4,8,E,BD,5201
6/6/2021,21:01,Sunday,GREENWOOD YARD,SUG,0,0,,BD,0
6/6/2021,22:00,Sunday,YONGE-UNIVERSITY AND B,MUO,0,0,,YU/BD,0
6/6/2021,22:43,Sunday,LAWRENCE STATION,MUSC,0,0,N,YU,5756
6/6/2021,00:45,Sunday,BLOOR STATION,SUDP,3,10,N,YU,5766
6/6/2021,09:07,Sunday,DON MILLS STATION,TUMVS,5,11,E,SHP,6146
6/6/2021,23:01,Sunday,BAYVIEW STATION,SUO,0,0,,SHP,0
6/7/2021,06:29,Monday,FINCH STATION,MUSC,0,0,S,YU,5556
6/7/2021,09:20,Monday,SCARBOROUGH RAPID TRAN,MRWEA,0,0,,SRT,0
6/7/2021,13:07,Monday,LAWRENCE EAST STATION,ERAC,5,10,S,SRT,3008
6/7/2021,06:30,Monday,ROSEDALE STATION,MUATC,5,8,S,YU,5516
6/7/2021,23:24,Monday,LAWRENCE EAST STATION,ERDO,3,9,S,SRT,3016
6/7/2021,08:24,Monday,YONGE BD STATION,MUPAA,0,0,W,BD,5370
6/7/2021,09:14,Monday,ST PATRICK STATION,SUDP,3,6,N,YU,5651
6/7/2021,10:38,Monday,EGLINTON STATION,SUO,0,0,N,YU,5931
6/7/2021,10:39,Monday,DAVISVILLE STATION,EUBK,3,6,S,YU,5466
6/7/2021,10:45,Monday,PAPE STATION,SUAP,5,9,E,BD,5045
6/7/2021,10:52,Monday,CHESTER STATION,TUSC,3,7,W,BD,5312
6/7/2021,11:27,Monday,FINCH STATION,EUAC,3,6,N,YU,5941
6/7/2021,11:39,Monday,VICTORIA PARK STATION,EUDO,6,10,W,BD,5150
6/7/2021,11:49,Monday,KEELE STATION,MUIR,9,13,W,BD,5120
6/7/2021,12:04,Monday,SHEPPARD STATION,MUPAA,0,0,S,YU,5866
6/7/2021,13:06,Monday,BATHURST STATION,EUTL,6,10,E,BD,5059
6/7/2021,13:53,Monday,EGLINTON STATION,MUSAN,3,6,S,YU,5936
6/7/2021,14:30,Monday,YONGE BD STATION,MUPAA,3,7,W,BD,5203
6/7/2021,14:42,Monday,UNION STATION,EUDO,5,8,N,YU,5841
6/7/2021,15:00,Monday,LAWRENCE STATION,EUSC,0,0,S,YU,5986
6/7/2021,16:24,Monday,SHERBOURNE STATION,MUPAA,0,0,E,BD,5183
6/7/2021,16:42,Monday,KIPLING STATION,EUPI,6,10,W,BD,5164
6/7/2021,17:21,Monday,BLOOR STATION,MUPAA,0,0,N,YU,5856
6/7/2021,18:33,Monday,DUNDAS STATION,SUDP,3,6,S,YU,5806
6/7/2021,18:35,Monday,ST GEORGE BD STATION,MUIR,6,10,W,BD,5232
6/7/2021,18:53,Monday,SHERBOURNE STATION,MUPAA,0,0,E,BD,5045
6/7/2021,19:05,Monday,EGLINTON WEST STATION,PUMEL,0,0,,YU,0
6/7/2021,19:38,Monday,KENNEDY BD STATION,EUPI,5,12,W,BD,5002
6/7/2021,20:11,Monday,BATHURST STATION,MUIS,0,0,,BD,0
6/7/2021,20:13,Monday,KEELE STATION,MUIS,0,0,E,BD,0
6/7/2021,20:34,Monday,EGLINTON STATION,SUO,0,0,N,YU,5431
6/7/2021,22:00,Monday,YONGE-UNIVERSITY AND B,MUO,0,0,,YU/BD,0
6/7/2021,22:33,Monday,SHERBOURNE STATION,MUPAA,0,0,E,BD,5096
6/7/2021,22:35,Monday,EGLINTON STATION,PUSCR,7,14,S,YU,5556
6/7/2021,22:56,Monday,YORK MILLS STATION,TUSC,0,0,S,YU,5926
6/7/2021,23:00,Monday,YONGE- UNIVERSITY SUBW,MUO,0,0,,YU,0
6/7/2021,23:42,Monday,DAVISVILLE STATION,MUPAA,0,0,N,YU,5391
6/7/2021,23:59,Monday,DUPONT STATION,SUDP,21,28,S,YU,5766
6/7/2021,00:59,Monday,SUMMERHILL STATION,MUSAN,7,14,N,YU,5766
6/7/2021,09:34,Monday,SHEPPARD-YONGE STATION,PUOPO,3,8,E,SHP,6181
6/7/2021,09:54,Monday,SHEPPARD-YONGE STATION,PUOPO,5,10,E,SHP,6181
6/7/2021,13:23,Monday,BAYVIEW STATION,SUUT,23,28,W,SHP,6196
6/7/2021,14:48,Monday,LESLIE STATION,MUSAN,5,10,W,SHP,6141
6/7/2021,17:58,Monday,DON MILLS STATION,SUDP,0,0,W,SHP,6186
6/8/2021,02:24,Tuesday,ROSEDALE STATION,PUTOE,0,0,S,YU,0
6/8/2021,16:15,Tuesday,SRT LINE,MRWEA,0,0,,SRT,0
6/8/2021,05:53,Tuesday,DAVISVILLE BUILD-UP,MUSC,0,0,N,YU,5976
6/8/2021,06:14,Tuesday,SHEPPARD WEST STATION,MUTO,5,9,N,YU,6066
6/8/2021,06:36,Tuesday,SHERBOURNE STATION,PUMST,0,0,,BD,0
6/8/2021,07:21,Tuesday,YONGE BD STATION,MUPAA,0,0,W,BD,5062
6/8/2021,07:25,Tuesday,YORKDALE STATION,MUIS,0,0,,YU,0
6/8/2021,07:30,Tuesday,SHERBOURNE STATION,MUPAA,0,0,E,BD,5059
6/8/2021,07:38,Tuesday,KENNEDY BD STATION,EUTL,4,8,W,BD,5058
6/8/2021,08:12,Tuesday,KENNEDY BD STATION,MUIRS,0,0,,BD,0
6/8/2021,09:27,Tuesday,SHERBOURNE STATION,MUPAA,0,0,E,BD,5074
6/8/2021,09:51,Tuesday,YONGE BD STATION,MUPAA,0,0,W,BD,5306
6/8/2021,09:57,Tuesday,SPADINA BD STATION,MUPAA,0,0,W,BD,5306
6/8/2021,10:55,Tuesday,ROYAL YORK STATION,TUSC,0,0,E,BD,5261
6/8/2021,11:08,Tuesday,SHEPPARD STATION,EUSC,0,0,S,YU,5876
6/8/2021,11:12,Tuesday,YORK MILLS STATION,TUOS,3,6,N,YU,5841
6/8/2021,11:19,Tuesday,SHEPPARD STATION,PUSWZ,0,0,N,YU,5841
6/8/2021,11:27,Tuesday,FINCH STATION,TUO,3,6,S,YU,5841
6/8/2021,11:32,Tuesday,FINCH STATION,SUAP,0,0,,YU,0
6/8/2021,11:38,Tuesday,VAUGHAN MC STATION,SUAE,3,6,S,YU,6041
6/8/2021,11:58,Tuesday,BLOOR STATION,MUI,3,6,N,YU,5671
6/8/2021,12:25,Tuesday,NORTH YORK CTR STATION,PUTO,0,0,S,YU,5426
6/8/2021,12:46,Tuesday,VAUGHAN MC STATION,MUNOA,3,6,S,YU,0
6/8/2021,13:56,Tuesday,BLOOR STATION,MUTO,3,6,N,YU,5776
6/8/2021,13:58,Tuesday,KIPLING STATION,PUMEL,0,0,,BD,0
6/8/2021,14:40,Tuesday,VAUGHAN MC STATION,MUNOA,3,6,S,YU,0
6/8/2021,14:40,Tuesday,VAUGHAN MC STATION,MUNOA,3,6,S,YU,0
6/8/2021,15:43,Tuesday,VAUGHAN MC STATION,MUNOA,3,6,S,YU,0
6/8/2021,16:37,Tuesday,NORTH YORK CTR STATION,PUTO,0,0,S,YU,5946
6/8/2021,16:43,Tuesday,SHERBOURNE STATION,MUPAA,0,0,E,BD,5143
6/8/2021,17:32,Tuesday,ST GEORGE BD STATION,SUDP,4,8,W,BD,5341
6/8/2021,18:00,Tuesday,LAWRENCE WEST STATION,SUAP,10,13,S,YU,5826
6/8/2021,18:34,Tuesday,KEELE STATION,MUIS,0,0,,BD,0
6/8/2021,18:55,Tuesday,FINCH STATION,PUMEL,0,0,,YU,0
6/8/2021,19:47,Tuesday,ST CLAIR WEST STATION,SUAP,8,13,S,YU,5966
6/8/2021,20:14,Tuesday,EGLINTON WEST STATION,SUO,0,0,S,YU,0
6/8/2021,20:28,Tuesday,YORK MILLS STATION,TUSC,0,0,S,YU,5426
6/8/2021,20:54,Tuesday,VAUGHAN MC STATION,MUNOA,7,14,S,YU,0
6/8/2021,21:24,Tuesday,HIGH PARK STATION,MUIR,0,0,W,BD,5269
6/8/2021,22:00,Tuesday,YONGE-UNIVERSITY AND B,MUO,0,0,,YU/BD,0
6/8/2021,22:58,Tuesday,WILSON STATION,PUMEL,0,0,,YU,0
6/8/2021,23:00,Tuesday,YONGE UNIVERSITY SUBWA,MUO,0,0,,YU,0
6/8/2021,23:12,Tuesday,VAUGHAN MC STATION,MUNOA,7,14,S,YU,0
6/9/2021,06:35,Wednesday,SCARBOROUGH CTR STATIO,ERDO,6,12,S,SRT,3022
6/9/2021,05:18,Wednesday,UNION STATION,MUIS,0,0,,YU,0
6/9/2021,09:52,Wednesday,LINE 3 - SCARBOROUGH R,MRWEA,0,0,,SRT,0
6/9/2021,06:34,Wednesday,ROSEDALE STATION,MUATC,3,6,S,YU,6046
6/9/2021,07:12,Wednesday,KENNEDY BD STATION,MUSAN,4,8,W,BD,5213
6/9/2021,14:04,Wednesday,LAWRENCE EAST STATION,MRUIR,0,0,,SRT,0
6/9/2021,07:44,Wednesday,ROSEDALE STATION,MUSC,3,6,N,YU,5966
6/9/2021,16:53,Wednesday,SCARBOROUGH CTR STATIO,ERDO,6,12,S,SRT,3012
6/9/2021,17:20,Wednesday,MCCOWAN STATION,ERCD,5,11,N,SRT,3012
6/9/2021,07:53,Wednesday,ROSEDALE STATION,TUSC,0,0,N,YU,5726
6/9/2021,08:03,Wednesday,ST PATRICK STATION,MUIS,0,0,,YU,0
6/9/2021,08:03,Wednesday,ROSEDALE STATION,TUSC,0,0,N,YU,5876
6/9/2021,08:09,Wednesday,VAUGHAN MC STATION,TUNIP,5,8,S,YU,5711
6/9/2021,08:11,Wednesday,DUNDAS WEST STATION,SUO,0,0,,BD,0
6/9/2021,08:53,Wednesday,ST PATRICK STATION,MUIRS,0,0,,YU,0
6/9/2021,09:14,Wednesday,ROSEDALE STATION,TUO,3,6,S,YU,6046
6/9/2021,09:57,Wednesday,SHERBOURNE STATION,MUPAA,3,7,W,BD,5143
6/9/2021,10:07,Wednesday,ROYAL YORK STATION,MUSC,0,0,E,BD,5119
6/9/2021,12:21,Wednesday,VAUGHAN MC STATION,SUO,3,6,S,YU,5726
6/9/2021,13:14,Wednesday,VAUGHAN MC STATION,MUNOA,3,6,S,YU,0
6/9/2021,13:20,Wednesday,RUNNYMEDE STATION,EUDO,6,10,W,BD,5333
6/9/2021,13:38,Wednesday,SPADINA BD STATION,MUIS,0,0,,BD,0
6/9/2021,14:22,Wednesday,WARDEN STATION,SUUT,7,11,W,BD,5179
6/9/2021,14:32,Wednesday,FINCH STATION,MUPAA,0,0,S,YU,6066
6/9/2021,14:43,Wednesday,DAVISVILLE BUILD UP,TUSC,0,0,S,YU,5556
6/9/2021,15:12,Wednesday,VAUGHAN MC STATION,MUNOA,3,6,S,YU,0
6/9/2021,18:01,Wednesday,CHRISTIE STATION,PUMEL,0,0,,BD,0
6/9/2021,18:50,Wednesday,WILSON STATION,MUO,4,8,S,YU,5711
6/9/2021,19:30,Wednesday,KIPLING STATION,SUO,0,0,,BD,0
6/9/2021,20:00,Wednesday,LAWRENCE STATION,PUSTS,3,8,S,YU,5951
6/9/2021,20:11,Wednesday,DAVISVILLE STATION,MUIS,0,0,,YU,0
6/9/2021,21:52,Wednesday,NORTH YORK CTR STATION,MUPLC,0,0,N,YU,5391
6/9/2021,22:00,Wednesday,YONGE-UNIVERSITY AND B,MUO,0,0,,YU/BD,0
6/9/2021,23:00,Wednesday,YONGE UNIVERSITY SUBWA,MUO,0,0,B,YU,0
6/9/2021,23:18,Wednesday,SHERBOURNE STATION,MUPAA,0,0,W,BD,5143
6/9/2021,23:22,Wednesday,SHEPPARD STATION,PUSNT,0,0,S,YU,0
6/9/2021,23:35,Wednesday,KENNEDY BD STATION,TUKEY,0,0,W,BD,5241
6/10/2021,06:15,Thursday,ROSEDALE STATION,TUSC,3,6,N,YU,5876
6/10/2021,07:17,Thursday,SPADINA BD STATION,MUD,5,9,W,BD,5119
6/10/2021,07:29,Thursday,UNION STATION (TO KING,EUDO,5,8,N,YU,5691
6/10/2021,07:41,Thursday,FINCH STATION,TUSC,4,7,S,YU,5726
6/10/2021,07:43,Thursday,SHERBOURNE STATION,MUPAA,0,0,E,BD,5189
6/10/2021,08:28,Thursday,YORK MILLS STATION,TUSC,0,0,S,YU,5766
6/10/2021,08:37,Thursday,VICTORIA PARK STATION,EUDO,4,8,E,BD,5179
6/10/2021,08:39,Thursday,WOODBINE STATION,TUCC,0,0,E,BD,5042
6/10/2021,09:10,Thursday,DUNDAS WEST STATION,SUDP,3,7,E,BD,5189
6/10/2021,09:34,Thursday,ST PATRICK STATION,EUDO,8,11,N,YU,6066
6/10/2021,09:39,Thursday,WILSON STATION,MUO,0,0,N,YU,5751
6/10/2021,09:53,Thursday,VAUGHAN MC STATION,PUSCR,3,6,S,YU,5931
6/10/2021,10:28,Thursday,WILSON STATION,MUPLB,51,54,N,YU,5436
6/10/2021,10:44,Thursday,BROADVIEW STATION,SUDP,3,7,E,BD,5333
6/10/2021,10:48,Thursday,LAWRENCE STATION,SUDP,0,0,S,YU,5861
6/10/2021,11:46,Thursday,KENNEDY BD STATION,MUO,4,8,W,BD,5241
6/10/2021,13:05,Thursday,BLOOR STATION,MUIRS,0,0,,YU,0
6/10/2021,13:38,Thursday,FINCH STATION,SUO,0,0,,YU,0
6/10/2021,13:45,Thursday,KIPLING STATION,TUNIP,3,7,E,BD,5260
6/10/2021,13:54,Thursday,EGLINTON STATION,MUIR,16,19,S,YU,5936
6/10/2021,13:54,Thursday,GLENCAIRN STATION,EUNT,3,6,S,YU,5771
6/10/2021,14:16,Thursday,WILSON STATION,MUPAA,0,0,N,YU,5526
6/10/2021,15:36,Thursday,KENNEDY BD STATION,MUSAN,3,7,W,BD,5143
6/10/2021,15:54,Thursday,COXWELL STATION,EUCD,7,11,E,BD,5179
6/10/2021,16:38,Thursday,BAY STATION,SUDP,0,0,E,BD,5246
6/10/2021,17:16,Thursday,PAPE STATION,PUMEL,0,0,,BD,0
6/10/2021,17:33,Thursday,EGLINTON STATION,MUI,3,6,N,YU,5876
6/10/2021,19:11,Thursday,ST CLAIR WEST STATION,MUDD,0,0,N,YU,5436
6/10/2021,19:23,Thursday,YORKDALE STATION,EUBK,5,10,S,YU,5616
6/10/2021,20:05,Thursday,KENNEDY BD STATION,TUKEY,5,12,W,BD,5241
6/10/2021,21:40,Thursday,ST CLAIR WEST STATION,SUDP,0,0,S,YU,5386
6/10/2021,22:00,Thursday,YONGE-UNIVERSITY AND B,MUO,0,0,,YU/BD,0
6/10/2021,22:00,Thursday,RUNNYMEDE STATION,SUDP,0,0,W,BD,5132
6/10/2021,23:00,Thursday,YONGE-UNIVERSITY SUBWA,MUO,0,0,,YU,0
6/10/2021,23:45,Thursday,SPADINA BD STATION,MUIS,0,0,,BD,0
6/10/2021,00:17,Thursday,DONLANDS STATION,SUBT,10,17,W,BD,5198
6/10/2021,01:03,Thursday,SHERBOURNE STATION,MUPAA,0,0,E,BD,5246
6/10/2021,01:16,Thursday,ISLINGTON STATION,MUIS,0,0,,BD,0
6/10/2021,09:36,Thursday,LESLIE STATION,TUMVS,0,0,E,SHP,6186
6/11/2021,19:35,Friday,KENNEDY SRT STATION,MRUIR,0,0,S,SRT,0
6/11/2021,02:07,Friday,MUSEUM STATION,TUCC,10,0,N,YU,6041
6/11/2021,05:19,Friday,KENNEDY BD STATION,MUPLC,0,0,,BD,0
6/11/2021,19:56,Friday,SCARBOROUGH CTR STATIO,MRUI,0,0,,SRT,0
6/11/2021,06:04,Friday,GREENWOOD STATION,EUPI,3,8,E,BD,5095
6/11/2021,06:05,Friday,FINCH STATION,TUSC,0,0,S,YU,5556
6/11/2021,06:06,Friday,ROSEDALE STATION,MUPLB,39,42,N,YU,5766
6/11/2021,06:39,Friday,FINCH WEST STATION,EUDO,5,10,S,YU,5536
6/11/2021,07:03,Friday,WILSON STATION,MUTO,3,6,N,YU,5841
6/11/2021,07:07,Friday,ROSEDALE STATION,MUATC,3,8,S,YU,5556
6/11/2021,07:09,Friday,DUNDAS STATION,EUDO,3,6,N,YU,5491
6/11/2021,07:14,Friday,SHERBOURNE STATION,MUPAA,0,0,E,BD,5050
6/11/2021,08:28,Friday,KENNEDY BD STATION,EUNT,4,8,W,BD,5241
6/11/2021,09:20,Friday,FINCH STATION,TUSC,0,0,S,YU,5726
6/11/2021,09:44,Friday,WILSON YARD,PUEWZ,17,20,S,YU,5636
6/11/2021,09:50,Friday,KENNEDY BD STATION,EUDO,4,8,W,BD,5333
6/11/2021,09:56,Friday,RUNNYMEDE STATION,MUIS,0,0,,BD,0
6/11/2021,10:40,Friday,RUNNYMEDE STATION,SUO,0,0,W,BD,5176
6/11/2021,10:56,Friday,BAY STATION,EUCD,4,8,E,BD,5095
6/11/2021,11:10,Friday,COXWELL STATION,TUO,4,8,E,BD,5028
6/11/2021,11:26,Friday,KENNEDY BD STATION,EUCD,4,8,W,BD,5134
6/11/2021,11:58,Friday,BLOOR STATION,TUS,7,10,N,YU,5786
6/11/2021,13:54,Friday,PAPE STATION,SUDP,0,0,,BD,0
6/11/2021,14:29,Friday,SPADINA BD STATION,SUUT,0,0,W,BD,5224
6/11/2021,14:36,Friday,FINCH STATION,MUTO,3,6,S,YU,5556
6/11/2021,14:39,Friday,FINCH STATION,TUMVS,3,6,N,YU,5516
6/11/2021,15:22,Friday,YORK MILLS STATION,MUIRS,0,0,,YU,0
6/11/2021,17:10,Friday,FINCH WEST STATION,MUSAN,3,6,S,YU,5936
6/11/2021,17:29,Friday,LAWRENCE STATION,MUSC,0,0,N,YU,5856
6/11/2021,17:50,Friday,COXWELL STATION,MUPAA,0,0,E,BD,5280
6/11/2021,19:27,Friday,COLLEGE STATION,MUSAN,5,10,N,YU,5586
6/11/2021,19:53,Friday,DUNDAS STATION,MUIS,0,0,,YU,0
6/11/2021,20:17,Friday,WARDEN STATION,SUO,0,0,W,BD,5153
6/11/2021,20:19,Friday,CHESTER STATION,SUUT,19,26,W,BD,5153
6/11/2021,21:01,Friday,ROSEDALE STATION,SUDP,12,17,N,YU,5901
6/11/2021,21:10,Friday,BATHURST STATION,MUIRS,0,0,,BD,0
6/11/2021,22:00,Friday,YONGE-UNIVERSITY AND B,MUO,0,0,,YU/BD,0
6/11/2021,22:59,Friday,RUNNYMEDE STATION,SUDP,0,0,W,BD,5206
6/11/2021,18:33,Friday,BAYVIEW STATION,PUOPO,5,10,W,SHP,6141
6/11/2021,21:00,Friday,DON MILLS STATION,MUIS,0,0,,SHP,0
6/12/2021,04:27,Saturday,KIPLING STATION,SUDP,0,0,,BD,0
6/12/2021,06:00,Saturday,TORONTO TRANSIT CONTRO,MRO,0,0,,SRT,0
6/12/2021,05:56,Saturday,DONLANDS STATION,MUO,3,8,W,BD,5192
6/12/2021,09:47,Saturday,MIDLAND STATION,ERDO,0,0,N,SRT,5017
6/12/2021,09:58,Saturday,MIDLAND STATION,ERCD,0,0,S,SRT,3012
6/12/2021,06:00,Saturday,TORONTO TRANSIT COMMIS,MUO,0,0,,YU,0
6/12/2021,12:46,Saturday,KENNEDY SRT STATION,ERCD,3,10,N,SRT,3017
6/12/2021,06:00,Saturday,YONGE UNIVERSITY SUBWA,MUO,0,0,B,YU,0
6/12/2021,15:23,Saturday,SCARBOROUGH RAPID TRAN,MRWEA,0,0,,SRT,0
6/12/2021,06:02,Saturday,VAUGHAN MC STATION,EUBO,12,24,S,YU,5586
6/12/2021,17:04,Saturday,MCCOWAN STATION,ERCD,4,10,S,SRT,3012
6/12/2021,06:05,Saturday,ST PATRICK STATION,MUATC,3,8,S,YU,5916
6/12/2021,06:40,Saturday,COLLEGE STATION,MUD,6,12,N,YU,6031
6/12/2021,17:51,Saturday,KENNEDY SRT STATION,ERCD,6,12,N,SRT,3017
6/12/2021,07:49,Saturday,SHERBOURNE STATION,MUSAN,0,0,E,BD,5189
6/12/2021,09:19,Saturday,WILSON STATION,MUPLB,6,12,S,YU,6056
6/12/2021,09:37,Saturday,KENNEDY BD STATION,MUTO,3,8,W,BD,5194
6/12/2021,09:56,Saturday,HIGH PARK STATION,SUDP,14,19,E,BD,5073
6/12/2021,10:17,Saturday,YONGE BD STATION,MUIS,0,0,W,BD,0
6/12/2021,12:31,Saturday,DUNDAS STATION,MUIRS,0,0,S,YU,0
6/12/2021,14:27,Saturday,PAPE STATION,SUDP,0,0,W,BD,5126
6/12/2021,15:15,Saturday,FINCH STATION,SUAE,0,0,,YU,0
6/12/2021,15:16,Saturday,KENNEDY BD STATION,TUSC,0,0,E,BD,5333
6/12/2021,15:52,Saturday,YONGE BD STATION,SUDP,3,7,W,BD,5150
6/12/2021,17:06,Saturday,ST CLAIR STATION,MUPAA,3,9,N,YU,6056
6/12/2021,18:25,Saturday,DUNDAS WEST STATION,MUDD,9,13,E,BD,5084
6/12/2021,19:25,Saturday,SHEPPARD STATION,PUMEL,0,0,,YU,0
6/12/2021,20:14,Saturday,WOODBINE STATION,MUPAA,0,0,W,BD,5062
6/12/2021,20:26,Saturday,WARDEN STATION,SUO,0,0,,BD,0
6/12/2021,20:29,Saturday,WARDEN STATION,MUPAA,0,0,E,BD,5300
6/12/2021,20:34,Saturday,HIGH PARK STATION,SUDP,0,0,E,BD,5246
6/12/2021,21:27,Saturday,ST CLAIR WEST STATION,SUO,0,0,N,YU,0
6/12/2021,22:00,Saturday,YONGE UNIVERSITY AND B,MUO,0,0,,YU/BD,0
6/12/2021,22:04,Saturday,ST CLAIR STATION,SUROB,0,0,,YU,0
6/12/2021,22:16,Saturday,COXWELL STATION,EUBK,0,0,E,BD,5333
6/12/2021,22:21,Saturday,ISLINGTON STATION,SUSA,0,0,,BD,0
6/12/2021,23:31,Saturday,ST ANDREW STATION,SUUT,4,11,N,YU,5826
6/12/2021,23:54,Saturday,YORKDALE STATION,MUPAA,0,0,S,YU,5766
6/12/2021,06:00,Saturday,TORONTO TRANSIT COMMIS,MUO,0,0,,SHP,0
6/12/2021,13:15,Saturday,YONGE AND SHEPPARD,SUPOL,11,16,E,SHP,6181
6/12/2021,21:16,Saturday,SHEPPARD-YONGE STATION,TUOS,0,0,W,SHP,6161
6/13/2021,02:12,Sunday,KENNEDY BD STATION,MUI,0,0,W,BD,5045
6/13/2021,11:13,Sunday,SCARBOROUGH RAPID TRAN,MRWEA,0,0,,SRT,0
6/13/2021,18:20,Sunday,MCCOWAN STATION,MRUI,6,12,S,SRT,3009
6/13/2021,04:22,Sunday,YONGE BD STATION,SUO,0,0,E,BD,0
6/13/2021,07:45,Sunday,WILSON STATION,PUSRA,6,12,S,YU,5936
6/13/2021,07:57,Sunday,WILSON STATION,PUSCR,10,16,S,YU,6056
6/13/2021,08:00,Sunday,YONGE UNIVERSITY SUBWA,MUO,0,0,,YU,0
6/13/2021,08:14,Sunday,KIPLING STATION,SUG,5,10,E,BD,5181
6/13/2021,08:14,Sunday,YORKDALE STATION,MUSAN,3,9,S,YU,5871
6/13/2021,08:18,Sunday,KIPLING STATION,SUDP,20,24,E,BD,5002
6/13/2021,10:42,Sunday,VICTORIA PARK STATION,MUPAA,6,10,W,BD,5221
6/13/2021,10:56,Sunday,DONLANDS STATION,SUAP,0,0,W,BD,5221
6/13/2021,11:33,Sunday,VICTORIA PARK STATION,MUPR1,98,102,E,BD,5160
6/13/2021,14:52,Sunday,WARDEN STATION,MUIS,0,0,,BD,0
6/13/2021,14:57,Sunday,YONGE BD STATION,MUIS,0,0,,BD,0
6/13/2021,16:09,Sunday,DUNDAS STATION,MUPAA,3,9,S,YU,5881
6/13/2021,16:46,Sunday,UNION STATION,MUIRS,0,0,,YU,0
6/13/2021,16:51,Sunday,SHEPPARD WEST STATION,MUIS,0,0,,YU,0
6/13/2021,17:14,Sunday,SHEPPARD STATION,SUO,0,0,,YU,0
6/13/2021,20:00,Sunday,YONGE BD STATION,MUIRS,0,0,E,BD,5300
6/13/2021,20:57,Sunday,YONGE BD STATION,PUMEL,0,0,,BD,0
6/13/2021,21:18,Sunday,VAUGHAN MC STATION,PUMEL,0,0,,YU,0
6/13/2021,21:29,Sunday,KENNEDY BD STATION,MUDD,4,8,W,BD,5126
6/13/2021,21:53,Sunday,ROYAL YORK STATION,SUDP,0,0,W,BD,5082
6/13/2021,22:00,Sunday,YONGE-UNIVERSITY AND B,MUO,0,0,,YU/BD,0
6/13/2021,22:03,Sunday,CHESTER STATION,TUSC,0,0,W,BD,5196
6/13/2021,22:30,Sunday,DUNDAS STATION,MUIS,0,0,N,YU,0
6/13/2021,22:37,Sunday,ST CLAIR STATION,MUIS,0,0,,YU,0
6/13/2021,23:09,Sunday,KEELE STATION,MUSC,0,0,W,BD,5221
6/13/2021,23:22,Sunday,SHERBOURNE STATION,SUO,0,0,,BD,0
6/13/2021,23:36,Sunday,WARDEN STATION,SUDP,0,0,,BD,0
6/13/2021,00:58,Sunday,FINCH STATION,MUIS,0,0,,YU,0
6/13/2021,01:12,Sunday,DOWNSVIEW PARK STATION,EUDO,3,10,S,YU,5431
6/13/2021,01:14,Sunday,KENNEDY BD STATION,MUIRS,0,0,,BD,0
6/13/2021,01:19,Sunday,ST CLAIR STATION,MUPAA,0,0,N,YU,5871
6/14/2021,02:17,Monday,FINCH STATION,MUIS,0,0,,YU,0
6/14/2021,13:07,Monday,SCARBOROUGH CTR STATIO,MRUI,0,0,,SRT,0
6/14/2021,05:48,Monday,ST CLAIR STATION,MUSC,3,6,S,YU,5826
6/14/2021,05:55,Monday,WILSON STATION,MUATC,3,6,S,YU,5636
6/14/2021,06:21,Monday,YONGE BD STATION,MUPAA,3,7,W,BD,5206
6/14/2021,08:28,Monday,DUFFERIN STATION,SUAP,0,0,,BD,0
6/14/2021,09:23,Monday,DUFFERIN STATION,MUIS,0,0,,BD,0
6/14/2021,09:31,Monday,KIPLING STATION,MUIS,0,0,,BD,0
6/14/2021,09:51,Monday,DAVISVILLE STATION,PUSTC,3,6,N,YU,5961
6/14/2021,10:59,Monday,FINCH STATION,SUAP,0,0,,YU,0
6/14/2021,12:08,Monday,FINCH STATION,MUO,6,9,S,YU,5446
6/14/2021,12:19,Monday,DUNDAS STATION,SUDP,0,0,S,YU,6001
6/14/2021,13:27,Monday,FINCH STATION,SUDP,4,7,S,YU,5071
6/14/2021,15:22,Monday,ST CLAIR WEST STATION,PUMEL,0,0,,YU,0
6/14/2021,15:28,Monday,DAVISVILLE STATION,PUSTC,0,0,N,YU,5796
6/14/2021,15:37,Monday,CHESTER STATION,MUI,0,0,E,BD,5062
6/14/2021,16:24,Monday,COLLEGE STATION,SUAP,23,26,S,YU,5881
6/14/2021,17:22,Monday,BLOOR STATION,MUIRS,0,0,,YU,0
6/14/2021,17:58,Monday,OSGOODE STATION,MUDD,3,6,N,YU,5431
6/14/2021,18:36,Monday,SPADINA BD STATION,SUDP,4,8,W,BD,5278
6/14/2021,18:54,Monday,COLLEGE STATION,MUPAA,3,6,S,YU,6016
6/14/2021,19:24,Monday,SPADINA BD STATION,PUMEL,0,0,,BD,0
6/14/2021,20:43,Monday,YORKDALE STATION,SUEAS,9,14,S,YU,5456
6/14/2021,20:52,Monday,VAUGHAN MC STATION,MUIS,0,0,,YU,0
6/14/2021,20:53,Monday,LAWRENCE WEST STATION,SUDP,6,11,N,YU,5626
6/14/2021,20:59,Monday,YORKDALE STATION,SUDP,7,12,N,YU,5626
6/14/2021,21:10,Monday,WARDEN STATION,SUPOL,0,0,,BD,0
6/14/2021,21:21,Monday,YONGE BD STATION,MUIS,0,0,,BD,0
6/14/2021,21:53,Monday,FINCH STATION,MUI,7,14,N,YU,5451
6/14/2021,22:00,Monday,YONGE-UNIVERSITY AND B,MUO,0,0,,YU/BD,0
6/14/2021,22:35,Monday,YORKDALE STATION,MUIS,0,0,N,YU,0
6/14/2021,22:43,Monday,YONGE BD STATION,MUIS,0,0,,,0
6/14/2021,22:53,Monday,GREENWOOD YARD,PUTOE,0,0,E,BD,28
6/14/2021,23:00,Monday,BLOOR DANFORTH SUBWAY,MUO,0,0,,BD,0
6/14/2021,23:03,Monday,DUNDAS STATION,MUIS,0,0,,YU,0
6/14/2021,23:11,Monday,MAIN STREET STATION,SUAE,0,0,,BD,0
6/14/2021,23:21,Monday,QUEEN'S PARK STATION,MUIRS,0,0,N,YU,5626
6/14/2021,23:33,Monday,KING STATION,PUMEL,0,0,,YU,0
6/14/2021,23:53,Monday,SHEPPARD WEST STATION,MUTO,7,14,N,YU,6026
6/14/2021,02:03,Monday,BAYVIEW STATION,MUPAA,0,0,W,SHP,6186
6/14/2021,12:20,Monday,SHEPPARD-YONGE STATION,TUSC,0,0,W,SHP,6186
6/15/2021,02:10,Tuesday,FINCH WEST STATION,SUDP,0,0,S,YU,5536
6/15/2021,07:05,Tuesday,LAWRENCE EAST STATION,ERDO,4,10,S,SRT,3020
6/15/2021,05:32,Tuesday,HIGHWAY 407 STATION,MUIE,0,0,,YU,0
6/15/2021,07:38,Tuesday,KENNEDY SRT STATION,ERCD,5,11,N,SRT,3013
6/15/2021,18:43,Tuesday,MCCOWAN STATION,ERPR,5,10,S,SRT,3017
6/15/2021,05:41,Tuesday,YORK MILLS STATION,TUMVS,8,12,N,YU,5391
6/15/2021,20:18,Tuesday,MCCOWAN STATION,MRO,5,10,S,SRT,3022
6/15/2021,06:28,Tuesday,ROSEDALE STATION,MUATC,4,7,S,YU,5996
6/15/2021,20:21,Tuesday,LAWRENCE EAST STATION,MRUI,0,0,S,SRT,0
6/15/2021,07:01,Tuesday,SUMMERHILL STATION,TUOS,3,6,S,YU,5666
6/15/2021,07:15,Tuesday,SUBWAY OPERATIONS BUIL,PUMEL,0,0,,,0
6/15/2021,09:52,Tuesday,ROYAL YORK STATION,PUMST,0,0,,BD,0
6/15/2021,11:37,Tuesday,VICTORIA PARK STATION,SUDP,0,0,W,BD,5040
6/15/2021,12:42,Tuesday,LAWRENCE STATION,MUSC,0,0,N,YU,5511
6/15/2021,13:18,Tuesday,BAY STATION,SUAE,0,0,W,BD,5106
6/15/2021,13:34,Tuesday,QUEEN STATION,SUO,0,0,,YU,0
6/15/2021,13:58,Tuesday,WELLESLEY STATION,SUDP,8,11,S,YU,5451
6/15/2021,14:00,Tuesday,BLOOR STATION,SUDP,7,10,S,YU,6071
6/15/2021,14:35,Tuesday,BATHURST STATION,PUMEL,0,0,,BD,0
6/15/2021,15:29,Tuesday,EGLINTON WEST STATION,MUIR,30,33,N,YU,5896
6/15/2021,15:51,Tuesday,DUNDAS WEST STATION,PUMEL,0,0,,BD,0
6/15/2021,15:52,Tuesday,CHRISTIE STATION,EUBO,3,7,E,BD,5168
6/15/2021,17:41,Tuesday,VAUGHAN MC STATION,PUSI,3,6,S,YU,5456
6/15/2021,17:47,Tuesday,ST CLAIR STATION,SUDP,7,10,S,YU,5951
6/15/2021,17:56,Tuesday,DAVISVILLE STATION,MUPAA,0,0,N,YU,5536
6/15/2021,18:15,Tuesday,DUNDAS STATION,SUO,0,0,N,YU,5805
6/15/2021,18:51,Tuesday,COXWELL STATION,SUAP,0,0,,BD,0
6/15/2021,20:11,Tuesday,CHESTER STATION,MUSAN,4,8,W,BD,5203
6/15/2021,20:18,Tuesday,SHERBOURNE STATION,MUPAA,4,11,E,BD,5312
6/15/2021,20:51,Tuesday,SHERBOURNE STATION,SUUT,11,18,W,BD,5129
6/15/2021,21:35,Tuesday,GREENWOOD STATION,MUIS,0,0,,BD,0
6/15/2021,22:00,Tuesday,YONGE-UNIVERSITY AND B,MUO,0,0,,YU/BD,0
6/15/2021,23:00,Tuesday,BLOOR DANFORTH SUBWAY,MUO,0,0,,BD,0
6/15/2021,23:13,Tuesday,ISLINGTON STATION,SUAE,10,18,E,BD,5152
6/15/2021,23:18,Tuesday,KEELE STATION,TUKEY,6,14,E,BD,5312
6/15/2021,23:59,Tuesday,BATHURST STATION,SUAP,0,0,W,BD,0
6/15/2021,00:00,Tuesday,VAUGHAN MC STATION,MUO,0,0,,YU,0
6/15/2021,00:04,Tuesday,ROYAL YORK STATION,SUDP,4,12,E,BD,5141
6/15/2021,03:57,Tuesday,SHEPPARD-YONGE STATION,SUUT,0,0,,SHP,0
6/15/2021,05:31,Tuesday,DON MILLS STATION,SUUT,9,0,W,SHP,6141
6/15/2021,08:03,Tuesday,SHEPPARD-YONGE STATION,TUSC,0,0,E,SHP,6191
6/15/2021,19:45,Tuesday,BAYVIEW STATION,PUSWZ,5,10,E,SHP,6191
6/16/2021,03:13,Wednesday,COLLEGE STATION,SUUT,0,0,N,YU,0
6/16/2021,04:54,Wednesday,ST ANDREW STATION,PUSAC,0,0,N,YU,5696
6/16/2021,05:50,Wednesday,MUSEUM STATION,MUATC,0,0,S,YU,5536
6/16/2021,05:53,Wednesday,HIGH PARK STATION,EUBK,3,9,E,BD,5152
6/16/2021,06:13,Wednesday,GREENWOOD STATION,MUSC,3,6,E,BD,5011
6/16/2021,06:25,Wednesday,FINCH STATION,TUSC,4,7,S,YU,5556
6/16/2021,06:44,Wednesday,UNION STATION (TO KING,MUATC,8,0,N,YU,5536
6/16/2021,07:01,Wednesday,YONGE BD STATION,MUPAA,0,0,W,BD,5065
6/16/2021,07:05,Wednesday,SHERBOURNE STATION,MUPAA,0,0,E,BD,5307
6/16/2021,08:08,Wednesday,DOWNSVIEW PARK STATION,MUIS,0,0,,YU,0
6/16/2021,09:18,Wednesday,BLOOR STATION,MUO,0,0,,YU,0
6/16/2021,09:30,Wednesday,SPADINA BD STATION,MUPAA,0,0,E,BD,5266
6/16/2021,09:46,Wednesday,KENNEDY BD STATION,EUBO,4,8,W,BD,5274
6/16/2021,10:18,Wednesday,KEELE STATION,MUSC,0,0,E,BD,5276
6/16/2021,11:55,Wednesday,SHERBOURNE STATION,MUIR,6,10,E,BD,5253
6/16/2021,12:15,Wednesday,JANE STATION,MUPAA,0,0,W,BD,5027
6/16/2021,13:04,Wednesday,EGLINTON STATION,SUO,0,0,N,YU,6076
6/16/2021,15:56,Wednesday,WELLESLEY STATION,SUO,0,0,,YU,0
6/16/2021,16:22,Wednesday,EGLINTON STATION,SUDP,0,0,S,YU,5651
6/16/2021,16:37,Wednesday,EGLINTON STATION,MUTO,3,6,S,YU,5571
6/16/2021,17:08,Wednesday,KEELE STATION,MUSC,0,0,W,BD,5152
6/16/2021,17:20,Wednesday,ROYAL YORK STATION,EUSC,0,0,E,BD,5332
6/16/2021,19:08,Wednesday,QUEEN'S PARK STATION,MUSAN,3,6,S,YU,5636
6/16/2021,19:30,Wednesday,LAWRENCE WEST STATION,MUATC,4,9,S,YU,6066
6/16/2021,19:55,Wednesday,YORK MILLS STATION,TUSC,0,0,S,YU,5631
6/16/2021,20:05,Wednesday,BATHURST STATION,SUO,0,0,W,BD,5194
6/16/2021,20:31,Wednesday,ST CLAIR STATION,SUUT,0,0,S,YU,6031
6/16/2021,20:40,Wednesday,KEELE STATION,MUIS,0,0,,BD,0
6/16/2021,21:07,Wednesday,PAPE STATION,MUIS,0,0,,BD,0
6/16/2021,21:48,Wednesday,DUNDAS WEST STATION,PUMEL,0,0,,BD,0
6/16/2021,21:48,Wednesday,ST CLAIR STATION,MUIS,0,0,N,YU,5431
6/16/2021,22:00,Wednesday,YONGE-UNIVERSITY AND B,MUO,0,0,,YU/BD,0
6/16/2021,22:30,Wednesday,ROYAL YORK STATION,PUSI,0,0,E,BD,5332
6/16/2021,22:41,Wednesday,KEELE STATION,PUTD,5,13,E,BD,5332
6/16/2021,23:23,Wednesday,COXWELL STATION,TUNIP,4,12,W,BD,5194
6/16/2021,20:07,Wednesday,LESLIE STATION,MUO,0,0,,SHP,0
6/16/2021,23:00,Wednesday,DON MILLS STATION,SUO,0,0,,SHP,0
6/17/2021,11:47,Thursday,KENNEDY SRT STATION,TRO,6,12,N,SRT,3001
6/17/2021,05:42,Thursday,UNION STATION,SUDP,0,0,,YU,0
6/17/2021,18:09,Thursday,SCARBOROUGH CTR STATIO,SRAE,0,0,N,SRT,3021
6/17/2021,06:00,Thursday,TORONTO TRANSIT COMMIS,MUO,0,0,,YU,0
6/17/2021,07:13,Thursday,YONGE BD STATION,SUDP,0,0,W,BD,5307
6/17/2021,07:18,Thursday,SHERBOURNE STATION,SUDP,3,7,E,BD,5203
6/17/2021,07:41,Thursday,ST PATRICK STATION,SUAP,0,0,,YU,0
6/17/2021,08:08,Thursday,GREENWOOD STATION,MUSAN,4,8,E,BD,5074
6/17/2021,11:17,Thursday,KIPLING STATION,PUTDN,3,7,W,BD,5200
6/17/2021,12:04,Thursday,VAUGHAN MC STATION,MUTO,3,6,S,YU,5931
6/17/2021,12:49,Thursday,GREENWOOD SHOP,MUODC,0,0,,BD,0
6/17/2021,14:10,Thursday,BATHURST STATION,MUIS,0,0,,BD,0
6/17/2021,14:24,Thursday,FINCH STATION,MUIRS,0,0,,YU,0
6/17/2021,14:38,Thursday,LAWRENCE STATION,MUSC,0,0,N,YU,5986
6/17/2021,14:40,Thursday,JANE STATION,MUSC,0,0,W,BD,5096
6/17/2021,15:23,Thursday,DAVISVILLE STATION,PUSTC,0,0,N,YU,5386
6/17/2021,16:01,Thursday,FINCH WEST STATION,SUDP,4,7,N,YU,5891
6/17/2021,16:19,Thursday,LAWRENCE WEST STATION,SUUT,8,11,N,YU,5616
6/17/2021,16:36,Thursday,VAUGHAN MC STATION,TUNOA,3,6,S,YU,5656
6/17/2021,17:03,Thursday,DUNDAS WEST STATION,MUIRS,0,0,,BD,0
6/17/2021,17:11,Thursday,ST CLAIR STATION,MUTO,3,6,N,YU,5541
6/17/2021,17:22,Thursday,ROSEDALE STATION,MUATC,4,7,S,YU,5566
6/17/2021,17:23,Thursday,WILSON STATION,MUIS,0,0,,YU,0
6/17/2021,17:25,Thursday,ST CLAIR WEST STATION,SUDP,7,10,S,YU,5901
6/17/2021,17:57,Thursday,ISLINGTON STATION,MUNCA,0,0,,BD,0
6/17/2021,18:11,Thursday,DAVISVILLE STATION,PUSTC,0,0,N,YU,5891
6/17/2021,18:39,Thursday,OSGOODE STATION,MUPAA,3,8,S,YU,5721
6/17/2021,18:52,Thursday,DUPONT STATION,MUO,0,0,S,YU,5961
6/17/2021,18:53,Thursday,VAUGHAN MC STATION,MUIS,0,0,,YU,0
6/17/2021,19:14,Thursday,YONGE BD STATION,MUPAA,3,7,W,BD,5200
6/17/2021,19:26,Thursday,QUEEN STATION,SUDP,3,8,S,YU,5886
6/17/2021,19:55,Thursday,YORKDALE STATION,SUDP,3,8,N,YU,5886
6/17/2021,20:52,Thursday,PIONEER VILLAGE STATIO,SUAP,0,0,S,YU,5566
6/17/2021,21:20,Thursday,BLOOR STATION,MUPAA,0,0,S,YU,5821
6/17/2021,21:31,Thursday,MUSEUM STATION,MUPAA,0,0,S,YU,5586
6/17/2021,21:33,Thursday,QUEEN STATION,MUPAA,0,0,S,YU,5896
6/17/2021,21:49,Thursday,WOODBINE STATION,SUAP,4,12,W,BD,5034
6/17/2021,21:59,Thursday,FINCH STATION,MUIR,0,0,S,YU,5951
6/17/2021,22:00,Thursday,YONGE-UNIVERSITY AND B,MUO,0,0,,YU/BD,0
6/17/2021,22:11,Thursday,FINCH STATION,MUPAA,0,0,N,YU,5586
6/17/2021,23:00,Thursday,BLOOR DANFORTH SUBWAY,MUO,0,0,,BD,0
6/17/2021,23:03,Thursday,CHESTER STATION,SUSA,0,0,,BD,0
6/17/2021,23:45,Thursday,EGLINTON STATION,SUUT,7,14,N,YU,5381
6/17/2021,23:46,Thursday,COXWELL STATION,MUIS,0,0,,BD,0
6/17/2021,00:36,Thursday,ST ANDREW STATION,MUPAA,3,10,S,YU,5871
6/17/2021,01:04,Thursday,WILSON STATION,SUUT,62,69,N,YU,5496
6/17/2021,01:24,Thursday,KIPLING STATION,TUO,9,18,E,BD,5250
6/17/2021,01:38,Thursday,SHEPPARD STATION,MUPAA,3,10,N,YU,5901
6/17/2021,01:48,Thursday,OLD MILL STATION,SUUT,18,27,W,BD,5200
6/17/2021,01:50,Thursday,SHERBOURNE STATION,SUUT,0,0,W,BD,5134
6/17/2021,16:03,Thursday,LESLIE STATION,TUMVS,10,15,E,SHP,6146
6/18/2021,05:45,Friday,EGLINTON STATION,PUSTS,0,0,S,YU,5831
6/18/2021,05:54,Friday,KENNEDY BD STATION,MUIS,0,0,,BD,0
6/18/2021,06:15,Friday,GREENWOOD STATION,EUYRD,5,9,E,BD,5172
6/18/2021,06:18,Friday,DONLANDS STATION,EUYRD,0,0,W,BD,5114
6/18/2021,06:19,Friday,YONGE BD STATION,MUPAA,0,0,W,BD,5033
6/18/2021,06:44,Friday,KEELE STATION,MUSC,0,0,W,BD,5133
6/18/2021,07:32,Friday,WARDEN STATION,MUO,0,0,,BD,0
6/18/2021,07:46,Friday,FINCH STATION,EUDO,3,6,S,YU,5571
6/18/2021,08:04,Friday,SUMMERHILL STATION,TUOS,0,0,N,YU,5981
6/18/2021,08:19,Friday,EGLINTON STATION,TUMVS,0,0,S,YU,5831
6/18/2021,08:26,Friday,DAVISVILLE STATION,PUTR,0,0,,YU,5841
6/18/2021,09:05,Friday,DUNDAS STATION,MUIS,0,0,,YU,0
6/18/2021,09:16,Friday,FINCH STATION,MUTO,3,6,S,YU,5921
6/18/2021,09:51,Friday,ST GEORGE BD STATION,SUDP,0,0,W,BD,5114
6/18/2021,10:20,Friday,BROADVIEW STATION,MUTD,0,0,W,BD,5191
6/18/2021,10:29,Friday,YORK MILLS STATION,TUSC,0,0,N,YU,5836
6/18/2021,10:43,Friday,SHERBOURNE STATION,MUPAA,0,0,E,BD,5307
6/18/2021,10:44,Friday,OLD MILL STATION,MUTD,0,0,W,BD,5191
6/18/2021,10:47,Friday,MAIN STREET STATION,MUDD,3,7,W,BD,5022
6/18/2021,10:50,Friday,ISLINGTON STATION,PUSNT,0,0,W,BD,5191
6/18/2021,10:56,Friday,ST CLAIR STATION,EUSC,0,0,S,YU,5951
6/18/2021,12:06,Friday,DUNDAS STATION,SUO,0,0,S,YU,0
6/18/2021,12:24,Friday,DONLANDS STATION,MUIRS,0,0,,BD,0
6/18/2021,12:37,Friday,BATHURST STATION,SUO,18,22,E,BD,5096
6/18/2021,12:57,Friday,KENNEDY BD STATION,EUNT,4,8,,BD,5111
6/18/2021,13:25,Friday,WILSON STATION,MUNOA,3,6,S,YU,6186
6/18/2021,13:30,Friday,BATHURST STATION,MUPAA,3,7,W,BD,5111
6/18/2021,13:56,Friday,DUPONT STATION,PUMEL,0,0,,YU,0
6/18/2021,14:25,Friday,BATHURST STATION,SUDP,0,0,,BD,0
6/18/2021,14:43,Friday,YORK MILLS STATION,TUSC,0,0,S,YU,5891
6/18/2021,15:04,Friday,CHRISTIE STATION,SUDP,4,8,E,BD,5101
6/18/2021,15:07,Friday,SPADINA YUS STATION,TUS,3,6,S,YU,5681
6/18/2021,15:27,Friday,RUNNYMEDE STATION,MUI,9,13,E,BD,5177
6/18/2021,15:55,Friday,BATHURST STATION,MUSC,0,0,E,BD,5123
6/18/2021,16:22,Friday,KENNEDY BD STATION,SUAP,0,0,E,BD,5217
6/18/2021,16:35,Friday,SHEPPARD WEST STATION,SUAE,0,0,N,YU,5726
6/18/2021,16:42,Friday,KING STATION,MUPAA,0,0,N,YU,5596
6/18/2021,16:56,Friday,KENNEDY BD STATION,MUIR,3,7,W,BD,5223
6/18/2021,17:01,Friday,ROYAL YORK STATION,SUEAS,21,25,W,BD,5177
6/18/2021,17:50,Friday,SHERBOURNE STATION,MUPAA,0,0,E,BD,5096
6/18/2021,17:57,Friday,CHESTER STATION,MUSC,0,0,E,BD,5123
6/18/2021,19:20,Friday,KENNEDY BD STATION,SUAP,21,28,W,BD,5033
6/18/2021,20:09,Friday,ST CLAIR STATION,MUPAA,3,8,N,YU,5436
6/18/2021,20:50,Friday,SHERBOURNE STATION,SUUT,10,17,E,BD,5134
6/18/2021,21:53,Friday,UNION STATION,MUPAA,0,0,N,YU,6051
6/18/2021,22:00,Friday,YONGE-UNIVERSITY AND B,MUO,0,0,,YU / BD,0
6/18/2021,22:07,Friday,WELLESLEY STATION,MUPAA,0,0,N,YU,5621
6/18/2021,23:00,Friday,YONGE- UNIVERSITY SUBW,MUO,0,0,,YU,0
6/18/2021,23:17,Friday,FINCH STATION,TUO,6,13,S,YU,5431
6/18/2021,23:20,Friday,LAWRENCE STATION,TUSC,5,12,S,YU,5726
6/18/2021,23:37,Friday,VICTORIA PARK STATION,MUIS,0,0,E,BD,0
6/18/2021,23:42,Friday,YONGE BD STATION,MUPLB,12,19,W,BD,5200
6/18/2021,23:50,Friday,PIONEER VILLAGE STATIO,TUO,0,0,N,YU,5626
6/18/2021,01:35,Friday,DUNDAS WEST STATION,MUIS,0,0,,BD,0
6/19/2021,10:12,Saturday,SCARBOROUGH RAPID TRAN,MRWEA,0,0,,SRT,0
6/19/2021,02:19,Saturday,WARDEN STATION,PUMST,0,0,,BD,0
6/19/2021,17:58,Saturday,SCARBOROUGH CTR STATIO,MRPAA,0,0,N,SRT,3017
6/19/2021,06:00,Saturday,YONGE UNIVERSITY SUBWA,MUO,0,0,,YU,0
6/19/2021,06:50,Saturday,VAUGHAN MC STATION,TUNIP,6,12,S,YU,5521
6/19/2021,07:37,Saturday,ST CLAIR STATION,MUIRS,0,0,S,YU,5591
6/19/2021,11:32,Saturday,WOODBINE STATION,SUAP,24,28,W,BD,5286
6/19/2021,11:35,Saturday,RUNNYMEDE STATION,MUIRS,0,0,,BD,0
6/19/2021,11:41,Saturday,WOODBINE STATION,SUDP,18,22,E,BD,5171
6/19/2021,12:42,Saturday,KENNEDY STATION,EUCA,4,8,E,BD,5143
6/19/2021,13:25,Saturday,SHERBOURNE STATION,PUMEL,0,0,W,BD,0
6/19/2021,14:24,Saturday,DUNDAS WEST STATION,SUDP,4,8,E,BD,5035
6/19/2021,16:28,Saturday,OLD MILL STATION,SUDP,0,0,E,BD,5074
6/19/2021,16:35,Saturday,KIPLING STATION,SUROB,0,0,,BD,0
6/19/2021,16:41,Saturday,BLOOR STATION,EUBO,4,9,S,YU,5616
6/19/2021,17:00,Saturday,ST CLAIR STATION,MUPAA,3,8,N,YU,5606
6/19/2021,17:26,Saturday,CHRISTIE STATION,SUO,0,0,E,BD,5105
6/19/2021,17:58,Saturday,DUNDAS STATION,MUNCA,0,0,E,YU,0
6/19/2021,18:10,Saturday,KIPLING STATION,SUROB,0,0,E,BD,0
6/19/2021,18:58,Saturday,OSGOODE STATION,MUI,3,8,N,YU,5666
6/19/2021,19:34,Saturday,UNION STATION,SUO,8,15,S,YU,5471
6/19/2021,20:52,Saturday,KEELE STATION,PUSTS,0,0,E,BD,5247
6/19/2021,21:07,Saturday,DUNDAS WEST STATION,MUIS,0,0,,BD,0
6/19/2021,21:11,Saturday,KEELE STATION,PUSTS,3,9,E,BD,5013
6/19/2021,21:41,Saturday,WELLESLEY STATION,MUATC,3,10,N,YU,5481
6/19/2021,22:00,Saturday,YONGE-UNIVERSITY AND B,MUO,0,0,,YU/BD,0
6/19/2021,22:24,Saturday,KING STATION,MUIS,0,0,,YU,0
6/19/2021,23:07,Saturday,ST CLAIR STATION,PUMEL,0,0,,YU,0
6/19/2021,21:45,Saturday,BAYVIEW STATION,MUO,7,12,W,SHP,6141
6/19/2021,22:19,Saturday,DON MILLS STATION,MUO,7,12,W,SHP,6196
6/20/2021,15:00,Sunday,SCARBOROUGH RAPID TRAN,MRWEA,0,0,,SRT,0
6/20/2021,02:34,Sunday,SPADINA BD STATION,SUDP,0,0,,BD,0
6/20/2021,06:30,Sunday,UNION STATION,SUAE,0,0,,YU,0
6/20/2021,08:00,Sunday,YONGE UNIVERSITY SUBWA,MUO,0,0,,YU,0
6/20/2021,08:03,Sunday,WARDEN STATION,PUSTP,3,0,W,BD,5014
6/20/2021,08:07,Sunday,DONLANDS STATION,MUCL,3,0,W,BD,5085
6/20/2021,08:20,Sunday,GREENWOOD STATION,MUNOA,3,8,E,BD,5148
6/20/2021,08:34,Sunday,FINCH WEST STATION,SUDP,0,0,,YU,0
6/20/2021,08:44,Sunday,OSSINGTON STATION,SUO,0,0,W,BD,5065
6/20/2021,08:51,Sunday,KIPLING STATION,SUDP,0,0,,BD,0
6/20/2021,09:01,Sunday,YONGE BD STATION,MUO,3,8,E,BD,5217
6/20/2021,09:19,Sunday,KENNEDY BD STATION,EUBO,5,10,W,BD,5366
6/20/2021,10:13,Sunday,DUNDAS STATION,MUPAA,0,0,S,YU,6046
6/20/2021,10:26,Sunday,KIPLING STATION,MUIS,0,0,E,BD,5357
6/20/2021,11:00,Sunday,ST GEORGE YUS STATION,SUDP,7,13,N,YU,5686
6/20/2021,11:43,Sunday,SPADINA YUS STATION,PUTDN,4,10,S,YU,5491
6/20/2021,13:55,Sunday,BLOOR STATION,SUDP,5,10,S,YU,5856
6/20/2021,14:38,Sunday,VAUGHAN MC STATION,TUNIP,5,10,S,YU,5696
6/20/2021,14:41,Sunday,BLOOR STATION,TUNIP,4,9,N,YU,5681
6/20/2021,15:40,Sunday,WARDEN STATION,MUIRS,0,0,,BD,0
6/20/2021,16:47,Sunday,QUEEN'S PARK STATION,MUIS,0,0,,YU,0
6/20/2021,16:57,Sunday,BLOOR STATION,MUPAA,0,0,N,YU,5521
6/20/2021,17:04,Sunday,SHERBOURNE STATION,MUPAA,3,8,E,BD,5148
6/20/2021,17:10,Sunday,ST CLAIR WEST STATION,MUNCA,0,0,,YU,0
6/20/2021,17:14,Sunday,QUEEN STATION,MUNCA,0,0,,YU,0
6/20/2021,17:47,Sunday,ST CLAIR STATION,MUPAA,3,8,N,YU,5861
6/20/2021,17:48,Sunday,KENNEDY BD STATION,SUAE,0,0,W,BD,5159
6/20/2021,18:07,Sunday,MAIN STREET STATION,MUDD,0,0,W,BD,5062
6/20/2021,18:18,Sunday,DUNDAS STATION,SUDP,0,0,N,YU,0
6/20/2021,18:35,Sunday,KIPLING STATION,SUO,5,10,W,BD,5159
6/20/2021,18:39,Sunday,VAUGHAN MC STATION,EUDO,3,9,S,YU,5571
6/20/2021,19:18,Sunday,WILSON STATION,MUATC,3,9,S,YU,5571
6/20/2021,19:37,Sunday,KIPLING STATION,SUDP,0,0,,BD,0
6/20/2021,20:58,Sunday,COXWELL STATION,TUO,0,0,W,BD,5296
6/20/2021,21:13,Sunday,DUNDAS STATION,MUIS,0,0,N,YU,0
6/20/2021,22:00,Sunday,YONGE-UNIVERSITY AND B,MUO,0,0,,YU/BD,0
6/20/2021,01:17,Sunday,SUMMERHILL STATION,SUO,0,0,S,YU,5701
6/21/2021,13:36,Monday,SCARBOROUGH RAPID TRAN,MRWEA,0,0,,SRT,0
6/21/2021,02:10,Monday,WILSON STATION,MUATC,5,12,N,YU,5686
6/21/2021,15:05,Monday,MCCOWAN STATION,PRSA,5,10,S,SRT,3010
6/21/2021,06:48,Monday,SHERBOURNE STATION,MUPAA,4,9,E,BD,5219
6/21/2021,20:47,Monday,LAWRENCE EAST STATION,MRUIR,0,0,,SRT,0
6/21/2021,07:51,Monday,OSSINGTON STATION,MUIS,0,0,,BD,0
6/21/2021,08:06,Monday,HIGH PARK STATION,TUS,3,7,W,BD,5105
6/21/2021,08:22,Monday,ISLINGTON STATION,TUKEY,9,13,E,BD,5109
6/21/2021,08:42,Monday,DAVISVILLE STATION,SUDP,0,0,N,YU,6006
6/21/2021,09:37,Monday,YORK MILLS STATION,MUSC,0,0,N,YU,5676
6/21/2021,10:22,Monday,WARDEN STATION,TUS,3,7,W,BD,5238
6/21/2021,10:28,Monday,YORKDALE STATION,MUIS,0,0,S,YU,6071
6/21/2021,11:04,Monday,LAWRENCE STATION,MUPAA,0,0,N,YU,5961
6/21/2021,11:10,Monday,VAUGHAN MC STATION,MUNOA,3,6,S,YU,5971
6/21/2021,11:12,Monday,ISLINGTON STATION,MUTD,0,0,W,BD,5307
6/21/2021,11:37,Monday,CASTLE FRANK STATION,MUPR1,109,113,E,BD,5004
6/21/2021,11:39,Monday,ISLINGTON STATION,TUKEY,4,8,E,BD,5091
6/21/2021,11:46,Monday,BROADVIEW STATION,SUDP,0,0,E,BD,5027
6/21/2021,12:44,Monday,GLENCAIRN STATION,MUDD,3,6,S,YU,6021
6/21/2021,14:18,Monday,NORTH YORK CTR STATION,TUOS,3,6,S,YU,5691
6/21/2021,14:46,Monday,JANE STATION,SUPOL,0,0,W,BD,5116
6/21/2021,14:55,Monday,ST GEORGE YUS STATION,MUPAA,0,0,N,YU,5691
6/21/2021,14:59,Monday,YONGE BD STATION,SUDP,4,8,E,BD,5142
6/21/2021,15:08,Monday,SUMMERHILL STATION,MUPAA,0,0,N,YU,5436
6/21/2021,15:19,Monday,RUNNYMEDE STATION,SUPOL,0,0,E,BD,5107
6/21/2021,15:42,Monday,CASTLE FRANK STATION,MUPLB,5,9,W,BD,5082
6/21/2021,15:45,Monday,DUNDAS STATION,MUPAA,3,6,N,YU,5656
6/21/2021,16:46,Monday,OSSINGTON STATION,PUMEL,0,0,,BD,0
6/21/2021,16:50,Monday,CHESTER STATION,TUMVS,3,7,W,BD,5190
6/21/2021,16:54,Monday,EGLINTON STATION,TUMVS,0,0,N,YU,5876
6/21/2021,17:49,Monday,ROSEDALE STATION,MUSC,0,0,N,YU,5831
6/21/2021,19:28,Monday,DAVISVILLE STATION,SUUT,6,11,S,YU,5726
6/21/2021,20:22,Monday,VICTORIA PARK STATION,SUO,0,0,,BD,0
6/21/2021,20:39,Monday,FINCH STATION,MUSAN,5,10,S,YU,5511
6/21/2021,22:00,Monday,YONGE-UNIVERSITY AND B,MUO,0,0,,YU/BD,0
6/21/2021,22:18,Monday,QUEEN STATION,SUSA,0,0,S,YU,5725
6/21/2021,22:38,Monday,DUNDAS STATION,MUD,5,12,S,YU,6016
6/21/2021,22:47,Monday,ST ANDREW STATION,SUAP,18,25,N,YU,6016
6/21/2021,23:32,Monday,ROSEDALE STATION,SUDP,8,15,S,YU,5851
6/21/2021,23:59,Monday,SHEPPARD STATION,SUAE,5,12,S,YU,5581
6/21/2021,00:00,Monday,VAUGHAN MC STATION,MUO,0,0,,YU,0
6/21/2021,00:00,Monday,BLOOR TO SHEPPARD STAT,MUO,0,0,,YU,0
6/21/2021,00:51,Monday,WELLESLEY STATION,SUAE,10,17,N,YU,5486
6/21/2021,01:43,Monday,PIONEER VILLAGE STATIO,MUPAA,0,0,S,YU,6011
6/22/2021,02:53,Tuesday,DOWNSVIEW PARK STATION,PUMO,0,0,,YU,0
6/22/2021,06:00,Tuesday,TORONTO TRANSIT COMMIS,MRO,0,0,,SRT,0
6/22/2021,05:55,Tuesday,FINCH STATION,PUTDN,6,10,N,YU,6071
6/22/2021,06:00,Tuesday,TORONTO TRANSIT COMMIS,MRO,0,0,,SRT,0
6/22/2021,06:00,Tuesday,TORONTO TRANSIT COMMIS,MUO,0,0,,YU/BD,0
6/22/2021,06:00,Tuesday,TORONTO TRANSIT COMMIS,MUO,0,0,,YU/BD,0
6/22/2021,06:07,Tuesday,WELLESLEY STATION,PUTNT,3,7,N,YU,5716
6/22/2021,06:11,Tuesday,WELLESLEY STATION,PUTNT,3,7,N,YU,5441
6/22/2021,07:24,Tuesday,FINCH STATION,MUSC,3,6,S,YU,5976
6/22/2021,07:32,Tuesday,ROSEDALE STATION,MUSC,0,0,N,YU,5521
6/22/2021,08:31,Tuesday,MUSEUM STATION,MUPAA,3,6,N,YU,5526
6/22/2021,09:10,Tuesday,UNION STATION,MUIRS,0,0,,YU,0
6/22/2021,09:32,Tuesday,VAUGHAN MC STATION,MUCL,3,6,S,YU,5401
6/22/2021,11:03,Tuesday,COXWELL STATION,SUDP,3,7,E,BD,5111
6/22/2021,11:30,Tuesday,FINCH STATION,MUI,3,6,S,YU,5691
6/22/2021,12:15,Tuesday,OLD MILL STATION,TUMVS,0,0,W,BD,5247
6/22/2021,13:51,Tuesday,JANE STATION,TUMVS,3,7,W,BD,5221
6/22/2021,14:16,Tuesday,BLOOR STATION,MUPAA,0,0,S,YU,6071
6/22/2021,14:20,Tuesday,FINCH STATION,MUIS,0,0,,YU,0
6/22/2021,14:26,Tuesday,ST CLAIR WEST STATION,MUIR,9,12,S,YU,5941
6/22/2021,14:46,Tuesday,FINCH STATION,TUNIP,5,8,S,YU,5611
6/22/2021,16:06,Tuesday,SHERBOURNE STATION,MUPAA,0,0,E,BD,5105
6/22/2021,16:31,Tuesday,ROSEDALE STATION,MUSC,0,0,N,YU,5466
6/22/2021,16:40,Tuesday,ST CLAIR STATION,PUMEL,0,0,,YU,0
6/22/2021,17:02,Tuesday,GLENCAIRN STATION,EUDO,4,7,N,YU,5581
6/22/2021,17:40,Tuesday,DUNDAS STATION,MUIS,0,0,S,YU,0
6/22/2021,18:25,Tuesday,SHERBOURNE STATION,PUMEL,0,0,,BD,0
6/22/2021,19:03,Tuesday,BLOOR STATION,MUIS,0,0,,YU,0
6/22/2021,20:34,Tuesday,EGLINTON WEST STATION,MUIRS,0,0,N,YU,5596
6/22/2021,21:04,Tuesday,LAWRENCE STATION,TUS,5,9,N,YU,5891
6/22/2021,21:51,Tuesday,SUMMERHILL STATION,MUIS,0,0,S,YU,0
6/22/2021,22:00,Tuesday,YONGE-UNIVERSITY AND B,MUO,0,0,,YU/BD,0
6/22/2021,22:09,Tuesday,FINCH STATION,MUSC,0,0,S,YU,5461
6/22/2021,22:34,Tuesday,EGLINTON WEST STATION,MUIS,0,0,S,YU,0
6/22/2021,22:59,Tuesday,ISLINGTON STATION,TUSC,0,0,W,BD,5186
6/22/2021,00:23,Tuesday,NORTH YORK CTR STATION,TUO,5,12,S,YU,5476
6/22/2021,00:51,Tuesday,SHEPPARD STATION,TUSC,0,0,N,YU,5476
6/22/2021,01:12,Tuesday,SHEPPARD STATION,TUSC,0,0,N,YU,5621
6/22/2021,01:55,Tuesday,KENNEDY BD STATION,MUIS,0,0,,BD,0
6/22/2021,06:00,Tuesday,TORONTO TRANSIT COMMIS,MUO,0,0,,SHP,0
6/22/2021,06:00,Tuesday,TORONTO TRANSIT COMMIS,MUO,0,0,,SHP,0
6/22/2021,19:17,Tuesday,DON MILLS STATION,MUPAA,0,0,W,SHP,6176
6/22/2021,22:57,Tuesday,BAYVIEW STATION,TUMVS,0,0,W,SHP,6161
6/23/2021,15:08,Wednesday,ELLESMERE STATION,ERDO,5,10,S,SRT,3012
6/23/2021,02:26,Wednesday,ISLINGTON STATION,PUCSS,0,0,E,BD,0
6/23/2021,04:45,Wednesday,WILSON YARD,PUTWZ,0,0,,YU,0
6/23/2021,05:00,Wednesday,KEELE STATION,TUCC,0,0,E,BD,0
6/23/2021,05:32,Wednesday,FINCH STATION,TUSC,0,0,S,YU,5471
6/23/2021,05:57,Wednesday,BROADVIEW STATION,PUTO,4,10,W,BD,5060
6/23/2021,06:16,Wednesday,WELLESLEY STATION,MUPAA,0,0,S,YU,5906
6/23/2021,06:28,Wednesday,BROADVIEW STATION,MUIR,0,0,,BD,0
6/23/2021,07:01,Wednesday,FINCH STATION,MUSC,0,0,S,YU,5441
6/23/2021,08:48,Wednesday,EGLINTON WEST STATION,SUDP,3,6,N,YU,5691
6/23/2021,09:03,Wednesday,COLLEGE STATION,MUIRS,0,0,S,YU,5911
6/23/2021,09:16,Wednesday,VICTORIA PARK STATION,EUTR,4,8,W,BD,5058
6/23/2021,10:00,Wednesday,DUNDAS WEST STATION,SUO,0,0,E,BD,5267
6/23/2021,10:13,Wednesday,YONGE BD STATION,MUIS,0,0,,BD,0
6/23/2021,12:30,Wednesday,QUEEN STATION,SUAE,0,0,N,YU,5706
6/23/2021,14:17,Wednesday,SPADINA BD STATION,SUAP,0,0,,BD,0
6/23/2021,15:23,Wednesday,SPADINA YUS STATION,SUDP,3,6,N,YU,5886
6/23/2021,15:34,Wednesday,WILSON STATION,SUO,0,0,N,YU,5726
6/23/2021,15:41,Wednesday,WARDEN STATION,MUIS,0,0,,BD,0
6/23/2021,15:44,Wednesday,DAVISVILLE STATION,MUIS,0,0,,YU,0
6/23/2021,15:52,Wednesday,HIGHWAY 407 STATION,MUIS,0,0,N,YU,0
6/23/2021,15:56,Wednesday,COLLEGE STATION,MUPAA,3,6,N,YU,5916
6/23/2021,16:15,Wednesday,EGLINTON STATION,MUTO,3,6,N,YU,5561
6/23/2021,18:19,Wednesday,ST CLAIR STATION,MUPAA,0,0,N,YU,5901
6/23/2021,20:27,Wednesday,EGLINTON WEST STATION,MUPAA,0,0,S,YU,5901
6/23/2021,21:33,Wednesday,VAUGHAN MC STATION,MUATC,0,0,S,YU,5641
6/23/2021,21:45,Wednesday,BLOOR STATION,MUO,0,0,S,YU,5996
6/23/2021,21:47,Wednesday,VAUGHAN MC STATION,TUO,7,14,S,YU,5946
6/23/2021,22:00,Wednesday,YONGE-UNIVERSITY AND B,MUO,0,0,,YU/BD,0
6/23/2021,22:13,Wednesday,MUSEUM STATION,MUIR,3,8,N,YU,5891
6/23/2021,22:15,Wednesday,FINCH STATION,TUSC,0,0,N,YU,6031
6/23/2021,22:32,Wednesday,COLLEGE STATION,MUATC,7,14,N,YU,5641
6/23/2021,23:12,Wednesday,CHRISTIE STATION,SUAE,0,0,,BD,0
6/23/2021,23:40,Wednesday,CASTLE FRANK STATION,SUDP,0,0,E,BD,5052
6/23/2021,23:44,Wednesday,DUNDAS WEST STATION,SUDP,7,14,W,BD,5160
6/23/2021,00:00,Wednesday,VAUGHAN MC STATION,MUO,0,0,,YU,0
6/23/2021,00:00,Wednesday,BLOOR TO SHEPPARD STAT,MUO,0,0,,YU,0
6/24/2021,15:00,Thursday,SCARBOROUGH RAPID TRAN,MRWEA,0,0,,SRT,0
6/24/2021,02:24,Thursday,ST GEORGE YUS STATION,MUIRS,0,0,,YU,0
6/24/2021,02:36,Thursday,KIPLING STATION,MUIS,0,0,,BD,0
6/24/2021,05:01,Thursday,KIPLING STATION,MUIS,0,0,,BD,0
6/24/2021,06:14,Thursday,SHEPPARD WEST STATION,MUTO,3,6,N,YU,5961
6/24/2021,07:43,Thursday,SHERBOURNE STATION,MUPAA,3,7,E,BD,5332
6/24/2021,07:45,Thursday,FINCH STATION,EUSC,0,0,S,YU,5976
6/24/2021,08:06,Thursday,OSSINGTON STATION,MUPAA,0,0,E,BD,5330
6/24/2021,08:16,Thursday,DUNDAS WEST STATION,MUPAA,0,0,W,BD,5284
6/24/2021,08:39,Thursday,DUNDAS STATION,MUO,0,0,,YU,0
6/24/2021,09:36,Thursday,KING STATION,MUIR,0,0,S,YU,5921
6/24/2021,10:11,Thursday,BLOOR STATION,MUIS,0,0,N,YU,0
6/24/2021,10:50,Thursday,JANE STATION,MUPAA,0,0,W,BD,5234
6/24/2021,12:21,Thursday,KENNEDY BD STATION,SUO,4,8,E,BD,5134
6/24/2021,12:37,Thursday,NORTH YORK CTR STATION,MUIS,0,0,,YU,0
6/24/2021,12:50,Thursday,DUNDAS WEST STATION,SUDP,5,9,E,BD,5065
6/24/2021,13:07,Thursday,MAIN STREET STATION,MUIS,0,0,W,BD,0
6/24/2021,13:24,Thursday,DAVISVILLE STATION,PUMEL,0,0,,YU,0
6/24/2021,14:16,Thursday,YORK MILLS STATION,MUPLB,35,38,S,YU,5926
6/24/2021,14:20,Thursday,MUSEUM STATION,SUAP,4,7,S,YU,6061
6/24/2021,14:27,Thursday,KENNEDY BD STATION,MUO,5,9,W,BD,5147
6/24/2021,14:34,Thursday,ROYAL YORK STATION,TUOS,0,0,W,BD,5201
6/24/2021,15:11,Thursday,DUNDAS WEST STATION,MUIS,0,0,,BD,0
6/24/2021,15:32,Thursday,KIPLING STATION,TUSC,0,0,W,BD,5276
6/24/2021,15:42,Thursday,YONGE BD STATION,MUIS,0,0,W,BD,0
6/24/2021,15:51,Thursday,SPADINA YUS STATION,SUDP,0,0,N,YU,6021
6/24/2021,15:54,Thursday,SPADINA BD STATION,SUO,0,0,W,BD,5201
6/24/2021,16:48,Thursday,BATHURST STATION,SUO,0,0,W,BD,5360
6/24/2021,17:13,Thursday,EGLINTON STATION,PUSTS,0,0,S,YU,5666
6/24/2021,17:30,Thursday,VAUGHAN MC STATION,MUNOA,3,6,S,YU,0
6/24/2021,17:47,Thursday,SHEPPARD WEST STATION,MUIS,0,0,,YU,0
6/24/2021,17:55,Thursday,BAY STATION,MUIS,0,0,,BD,0
6/24/2021,17:55,Thursday,FINCH STATION,MUNOA,3,6,S,YU,0
6/24/2021,17:58,Thursday,VAUGHAN MC STATION,MUCL,3,6,S,YU,5871
6/24/2021,18:07,Thursday,VAUGHAN MC STATION,MUNOA,3,6,S,YU,0
6/24/2021,18:14,Thursday,SHERBOURNE STATION,MUNCA,0,0,,BD,0
6/24/2021,19:54,Thursday,SHERBOURNE STATION,MUPAA,0,0,E,BD,5330
6/24/2021,20:36,Thursday,BLOOR STATION,MUPAA,0,0,N,YU,5816
6/24/2021,21:48,Thursday,YORK UNIVERSITY STATIO,MUPAA,8,15,S,YU,5691
6/24/2021,22:00,Thursday,YONGE-UNIVERSITY AND B,MUO,0,0,,YU/BD,0
6/24/2021,22:18,Thursday,SHEPPARD WEST STATION,MUPAA,0,0,N,YU,5626
6/24/2021,22:40,Thursday,ISLINGTON STATION,PUMEL,0,0,,BD,0
6/24/2021,23:16,Thursday,QUEEN'S PARK STATION,SUUT,20,27,N,YU,6021
6/24/2021,00:00,Thursday,VAUGHAN MC STATION,MUO,0,0,,YU,0
6/24/2021,00:00,Thursday,BLOOR TO SHEPPARD STAT,MUO,0,0,,YU,0
6/24/2021,00:04,Thursday,SHEPPARD WEST STATION,MUO,7,14,N,YU,6021
6/24/2021,01:03,Thursday,BAY STATION,MUIRS,0,0,,BD,0
6/24/2021,01:43,Thursday,DUNDAS STATION,MUIRS,0,0,,YU,0
6/24/2021,22:02,Thursday,DON MILLS STATION,MUIS,0,0,,SHP,0
6/25/2021,14:13,Friday,SRT LINE,MRWEA,0,0,,SRT,0
6/25/2021,02:01,Friday,WILSON STATION,MUIS,0,0,,YU,0
6/25/2021,05:46,Friday,HIGH PARK STATION,EUME,4,0,W,BD,5276
6/25/2021,22:34,Friday,SCARBOROUGH CTR STATIO,SRDP,0,0,S,SRT,3008
6/25/2021,05:56,Friday,ISLINGTON STATION,TUSC,0,0,W,BD,5276
6/25/2021,07:02,Friday,FINCH STATION,EUSC,0,0,S,YU,5556
6/25/2021,07:10,Friday,YONGE BD STATION,SUDP,0,0,W,BD,5276
6/25/2021,07:27,Friday,SHERBOURNE STATION,MUPAA,3,7,E,BD,5141
6/25/2021,07:37,Friday,DONLANDS STATION,MUDD,3,7,E,BD,5141
6/25/2021,07:48,Friday,DUNDAS STATION,EUDO,7,10,N,YU,5656
6/25/2021,09:16,Friday,FINCH STATION,TUSC,0,0,S,YU,5591
6/25/2021,11:17,Friday,ST GEORGE YUS STATION,SUAE,0,0,,YU,0
6/25/2021,11:28,Friday,DAVISVILLE STATION,PUATC,5,8,N,YU,5446
6/25/2021,12:09,Friday,SPADINA YUS STATION,SUO,17,20,S,YU,5826
6/25/2021,12:10,Friday,SPADINA BD STATION,SUO,17,21,E,BD,5101
6/25/2021,13:04,Friday,FINCH STATION,MUTO,3,6,S,YU,6001
6/25/2021,13:17,Friday,LANSDOWNE STATION,PUMST,0,0,E,BD,0
6/25/2021,13:44,Friday,EGLINTON STATION,SUDP,0,0,N,YU,0
6/25/2021,14:12,Friday,QUEEN STATION,SUDP,0,0,,YU,0
6/25/2021,14:16,Friday,DAVISVILLE STATION,SUAP,0,0,N,YU,5431
6/25/2021,14:35,Friday,MAIN STREET STATION,PUMEL,0,0,,BD,0
6/25/2021,14:43,Friday,VAUGHAN MC STATION,MUNOA,3,6,S,YU,0
6/25/2021,15:02,Friday,FINCH WEST STATION,PUMEL,0,0,,YU,0
6/25/2021,15:16,Friday,OLD MILL STATION,MUDD,5,9,W,BD,5265
6/25/2021,15:17,Friday,SHEPPARD WEST STATION,MUATC,3,6,S,YU,5491
6/25/2021,15:50,Friday,WILSON STATION,MUPAA,0,0,S,YU,5606
6/25/2021,15:52,Friday,SHEPPARD STATION,MUSC,0,0,N,YU,5781
6/25/2021,15:53,Friday,KIPLING STATION,MUSC,0,0,W,BD,5276
6/25/2021,15:57,Friday,SHEPPARD STATION,MUSC,3,6,N,YU,5536
6/25/2021,16:51,Friday,ST CLAIR WEST STATION,MUTO,3,6,S,YU,5641
6/25/2021,17:09,Friday,BATHURST STATION,SUDP,7,11,E,BD,5134
6/25/2021,17:48,Friday,BLOOR STATION,MUIS,0,0,,YU,0
6/25/2021,17:54,Friday,VAUGHAN MC STATION,MUNOA,3,6,S,YU,0
6/25/2021,18:10,Friday,BLOOR STATION,MUIS,0,0,,YU,0
6/25/2021,18:15,Friday,VAUGHAN MC STATION,MUNOA,3,6,S,YU,0
6/25/2021,18:17,Friday,ROSEDALE STATION,MUSC,3,6,N,YU,5536
6/25/2021,18:31,Friday,VAUGHAN MC STATION,MUNOA,3,6,S,YU,5996
6/25/2021,18:44,Friday,ROSEDALE STATION,TUO,7,11,S,YU,5441
6/25/2021,18:50,Friday,FINCH STATION,SUAE,3,6,S,YU,5661
6/25/2021,19:42,Friday,RUNNYMEDE STATION,MUPAA,0,0,E,BD,5038
6/25/2021,21:57,Friday,UNION STATION,MUPAA,0,0,N,YU,5626
6/25/2021,22:00,Friday,YONGE-UNIVERSITY/BLOOR,MUO,0,0,,YU/BD,0
6/25/2021,22:23,Friday,MAIN STREET STATION,PUSTS,4,11,E,BD,5134
6/25/2021,22:31,Friday,PAPE STATION,SUDP,4,11,E,BD,5112
6/25/2021,22:32,Friday,DUNDAS STATION,MUPAA,0,0,N,YU,6026
6/25/2021,23:00,Friday,BLOOR DANFORTH SUBWAY,MUO,0,0,,BD,0
6/25/2021,23:43,Friday,FINCH STATION,TUSC,0,0,S,YU,5666
6/25/2021,23:47,Friday,WOODBINE STATION,TUMVS,0,0,E,BD,5126
6/25/2021,01:25,Friday,SPADINA YUS STATION,MUPAA,0,0,S,YU,5661
6/25/2021,01:44,Friday,SHEPPARD WEST STATION,MUI,11,18,S,YU,5576
6/25/2021,17:21,Friday,BESSARION STATION,TUMVS,10,15,E,SHP,6146
6/26/2021,02:42,Saturday,DAVISVILLE BUILD UP,EUOE,0,0,,YU,6021
6/26/2021,05:55,Saturday,MCCOWAN STATION,TRO,7,14,S,SRT,3022
6/26/2021,06:00,Saturday,KIPLING TO JANE STATIO,MUO,0,0,,BD,0
6/26/2021,06:00,Saturday,KENNEDY BD STATION,TUMVS,5,10,E,BD,5186
6/26/2021,10:28,Saturday,VAUGHAN MC STATION,TUNIP,3,12,S,YU,5851
6/26/2021,10:35,Saturday,DUNDAS STATION,SUDP,0,0,N,YU,5721
6/26/2021,10:56,Saturday,WELLESLEY STATION,SUDP,3,6,S,YU,5471
6/26/2021,11:02,Saturday,JANE STATION,SUDP,3,8,W,BD,5069
6/26/2021,11:12,Saturday,DUPONT STATION,MUPAA,0,0,S,YU,5486
6/26/2021,12:01,Saturday,ST CLAIR STATION,EUBO,4,8,N,YU,5616
6/26/2021,12:37,Saturday,FINCH STATION,EUSC,0,0,S,YU,5556
6/26/2021,16:51,Saturday,BROADVIEW STATION,SUUT,8,13,W,BD,5158
6/26/2021,17:03,Saturday,BLOOR STATION,MUIS,0,0,S,YU,0
6/26/2021,17:10,Saturday,VAUGHAN MC STATION,MUNOA,4,8,S,YU,5666
6/26/2021,18:25,Saturday,BLOOR STATION,MUPAA,5,9,N,YU,5721
6/26/2021,18:25,Saturday,QUEEN'S PARK STATION,PUMEL,0,0,,YU,0
6/26/2021,18:33,Saturday,NORTH YORK CTR STATION,SUO,0,0,S,YU,5911
6/26/2021,19:01,Saturday,DUPONT STATION,MUO,0,0,S,YU,5621
6/26/2021,20:07,Saturday,COLLEGE STATION,PUMEL,0,0,S,YU,0
6/26/2021,21:20,Saturday,YORK MILLS STATION,TUSC,0,0,N,YU,6056
6/26/2021,22:00,Saturday,YONGE-UNIVERSITY AND B,MUO,0,0,,YU/BD,0
6/26/2021,22:23,Saturday,LAWRENCE STATION,MUIS,0,0,,YU,0
6/26/2021,23:40,Saturday,FINCH STATION,MUNOA,7,14,S,YU,0
6/27/2021,08:10,Sunday,MCCOWAN STATION,ERTC,6,12,S,SRT,3000
6/27/2021,02:27,Sunday,VAUGHAN MC STATION,MUIS,0,0,,YU,0
6/27/2021,07:46,Sunday,LAWRENCE STATION,SUO,0,0,,YU,0
6/27/2021,08:24,Sunday,SCARBOROUGH RAPID TRAN,MRWEA,0,0,,SRT,0
6/27/2021,08:00,Sunday,KIPLING TO JANE STATIO,MUO,0,0,,BD,0
6/27/2021,12:10,Sunday,SCARBOROUGH CTR STATIO,ERDO,4,10,S,SRT,3000
6/27/2021,09:54,Sunday,EGLINTON STATION,MUCL,5,10,N,YU,0
6/27/2021,10:37,Sunday,MAIN STREET STATION,SUAP,0,0,,BD,0
6/27/2021,12:42,Sunday,SUMMERHILL STATION,TUOS,4,8,S,YU,5816
6/27/2021,14:14,Sunday,SHERBOURNE STATION,MUPAA,0,0,E,BD,5352
6/27/2021,14:49,Sunday,ST GEORGE BD STATION,MUPAA,0,0,W,BD,5116
6/27/2021,15:48,Sunday,OSSINGTON STATION,SUUT,5,10,W,BD,5065
6/27/2021,16:41,Sunday,YORKDALE STATION,EUNT,5,10,S,YU,5511
6/27/2021,17:02,Sunday,NORTH YORK CTR STATION,MUNCA,0,0,,YU,0
6/27/2021,17:08,Sunday,WILSON HOSTLER,EUYRD,0,0,S,YU,6196
6/27/2021,17:26,Sunday,COLLEGE STATION,MUNCA,0,0,,YU,0
6/27/2021,17:28,Sunday,KIPLING STATION,MUNCA,0,0,,BD,0
6/27/2021,17:37,Sunday,COXWELL STATION,MUTO,5,10,E,BD,5190
6/27/2021,18:56,Sunday,WELLESLEY STATION,MUPAA,0,0,N,YU,5796
6/27/2021,19:09,Sunday,KENNEDY BD STATION,MUIS,0,0,,BD,0
6/27/2021,19:13,Sunday,WARDEN STATION,MUIS,0,0,,BD,0
6/27/2021,19:21,Sunday,VAUGHAN MC STATION,EUDO,3,10,S,YU,5826
6/27/2021,19:36,Sunday,BLOOR STATION,MUNOA,0,0,N,YU,5861
6/27/2021,22:00,Sunday,YONGE UNIVERSITY BLOOR,MUO,0,0,,YU/BD,0
6/27/2021,22:38,Sunday,DUNDAS STATION,MUIS,0,0,N,YU,0
6/27/2021,22:53,Sunday,FINCH STATION,MUNOA,7,14,S,YU,5741
6/27/2021,23:30,Sunday,BATHURST STATION,PUMEL,0,0,,BD,0
6/27/2021,23:53,Sunday,BATHURST STATION,PUTDN,28,35,E,BD,5142
6/27/2021,01:49,Sunday,KEELE YARD,TUMVS,0,0,E,BD,5157
6/27/2021,16:06,Sunday,SHEPPARD-YONGE STATION,MUNCA,0,0,,SHP,0
6/27/2021,17:19,Sunday,BESSARION STATION,SUAP,0,0,E,SHP,6141
6/27/2021,17:55,Sunday,DON MILLS STATION,MUIRS,0,0,,SHP,0
6/28/2021,08:14,Monday,SCARBOROUGH RAPID TRAN,MRWEA,0,0,,SRT,0
6/28/2021,05:51,Monday,WELLESLEY STATION,MUIRS,0,0,,YU,0
6/28/2021,05:53,Monday,KIPLING STATION,SUG,6,12,E,BD,5251
6/28/2021,08:16,Monday,LAWRENCE EAST STATION,SRDP,0,0,N,SRT,3015
6/28/2021,05:58,Monday,BLOOR STATION,SUDP,0,0,S,YU,0
6/28/2021,08:25,Monday,SCARBOROUGH CTR STATIO,SRDP,0,0,N,SRT,3015
6/28/2021,06:26,Monday,BATHURST STATION,MUIRS,0,0,W,BD,0
6/28/2021,12:00,Monday,MCCOWAN STATION,SRDP,0,0,,SRT,0
6/28/2021,06:34,Monday,KENNEDY BD STATION,MUIS,0,0,,BD,0
6/28/2021,06:34,Monday,YONGE BD STATION,MUPAA,0,0,W,BD,5280
6/28/2021,07:17,Monday,MAIN STREET STATION,SUDP,0,0,W,BD,5225
6/28/2021,07:19,Monday,SHERBOURNE STATION,MUIS,0,0,,BD,0
6/28/2021,07:21,Monday,NORTH YORK CTR STATION,MUSC,0,0,S,YU,5786
6/28/2021,07:33,Monday,LAWERENCE STATION,EUBO,3,6,N,YU,5996
6/28/2021,08:03,Monday,QUEEN STATION,MUIRS,0,0,,YU,0
6/28/2021,08:38,Monday,LAWRENCE STATION,MUI,15,18,S,YU,5526
6/28/2021,09:01,Monday,ST CLAIR STATION,EUSC,0,0,N,YU,5841
6/28/2021,09:40,Monday,VAUGHAN MC STATION,MUIS,0,0,,YU,0
6/28/2021,10:04,Monday,DUFFERIN STATION,SUDP,4,8,W,BD,5136
6/28/2021,10:15,Monday,HIGHWAY 407 STATION,EUTRD,3,6,S,YU,5796
6/28/2021,10:19,Monday,LANSDOWNE STATION,SUDP,0,0,W,BD,5095
6/28/2021,10:41,Monday,LANSDOWNE STATION,MUIS,0,0,,BD,0
6/28/2021,11:17,Monday,GREENWOOD STATION,TUMVS,0,0,E,BD,5367
6/28/2021,11:33,Monday,ROSEDALE STATION,EUBK,5,8,N,YU,5486
6/28/2021,11:56,Monday,ST GEORGE BD STATION,MUIRS,3,7,W,BD,5276
6/28/2021,12:02,Monday,OLD MILL STATION,MUIS,5,9,W,BD,5136
6/28/2021,12:18,Monday,BLOOR STATION,MUIR,3,6,S,YU,5561
6/28/2021,12:51,Monday,VAUGHAN MC STATION,TUNOA,3,6,S,YU,5761
6/28/2021,13:54,Monday,VICTORIA PARK STATION,MUIS,0,0,,BD,0
6/28/2021,14:13,Monday,DUNDAS WEST STATION,EUSC,0,0,W,BD,5198
6/28/2021,14:25,Monday,UNION STATION,MUPAA,0,0,N,YU,5596
6/28/2021,14:31,Monday,KENNEDY BD STATION,PUTSC,19,23,W,BD,5111
6/28/2021,14:47,Monday,QUEEN STATION,PUMEL,0,0,,YU,0
6/28/2021,15:28,Monday,QUEEN STATION,MUIS,0,0,S,YU,0
6/28/2021,15:47,Monday,ST GEORGE BD STATION,MUSC,0,0,W,BD,5011
6/28/2021,15:49,Monday,DUNDAS WEST STATION,EUSC,3,7,W,BD,5198
6/28/2021,15:56,Monday,ROSEDALE STATION,EUSC,3,6,N,YU,5976
6/28/2021,16:21,Monday,COXWELL STATION,MUCL,6,10,E,BD,5122
6/28/2021,16:22,Monday,KIPLING STATION,SUDP,4,8,E,BD,5029
6/28/2021,16:29,Monday,KENNEDY BD STATION,PUTSC,4,8,E,BD,5023
6/28/2021,16:30,Monday,EGLINTON STATION,PUSTS,0,0,S,YU,6006
6/28/2021,16:35,Monday,LAWRENCE STATION,TUO,6,9,N,YU,5941
6/28/2021,16:44,Monday,FINCH STATION,EUSC,0,0,N,YU,5726
6/28/2021,16:44,Monday,BLOOR STATION,MUIR,0,0,N,YU,5566
6/28/2021,17:57,Monday,KENNEDY BD STATION,PUTSC,7,11,E,BD,5186
6/28/2021,18:02,Monday,KENNEDY BD STATION,EUBK,4,8,W,BD,5332
6/28/2021,19:30,Monday,KENNEDY BD STATION,PUTSC,8,12,E,BD,5242
6/28/2021,19:57,Monday,ST ANDREW STATION,SUDP,0,0,N,YU,5836
6/28/2021,20:03,Monday,NORTH YORK CTR STATION,MUSC,0,0,S,YU,5536
6/28/2021,20:08,Monday,NORTH YORK CTR STATION,MUSC,0,0,S,YU,5856
6/28/2021,20:16,Monday,NORTH YORK CTR STATION,MUSC,0,0,S,YU,5676
6/28/2021,20:51,Monday,EGLINTON STATION,PUSWZ,0,0,,YU,0
6/28/2021,21:46,Monday,COLLEGE STATION,PUMEL,0,0,,YU,0
6/28/2021,23:00,Monday,YONGE- UNIVERSITY SUBW,MUO,0,0,,YU,0
6/28/2021,23:28,Monday,CHRISTIE STATION,TUMVS,0,0,E,BD,5148
6/28/2021,23:28,Monday,COXWELL STATION,SUPOL,8,15,E,BD,5101
6/28/2021,00:14,Monday,SHERBOURNE STATION,MUI,7,14,E,BD,5146
6/28/2021,01:03,Monday,COXWELL STATION,MUNCA,0,0,,,0
6/28/2021,01:17,Monday,QUEEN STATION,MUIS,0,0,S,YU,0
6/28/2021,01:21,Monday,ST CLAIR WEST STATION,MUATC,3,10,N,YU,5386
6/28/2021,00:14,Monday,SHEPPARD-YONGE STATION,TUSC,0,0,E,SHP,6141
6/29/2021,10:10,Tuesday,SCARBOROUGH RAPID TRAN,MRWEA,0,0,,SRT,0
6/29/2021,05:35,Tuesday,UNION STATION,SUDP,0,0,,YU,0
6/29/2021,17:47,Tuesday,MCCOWAN STATION,ERDO,4,9,S,SRT,3026
6/29/2021,05:53,Tuesday,WELLESLEY STATION,SUDP,0,0,,YU,0
6/29/2021,06:46,Tuesday,YORK MILLS STATION,MUIS,0,0,,YU,0
6/29/2021,06:54,Tuesday,SHEPPARD STATION,MUIS,0,0,,YU,0
6/29/2021,06:56,Tuesday,CHRISTIE STATION,MUPAA,0,0,W,BD,5029
6/29/2021,07:07,Tuesday,MUSEUM STATION,EUTL,13,16,S,YU,5451
6/29/2021,07:16,Tuesday,YONGE BD STATION,MUPAA,0,0,W,BD,5280
6/29/2021,07:55,Tuesday,SHEPPARD STATION,EUBO,4,7,S,YU,5841
6/29/2021,09:06,Tuesday,BLOOR STATION,SUG,4,7,N,YU,5786
6/29/2021,09:15,Tuesday,YORKDALE STATION,SUDP,6,9,S,YU,5481
6/29/2021,09:17,Tuesday,YORKDALE STATION,MUPAA,0,0,N,YU,5431
6/29/2021,09:49,Tuesday,UNION STATION,SUDP,3,6,N,YU,5481
6/29/2021,10:21,Tuesday,MUSEUM STATION,PUTTP,348,351,S,YU,5631
6/29/2021,10:31,Tuesday,ST CLAIR STATION,TUOS,3,6,S,YU,5951
6/29/2021,11:06,Tuesday,KEELE STATION,MUSC,0,0,W,BD,5136
6/29/2021,11:45,Tuesday,BROADVIEW STATION,MUIS,0,0,E,BD,0
6/29/2021,12:47,Tuesday,DUFFERIN STATION,PUMEL,0,0,,BD,0
6/29/2021,13:16,Tuesday,ST CLAIR STATION,MUPAA,0,0,S,YU,5406
6/29/2021,14:05,Tuesday,WELLESLEY STATION,SUUT,28,31,N,YU,5671
6/29/2021,14:35,Tuesday,BLOOR STATION,PUMEL,0,0,,YU,0
6/29/2021,14:45,Tuesday,WELLESLEY STATION,SUDP,3,6,N,YU,5996
6/29/2021,15:02,Tuesday,BLOOR STATION,MUIS,0,0,,YU,0
6/29/2021,15:17,Tuesday,EGLINTON STATION,PUSTC,0,0,S,YU,5406
6/29/2021,15:37,Tuesday,OLD MILL STATION,MUSC,0,0,W,BD,5198
6/29/2021,15:42,Tuesday,ST GEORGE YUS STATION,TUO,0,0,S,YU,5621
6/29/2021,18:28,Tuesday,SHERBOURNE STATION,SUO,4,8,W,BD,5029
6/29/2021,19:32,Tuesday,QUEEN'S PARK STATION,PUMEL,0,0,,YU,0
6/29/2021,20:19,Tuesday,KENNEDY BD STATION,MUIS,0,0,,BD,0
6/29/2021,21:07,Tuesday,YORK MILLS STATION,TUSC,0,0,N,YU,5591
6/29/2021,21:51,Tuesday,UNION STATION,PUMST,0,0,,YU,0
6/29/2021,22:00,Tuesday,YONGE-UNIVERSITY AND B,MUO,0,0,,YU/BD,0
6/29/2021,22:11,Tuesday,YONGE BD STATION,MUIRS,0,0,E,BD,0
6/29/2021,23:00,Tuesday,ST.CLAIR WEST TO ST.A,MUO,0,0,,YU,0
6/29/2021,23:39,Tuesday,EGLINTON STATION,MUIR,6,13,S,YU,6076
6/29/2021,00:58,Tuesday,FINCH STATION,SUAP,7,14,S,YU,5851
6/29/2021,01:16,Tuesday,WARDEN STATION,MUIRS,0,0,,BD,0
6/29/2021,16:14,Tuesday,SHEPPARD-YONGE STATION,MUI,5,10,E,SHP,6166
6/29/2021,19:38,Tuesday,BAYVIEW STATION,PUOPO,0,0,W,SHP,6146
6/29/2021,21:40,Tuesday,SHEPPARD-YONGE STATION,MUTO,0,0,E,SHP,6161
6/29/2021,01:09,Tuesday,LESLIE STATION,MUIS,0,0,,SHP,0
6/30/2021,06:00,Wednesday,TORONTO TRANSIT COMMIS,MUO,0,0,,YU/BD,0
6/30/2021,06:00,Wednesday,TORONTO TRANSIT COMMIS,MRO,0,0,,SRT,0
6/30/2021,07:31,Wednesday,KENNEDY SRT STATION,ERDO,4,9,S,SRT,3028
6/30/2021,06:01,Wednesday,PAPE STATION,MUPAA,0,0,W,BD,5097
6/30/2021,06:40,Wednesday,BLOOR STATION,MUIRS,0,0,S,YU,6026
6/30/2021,10:13,Wednesday,SCARBOROUGH RAPID TRAN,MRWEA,0,0,,SRT,0
6/30/2021,07:14,Wednesday,MAIN STREET STATION,MUIS,0,0,,BD,0
6/30/2021,20:08,Wednesday,SCARBOROUGH CTR STATIO,MRUI,0,0,,SRT,0
6/30/2021,21:13,Wednesday,MCCOWAN STATION,ERO,9,15,S,SRT,3016
6/30/2021,07:37,Wednesday,YORK MILLS STATION,PUSTC,14,17,S,YU,5641
6/30/2021,10:28,Wednesday,NORTH YORK CTR STATION,EUSC,3,6,S,YU,5991
6/30/2021,10:32,Wednesday,ST CLAIR WEST STATION,MUTO,3,6,N,YU,5666
6/30/2021,10:34,Wednesday,KIPLING STATION,MUPAA,0,0,W,BD,5038
6/30/2021,11:01,Wednesday,KENNEDY BD STATION,SUO,0,0,,BD,0
6/30/2021,12:33,Wednesday,SPADINA YUS STATION,MUIRS,0,0,,YU,0
6/30/2021,12:55,Wednesday,SHEPPARD STATION,PUMEL,0,0,,YU,0
6/30/2021,13:21,Wednesday,VAUGHAN MC STATION,MUNOA,3,6,S,YU,5681
6/30/2021,13:31,Wednesday,DAVISVILLE STATION,PUMEL,0,0,,YU,0
6/30/2021,13:45,Wednesday,ST GEORGE BD STATION,PUMEL,0,0,,BD,0
6/30/2021,13:59,Wednesday,VAUGHAN MC STATION,MUNOA,3,6,S,YU,0
6/30/2021,14:35,Wednesday,SUMMERHILL STATION,TUOS,3,6,N,YU,5996
6/30/2021,14:47,Wednesday,SHEPPARD STATION,PUSIS,3,6,S,YU,5841
6/30/2021,14:54,Wednesday,SUMMERHILL STATION,MUIS,0,0,S,YU,5856
6/30/2021,18:03,Wednesday,SPADINA BD STATION,EUDO,8,12,W,BD,5265
6/30/2021,18:18,Wednesday,YORK MILLS STATION,MUSC,0,0,N,YU,5726
6/30/2021,18:41,Wednesday,DAVISVILLE STATION,MUI,4,7,N,YU,6066
6/30/2021,18:53,Wednesday,SHEPPARD STATION,PUSIS,0,0,S,YU,5836
6/30/2021,19:12,Wednesday,SHEPPARD STATION,PUSO,0,0,S,YU,5861
6/30/2021,19:49,Wednesday,ROSEDALE STATION,PUSI,5,10,S,YU,5676
6/30/2021,20:58,Wednesday,JANE STATION,SUDP,0,0,E,BD,5004
6/30/2021,21:12,Wednesday,ST CLAIR WEST TO ST AN,MUO,0,0,,YU,0
6/30/2021,21:13,Wednesday,DUFFERIN STATION,MUIS,4,11,W,BD,0
6/30/2021,21:52,Wednesday,VICTORIA PARK STATION,SUDP,4,11,W,BD,5275
6/30/2021,22:00,Wednesday,YONGE-UNIVERSITY AND B,MUO,0,0,,YU/BD,0
6/30/2021,22:02,Wednesday,WILSON STATION,MUIS,0,0,S,YU,5791
6/30/2021,22:35,Wednesday,SHERBOURNE STATION,MUI,5,12,W,BD,5109
6/30/2021,22:44,Wednesday,ST GEORGE YUS STATION,SUDP,4,11,N,YU,5596
6/30/2021,23:03,Wednesday,KENNEDY STATION,PUMEL,0,0,,BD,0
6/30/2021,23:41,Wednesday,EGLINTON STATION,EUSC,0,0,S,YU,5786
6/30/2021,00:11,Wednesday,BAY STATION,PUTDN,0,0,W,BD,5112
6/30/2021,00:42,Wednesday,VAUGHAN MC STATION,MUPAA,0,0,S,YU,5511
6/30/2021,00:45,Wednesday,OSSINGTON STATION,MUIRS,0,0,E,BD,0
6/30/2021,00:47,Wednesday,BATHURST STATION,MUIS,0,0,,BD,0
6/30/2021,01:23,Wednesday,ST CLAIR STATION,MUIS,0,0,,YU,0
6/30/2021,06:00,Wednesday,TORONTO TRANSIT COMMIS,MUO,0,0,,SHP,0
6/30/2021,12:40,Wednesday,LESLIE STATION,MUIS,0,0,,SHP,0
6/30/2021,20:50,Wednesday,LESLIE STATION,MUTD,9,14,E,SHP,6171
6/30/2021,00:45,Wednesday,LESLIE STATION,TUMVS,5,10,E,SHP,6166
