﻿Date,Time,Day,Event Description
2015-04-18,12:30:00,Saturday,Raptors Playoffs Game 1 vs. Wizards
2015-04-21,20:00:00,Tuesday,Raptors Playoffs Game 2 vs. Wizards
2015-07-10,18:00:00,Friday,Pan Am Games Opening Ceremony
2015-07-26,20:00:00,Sunday,Pan Am Games Closing Ceremony
2015-10-08,15:30:00,Thursday,Blue Jays ALDS Game 1 vs. Rangers
2015-10-09,12:30:00,Friday,Blue Jays ALDS Game 2 vs. Rangers
2015-10-14,16:00:00,Wednesday,Blue Jays ALDS Game 5 vs. Rangers
2015-10-19,20:00:00,Monday,Blue Jays ALCS Game 3 vs. Royals
2015-10-20,16:00:00,Tuesday,Blue Jays ALCS Game 4 vs. Royals
2016-04-16,12:30:00,Saturday,Raptors Playoffs Game 1 vs. Pacers
2016-04-18,19:00:00,Monday,Raptors Playoffs Game 2 vs. Pacers
2016-04-29,20:00:00,Friday,Raptors Playoffs Game 6 vs. Pacers
2016-05-03,20:00:00,Tuesday,Raptors Playoffs Game 1 vs. Heat
2016-05-05,20:00:00,Thursday,Raptors Playoffs Game 2 vs. Heat
2016-05-15,15:30:00,Sunday,Raptors Playoffs Game 7 vs. Heat
2016-05-21,20:30:00,Saturday,Raptors Playoffs Game 3 vs. Cavaliers
2016-05-23,20:30:00,Monday,Raptors Playoffs Game 4 vs. Cavaliers
2016-10-09,19:30:00,Sunday,Blue Jays ALDS Game 3 vs. Rangers
2016-11-27,18:30:00,Sunday,CFL Grey Cup at BMO Field
2016-12-10,19:00:00,Saturday,Toronto FC MLS Cup Final vs. Seattle
2017-01-01,13:00:00,Sunday,NHL Centennial Classic at BMO Field
2017-04-15,17:30:00,Saturday,Raptors Playoffs Game 1 vs. Bucks
2017-04-18,19:00:00,Tuesday,Raptors Playoffs Game 2 vs. Bucks
2017-04-17,19:00:00,Monday,Maple Leafs Playoffs Game 3 vs. Capitals
2017-04-21,19:00:00,Friday,Maple Leafs Playoffs Game 5 vs. Capitals
2017-12-09,19:00:00,Saturday,Toronto FC MLS Cup Final vs. Seattle
2018-04-14,17:30:00,Saturday,Raptors Playoffs Game 1 vs. Wizards
2018-04-17,19:00:00,Tuesday,Raptors Playoffs Game 2 vs. Wizards
2018-04-16,19:00:00,Monday,Maple Leafs Playoffs Game 3 vs. Bruins
2018-04-19,19:00:00,Thursday,Maple Leafs Playoffs Game 4 vs. Bruins
2019-04-13,17:30:00,Saturday,Raptors Playoffs Game 1 vs. Magic
2019-04-16,19:00:00,Tuesday,Raptors Playoffs Game 2 vs. Magic
2019-04-27,19:30:00,Saturday,Raptors Playoffs Game 1 vs. 76ers
2019-04-29,20:00:00,Monday,Raptors Playoffs Game 2 vs. 76ers
2019-05-07,20:00:00,Tuesday,Raptors Playoffs Game 5 vs. 76ers
2019-05-19,19:00:00,Sunday,Raptors Playoffs Game 3 vs. Bucks
2019-05-21,20:30:00,Tuesday,Raptors Playoffs Game 4 vs. Bucks
2019-05-30,21:00:00,Thursday,Raptors NBA Finals Game 1 vs. Warriors
2019-06-02,20:00:00,Sunday,Raptors NBA Finals Game 2 vs. Warriors
2019-06-10,21:00:00,Monday,Raptors NBA Finals Game 5 vs. Warriors
2019-06-13,21:00:00,Thursday,Raptors NBA Finals Game 6 vs. Warriors
2019-06-17,10:00:00,Monday,Raptors Victory Parade
2019-04-15,19:00:00,Monday,Maple Leafs Playoffs Game 3 vs. Bruins
2019-04-17,19:00:00,Wednesday,Maple Leafs Playoffs Game 4 vs. Bruins
2019-11-10,15:00:00,Sunday,Toronto FC MLS Cup Final vs. Seattle
2021-05-20,19:00:00,Thursday,Maple Leafs Playoffs Game 1 vs. Canadiens
2021-05-22,19:00:00,Saturday,Maple Leafs Playoffs Game 2 vs. Canadiens
2021-05-27,19:00:00,Thursday,Maple Leafs Playoffs Game 5 vs. Canadiens
2022-05-02,19:00:00,Monday,Maple Leafs Playoffs Game 1 vs. Lightning
2022-05-04,19:00:00,Wednesday,Maple Leafs Playoffs Game 2 vs. Lightning
2022-05-10,19:00:00,Tuesday,Maple Leafs Playoffs Game 5 vs. Lightning
2023-04-18,19:00:00,Tuesday,Maple Leafs Playoffs Game 1 vs. Lightning
2023-04-20,19:00:00,Thursday,Maple Leafs Playoffs Game 2 vs. Lightning
2023-04-27,19:00:00,Thursday,Maple Leafs Playoffs Game 5 vs. Lightning
2024-04-20,19:00:00,Saturday,Maple Leafs Playoffs Game 1 vs. Bruins
2024-04-22,19:00:00,Monday,Maple Leafs Playoffs Game 2 vs. Bruins
2024-04-27,19:00:00,Saturday,Maple Leafs Playoffs Game 5 vs. Bruins
2025-10-04,20:00:00,Saturday,Blue Jays ALDS Game 1 vs. Yankees
2025-10-05,20:00:00,Sunday,Blue Jays ALDS Game 2 vs. Yankees
2025-10-19,20:00:00,Sunday,Blue Jays ALDS Game 4 vs. Yankees
2025-10-20,20:00:00,Monday,Blue Jays ALDS Game 5 vs. Yankees
2025-10-12,20:00:00,Sunday,Blue Jays ALCS Game 1 vs. Mariners
2025-10-13,20:00:00,Monday,Blue Jays ALCS Game 2 vs. Mariners
2025-10-19,20:00:00,Sunday,Blue Jays ALCS Game 6 vs. Mariners
2025-10-20,20:00:00,Monday,Blue Jays ALCS Game 7 vs. Mariners
2025-10-24,20:00:00,Friday,Blue Jays World Series Game 1 vs. Dodgers
2025-10-25,20:00:00,Saturday,Blue Jays World Series Game 2 vs. Dodgers
2025-10-31,20:00:00,Friday,Blue Jays World Series Game 6 vs. Dodgers
2025-11-01,20:00:00,Saturday,Blue Jays World Series Game 7 vs. Dodgers
2015-07-09,20:00:00,Thursday,Taylor Swift – 1989 World Tour at Rogers Centre
2016-07-31,20:00:00,Sunday,Beyoncé – Formation World Tour at Rogers Centre
2016-10-08,20:00:00,Saturday,Drake & Future – Summer Sixteen Tour at Scotiabank Arena
2017-08-21,20:00:00,Monday,Coldplay – A Head Full of Dreams Tour at Rogers Centre
2018-08-30,20:00:00,Thursday,Taylor Swift – Reputation Stadium Tour at Rogers Centre
2018-10-05,20:00:00,Friday,Drake – Aubrey & The Three Migos Tour at Scotiabank Arena
2019-06-21,20:00:00,Friday,Shawn Mendes – World Tour at Rogers Centre
2022-07-16,20:00:00,Saturday,The Weeknd – After Hours Til Dawn Tour at Rogers Centre
2023-07-08,20:00:00,Saturday,Beyoncé – Renaissance World Tour at Rogers Centre
2023-07-14,20:00:00,Friday,Taylor Swift – The Eras Tour at Rogers Centre
2023-07-15,20:00:00,Saturday,Taylor Swift – The Eras Tour at Rogers Centre
2024-06-28,20:00:00,Friday,Coldplay – Music of the Spheres Tour at Rogers Centre
2024-06-29,20:00:00,Saturday,Coldplay – Music of the Spheres Tour at Rogers Centre
2025-08-02,20:00:00,Saturday,Dua Lipa – Radical Optimism Tour at Scotiabank Arena
2025-08-09,20:00:00,Saturday,Bad Bunny – Most Wanted Tour at Rogers Centre
2014-08-15,10:00:00,Friday,CNE Opening Day – Large crowds expected
2014-08-30,10:00:00,Saturday,CNE Air Show Weekend – Record attendance
2015-07-31,14:00:00,Friday,Veld Music Festival Day 1 at Downsview Park
2015-08-01,14:00:00,Saturday,Veld Music Festival Day 2 at Downsview Park
2015-08-01,13:00:00,Saturday,Caribana Grand Parade at Exhibition Place
2015-08-21,10:00:00,Friday,CNE Opening Day – TTC ridership surge
2015-09-05,10:00:00,Saturday,CNE Air Show Weekend – Final Saturday
2016-07-03,14:00:00,Sunday,Toronto Pride Parade – record attendance downtown
2016-07-30,13:00:00,Saturday,Caribana Grand Parade at Exhibition Place
2016-07-30,14:00:00,Saturday,Veld Music Festival Day 1 at Downsview Park
2016-07-31,14:00:00,Sunday,Veld Music Festival Day 2 at Downsview Park
2016-08-19,10:00:00,Friday,CNE Opening Day – Downtown congestion
2016-09-03,10:00:00,Saturday,CNE Air Show Weekend – Peak attendance
2017-07-02,14:00:00,Sunday,Toronto Pride Parade – Canada 150 edition
2017-08-05,13:00:00,Saturday,Caribana Grand Parade at Exhibition Place
2017-08-18,10:00:00,Friday,CNE Opening Day – Exhibition Place
2017-09-02,10:00:00,Saturday,CNE Air Show Weekend – TTC overload
2018-07-01,14:00:00,Sunday,Toronto Pride Parade – downtown core
2018-08-04,13:00:00,Saturday,Caribana Grand Parade at Exhibition Place
2018-08-17,10:00:00,Friday,CNE Opening Day – High turnout
2018-09-01,10:00:00,Saturday,CNE Air Show Weekend – Record crowds
2019-07-07,14:00:00,Sunday,Toronto Pride Parade – record crowd at Yonge & Dundas
2019-08-03,13:00:00,Saturday,Caribana Grand Parade at Exhibition Place
2019-08-16,10:00:00,Friday,CNE Opening Day – TTC service boost
2019-08-31,10:00:00,Saturday,CNE Air Show Weekend – Peak day
2022-07-24,14:00:00,Sunday,Toronto Pride Parade – post-pandemic return
2022-07-30,13:00:00,Saturday,Caribana Grand Parade at Exhibition Place
2022-08-19,10:00:00,Friday,CNE Opening Day – Post-pandemic return
2022-09-03,10:00:00,Saturday,CNE Air Show Weekend – Massive turnout
2023-07-08,14:00:00,Saturday,Veld Music Festival Day 1 at Downsview Park
2023-07-09,14:00:00,Sunday,Veld Music Festival Day 2 at Downsview Park
2023-07-30,14:00:00,Sunday,Toronto Pride Parade – downtown Toronto
2023-08-05,13:00:00,Saturday,Caribana Grand Parade at Exhibition Place
2023-08-18,10:00:00,Friday,CNE Opening Day – TTC ridership spike
2023-09-02,10:00:00,Saturday,CNE Air Show Weekend – Final weekend
2024-07-07,14:00:00,Sunday,Toronto Pride Parade – record turnout
2024-08-03,13:00:00,Saturday,Caribana Grand Parade at Exhibition Place
2024-08-16,10:00:00,Friday,CNE Opening Day – Exhibition Place
2024-08-31,10:00:00,Saturday,CNE Air Show Weekend – Record-setting day
2025-07-06,14:00:00,Sunday,"Toronto Pride Parade – 25,000 marchers, hundreds of thousands of spectators"
2025-08-02,13:00:00,Saturday,Caribana Grand Parade at Exhibition Place
2025-08-02,14:00:00,Saturday,Veld Music Festival Day 1 at Downsview Park
2025-08-03,14:00:00,Sunday,Veld Music Festival Day 2 at Downsview Park
2025-08-15,10:00:00,Friday,CNE Opening Day – Anticipated TTC surge
2025-08-30,10:00:00,Saturday,CNE Air Show Weekend – Final Saturday
