Date,Time,Day,Station,Code,Min Delay,Min Gap,Bound,Line,Vehicle
3/1/2019,00:04,Friday,WILSON STATION,SUDP,0,0,,YU,0
3/1/2019,00:19,Friday,DUPONT STATION,MUSC,0,0,S,YU,5826
3/1/2019,00:22,Friday,ISLINGTON STATION,SUO,4,9,W,BD,5241
3/1/2019,00:43,Friday,SHERBOURNE STATION,MUSC,0,0,E,BD,5291
3/1/2019,00:59,Friday,KENNEDY BD STATION,MUIS,0,0,,BD,0
3/1/2019,01:39,Friday,FINCH STATION,TUSC,0,0,N,YU,5851
3/1/2019,01:56,Friday,YORK MILLS STATION,TUSC,0,0,S,YU,5971
3/1/2019,06:10,Friday,OSSINGTON STATION,TUSC,0,0,W,BD,5142
3/1/2019,06:25,Friday,CASTLE FRANK STATION,MUDD,3,7,W,BD,5091
3/1/2019,06:26,Friday,DAVISVILLE STATION,PUSTS,0,0,N,YU,6051
3/1/2019,06:35,Friday,WILSON YARD,PUSSW,0,0,,YU,0
3/1/2019,07:10,Friday,WILSON STATION,PUSSW,7,9,S,YU,5606
3/1/2019,08:04,Friday,UNION STATION,MUIS,0,0,,YU,0
3/1/2019,08:18,Friday,MCCOWAN CARHOUSE,MRO,0,0,,SRT,0
3/1/2019,08:29,Friday,ST ANDREW STATION,PUMST,0,0,,YU,0
3/1/2019,08:34,Friday,FINCH STATION,MUI,0,0,N,YU,5941
3/1/2019,08:36,Friday,EGLINTON STATION,MUPAA,0,0,N,YU,5791
3/1/2019,08:58,Friday,KENNEDY BD STATION,TUKEY,0,0,E,BD,5026
3/1/2019,11:00,Friday,COLLEGE STATION,MUPAA,0,0,N,YU,5701
3/1/2019,11:25,Friday,FINCH STATION,MUIR,3,6,N,YU,5731
3/1/2019,12:16,Friday,WARDEN STATION,MUIS,0,0,,BD,0
3/1/2019,12:27,Friday,ROYAL YORK STATION,TUSC,0,0,E,BD,5371
3/1/2019,12:29,Friday,MCCOWAN STATION,MRSAN,6,12,S,SRT,3018
3/1/2019,12:34,Friday,JANE STATION,MUSC,0,0,E,BD,5193
3/1/2019,13:32,Friday,ISLINGTON STATION,SUUT,13,16,E,BD,5026
3/1/2019,13:39,Friday,VAUGHAN MC STATION,MUI,3,6,N,YU,5871
3/1/2019,14:08,Friday,KEELE STATION,MUSC,0,0,E,BD,5287
3/1/2019,14:16,Friday,COXWELL STATION,TUSC,0,0,E,BD,5183
3/1/2019,14:31,Friday,KIPLING STATION,PUMEL,0,0,,BD,0
3/1/2019,14:36,Friday,SHEPPARD WEST STATION,MUTO,3,6,N,YU,5681
3/1/2019,14:44,Friday,FINCH STATION,MUIS,0,0,,YU,0
3/1/2019,15:09,Friday,DUNDAS STATION,MUIRS,0,0,,YU,0
3/1/2019,15:17,Friday,KIPLING STATION,MUSC,0,0,E,BD,5031
3/1/2019,15:32,Friday,LAWRENCE EAST STATION,SRAP,21,26,S,SRT,3020
3/1/2019,15:34,Friday,SPADINA BD STATION,PUMEL,0,0,,BD,0
3/1/2019,16:03,Friday,CASTLE FRANK STATION,EUNT,6,8,E,BD,5220
3/1/2019,16:20,Friday,ROYAL YORK STATION,EUBK,0,0,W,BD,5235
3/1/2019,16:24,Friday,SHERBOURNE STATION,PUMEL,0,0,,BD,0
3/1/2019,17:06,Friday,BATHURST STATION,SUO,6,8,W,BD,5012
3/1/2019,17:59,Friday,WELLESLEY STATION,MUPAA,0,0,N,YU,5536
3/1/2019,18:24,Friday,GLENCAIRN STATION,MUPAA,0,0,N,YU,6081
3/1/2019,18:45,Friday,ST GEORGE YUS STATION,MUIR,3,5,N,YU,5906
3/1/2019,18:48,Friday,FINCH STATION,MUSAN,3,5,S,YU,5671
3/1/2019,18:58,Friday,UNION STATION,SUUT,29,31,N,YU,6066
3/1/2019,19:13,Friday,KENNEDY BD STATION,SUDP,3,6,W,BD,5317
3/1/2019,19:34,Friday,UNION STATION,MUIRS,0,0,,YU,0
3/1/2019,20:04,Friday,YONGE BD STATION,MUIR,4,7,W,BD,5053
3/1/2019,20:48,Friday,DUNDAS WEST STATION,PUMEL,0,0,,BD,0
3/1/2019,20:54,Friday,LAWRENCE STATION,SUAP,7,10,N,YU,5951
3/1/2019,21:06,Friday,DUNDAS WEST STATION,MUIS,0,0,E,BD,0
3/1/2019,21:39,Friday,SCARB CTR STATION,SRO,0,0,S,SRT,3016
3/1/2019,22:00,Friday,YUS/BD/SHEPPARD SUBWAY,MUO,0,0,,YU/BD,0
3/1/2019,22:24,Friday,BLOOR STATION,SUDP,3,6,S,YU,5841
3/1/2019,22:31,Friday,SUMMERHILL STATION,TUDOE,14,17,S,YU,5711
3/1/2019,22:47,Friday,VICTORIA PARK STATION,MUIR,4,7,E,BD,5222
3/1/2019,22:48,Friday,ROSEDALE STATION,TUO,5,10,S,YU,5711
3/1/2019,23:00,Friday,YONGE UNIVERSITY LINE,MUGD,0,0,,YU,0
3/1/2019,23:05,Friday,BROADVIEW STATION,MUIS,0,0,,BD,0
3/1/2019,23:08,Friday,DUPONT STATION,MUIS,0,0,,YU,0
3/1/2019,23:24,Friday,SPADINA YUS STATION,EUNT,7,12,N,YU,5741
3/1/2019,23:25,Friday,BLOOR DANFORTH SUBWAY,MUGD,0,0,,BD,0
3/1/2019,23:29,Friday,SHEPPARD WEST STATION,MUPAA,0,0,N,YU,5821
3/1/2019,23:39,Friday,LAWRENCE STATION,MUIS,0,0,N,YU,5786
3/2/2019,00:17,Saturday,PIONEER VILLAGE STATIO,SUDP,0,0,,YU,0
3/2/2019,00:22,Saturday,KENNEDY SRT STATION,MRPLB,82,87,N,SRT,3003
3/2/2019,00:44,Saturday,KENNEDY BD STATION,MUIR,5,10,W,BD,5150
3/2/2019,01:44,Saturday,HIGH PARK STATION,SUDP,0,0,E,BD,0
3/2/2019,02:47,Saturday,JANE STATION,MUI,0,0,S,YU,3369
3/2/2019,05:47,Saturday,WILSON STATION,TUATC,0,0,N,YU,5436
3/2/2019,05:49,Saturday,KENNEDY BD STATION,SUEAS,8,13,W,BD,5101
3/2/2019,06:08,Saturday,DAVISVILLE STATION,TUCC,5,10,N,YU,5976
3/2/2019,06:31,Saturday,DUPONT STATION,MUATC,7,12,N,YU,5636
3/2/2019,08:05,Saturday,OSSINGTON STATION,MUIS,0,0,W,BD,0
3/2/2019,08:40,Saturday,KENNEDY BD STATION,MUIS,0,0,,BD,0
3/2/2019,08:49,Saturday,JANE STATION,EUDO,0,0,E,BD,5292
3/2/2019,10:49,Saturday,OLD MILL STATION,MUSC,0,0,W,BD,5288
3/2/2019,11:10,Saturday,BLOOR DANFORTH SUBWAY,MUO,0,0,,BD,0
3/2/2019,11:15,Saturday,ST CLAIR STATION,MUSC,0,0,S,YU,5421
3/2/2019,11:33,Saturday,SHEPPARD WEST STATION,TUNIP,6,10,N,YU,5396
3/2/2019,12:24,Saturday,QUEEN'S PARK STATION,TUOS,3,6,S,YU,5641
3/2/2019,12:27,Saturday,VICTORIA PARK STATION,MUIE,0,0,W,BD,5082
3/2/2019,13:49,Saturday,EGLINTON STATION,PUTTC,0,0,N,YU,5406
3/2/2019,14:10,Saturday,VICTORIA PARK STATION,MUSC,0,0,W,BD,5150
3/2/2019,14:18,Saturday,BATHURST STATION,MUDD,0,0,W,BD,5125
3/2/2019,15:35,Saturday,SCARB CTR STATION,SRBT,49,55,S,SRT,3014
3/2/2019,15:46,Saturday,VICTORIA PARK STATION,MUSC,0,0,E,BD,5216
3/2/2019,16:02,Saturday,KIPLING STATION,MUSC,0,0,W,BD,5270
3/2/2019,16:02,Saturday,KIPLING STATION,PUTTC,0,0,W,BD,5270
3/2/2019,16:03,Saturday,SHEPPARD WEST STATION,MUI,7,11,S,YU,5661
3/2/2019,16:52,Saturday,CHRISTIE STATION,SUAP,22,26,W,BD,5034
3/2/2019,16:58,Saturday,QUEEN STATION,MUNCA,0,0,,YU,0
3/2/2019,17:12,Saturday,ST CLAIR STATION,MUSC,0,0,S,YU,6056
3/2/2019,17:58,Saturday,QUEEN STATION,MUIS,0,0,,YU,0
3/2/2019,18:16,Saturday,WARDEN STATION,PUSTC,4,8,W,BD,5086
3/2/2019,18:25,Saturday,CHRISTIE STATION,SUDP,4,8,W,BD,5082
3/2/2019,19:14,Saturday,OSGOODE STATION,MUPAA,0,0,N,YU,6001
3/2/2019,19:26,Saturday,KENNEDY BD STATION,TUMVS,0,0,E,BD,5095
3/2/2019,19:37,Saturday,BLOOR STATION,SUDP,3,8,N,YU,5566
3/2/2019,21:06,Saturday,MUSEUM STATION,SUUT,10,15,S,YU,5406
3/2/2019,22:00,Saturday,YUS/BD/SHEPPARD SUBWAY,MUO,0,0,,YU/BD,0
3/2/2019,22:34,Saturday,BLOOR DANFORTH SUBWAY,MUGD,0,0,,BD,0
3/2/2019,23:08,Saturday,SUMMERHILL STATION,SUO,7,12,N,YU,5761
3/2/2019,23:12,Saturday,YORK MILLS STATION,TUMVS,0,0,N,YU,5581
3/2/2019,23:14,Saturday,SPADINA YUS STATION,MUIS,0,0,,YU,0
3/2/2019,23:20,Saturday,DAVISVILLE STATION,SUO,4,9,N,YU,5761
3/2/2019,23:21,Saturday,LAWRENCE STATION,MUO,6,11,N,YU,5796
3/2/2019,23:52,Saturday,GREENWOOD YARD,MUIE,0,0,,BD,0
3/3/2019,00:15,Sunday,CHRISTIE STATION,SUO,0,0,,BD,0
3/3/2019,08:13,Sunday,YONGE BD STATION,TUMVS,0,0,W,BD,5339
3/3/2019,08:30,Sunday,PAPE STATION,EUBK,0,0,W,BD,5130
3/3/2019,08:35,Sunday,KENNEDY BD STATION,MUSC,0,0,W,BD,5081
3/3/2019,09:03,Sunday,KIPLING STATION,MUSC,0,0,E,BD,5361
3/3/2019,09:09,Sunday,KIPLING STATION,MUSC,0,0,E,BD,5071
3/3/2019,10:17,Sunday,KENNEDY BD STATION,TUSC,0,0,W,BD,5134
3/3/2019,10:40,Sunday,ROYAL YORK STATION,MUSC,0,0,W,BD,5302
3/3/2019,10:52,Sunday,FINCH STATION,EUBO,5,10,S,YU,5791
3/3/2019,11:53,Sunday,YORK MILLS STATION,TUOS,0,0,S,YU,5671
3/3/2019,12:16,Sunday,VAUGHAN MC STATION,EUOE,0,0,N,YU,5556
3/3/2019,12:26,Sunday,DUNDAS WEST STATION,MUSC,0,0,E,BD,5333
3/3/2019,12:46,Sunday,COXWELL STATION,TUNIP,3,7,E,BD,5291
3/3/2019,13:19,Sunday,WELLESLEY STATION,MUPAA,0,0,S,YU,6001
3/3/2019,14:15,Sunday,ROYAL YORK STATION,MUSC,0,0,W,BD,5302
3/3/2019,15:04,Sunday,KENNEDY BD STATION,MUSC,0,0,E,BD,5026
3/3/2019,15:23,Sunday,ISLINGTON STATION,EUNT,3,7,W,BD,5192
3/3/2019,15:30,Sunday,KIPLING STATION,EUPI,4,8,E,BD,5141
3/3/2019,16:08,Sunday,COXWELL STATION,MUI,3,8,W,BD,5314
3/3/2019,16:17,Sunday,DAVISVILLE STATION,MUI,4,8,S,YU,5551
3/3/2019,17:51,Sunday,VICTORIA PARK STATION,MUSC,0,0,W,BD,5334
3/3/2019,18:08,Sunday,ST GEORGE BD STATION,EUBK,0,0,E,BD,5176
3/3/2019,18:09,Sunday,YORK UNIVERSITY STATIO,MUI,6,10,N,YU,6031
3/3/2019,18:41,Sunday,NORTH YORK CTR STATION,EUDO,4,8,S,YU,5621
3/3/2019,18:44,Sunday,ISLINGTON STATION,MUSC,0,0,W,BD,5154
3/3/2019,19:09,Sunday,SPADINA YUS STATION,TUSC,0,0,S,YU,5951
3/3/2019,19:30,Sunday,DONLANDS STATION,SUDP,3,7,E,BD,5146
3/3/2019,20:45,Sunday,ST GEORGE YUS STATION,TUSC,0,0,S,YU,5976
3/3/2019,21:04,Sunday,VAUGHAN MC STATION,SUCOL,12,17,N,YU,5951
3/3/2019,21:38,Sunday,DUNDAS WEST STATION,SUO,0,0,,BD,0
3/3/2019,22:00,Sunday,YUS/BD/SHEPPARD SUBWAY,MUO,0,0,,YU/BD,0
3/3/2019,22:03,Sunday,SHERBOURNE STATION,SUDP,0,0,,BD,0
3/3/2019,22:15,Sunday,BLOOR DANFORTH SUBWAY,MUGD,0,0,,BD,0
3/3/2019,23:14,Sunday,SPADINA YUS STATION,MUPAA,4,9,N,YU,6071
3/4/2019,01:35,Monday,KENNEDY BD STATION,TUSC,0,0,E,BD,5193
3/4/2019,02:47,Monday,SHEPPARD STATION,MUSC,0,0,N,YU,6021
3/4/2019,05:34,Monday,DUPONT STATION,TUSC,0,0,S,YU,5696
3/4/2019,05:51,Monday,KENNEDY BD STATION,TUNIP,0,0,W,BD,5174
3/4/2019,05:55,Monday,COXWELL STATION,MUSC,0,0,E,BD,5144
3/4/2019,06:00,Monday,GREENWOOD STATION,TUO,10,15,E,BD,5206
3/4/2019,06:20,Monday,VICTORIA PARK STATION,MUSC,0,0,E,BD,5660
3/4/2019,06:22,Monday,SHEPPARD WEST STATION,MUATC,12,16,N,YU,5531
3/4/2019,06:25,Monday,KENNEDY BD STATION,MUNOA,3,5,W,BD,5242
3/4/2019,06:30,Monday,KENNEDY BD STATION,TUKEY,3,5,W,BD,5005
3/4/2019,06:40,Monday,KIPLING STATION,MUSC,0,0,E,BD,5178
3/4/2019,06:46,Monday,BAY STATION,EUDO,0,0,W,BD,5357
3/4/2019,07:03,Monday,KIPLING STATION,TUSC,0,0,E,BD,5302
3/4/2019,08:05,Monday,WARDEN STATION,MUPAA,0,0,E,BD,5098
3/4/2019,08:21,Monday,FINCH STATION,MUSC,0,0,S,YU,5531
3/4/2019,08:35,Monday,ST GEORGE BD STATION,MUIR,0,0,E,BD,5193
3/4/2019,08:38,Monday,LAWRENCE EAST STATION,MRTO,5,10,N,SRT,3023
3/4/2019,08:57,Monday,DUPONT STATION,MUO,0,0,N,YU,5636
3/4/2019,08:59,Monday,KIPLING STATION,TUSC,0,0,E,BD,5302
3/4/2019,09:48,Monday,KIPLING STATION,MUSC,0,0,W,BD,5046
3/4/2019,09:50,Monday,HIGHWAY 407 STATION,PUMEL,0,0,,YU,0
3/4/2019,09:54,Monday,BESSARION STATION,MUI,14,19,W,SHP,6151
3/4/2019,10:45,Monday,DAVISVILLE STATION,MUIR,4,6,N,YU,5536
3/4/2019,10:49,Monday,ST CLAIR WEST STATION,SUDP,0,0,S,YU,5646
3/4/2019,10:53,Monday,KIPLING STATION,TUSC,0,0,W,BD,5302
3/4/2019,11:22,Monday,WARDEN STATION,TUSC,0,0,E,BD,5078
3/4/2019,11:26,Monday,DON MILLS STATION,PUMEL,0,0,,SHP,0
3/4/2019,12:08,Monday,BLOOR DANFORTH SUBWAY,MUO,0,0,,BD,0
3/4/2019,12:45,Monday,KENNEDY BD STATION,MUPAA,0,0,E,BD,5270
3/4/2019,13:21,Monday,COXWELL STATION,MUCL,7,10,W,BD,5362
3/4/2019,13:32,Monday,COXWELL STATION,MUCL,6,9,E,BD,5142
3/4/2019,14:04,Monday,YORK MILLS STATION,MUNCA,0,0,,YU,0
3/4/2019,14:20,Monday,ST CLAIR STATION,MUIE,4,8,N,YU,5391
3/4/2019,14:40,Monday,KIPLING STATION,MUSC,0,0,E,BD,5137
3/4/2019,14:45,Monday,DUFFERIN STATION,MUPAA,3,6,W,BD,5026
3/4/2019,15:42,Monday,OSGOODE STATION,MUIS,0,0,,YU,0
3/4/2019,15:43,Monday,DON MILLS STATION,MUPAA,0,0,E,SHP,6156
3/4/2019,15:46,Monday,KIPLING STATION,MUSC,0,0,E,BD,5306
3/4/2019,15:53,Monday,CASTLE FRANK STATION,PUSNT,0,0,W,BD,5339
3/4/2019,16:03,Monday,YORKDALE STATION,PUMEL,0,0,,YU,0
3/4/2019,16:15,Monday,KENNEDY BD STATION,MUIS,0,0,,BD,0
3/4/2019,16:46,Monday,YORKDALE STATION,MUATC,0,0,S,YU,5786
3/4/2019,16:54,Monday,COXWELL STATION,TUNIP,4,6,E,BD,5150
3/4/2019,17:30,Monday,DUPONT STATION,TUATC,6,9,N,YU,5906
3/4/2019,18:45,Monday,SHEPPARD STATION,TUMVS,0,0,N,YU,5706
3/4/2019,18:50,Monday,FINCH STATION,MUIS,0,0,,YU,0
3/4/2019,18:54,Monday,BLOOR STATION,EUSC,0,0,S,YU,5656
3/4/2019,19:45,Monday,DUNDAS STATION,SUAP,0,0,,YU,0
3/4/2019,21:01,Monday,ST GEORGE YUS STATION,TUSC,0,0,N,YU,5876
3/4/2019,21:45,Monday,DUNDAS WEST STATION,MUIS,0,0,,BD,0
3/4/2019,21:46,Monday,BLOOR STATION,SUDP,3,6,S,YU,5766
3/4/2019,21:50,Monday,ELLESMERE STATION,MRUI,0,0,,SRT,0
3/4/2019,22:00,Monday,YUS/BD/SHEPPARD SUBWAY,MUO,0,0,,YU/BD,0
3/4/2019,23:00,Monday,ST CLAIR WEST STATION,MUATC,0,0,N,YU,5776
3/4/2019,23:13,Monday,WARDEN STATION,SUUT,11,16,W,BD,5103
3/4/2019,23:38,Monday,JANE STATION,MUIS,0,0,E,BD,0
3/5/2019,00:20,Tuesday,ISLINGTON STATION,MUIR,5,9,E,BD,5257
3/5/2019,01:08,Tuesday,GREENWOOD STATION,TUSC,0,0,W,BD,5334
3/5/2019,01:08,Tuesday,GREENWOOD STATION,TUSC,0,0,W,BD,5334
3/5/2019,02:56,Tuesday,KEELE STATION,SUO,0,0,,BD,0
3/5/2019,03:46,Tuesday,ROYAL YORK STATION,MUIE,0,0,W,BD,0
3/5/2019,06:06,Tuesday,KENNEDY BD STATION,MUSC,0,0,E,BD,5119
3/5/2019,06:26,Tuesday,GREENWOOD YARD,EUSC,0,0,W,BD,5302
3/5/2019,06:46,Tuesday,DOWNSVIEW PARK STATION,EUDO,10,14,S,YU,5451
3/5/2019,06:55,Tuesday,COXWELL STATION,MUSC,0,0,E,BD,5091
3/5/2019,06:57,Tuesday,LAWRENCE EAST STATION,MRTO,7,12,N,SRT,3013
3/5/2019,06:58,Tuesday,KENNEDY BD STATION,MUSC,0,0,W,BD,5060
3/5/2019,07:00,Tuesday,DONLANDS STATION,EUAC,3,5,E,BD,5313
3/5/2019,07:07,Tuesday,KENNEDY BD STATION,MUSC,0,0,W,BD,5116
3/5/2019,07:17,Tuesday,MAIN STREET STATION,MUO,4,6,E,BD,5211
3/5/2019,07:50,Tuesday,FINCH STATION,MUNCA,0,0,,YU,0
3/5/2019,07:55,Tuesday,KENNEDY BD STATION,EUSC,0,0,W,BD,5119
3/5/2019,07:56,Tuesday,EGLINTON STATION,TUATC,0,0,S,YU,5691
3/5/2019,08:45,Tuesday,BATHURST STATION,MUIR,3,5,E,BD,5211
3/5/2019,08:52,Tuesday,CHESTER STATION,MUPAA,0,0,W,BD,5137
3/5/2019,09:49,Tuesday,KENNEDY SRT STATION,MRO,5,11,N,SRT,3025
3/5/2019,11:25,Tuesday,VAUGHAN MC STATION,MUI,0,0,S,YU,5511
3/5/2019,11:27,Tuesday,JANE STATION,TUSC,0,0,W,BD,5371
3/5/2019,11:43,Tuesday,KIPLING STATION,PUMEL,0,0,E,BD,0
3/5/2019,11:56,Tuesday,BATHURST STATION,MUIR,3,6,W,BD,5262
3/5/2019,12:29,Tuesday,VICTORIA PARK STATION,MUSC,0,0,W,BD,5288
3/5/2019,13:23,Tuesday,COXWELL STATION,MUCL,5,8,W,BD,5139
3/5/2019,15:18,Tuesday,SHEPPARD STATION,PUSTS,3,6,N,YU,5846
3/5/2019,15:32,Tuesday,FINCH STATION,MUSC,0,0,S,YU,5841
3/5/2019,15:50,Tuesday,WELLESLEY STATION,MUPAA,0,0,N,YU,6051
3/5/2019,17:07,Tuesday,SHEPPARD STATION,PUSTS,0,0,N,YU,6011
3/5/2019,17:23,Tuesday,DUNDAS STATION,MUIRS,0,0,N,YU,0
3/5/2019,17:29,Tuesday,MUSEUM STATION,MUIS,0,0,N,YU,5561
3/5/2019,17:32,Tuesday,MUSEUM STATION,MUIS,0,0,S,YU,0
3/5/2019,18:07,Tuesday,FINCH STATION,MUSC,0,0,S,YU,6891
3/5/2019,18:10,Tuesday,COLLEGE STATION,MUPAA,4,6,N,YU,5436
3/5/2019,18:20,Tuesday,ROSEDALE STATION,MUPAA,0,0,N,YU,5511
3/5/2019,18:29,Tuesday,HIGHWAY 407 STATION,EUNT,4,6,S,YU,5896
3/5/2019,19:26,Tuesday,KIPLING STATION,MUTO,5,8,E,BD,5020
3/5/2019,19:45,Tuesday,EGLINTON STATION,SUO,3,6,S,YU,5686
3/5/2019,20:33,Tuesday,FINCH STATION,EUBK,3,6,S,YU,6796
3/5/2019,20:56,Tuesday,SHEPPARD STATION,TUMVS,0,0,N,YU,5941
3/5/2019,21:20,Tuesday,CASTLE FRANK STATION,PUMEL,0,0,,BD,0
3/5/2019,22:00,Tuesday,YUS/BD/SHEPPARD SUBWAY,MUO,0,0,,YU/BD,0
3/5/2019,22:20,Tuesday,SHEPPARD WEST STATION,EUDO,5,8,S,YU,5951
3/5/2019,22:31,Tuesday,WARDEN STATION,MUPR1,69,74,E,BD,5111
3/5/2019,22:45,Tuesday,ST GEORGE YUS STATION,EUSC,0,0,S,YU,5951
3/5/2019,23:49,Tuesday,KENNEDY BD STATION,TUSC,0,0,W,YU,5354
3/6/2019,00:21,Wednesday,ST PATRICK STATION,MUIS,0,0,,YU,0
3/6/2019,01:26,Wednesday,GREENWOOD STATION,TUSC,0,0,W,BD,5371
3/6/2019,02:20,Wednesday,GREENWOOD STATION,PUSTC,0,0,W,BD,5101
3/6/2019,05:52,Wednesday,MCCOWAN STATION,MRO,5,10,S,SRT,3004
3/6/2019,06:07,Wednesday,MCCOWAN STATION,MRTO,5,10,S,SRT,3026
3/6/2019,06:11,Wednesday,WARDEN STATION,MUSC,0,0,W,BD,5305
3/6/2019,06:32,Wednesday,DUPONT STATION,MUSC,0,0,S,YU,5551
3/6/2019,06:47,Wednesday,OLD MILL STATION,MUSC,0,0,W,BD,5305
3/6/2019,06:57,Wednesday,ISLINGTON STATION,TUSC,0,0,E,BD,5171
3/6/2019,07:39,Wednesday,KENNEDY BD STATION,EUSC,0,0,W,BD,5116
3/6/2019,07:41,Wednesday,COXWELL STATION,EUNT,8,10,W,BD,5005
3/6/2019,08:00,Wednesday,MAIN STREET STATION,TUMVS,0,0,W,BD,5242
3/6/2019,08:13,Wednesday,FINCH STATION,MUSC,0,0,S,YU,5841
3/6/2019,08:23,Wednesday,ROYAL YORK STATION,MUDD,0,0,E,BD,5336
3/6/2019,08:27,Wednesday,WOODBINE STATION,MUSC,0,0,W,BD,5188
3/6/2019,08:33,Wednesday,DAVISVILLE STATION,PUSIS,0,0,S,YU,5841
3/6/2019,08:38,Wednesday,KENNEDY BD STATION,MUSC,3,5,W,BD,5237
3/6/2019,08:48,Wednesday,COLLEGE STATION,MUI,11,13,N,YU,5726
3/6/2019,08:48,Wednesday,ST GEORGE BD STATION,MUIR,6,8,E,BD,5210
3/6/2019,09:05,Wednesday,BLOOR STATION,MUSC,0,0,S,YU,6106
3/6/2019,09:05,Wednesday,ROSEDALE STATION,MUPAA,0,0,N,YU,5946
3/6/2019,09:29,Wednesday,SCARB CTR STATION,MRTO,5,10,N,SRT,3003
3/6/2019,09:35,Wednesday,VICTORIA PARK STATION,EUSC,0,0,W,BD,5116
3/6/2019,09:44,Wednesday,DUNDAS STATION,MUIS,0,0,,YU,0
3/6/2019,09:45,Wednesday,KENNEDY BD STATION,SUDP,0,0,,BD,0
3/6/2019,09:48,Wednesday,MAIN STREET STATION,MUNCA,0,0,,BD,0
3/6/2019,10:04,Wednesday,JANE STATION,SUSP,7,10,W,BD,5116
3/6/2019,10:10,Wednesday,VICTORIA PARK STATION,MUTO,4,7,W,BD,5053
3/6/2019,10:49,Wednesday,BLOOR STATION,MUIS,0,0,,YU,0
3/6/2019,10:55,Wednesday,DONLANDS STATION,EUNT,4,7,W,BD,5060
3/6/2019,11:17,Wednesday,FINCH STATION,SUDP,0,0,,YU,0
3/6/2019,11:25,Wednesday,SHEPPARD WEST STATION,MUPAA,0,0,N,YU,5821
3/6/2019,11:42,Wednesday,BLOOR DANFORTH SUBWAY,MUGD,0,0,,BD,0
3/6/2019,11:59,Wednesday,VICTORIA PARK STATION,SUAP,7,10,W,BD,5262
3/6/2019,12:26,Wednesday,DONLANDS STATION,PUSI,0,0,W,BD,5101
3/6/2019,13:03,Wednesday,VICTORIA PARK STATION,TUMVS,0,0,E,BD,5336
3/6/2019,13:30,Wednesday,ST GEORGE BD STATION,MUTO,0,0,W,BD,5176
3/6/2019,14:06,Wednesday,KIPLING STATION,EUNT,7,10,E,BD,5150
3/6/2019,14:13,Wednesday,NORTH YORK CTR STATION,SUDP,12,16,S,YU,5541
3/6/2019,14:24,Wednesday,FINCH STATION,PUSNT,0,0,S,YU,5926
3/6/2019,15:53,Wednesday,PAPE STATION,SUDP,4,7,E,BD,5091
3/6/2019,15:57,Wednesday,EGLINTON WEST STATION,MUI,17,20,N,YU,6086
3/6/2019,16:05,Wednesday,HIGH PARK STATION,TUOS,5,7,W,BD,5348
3/6/2019,16:25,Wednesday,WARDEN STATION,PUSIS,0,0,W,BD,5354
3/6/2019,16:30,Wednesday,BLOOR STATION,MUSC,0,0,S,YU,5801
3/6/2019,16:57,Wednesday,DUFFERIN STATION,MUI,4,7,W,BD,5080
3/6/2019,17:36,Wednesday,YORK MILLS STATION,SUDP,0,0,N,YU,6116
3/6/2019,18:31,Wednesday,COLLEGE STATION,MUIS,0,0,,YU,0
3/6/2019,18:31,Wednesday,LAWRENCE STATION,SUO,9,12,N,YU,5471
3/6/2019,18:39,Wednesday,FINCH STATION,TUSC,0,0,N,YU,5461
3/6/2019,19:04,Wednesday,QUEEN STATION,MUIR,4,6,S,YU,5836
3/6/2019,19:12,Wednesday,UNION STATION,MUIRS,0,0,,YU,0
3/6/2019,19:22,Wednesday,ST CLAIR STATION,MUIR,5,8,S,YU,5841
3/6/2019,19:35,Wednesday,LANSDOWNE STATION,MUIR,7,10,W,BD,5157
3/6/2019,19:56,Wednesday,SHEPPARD STATION,EUSC,0,0,N,YU,5416
3/6/2019,20:01,Wednesday,SHEPPARD STATION,TUSC,0,0,E,SHP,6186
3/6/2019,20:07,Wednesday,YORK MILLS STATION,MUIS,0,0,,YU,3150
3/6/2019,21:12,Wednesday,FINCH STATION,MUSC,0,0,S,YU,5561
3/6/2019,21:36,Wednesday,ISLINGTON STATION,EUBK,0,0,E,BD,5237
3/6/2019,21:53,Wednesday,BESSARION STATION,MUI,16,21,W,SHP,6151
3/6/2019,22:00,Wednesday,YUS/BD/SHEPPARD SUBWAY,MUO,0,0,,YU/BD,0
3/6/2019,22:09,Wednesday,OSSINGTON STATION,MUIS,0,0,,BD,0
3/6/2019,23:00,Wednesday,ST CLAIR WEST STATION,MUATC,0,0,N,,0
3/7/2019,05:46,Thursday,COXWELL STATION,MUSC,0,0,E,BD,5220
3/7/2019,05:59,Thursday,DUPONT STATION,MUSC,0,0,S,YU,5546
3/7/2019,06:23,Thursday,FINCH STATION,EUSC,0,0,S,YU,5601
3/7/2019,06:24,Thursday,DUPONT STATION,MUSC,0,0,S,YU,5976
3/7/2019,06:26,Thursday,SHEPPARD WEST STATION,EUDO,9,12,S,YU,5446
3/7/2019,07:07,Thursday,GREENWOOD YARD,MUSC,0,0,E,BD,5099
3/7/2019,08:02,Thursday,MCCOWAN STATION,ERDO,6,11,S,SRT,3018
3/7/2019,08:19,Thursday,SHEPPARD STATION,MUPAA,5,7,N,YU,5471
3/7/2019,08:37,Thursday,DUPONT STATION,TUATC,4,6,N,YU,5711
3/7/2019,08:42,Thursday,ST CLAIR WEST STATION,MUIR,0,0,N,YU,5711
3/7/2019,08:53,Thursday,BLOOR STATION,MUIR,0,0,S,YU,5571
3/7/2019,09:35,Thursday,KEELE STATION,MUSC,0,0,W,BD,5178
3/7/2019,09:41,Thursday,KING STATION,PUSNT,0,0,N,YU,5456
3/7/2019,10:17,Thursday,QUEEN STATION,MUIR,0,0,S,YU,6131
3/7/2019,10:27,Thursday,DAVISVILLE STATION,MUPAA,3,5,N,YU,5996
3/7/2019,11:16,Thursday,ST CLAIR STATION,TUSC,0,0,N,YU,5721
3/7/2019,11:45,Thursday,YONGE BD STATION,MUDD,3,6,W,BD,5208
3/7/2019,11:48,Thursday,ST GEORGE YUS STATION,MUSC,3,6,S,YU,5906
3/7/2019,11:54,Thursday,SPADINA YUS STATION,SUAP,0,0,,YU,0
3/7/2019,12:06,Thursday,KING STATION,PUSNT,0,0,N,YU,5926
3/7/2019,12:27,Thursday,PAPE STATION,PUMEL,0,0,,BD,0
3/7/2019,12:55,Thursday,ST CLAIR STATION,TUOS,0,0,N,YU,5921
3/7/2019,13:57,Thursday,DUNDAS WEST STATION,PUMEL,0,0,,BD,0
3/7/2019,14:03,Thursday,SHEPPARD WEST STATION,MUCL,5,8,S,YU,5841
3/7/2019,14:18,Thursday,YORK UNIVERSITY STATIO,MUIS,0,0,,YU,0
3/7/2019,14:21,Thursday,YORK MILLS STATION,SUDP,6,10,N,YU,5696
3/7/2019,14:33,Thursday,EGLINTON WEST STATION,MUPAA,0,0,N,YU,5821
3/7/2019,14:42,Thursday,DONLANDS STATION,MUCL,3,5,W,BD,5365
3/7/2019,14:57,Thursday,FINCH STATION,MUIE,3,7,S,YU,5696
3/7/2019,15:12,Thursday,QUEEN STATION,PUMST,0,0,,YU,0
3/7/2019,15:23,Thursday,LAWRENCE STATION,MUPAA,3,7,N,YU,5481
3/7/2019,15:25,Thursday,KIPLING STATION,TUO,2,4,E,BD,5324
3/7/2019,15:38,Thursday,KIPLING STATION,TUSC,0,0,W,BD,5230
3/7/2019,16:21,Thursday,KEELE STATION,EUBK,3,5,E,BD,5278
3/7/2019,16:24,Thursday,KIPLING STATION,TUSC,0,0,W,BD,5278
3/7/2019,17:04,Thursday,KIPLING STATION,MUIS,0,0,,BD,0
3/7/2019,17:10,Thursday,DUNDAS STATION,PUMST,0,0,,YU,0
3/7/2019,17:10,Thursday,KIPLING STATION,TUSC,0,0,E,BD,5237
3/7/2019,17:20,Thursday,QUEEN STATION,SUDP,0,0,N,YU,0
3/7/2019,18:05,Thursday,SHEPPARD STATION,MUPAA,0,0,N,YU,5936
3/7/2019,18:09,Thursday,DOWNSVIEW PARK STATION,SUO,33,35,N,YU,5396
3/7/2019,18:15,Thursday,MCCOWAN STATION,MRNOA,5,10,S,SRT,3017
3/7/2019,19:00,Thursday,DAVISVILLE STATION,EUBO,3,5,S,YU,5416
3/7/2019,20:18,Thursday,MCCOWAN STATION,TRSET,5,10,S,SRT,3017
3/7/2019,20:25,Thursday,DUPONT STATION,MUSC,0,0,S,YU,5456
3/7/2019,20:48,Thursday,KENNEDY BD STATION,MUI,3,6,E,BD,5216
3/7/2019,21:04,Thursday,NORTH YORK CTR STATION,MUPAA,0,0,N,YU,5926
3/7/2019,21:13,Thursday,DUNDAS STATION,SUAE,0,0,N,YU,0
3/7/2019,21:17,Thursday,GREENWOOD STATION,PUSNT,0,0,E,BD,5257
3/7/2019,21:30,Thursday,LAWRENCE EAST STATION,MRDD,0,0,S,SRT,0
3/7/2019,22:00,Thursday,YUS/BD/SHEPPARD SUBWAY,MUO,0,0,,YU/BD,0
3/7/2019,23:00,Thursday,ST CLAIR WEST TO UNION,MUATC,0,0,N,YU,5606
3/7/2019,23:09,Thursday,WARDEN STATION,TUSC,0,0,W,BD,5178
3/7/2019,23:26,Thursday,WILSON STATION,MUIS,0,0,,YU,0
3/8/2019,03:41,Friday,VICTORIA PARK STATION,SUCOL,0,0,,BD,0
3/8/2019,03:49,Friday,QUEEN STATION,SUCOL,0,0,,YU,0
3/8/2019,05:55,Friday,COXWELL STATION,MUSC,0,0,E,BD,5271
3/8/2019,06:00,Friday,COXWELL STATION,MUSC,0,0,E,BD,5147
3/8/2019,06:26,Friday,DOWNSVIEW PARK STATION,EUNT,8,12,N,YU,5466
3/8/2019,06:28,Friday,SHEPPARD WEST STATION,EUDO,5,9,N,YU,5421
3/8/2019,06:28,Friday,YONGE SHP STATION,MUIR,3,8,E,SHP,6176
3/8/2019,06:30,Friday,COXWELL STATION,MUSC,0,0,E,BD,5206
3/8/2019,06:57,Friday,DONLANDS STATION,EUBK,0,0,W,BD,5255
3/8/2019,07:20,Friday,KENNEDY BD STATION,MUSC,0,0,W,BD,5106
3/8/2019,07:33,Friday,JANE STATION,EUBK,3,5,E,BD,5291
3/8/2019,08:07,Friday,ST CLAIR STATION,MUPAA,0,0,S,YU,6071
3/8/2019,08:33,Friday,OSSINGTON STATION,MUPAA,0,0,E,BD,5145
3/8/2019,08:54,Friday,ST CLAIR STATION,TUSC,0,0,N,YU,5931
3/8/2019,11:56,Friday,SHEPPARD STATION,SUAP,0,0,W,SHP,6141
3/8/2019,12:02,Friday,DOWNSVIEW PARK STATION,MUSAN,3,6,N,YU,5841
3/8/2019,12:24,Friday,KING STATION,PUMST,0,0,N,YU,0
3/8/2019,13:09,Friday,YONGE UNIVERSITY LINE,MUGD,0,0,,YU,0
3/8/2019,13:11,Friday,BLOOR STATION,MUO,4,7,N,YU,5526
3/8/2019,13:19,Friday,BAYVIEW STATION,PUSO,3,8,W,SHP,6171
3/8/2019,13:35,Friday,COLLEGE STATION,MUPAA,6,9,N,YU,5981
3/8/2019,14:10,Friday,GREENWOOD CARHOUSE,PUMO,0,0,,BD,0
3/8/2019,14:26,Friday,BATHURST STATION,PUMST,0,0,,BD,0
3/8/2019,15:44,Friday,PAPE STATION,EUSC,5,7,W,BD,5368
3/8/2019,16:01,Friday,CHRISTIE STATION,MUD,3,5,W,BD,5368
3/8/2019,16:12,Friday,GREENWOOD STATION,PUTSC,11,13,W,BD,5153
3/8/2019,16:19,Friday,FINCH STATION,MUSC,0,0,S,YU,6026
3/8/2019,16:37,Friday,JANE STATION,EUBK,0,0,W,BD,5229
3/8/2019,16:52,Friday,SHEPPARD WEST STATION,TUSUP,3,6,S,YU,5906
3/8/2019,16:55,Friday,DUPONT STATION,MUSC,0,0,N,YU,5976
3/8/2019,17:00,Friday,QUEEN STATION,MUNCA,0,0,,YU,0
3/8/2019,17:04,Friday,ST GEORGE YUS STATION,PUMEL,0,0,,YU,0
3/8/2019,17:18,Friday,SHEPPARD WEST STATION,MUIS,0,0,,YU,0
3/8/2019,18:05,Friday,COXWELL STATION,TUSC,0,0,W,BD,5319
3/8/2019,18:12,Friday,KENNEDY BD STATION,TUSC,0,0,E,BD,5148
3/8/2019,18:13,Friday,PIONEER VILLAGE STATIO,MUIS,0,0,,YU,0
3/8/2019,18:24,Friday,WARDEN STATION,EUBK,0,0,E,BD,5307
3/8/2019,18:31,Friday,CHESTER STATION,MUO,3,6,W,BD,5205
3/8/2019,18:54,Friday,DONLANDS STATION,MUIS,0,0,E,BD,0
3/8/2019,19:01,Friday,MIDLAND STATION,SRO,5,10,S,SRT,3012
3/8/2019,19:03,Friday,HIGH PARK STATION,MUIR,9,11,E,BD,5280
3/8/2019,19:04,Friday,FINCH STATION,MUSC,0,0,S,YU,6026
3/8/2019,20:10,Friday,WELLESLEY STATION,SUAP,0,0,,YU,0
3/8/2019,20:51,Friday,KENNEDY BD STATION,TUSC,0,0,E,BD,5341
3/8/2019,20:52,Friday,FINCH STATION,EUNT,8,11,S,YU,5571
3/8/2019,21:02,Friday,FINCH WEST STATION,MUIS,0,0,,YU,0
3/8/2019,21:09,Friday,HIGH PARK STATION,MUIR,9,11,W,BD,5345
3/8/2019,21:53,Friday,YORK UNIVERSITY STATIO,SUDP,3,6,N,YU,6016
3/8/2019,22:00,Friday,YONGE UNIVERSITY LINE,MUO,0,0,,YU,0
3/9/2019,00:05,Saturday,ST GEORGE YUS STATION,TUMVS,8,13,S,YU,5881
3/9/2019,00:08,Saturday,KIPLING STATION,MUSC,0,0,W,BD,5214
3/9/2019,00:22,Saturday,ISLINGTON STATION,SUDP,0,0,,BD,0
3/9/2019,00:22,Saturday,KEELE STATION,MUSC,0,0,W,BD,5358
3/9/2019,00:27,Saturday,RUNNYMEDE STATION,MUSC,0,0,W,BD,5358
3/9/2019,00:42,Saturday,DUNDAS STATION,MUIRS,0,0,,YU,0
3/9/2019,01:05,Saturday,CHESTER STATION,SUDP,0,0,,BD,0
3/9/2019,01:38,Saturday,VAUGHAN MC STATION,MUI,0,0,,YU,0
3/9/2019,02:25,Saturday,FINCH STATION,MUIS,0,0,,YU,0
3/9/2019,05:49,Saturday,KIPLING STATION,TUSC,0,0,E,BD,5271
3/9/2019,05:54,Saturday,EGLINTON STATION,MUIRS,0,0,,YU,0
3/9/2019,08:26,Saturday,OSSINGTON STATION,TUSC,0,0,W,BD,5227
3/9/2019,08:39,Saturday,LAWRENCE STATION,MUSC,3,8,S,YU,5486
3/9/2019,10:08,Saturday,CHESTER STATION,TUSC,0,0,E,BD,5263
3/9/2019,10:14,Saturday,OSSINGTON STATION,PUTIJ,5,9,E,BD,5304
3/9/2019,12:04,Saturday,COXWELL STATION,MUSC,0,0,E,BD,5220
3/9/2019,13:17,Saturday,LAWRENCE STATION,EUDO,10,15,N,YU,5561
3/9/2019,13:26,Saturday,MCCOWAN STATION,MRPLB,75,80,S,SRT,3012
3/9/2019,13:28,Saturday,BROADVIEW STATION,SUAP,0,0,,BD,0
3/9/2019,13:31,Saturday,ST CLAIR STATION,MUO,3,6,N,YU,5761
3/9/2019,13:40,Saturday,EGLINTON STATION,TUMVS,6,9,S,YU,5911
3/9/2019,13:54,Saturday,ST CLAIR STATION,MUTO,5,10,S,YU,5911
3/9/2019,14:21,Saturday,GREENWOOD STATION,PUTSC,6,11,W,BD,5142
3/9/2019,14:26,Saturday,VAUGHAN MC STATION,MUIS,0,0,,YU,0
3/9/2019,14:34,Saturday,WARDEN STATION,MUSC,0,0,W,BD,5191
3/9/2019,14:48,Saturday,GREENWOOD STATION,PUTSC,0,0,W,BD,5016
3/9/2019,15:31,Saturday,KIPLING STATION,MUPAA,0,0,E,BD,5369
3/9/2019,16:32,Saturday,WILSON STATION,MUI,4,7,S,YU,5646
3/9/2019,16:59,Saturday,SPADINA YUS STATION,MUIR,6,9,S,YU,6026
3/9/2019,17:23,Saturday,SHEPPARD WEST STATION,MUPAA,0,0,N,YU,5766
3/9/2019,17:37,Saturday,PIONEER VILLAGE STATIO,SUDP,0,0,,YU,0
3/9/2019,19:58,Saturday,LAWRENCE WEST STATION,SUDP,3,8,S,YU,5526
3/9/2019,20:22,Saturday,SHEPPARD WEST STATION,MUATC,3,8,S,YU,5536
3/9/2019,20:48,Saturday,SHEPPARD STATION,MUI,10,15,N,YU,5526
3/9/2019,21:16,Saturday,LAWRENCE WEST STATION,PUMEL,0,0,,YU,0
3/9/2019,21:30,Saturday,BLOOR DANFORTH SUBWAY,TUST,0,0,,BD,0
3/9/2019,21:30,Saturday,MCCOWAN STATION TO KEN,TRST,0,0,,SRT,3005
3/9/2019,22:00,Saturday,YUS/BD/SHEPPARD SUBWAY,MUO,0,0,,YU/BD,0
3/9/2019,22:06,Saturday,GREENWOOD STATION,PUTSC,0,0,W,BD,5227
3/9/2019,22:07,Saturday,QUEEN'S PARK STATION,TUSC,0,0,S,YU,5431
3/9/2019,22:16,Saturday,FINCH STATION,MUSC,0,0,,YU,5886
3/9/2019,22:29,Saturday,YONGE UNIVERSITY LINE,TUST,0,0,,YU,0
3/9/2019,23:53,Saturday,KIPLING STATION,MUSC,0,0,W,BD,5016
3/10/2019,01:56,Sunday,OSGOODE STATION,SUDP,0,0,,YU,0
3/10/2019,03:27,Sunday,KENNEDY BD STATION,MUIS,0,0,,BD,0
3/10/2019,07:43,Sunday,YORKDALE STATION,MUATC,5,9,S,YU,6066
3/10/2019,07:57,Sunday,MCCOWAN STATION,MRO,4,0,S,SRT,3004
3/10/2019,08:00,Sunday,KENNEDY BD STATION,TUSC,0,0,W,BD,5142
3/10/2019,08:07,Sunday,DONLANDS STATION,EUBO,7,12,W,BD,5336
3/10/2019,08:10,Sunday,YONGE SHP STATION,MUSC,0,0,E,SHP,6196
3/10/2019,08:28,Sunday,VAUGHAN MC STATION,EUBO,5,10,S,YU,5821
3/10/2019,08:34,Sunday,VICTORIA PARK STATION,MUSC,0,0,E,BD,5134
3/10/2019,10:05,Sunday,CHRISTIE STATION,SUDP,3,7,E,BD,5118
3/10/2019,11:14,Sunday,UNION STATION,MUIR,4,8,N,YU,5801
3/10/2019,12:21,Sunday,ROYAL YORK STATION,MUSC,0,0,,BD,5302
3/10/2019,12:35,Sunday,DUPONT STATION,TUATC,0,0,N,YU,5781
3/10/2019,13:03,Sunday,YONGE SHP STATION,MUPAA,0,0,E,SHP,6171
3/10/2019,13:23,Sunday,MUSEUM STATION,TUSC,0,0,N,YU,5476
3/10/2019,14:13,Sunday,GREENWOOD STATION,PUTSC,0,0,W,BD,5182
3/10/2019,14:37,Sunday,BLOOR STATION,MUIR,9,13,N,YU,5836
3/10/2019,14:42,Sunday,DUNDAS STATION,SUDP,0,0,S,YU,0
3/10/2019,14:47,Sunday,WILSON STATION,PUMEL,0,0,,YU,0
3/10/2019,14:59,Sunday,BATHURST STATION,MUSAN,5,10,E,BD,5237
3/10/2019,15:00,Sunday,WARDEN STATION,SUDP,0,0,,BD,0
3/10/2019,15:03,Sunday,KING STATION,MUPAA,0,0,N,YU,5611
3/10/2019,15:07,Sunday,ROYAL YORK STATION,EUBK,0,0,W,BD,5264
3/10/2019,15:25,Sunday,YORK MILLS STATION,TUSC,0,0,S,YU,5476
3/10/2019,17:22,Sunday,ISLINGTON STATION,MUSC,0,0,E,BD,5096
3/10/2019,17:29,Sunday,ROSEDALE STATION,MUSC,0,0,N,YU,5471
3/10/2019,18:23,Sunday,OLD MILL STATION,MUNCA,0,0,,BD,0
3/10/2019,18:53,Sunday,GREENWOOD STATION,PUTSC,5,10,W,BD,5142
3/10/2019,19:01,Sunday,JANE STATION,MUPAA,3,8,E,BD,5211
3/10/2019,19:17,Sunday,VICTORIA PARK STATION,MUSC,0,0,E,BD,5139
3/10/2019,19:41,Sunday,DUNDAS STATION,MUIS,0,0,N,YU,0
3/10/2019,19:58,Sunday,SCARB CTR STATION,ERDO,5,11,S,SRT,3016
3/10/2019,19:58,Sunday,YORK MILLS STATION,MUPAA,3,8,S,YU,5466
3/10/2019,21:02,Sunday,ST CLAIR STATION,SUO,21,26,N,YU,5481
3/10/2019,21:32,Sunday,ST ANDREW STATION,SUO,0,0,S,YU,6081
3/10/2019,21:51,Sunday,UNION STATION,SUO,0,0,N,YU,6061
3/10/2019,22:00,Sunday,YUS/BD/SHEPPARD SUBWAY,MUO,0,0,,YU/BD,0
3/10/2019,22:20,Sunday,BLOOR DANFORTH SUBWAY,MUGD,0,0,,BD,0
3/10/2019,23:00,Sunday,FINCH STATION,MUO,0,0,N,YU,5616
3/10/2019,23:03,Sunday,COXWELL STATION,MUIS,0,0,W,,0
3/10/2019,23:26,Sunday,GLENCAIRN STATION,PUMEL,0,0,,YU,0
3/10/2019,23:54,Sunday,GREENWOOD STATION,TUSC,0,0,W,BD,5336
3/11/2019,00:13,Monday,LAWRENCE STATION,PUSI,0,0,S,YU,5946
3/11/2019,00:19,Monday,YONGE BD STATION,MUIS,0,0,N,YU,0
3/11/2019,00:21,Monday,DUNDAS WEST STATION,TUNOA,4,9,E,BD,5047
3/11/2019,01:23,Monday,PAPE STATION,MUIS,0,0,,BD,0
3/11/2019,01:34,Monday,BLOOR STATION,MUIS,0,0,S,YU,0
3/11/2019,01:38,Monday,GREENWOOD STATION,MUSC,0,0,E,BD,5077
3/11/2019,01:53,Monday,OSSINGTON STATION,MUPLB,3,7,W,BD,5296
3/11/2019,02:25,Monday,SHEPPARD WEST STATION,MUIS,0,0,,YU,0
3/11/2019,02:29,Monday,MUSEUM STATION,TUSC,0,0,S,YU,6081
3/11/2019,05:28,Monday,VAUGHAN MC STATION,TUCC,6,0,S,YU,5956
3/11/2019,05:53,Monday,KIPLING STATION,TUSC,0,0,E,BD,5028
3/11/2019,05:55,Monday,COXWELL STATION,MUSC,0,0,E,BD,5191
3/11/2019,06:00,Monday,SPADINA BD STATION,EUNT,8,12,W,BD,5137
3/11/2019,06:40,Monday,ST CLAIR STATION,TUMVS,0,0,N,YU,5611
3/11/2019,06:48,Monday,DONLANDS STATION,PUSRA,5,7,W,BD,5241
3/11/2019,07:20,Monday,ROYAL YORK STATION,MUSC,3,5,W,BD,5302
3/11/2019,07:43,Monday,LAWRENCE STATION,MUIR,0,0,S,YU,6061
3/11/2019,07:43,Monday,SHEPPARD STATION,TUSC,0,0,N,YU,5941
3/11/2019,07:56,Monday,SHEPPARD WEST STATION,MUIS,0,0,,YU,0
3/11/2019,08:20,Monday,ROSEDALE STATION,EUDO,4,6,N,YU,5446
3/11/2019,08:28,Monday,DUNDAS STATION,MUIR,5,7,N,YU,5791
3/11/2019,08:33,Monday,SPADINA BD STATION,MUIS,0,0,,BD,0
3/11/2019,09:38,Monday,NORTH YORK CTR STATION,MUTD,0,0,S,YU,6126
3/11/2019,11:09,Monday,NORTH YORK CTR STATION,TUSC,3,6,N,YU,5671
3/11/2019,12:43,Monday,GREENWOOD STATION,PUTSC,6,10,W,BD,5227
3/11/2019,13:14,Monday,KENNEDY BD STATION,EUBK,0,0,W,BD,5296
3/11/2019,13:19,Monday,VICTORIA PARK STATION,PUMEL,0,0,,BD,0
3/11/2019,13:37,Monday,MCCOWAN STATION,TRNIP,5,10,S,SRT,3026
3/11/2019,13:38,Monday,ISLINGTON STATION,MUSC,0,0,E,BD,5097
3/11/2019,13:54,Monday,CASTLE FRANK STATION,MUSC,0,0,E,BD,5339
3/11/2019,14:02,Monday,UNION STATION,MUO,0,0,,YU,0
3/11/2019,15:45,Monday,EGLINTON STATION,TUMVS,0,0,N,YU,5851
3/11/2019,15:54,Monday,EGLINTON STATION,TUMVS,0,0,S,YU,5876
3/11/2019,16:39,Monday,YORK MILLS STATION,TUSC,0,0,S,YU,5781
3/11/2019,16:40,Monday,SUMMERHILL STATION,MUPAA,5,7,S,YU,5946
3/11/2019,16:55,Monday,MCCOWAN PARKING LOT,MRIE,0,0,S,SRT,3026
3/11/2019,17:32,Monday,BATHURST STATION,TUSC,0,0,E,BD,5371
3/11/2019,17:32,Monday,KENNEDY BD STATION,MUSC,0,0,W,BD,5102
3/11/2019,17:44,Monday,DONLANDS STATION,MUNOA,3,5,W,BD,0
3/11/2019,19:36,Monday,COXWELL STATION,SUDP,0,0,E,BD,5371
3/11/2019,19:42,Monday,YORK MILLS STATION,TUMVS,0,0,N,YU,6026
3/11/2019,19:52,Monday,SHEPPARD WEST STATION,TUNIP,3,6,S,YU,5761
3/11/2019,19:58,Monday,ISLINGTON STATION,SUDP,3,6,E,BD,5345
3/11/2019,19:58,Monday,KIPLING STATION,MUPAA,3,5,E,BD,5160
3/11/2019,19:59,Monday,DAVISVILLE STATION,SUDP,3,6,S,YU,5956
3/11/2019,20:24,Monday,MAIN STREET STATION,MUIS,0,0,,BD,0
3/11/2019,20:30,Monday,ST GEORGE BD STATION,TUSC,0,0,W,BD,5264
3/11/2019,22:00,Monday,YUS/BD/SHEPPARD SUBWAY,MUO,0,0,,YU/BD,0
3/11/2019,22:34,Monday,WELLESLEY STATION,SUDP,4,9,S,YU,5521
3/11/2019,23:00,Monday,FINCH STATION,MUO,0,0,N,YU,5696
3/11/2019,23:20,Monday,ST GEORGE YUS STATION,SUCOL,0,0,S,YU,5496
3/11/2019,23:53,Monday,ST GEORGE BD STATION,TUMVS,0,0,W,BD,5280
3/12/2019,00:10,Tuesday,MAIN STREET STATION,MUIS,0,0,,BD,0
3/12/2019,01:55,Tuesday,CHESTER STATION,MUIE,0,0,,BD,0
3/12/2019,06:04,Tuesday,VAUGHAN MC STATION,EUBO,4,8,S,YU,5826
3/12/2019,06:24,Tuesday,ISLINGTON STATION,MUSC,0,0,E,BD,5247
3/12/2019,07:09,Tuesday,COXWELL STATION,MUSC,0,0,E,BD,5136
3/12/2019,07:22,Tuesday,DONLANDS STATION,PUSCR,5,10,E,BD,5176
3/12/2019,07:49,Tuesday,JANE STATION,SUDP,16,18,E,BD,5096
3/12/2019,08:22,Tuesday,LAWRENCE STATION,PUSTS,3,5,S,YU,5381
3/12/2019,08:48,Tuesday,DUNDAS STATION,MUPAA,0,0,N,YU,5986
3/12/2019,08:56,Tuesday,COXWELL STATION,TUNIP,4,6,W,BD,0
3/12/2019,09:19,Tuesday,LESLIE STATION,MUSC,0,0,W,SHP,6171
3/12/2019,09:32,Tuesday,LAWRENCE STATION,TUMVS,3,5,N,YU,5411
3/12/2019,10:00,Tuesday,EGLINTON STATION,EUSC,0,0,N,YU,5386
3/12/2019,10:06,Tuesday,QUEEN'S PARK STATION,TUSC,0,0,S,YU,5761
3/12/2019,10:14,Tuesday,OLD MILL STATION,TUSC,0,0,E,BD,5091
3/12/2019,11:10,Tuesday,LAWRENCE STATION,PUSTS,3,6,S,YU,5766
3/12/2019,12:04,Tuesday,VICTORIA PARK STATION,PUSO,0,0,W,BD,5314
3/12/2019,13:02,Tuesday,DAVISVILLE STATION,PUMO,0,0,,BD,0
3/12/2019,13:33,Tuesday,YORKDALE STATION,PUMEL,0,0,,YU,0
3/12/2019,13:41,Tuesday,BLOOR STATION,MUPAA,3,6,N,YU,5601
3/12/2019,13:41,Tuesday,FINCH STATION,MUTO,3,6,S,YU,5936
3/12/2019,14:42,Tuesday,GREENWOOD YARD,TUSC,0,0,W,BD,5042
3/12/2019,14:56,Tuesday,GREENWOOD YARD,MUSC,0,0,W,BD,5068
3/12/2019,15:08,Tuesday,ST CLAIR STATION,SUDP,3,6,S,YU,5681
3/12/2019,16:18,Tuesday,KENNEDY BD STATION,TUSC,0,0,W,BD,5042
3/12/2019,16:25,Tuesday,ISLINGTON STATION,TUSC,0,0,W,BD,5314
3/12/2019,17:05,Tuesday,ROYAL YORK STATION,TUSC,0,0,E,BD,5078
3/12/2019,17:36,Tuesday,LANSDOWNE STATION,PUSTC,6,9,E,BD,5112
3/12/2019,18:00,Tuesday,LANSDOWNE STATION,TUO,6,9,E,BD,5189
3/12/2019,18:10,Tuesday,BLOOR STATION,MUIS,0,0,N,YU,0
3/12/2019,18:12,Tuesday,NORTH YORK CTR STATION,MUIS,0,0,S,YU,5956
3/12/2019,18:13,Tuesday,YORK MILLS STATION,TUSC,0,0,S,YU,5976
3/12/2019,18:24,Tuesday,SHEPPARD STATION,MUNCA,0,0,,YU,0
3/12/2019,18:34,Tuesday,YONGE BD STATION,MUO,4,8,E,BD,5091
3/12/2019,18:41,Tuesday,MUSEUM STATION,MUO,3,6,N,YU,5456
3/12/2019,18:59,Tuesday,ST PATRICK STATION,TUOS,5,8,S,YU,6026
3/12/2019,19:13,Tuesday,UNION STATION,MUO,5,8,S,YU,6026
3/12/2019,19:21,Tuesday,ST CLAIR STATION,MUPAA,0,0,N,YU,6011
3/12/2019,19:41,Tuesday,KIPLING STATION,TUMVS,0,0,W,BD,5028
3/12/2019,20:06,Tuesday,KENNEDY BD STATION,SUDP,0,0,,BD,0
3/12/2019,20:17,Tuesday,BLOOR STATION,SUUT,4,7,S,YU,6136
3/12/2019,21:25,Tuesday,LAWRENCE WEST STATION,SUDP,4,8,S,YU,6011
3/12/2019,21:44,Tuesday,SCARB CTR STATION,SRO,16,23,E,SRT,3003
3/12/2019,21:45,Tuesday,ST GEORGE YUS STATION,SUDP,4,9,S,YU,6011
3/12/2019,22:00,Tuesday,YUS/BD/SHEPPARD SUBWAY,MUO,0,0,,YU/BD,0
3/12/2019,22:06,Tuesday,BAY STATION,MUIS,0,0,W,BD,0
3/12/2019,22:10,Tuesday,BROADVIEW STATION,SUDP,8,12,W,BD,5146
3/12/2019,22:11,Tuesday,WARDEN STATION,TUSC,0,0,E,BD,5247
3/12/2019,22:52,Tuesday,CASTLE FRANK STATION,SUDP,4,8,E,BD,5252
3/12/2019,23:00,Tuesday,FINCH STATION,MUO,0,0,N,YU,0
3/12/2019,23:13,Tuesday,FINCH WEST STATION,MUIS,0,0,,YU,0
3/12/2019,23:15,Tuesday,BLOOR DANFORTH SUBWAY,MUGD,0,0,,BD,0
3/13/2019,00:28,Wednesday,BATHURST STATION,SUO,9,13,W,BD,5165
3/13/2019,00:43,Wednesday,WARDEN STATION,MUSC,0,0,E,BD,5047
3/13/2019,01:27,Wednesday,EGLINTON STATION,PUMO,0,0,,YU,0
3/13/2019,02:15,Wednesday,KENNEDY BD STATION,MUIS,0,0,E,BD,0
3/13/2019,03:29,Wednesday,GREENWOOD CARHOUSE,MUIE,0,0,,BD,0
3/13/2019,03:31,Wednesday,KENNEDY BD STATION,MUIS,0,0,,BD,0
3/13/2019,05:43,Wednesday,GREENWOOD STATION,PUSTS,8,10,E,BD,5269
3/13/2019,05:45,Wednesday,DONLANDS STATION,MUNCA,0,0,,BD,0
3/13/2019,05:58,Wednesday,GREENWOOD STATION,TUSC,0,0,W,BD,5264
3/13/2019,06:00,Wednesday,YONGE UNIVERSITY AND B,MUO,0,0,,YU/BD,0
3/13/2019,06:08,Wednesday,UNION STATION TO KING,EUDO,8,12,N,YU,5446
3/13/2019,06:29,Wednesday,ISLINGTON STATION,MUSC,0,0,W,BD,5002
3/13/2019,06:29,Wednesday,YONGE BD STATION,MUDD,4,8,W,BD,5320
3/13/2019,07:01,Wednesday,ISLINGTON STATION,TUKEY,5,7,E,BD,5304
3/13/2019,07:14,Wednesday,ST GEORGE BD STATION,MUIR,3,5,E,BD,5139
3/13/2019,07:18,Wednesday,GREENWOOD YARD,EUSC,0,0,E,BD,5223
3/13/2019,07:27,Wednesday,SHEPPARD STATION,TUSC,0,0,S,YU,5831
3/13/2019,07:29,Wednesday,YONGE SHP STATION,TUSC,0,0,,SHP,6161
3/13/2019,08:07,Wednesday,KEELE STATION,MUSC,0,0,W,BD,5092
3/13/2019,08:10,Wednesday,VAUGHAN MC STATION,MUIS,0,0,,YU,0
3/13/2019,08:51,Wednesday,KENNEDY BD STATION,EUAC,2,4,W,BD,5044
3/13/2019,08:56,Wednesday,MCCOWAN STATION,MRUIR,0,0,,SRT,0
3/13/2019,09:05,Wednesday,ST CLAIR WEST STATION,MUIS,0,0,S,YU,0
3/13/2019,09:38,Wednesday,WELLESLEY STATION,SUDP,4,6,N,YU,6096
3/13/2019,10:07,Wednesday,BAYVIEW STATION,TUMVS,0,0,E,SHP,6161
3/13/2019,10:08,Wednesday,BAYVIEW STATION,TUO,5,10,E,SHP,6176
3/13/2019,10:20,Wednesday,DON MILLS STATION,TUO,5,10,W,SHP,6166
3/13/2019,11:27,Wednesday,YORKDALE STATION,SUO,3,6,N,YU,5641
3/13/2019,11:36,Wednesday,QUEEN STATION,SUDP,0,0,N,YU,5671
3/13/2019,12:05,Wednesday,BLOOR STATION,MUPAA,3,6,N,YU,5816
3/13/2019,12:52,Wednesday,ST CLAIR WEST STATION,MUPAA,0,0,S,YU,5706
3/13/2019,13:35,Wednesday,KIPLING STATION,PUSSW,3,6,W,BD,5062
3/13/2019,13:48,Wednesday,COXWELL STATION,TUSC,0,0,W,BD,5086
3/13/2019,14:19,Wednesday,DAVISVILLE STATION,TUSC,0,0,S,YU,5966
3/13/2019,14:56,Wednesday,DONLANDS STATION,EUSC,0,0,W,BD,5366
3/13/2019,15:01,Wednesday,YONGE SHP STATION,TUSUP,2,7,,SHP,6166
3/13/2019,15:08,Wednesday,MAIN STREET STATION,MUSC,0,0,W,BD,5068
3/13/2019,15:10,Wednesday,DONLANDS STATION,MUIRS,0,0,W,BD,0
3/13/2019,15:40,Wednesday,ST GEORGE YUS STATION,MUPAA,3,6,N,YU,5626
3/13/2019,15:43,Wednesday,BLOOR STATION,PUMEL,0,0,,YU,0
3/13/2019,15:47,Wednesday,WILSON STATION,TUNOA,3,5,S,YU,0
3/13/2019,15:55,Wednesday,DAVISVILLE STATION,TUNOA,3,5,S,YU,0
3/13/2019,16:09,Wednesday,COXWELL STATION,MUTO,0,0,E,BD,5336
3/13/2019,16:12,Wednesday,QUEEN'S PARK STATION,TUSC,0,0,S,YU,5871
3/13/2019,16:14,Wednesday,SPADINA BD STATION,PUMEL,0,0,,BD,0
3/13/2019,16:21,Wednesday,FINCH STATION,MUSC,0,0,S,YU,5706
3/13/2019,18:10,Wednesday,COXWELL STATION,SUDP,3,5,E,BD,5320
3/13/2019,18:15,Wednesday,FINCH STATION,PUMEL,0,0,,YU,0
3/13/2019,18:28,Wednesday,ISLINGTON STATION,TUSC,0,0,W,BD,5114
3/13/2019,18:32,Wednesday,SHEPPARD WEST STATION,MUIS,0,0,,YU,0
3/13/2019,20:32,Wednesday,SHEPPARD WEST STATION,TUSUP,4,7,N,YU,5491
3/13/2019,20:58,Wednesday,ISLINGTON STATION,SUAP,0,0,,BD,0
3/13/2019,21:00,Wednesday,BLOOR STATION,MUIS,0,0,S,YU,5811
3/13/2019,21:18,Wednesday,DOWNSVIEW PARK STATION,MUIS,0,0,N,YU,0
3/13/2019,21:26,Wednesday,CHRISTIE STATION,SUO,5,9,W,BD,5130
3/13/2019,22:13,Wednesday,NORTH YORK CTR STATION,SUAP,6,11,N,YU,5411
3/13/2019,22:46,Wednesday,DAVISVILLE STATION,MUSC,0,0,S,YU,5381
3/13/2019,22:58,Wednesday,SPADINA BD STATION,MUIS,0,0,,BD,0
3/13/2019,23:00,Wednesday,FINCH STATION,MUO,0,0,N,YU,5666
3/13/2019,23:23,Wednesday,YORKDALE STATION,SUEAS,11,16,N,YU,5416
3/13/2019,23:49,Wednesday,WILSON STATION,MUIS,0,0,,YU,0
3/14/2019,00:25,Thursday,NORTH YORK CTR STATION,TUOS,3,8,N,YU,6081
3/14/2019,01:05,Thursday,ISLINGTON STATION,MUSC,0,0,E,BD,5259
3/14/2019,01:16,Thursday,KIPLING STATION,MUSC,0,0,W,BD,5118
3/14/2019,05:40,Thursday,FINCH STATION,TUNIP,3,7,S,YU,6116
3/14/2019,05:45,Thursday,GREENWOOD STATION,MUSC,0,0,E,BD,5150
3/14/2019,05:56,Thursday,FINCH STATION,SUG,3,7,S,YU,5621
3/14/2019,05:58,Thursday,COXWELL STATION,EUNT,6,10,W,BD,5062
3/14/2019,06:00,Thursday,TORONTO TRANSIT COMMIS,MRO,0,0,,SRT,0
3/14/2019,06:00,Thursday,TORONTO TRANSIT COMMIS,MUO,0,0,,SHP,0
3/14/2019,06:03,Thursday,KIPLING STATION,MUSC,0,0,E,BD,5028
3/14/2019,06:23,Thursday,JANE STATION,TUSC,0,0,W,BD,5345
3/14/2019,06:32,Thursday,KENNEDY BD STATION,MUSAN,4,8,W,BD,5237
3/14/2019,07:08,Thursday,WARDEN STATION,MUSC,0,0,E,BD,5283
3/14/2019,07:28,Thursday,KENNEDY BD STATION,MUTD,3,5,W,BD,5144
3/14/2019,08:18,Thursday,DUPONT STATION,MUATC,12,14,N,YU,5126
3/14/2019,09:17,Thursday,LAWRENCE STATION,SUDP,9,11,S,YU,5931
3/14/2019,09:51,Thursday,ISLINGTON STATION,PUMEL,0,0,E,BD,0
3/14/2019,10:01,Thursday,ST PATRICK STATION,PUMEL,0,0,,YU,0
3/14/2019,10:11,Thursday,ST PATRICK STATION,TUSC,0,0,S,YU,5786
3/14/2019,10:22,Thursday,WARDEN STATION,PUMST,0,0,,BD,0
3/14/2019,10:33,Thursday,TORONTO TRANSIT COMMIS,MUO,0,0,,YU/BD,0
3/14/2019,10:42,Thursday,KENNEDY BD STATION,EUVA,3,6,W,BD,0
3/14/2019,11:17,Thursday,BLOOR DANFORTH SUBWAY,MUGD,0,0,,BD,0
3/14/2019,11:19,Thursday,GREENWOOD STATION,PUTSC,0,0,W,BD,5192
3/14/2019,11:48,Thursday,BLOOR STATION,MUIS,0,0,S,YU,0
3/14/2019,12:00,Thursday,DUNDAS WEST STATION,EUVA,3,6,E,BD,5299
3/14/2019,12:12,Thursday,OSSINGTON STATION,TUSC,0,0,W,BD,5241
3/14/2019,12:20,Thursday,LAWRENCE STATION,SUDP,3,6,N,YU,5981
3/14/2019,12:20,Thursday,LAWRENCE STATION,SUDP,3,6,N,YU,5981
3/14/2019,13:14,Thursday,DUPONT STATION,MUATC,4,7,N,YU,6126
3/14/2019,13:14,Thursday,KIPLING STATION,MUSC,0,0,E,BD,5296
3/14/2019,13:35,Thursday,VICTORIA PARK STATION,MUSC,0,0,E,BD,5077
3/14/2019,14:15,Thursday,VAUGHAN MC STATION,MUIS,0,0,,YU,0
3/14/2019,14:19,Thursday,YORK MILLS STATION,TUO,3,6,S,YU,6101
3/14/2019,15:01,Thursday,SHERBOURNE STATION,SUAE,0,0,,BD,0
3/14/2019,15:04,Thursday,OSGOODE STATION,MUPAA,4,7,S,YU,5826
3/14/2019,15:08,Thursday,BROADVIEW STATION,SUDP,3,6,E,BD,5130
3/14/2019,15:13,Thursday,ISLINGTON STATION,PUMST,0,0,,BD,0
3/14/2019,15:23,Thursday,DAVISVILLE STATION,MUPAA,0,0,N,YU,5731
3/14/2019,16:08,Thursday,DAVISVILLE STATION,PUSI,12,15,S,YU,6131
3/14/2019,16:16,Thursday,DUPONT STATION,MUATC,8,11,N,YU,6126
3/14/2019,16:18,Thursday,BAY STATION,MUIRS,0,0,,BD,0
3/14/2019,16:22,Thursday,YORK MILLS STATION,MUDD,4,7,N,YU,5431
3/14/2019,16:43,Thursday,FINCH STATION,MUIS,0,0,,YU,0
3/14/2019,17:35,Thursday,LAWRENCE STATION,SUDP,6,9,S,YU,5801
3/14/2019,17:35,Thursday,SCARB CTR STATION,MRO,0,0,,SRT,0
3/14/2019,17:42,Thursday,WELLESLEY STATION,MUPAA,0,0,N,YU,5951
3/14/2019,17:47,Thursday,DUPONT STATION,MUPAA,3,5,S,YU,5826
3/14/2019,17:53,Thursday,BLOOR STATION,SUAE,0,0,N,YU,0
3/14/2019,18:25,Thursday,ISLINGTON STATION,MUSC,0,0,E,BD,5303
3/14/2019,18:28,Thursday,MAIN STREET STATION,MUSC,0,0,W,BD,5144
3/14/2019,18:59,Thursday,YORKDALE STATION,SUAP,0,0,,YU,0
3/14/2019,19:07,Thursday,BAY STATION,SUDP,0,0,,BD,0
3/14/2019,20:19,Thursday,MAIN STREET STATION,MUSC,0,0,W,BD,5016
3/14/2019,20:27,Thursday,OLD MILL STATION,MUSC,5,7,E,BD,5296
3/14/2019,20:40,Thursday,YONGE BD STATION,MUIS,0,0,,BD,0
3/14/2019,21:06,Thursday,VICTORIA PARK STATION,SUDP,6,10,E,BD,5296
3/14/2019,21:35,Thursday,VAUGHAN MC STATION,SUAE,0,0,N,YU,6006
3/14/2019,21:37,Thursday,ROSEDALE STATION,MUPAA,3,6,N,YU,6081
3/14/2019,21:51,Thursday,WARDEN STATION,MUSC,0,0,W,BD,5144
3/14/2019,22:00,Thursday,YUS/BD/SHEPPARD SUBWAY,MUO,0,0,,YU/BD,0
3/14/2019,22:30,Thursday,YONGE UNIVERSITY LINE,MUGD,0,0,,YU,0
3/14/2019,22:56,Thursday,SHERBOURNE STATION,MUPAA,0,0,E,BD,5283
3/14/2019,23:15,Thursday,VAUGHAN MC STATION,MUIS,0,0,,YU,0
3/15/2019,00:00,Friday,EGLINTON STATION,SUDP,6,11,N,YU,5886
3/15/2019,02:22,Friday,KENNEDY BD STATION,TUMVS,0,0,E,BD,5130
3/15/2019,05:53,Friday,COXWELL STATION,MUSC,0,0,E,BD,5211
3/15/2019,06:00,Friday,SHEPPARD LINE,MUO,0,0,,SHP,0
3/15/2019,06:00,Friday,SRT LINE,MRO,0,0,,SRT,0
3/15/2019,06:00,Friday,YUS/BD/SHEPPARD SUBWAY,MUO,0,0,,YU & BD,0
3/15/2019,06:01,Friday,COXWELL STATION,MUSC,0,0,E,BD,5091
3/15/2019,08:08,Friday,SHEPPARD STATION,SUDP,5,7,S,YU,5601
3/15/2019,08:23,Friday,LANSDOWNE STATION,PUMST,0,0,,BD,0
3/15/2019,08:33,Friday,DAVISVILLE HOSTLER,EUSC,0,0,S,YU,5566
3/15/2019,08:46,Friday,YORKDALE STATION,PUEO,0,0,,YU,0
3/15/2019,08:53,Friday,YONGE SHP STATION,TUSC,0,0,W,SHP,6171
3/15/2019,09:02,Friday,EGLINTON WEST STATION,SUDP,3,5,N,YU,5736
3/15/2019,09:10,Friday,SPADINA YUS STATION,MUDD,0,0,N,YU,5436
3/15/2019,09:14,Friday,NORTH YORK CTR STATION,SUCOL,0,0,N,YU,5931
3/15/2019,10:00,Friday,DUPONT STATION,MUATC,13,15,N,YU,6121
3/15/2019,10:11,Friday,DUPONT STATION,MUATC,3,5,N,YU,5541
3/15/2019,10:29,Friday,VAUGHAN MC STATION,TUO,8,10,S,YU,5686
3/15/2019,10:34,Friday,KING STATION,EUBK,4,7,S,YU,6136
3/15/2019,12:24,Friday,YONGE SHP STATION,MUPAA,0,0,E,SHP,6186
3/15/2019,12:34,Friday,UNION STATION,TUS,4,7,S,YU,5956
3/15/2019,12:39,Friday,KEELE STATION,MUSC,0,0,E,BD,5211
3/15/2019,13:01,Friday,LAWRENCE STATION,SUO,5,8,N,YU,6066
3/15/2019,13:31,Friday,KIPLING STATION,MUSAN,3,6,E,BD,5299
3/15/2019,14:01,Friday,KIPLING STATION,MUSC,0,0,W,BD,5036
3/15/2019,14:10,Friday,CHRISTIE STATION,SUEAS,5,8,W,BD,5238
3/15/2019,14:51,Friday,YONGE BD STATION,SUO,0,0,E,BD,0
3/15/2019,14:56,Friday,WILSON STATION,MUIR,5,8,N,YU,5471
3/15/2019,14:59,Friday,YONGE BD STATION,SUDP,3,6,W,BD,5005
3/15/2019,15:06,Friday,VAUGHAN MC STATION,MUTO,4,7,S,YU,6206
3/15/2019,15:15,Friday,YONGE SHP STATION,TUSC,0,0,E,SHP,6161
3/15/2019,15:33,Friday,BLOOR STATION,SUDP,3,6,N,YU,5871
3/15/2019,16:04,Friday,KEELE STATION,MUSC,0,0,W,BD,5238
3/15/2019,16:10,Friday,ST GEORGE BD STATION,SUPOL,156,159,W,BD,5871
3/15/2019,16:12,Friday,COLLEGE STATION,EUBK,3,5,N,YU,5866
3/15/2019,16:47,Friday,SPADINA YUS STATION,TUSC,0,0,S,YU,5416
3/15/2019,17:24,Friday,BLOOR STATION,MUO,0,0,N,YU,5751
3/15/2019,17:32,Friday,CHESTER STATION,TUSC,0,0,E,BD,5342
3/15/2019,17:53,Friday,YONGE SHP STATION,TUSC,0,0,E,SHP,6186
3/15/2019,17:59,Friday,BATHURST STATION,TUSC,0,0,E,BD,5116
3/15/2019,18:01,Friday,ST GEORGE YUS STATION,MUIE,0,0,,YU,0
3/15/2019,18:09,Friday,COLLEGE STATION,MUNCA,0,0,,YU,0
3/15/2019,18:15,Friday,SHERBOURNE STATION,MUNCA,0,0,,BD,0
3/15/2019,18:19,Friday,ROYAL YORK STATION,TUSC,0,0,E,BD,5148
3/15/2019,18:24,Friday,ISLINGTON STATION,MUSC,0,0,E,BD,5091
3/15/2019,18:36,Friday,SUMMERHILL STATION,MUPAA,4,7,N,YU,5876
3/15/2019,18:40,Friday,KIPLING STATION,MUSC,0,0,W,BD,5244
3/15/2019,18:40,Friday,ST PATRICK STATION,MUNCA,0,0,,YU,0
3/15/2019,18:43,Friday,KIPLING STATION,MUSC,0,0,E,BD,5284
3/15/2019,18:52,Friday,WARDEN STATION,MUSC,0,0,W,BD,5336
3/15/2019,19:05,Friday,WARDEN STATION,MUSC,0,0,E,BD,5181
3/15/2019,19:10,Friday,DUNDAS STATION,SUAP,0,0,,YU,0
3/15/2019,19:30,Friday,ISLINGTON STATION,MUSC,0,0,W,BD,5290
3/15/2019,19:38,Friday,EGLINTON WEST STATION,SUDP,0,0,,YU,0
3/15/2019,19:38,Friday,EGLINTON WEST STATION,SUDP,3,6,S,YU,5666
3/15/2019,19:51,Friday,KIPLING STATION,TUSC,0,0,E,BD,5191
3/15/2019,21:39,Friday,OSSINGTON STATION,MUI,15,18,E,BD,5148
3/15/2019,21:50,Friday,KIPLING STATION,MUSC,0,0,W,BD,5014
3/15/2019,21:57,Friday,KIPLING STATION,MUSC,0,0,W,BD,5341
3/15/2019,22:00,Friday,YUS/BD/SHEPPARD SUBWAY,MUO,0,0,,YU/BD,0
3/15/2019,22:15,Friday,YONGE UNIVERSITY LINE,MUGD,0,0,,YU,0
3/15/2019,22:17,Friday,ST GEORGE BD STATION,TUMVS,0,0,W,BD,5244
3/15/2019,22:57,Friday,SHEPPARD STATION,PUTO,3,8,N,YU,5416
3/16/2019,00:58,Saturday,KIPLING STATION,MUSC,0,0,W,BD,5208
3/16/2019,01:32,Saturday,ISLINGTON STATION,MUIS,0,0,,BD,0
3/16/2019,01:58,Saturday,COXWELL STATION,MUIS,0,0,,BD,0
3/16/2019,06:00,Saturday,YONGE UNIVERSITY LINE,MUO,0,0,,YU,0
3/16/2019,06:01,Saturday,COXWELL STATION,MUSC,0,0,E,BD,5150
3/16/2019,06:02,Saturday,GREENWOOD STATION,MUSAN,5,0,W,BD,5126
3/16/2019,06:03,Saturday,YONGE BD STATION,MUSAN,5,0,W,BD,5053
3/16/2019,06:20,Saturday,DUNDAS WEST STATION,TUSC,0,0,W,BD,5053
3/16/2019,06:57,Saturday,ST GEORGE YUS STATION,TUO,4,9,N,YU,5466
3/16/2019,07:06,Saturday,KING STATION,MUSC,0,0,N,YU,5651
3/16/2019,07:46,Saturday,KING STATION,MUSC,0,0,N,YU,5706
3/16/2019,08:58,Saturday,COLLEGE STATION,SUAE,0,0,,YU,0
3/16/2019,11:09,Saturday,GREENWOOD STATION,TUSC,0,0,E,BD,5157
3/16/2019,11:28,Saturday,SHEPPARD STATION,PUTO,8,13,N,YU,5386
3/16/2019,11:52,Saturday,QUEEN STATION,PUSTS,0,0,S,YU,5846
3/16/2019,11:58,Saturday,YONGE BD STATION,MUDD,5,9,W,BD,5213
3/16/2019,13:21,Saturday,SPADINA YUS STATION,MUSC,0,0,S,YU,5571
3/16/2019,14:22,Saturday,KENNEDY BD STATION,PUMEL,0,0,,BD,0
3/16/2019,15:01,Saturday,BLOOR DANFORTH SUBWAY,MUGD,0,0,,BD,0
3/16/2019,15:18,Saturday,MAIN STREET STATION,SUO,6,11,W,BD,5213
3/16/2019,15:28,Saturday,CHRISTIE STATION,TUSC,0,0,W,BD,5223
3/16/2019,17:05,Saturday,VICTORIA PARK STATION,MUSC,0,0,W,BD,5072
3/16/2019,17:18,Saturday,CHRISTIE STATION,MUIS,0,0,,BD,0
3/16/2019,17:36,Saturday,ST CLAIR STATION,MUI,12,17,S,YU,5581
3/16/2019,17:59,Saturday,YONGE BD STATION,SUBT,44,48,E,BD,5177
3/16/2019,18:00,Saturday,SPADINA BD STATION,SUDP,0,0,E,BD,5009
3/16/2019,18:06,Saturday,BLOOR STATION,SUBT,44,49,S,YU,5946
3/16/2019,18:08,Saturday,JANE STATION,TUSC,0,0,W,BD,5192
3/16/2019,18:17,Saturday,DUNDAS STATION,SUDP,0,0,,YU,0
3/16/2019,19:33,Saturday,MAIN STREET STATION,PUMST,0,0,,BD,0
3/16/2019,20:30,Saturday,WARDEN STATION,TUO,9,14,W,BD,5148
3/16/2019,20:31,Saturday,KIPLING STATION,SUDP,10,15,E,BD,5211
3/16/2019,21:06,Saturday,BLOOR STATION,MUDD,4,9,S,YU,5381
3/16/2019,21:11,Saturday,KENNEDY BD STATION,EUDO,8,13,W,BD,5192
3/16/2019,22:00,Saturday,YUS/BD/SHEPPARD SUBWAY,MUO,0,0,,YU/BD,0
3/16/2019,22:36,Saturday,ST GEORGE BD STATION,SUAE,0,0,,BD,0
3/16/2019,22:45,Saturday,SPADINA YUS STATION,TUMVS,0,0,S,YU,5406
3/16/2019,22:59,Saturday,SCARB CTR STATION,SRDP,0,0,,SRT,0
3/16/2019,23:01,Saturday,JANE STATION,SUDP,0,0,,BD,0
3/16/2019,23:33,Saturday,DUFFERIN STATION,SUDP,5,9,W,BD,5191
3/17/2019,00:15,Sunday,QUEEN STATION,MUSC,0,0,N,YU,5586
3/17/2019,00:17,Sunday,KENNEDY BD STATION,SUAE,0,0,W,BD,0
3/17/2019,00:46,Sunday,ROYAL YORK STATION,TUOS,0,0,E,BD,5211
3/17/2019,00:50,Sunday,ISLINGTON STATION,MUSC,0,0,E,BD,5215
3/17/2019,00:51,Sunday,JANE STATION,TUO,4,8,E,BD,5211
3/17/2019,00:55,Sunday,ISLINGTON STATION,MUSC,0,0,E,BD,5071
3/17/2019,02:05,Sunday,FINCH STATION,MUI,0,0,S,YU,5846
3/17/2019,02:39,Sunday,KIPLING STATION,MUIS,0,0,,BD,0
3/17/2019,07:52,Sunday,CASTLE FRANK STATION,MUNCA,0,0,,BD,0
3/17/2019,08:00,Sunday,YONGE UNIVERSITY LINE,MUO,0,0,,YU,0
3/17/2019,08:01,Sunday,ISLINGTON STATION,MUSC,0,0,E,BD,5150
3/17/2019,08:17,Sunday,ISLINGTON STATION,MUSC,0,0,E,BD,5177
3/17/2019,08:43,Sunday,QUEEN STATION,MUSC,0,0,N,YU,5836
3/17/2019,08:50,Sunday,ST GEORGE YUS STATION,TUCC,5,10,N,YU,5796
3/17/2019,08:53,Sunday,PAPE STATION,MUPAA,0,0,W,BD,5067
3/17/2019,08:59,Sunday,MIDLAND STATION,TRO,10,17,N,SRT,3023
3/17/2019,08:59,Sunday,QUEEN STATION,MUSC,0,0,N,YU,5716
3/17/2019,09:08,Sunday,ROYAL YORK STATION,TUOS,3,7,E,BD,5292
3/17/2019,09:20,Sunday,ISLINGTON STATION,MUSC,0,0,E,BD,5319
3/17/2019,09:20,Sunday,QUEEN STATION,MUSC,0,0,N,YU,5386
3/17/2019,11:02,Sunday,KIPLING STATION,MUSC,0,0,E,BD,5216
3/17/2019,11:03,Sunday,QUEEN STATION,MUSC,0,0,N,YU,5596
3/17/2019,11:06,Sunday,SCARB CTR STATION,TRTC,7,14,N,SRT,3023
3/17/2019,11:36,Sunday,FINCH WEST STATION,MUIS,0,0,N,YU,0
3/17/2019,11:49,Sunday,SHEPPARD WEST STATION,TUNIP,3,8,S,YU,5516
3/17/2019,11:51,Sunday,ELLESMERE STATION,TRNCA,0,0,,SRT,0
3/17/2019,12:28,Sunday,KEELE STATION,PUSTC,6,11,E,BD,5157
3/17/2019,12:36,Sunday,QUEEN STATION,MUSC,0,0,N,YU,5926
3/17/2019,12:44,Sunday,BAY STATION,MUPAA,3,8,W,BD,5067
3/17/2019,14:21,Sunday,ST GEORGE BD STATION,MUSAN,3,8,E,BD,5211
3/17/2019,14:25,Sunday,BAYVIEW STATION,PUOPO,5,10,E,SHP,6151
3/17/2019,16:05,Sunday,KIPLING STATION,MUSC,0,0,E,BD,5328
3/17/2019,17:05,Sunday,JANE STATION,MUNCA,0,0,,BD,0
3/17/2019,17:12,Sunday,YONGE BD STATION,MUIS,0,0,,BD,0
3/17/2019,18:06,Sunday,EGLINTON STATION,MUIRS,0,0,S,YU,5831
3/17/2019,19:39,Sunday,FINCH STATION,MUIS,0,0,,YU,0
3/17/2019,19:48,Sunday,ST ANDREW STATION,MUNCA,0,0,,YU,0
3/17/2019,20:23,Sunday,YONGE BD STATION,MUI,9,14,W,BD,5223
3/17/2019,20:53,Sunday,BAYVIEW STATION,MUPAA,0,0,E,SHP,6161
3/17/2019,21:32,Sunday,BROADVIEW STATION,SUDP,3,7,E,BD,5302
3/17/2019,22:00,Sunday,YUS/BD/SHEPPARD SUBWAY,MUO,0,0,,YU/BD,0
3/17/2019,22:23,Sunday,BLOOR DANFORTH SUBWAY,MUGD,0,0,,BD,0
3/17/2019,22:36,Sunday,FINCH STATION,PUSNT,0,0,N,YU,5586
3/17/2019,22:55,Sunday,SUMMERHILL STATION,SUDP,5,10,N,YU,5836
3/18/2019,01:23,Monday,DAVISVILLE STATION,SUUT,25,30,S,YU,5576
3/18/2019,03:09,Monday,DOWNSVIEW PARK STATION,PUMO,0,0,,YU,0
3/18/2019,05:39,Monday,YORK MILLS STATION,MUO,5,0,N,YU,0
3/18/2019,05:40,Monday,DAVISVILLE STATION,EUOE,87,89,N,YU,5651
3/18/2019,05:55,Monday,ISLINGTON STATION,MUSC,0,0,E,BD,5157
3/18/2019,05:57,Monday,KENNEDY BD STATION,EUSC,5,9,W,BD,5121
3/18/2019,06:18,Monday,BROADVIEW STATION,SUSP,32,34,W,BD,5031
3/18/2019,06:24,Monday,LAWRENCE STATION,MUIRS,0,0,S,YU,0
3/18/2019,07:17,Monday,ROSEDALE STATION,MUIR,7,9,S,YU,5946
3/18/2019,07:30,Monday,DAVISVILLE STATION,MUPAA,0,0,S,YU,5711
3/18/2019,07:39,Monday,BLOOR STATION,MUIRS,0,0,,YU,0
3/18/2019,07:40,Monday,OSGOODE STATION,TUSC,0,0,N,YU,5681
3/18/2019,07:43,Monday,EGLINTON STATION,MUPAA,0,0,S,YU,5516
3/18/2019,07:55,Monday,KENNEDY BD STATION,EUSC,0,0,W,BD,5121
3/18/2019,07:58,Monday,DUPONT STATION,EUATC,6,8,N,YU,6061
3/18/2019,08:08,Monday,DUPONT STATION,EUATC,9,11,N,YU,5711
3/18/2019,08:19,Monday,DUPONT STATION,MUATC,4,6,N,YU,5411
3/18/2019,08:36,Monday,DUPONT STATION,MUATC,3,5,N,YU,5591
3/18/2019,08:40,Monday,EGLINTON STATION,MUPAA,0,0,S,YU,5616
3/18/2019,08:52,Monday,YORKDALE STATION,SUDP,3,5,S,YU,5651
3/18/2019,09:05,Monday,SUMMERHILL STATION,MUIR,0,0,S,YU,5661
3/18/2019,09:08,Monday,DUFFERIN STATION,MUDD,7,9,E,BD,0
3/18/2019,09:12,Monday,COLLEGE STATION,MUIS,0,0,S,YU,0
3/18/2019,09:25,Monday,DUNDAS WEST STATION,TUO,3,6,W,BD,5191
3/18/2019,09:30,Monday,DUPONT STATION,MUATC,4,6,N,YU,5846
3/18/2019,10:07,Monday,LAWRENCE STATION,MUSC,0,0,S,YU,5396
3/18/2019,10:37,Monday,KIPLING STATION,TUO,3,6,E,BD,5139
3/18/2019,10:51,Monday,SCARB CTR STATION,PREL,0,0,,SRT,0
3/18/2019,12:05,Monday,PAPE STATION,PUTTC,0,0,E,BD,5328
3/18/2019,12:37,Monday,DUPONT STATION,MUPAA,0,0,S,YU,5691
3/18/2019,13:29,Monday,MUSEUM STATION,MUPAA,4,7,S,YU,5611
3/18/2019,13:43,Monday,YONGE BD STATION,MUSC,0,0,E,BD,5351
3/18/2019,14:08,Monday,ISLINGTON STATION,PUMEL,0,0,,BD,0
3/18/2019,14:28,Monday,DAVISVILLE STATION,PUMEL,0,0,,YU,0
3/18/2019,14:36,Monday,KENNEDY BD STATION,MUIS,0,0,,BD,8830
3/18/2019,15:05,Monday,MCCOWAN STATION,MRNOA,5,10,S,SRT,3006
3/18/2019,15:11,Monday,KIPLING STATION,TUNOA,5,8,E,BD,5119
3/18/2019,17:20,Monday,WILSON STATION,MUATC,3,5,S,YU,5621
3/18/2019,17:26,Monday,WILSON STATION,EUDO,3,5,S,YU,5716
3/18/2019,17:56,Monday,YONGE SHP STATION,PUMEL,0,0,,SHP,0
3/18/2019,18:08,Monday,QUEEN STATION,SUDP,8,10,S,YU,5401
3/18/2019,18:15,Monday,ST CLAIR WEST STATION,SUDP,0,0,S,YU,5986
3/18/2019,18:21,Monday,SHERBOURNE STATION,PUMST,0,0,,BD,0
3/18/2019,18:22,Monday,LANSDOWNE STATION,MUPAA,0,0,E,BD,5314
3/18/2019,18:24,Monday,QUEEN'S PARK STATION,MUSC,0,0,S,YU,5886
3/18/2019,18:25,Monday,ISLINGTON STATION,PUMEL,0,0,,BD,0
3/18/2019,18:49,Monday,ST GEORGE YUS STATION,SUSA,0,0,,YU,0
3/18/2019,18:56,Monday,KEELE STATION,PUSTC,3,5,E,BD,5358
3/18/2019,18:59,Monday,ST CLAIR STATION,TUSC,0,0,S,YU,5971
3/18/2019,19:45,Monday,VAUGHAN MC STATION,MUIS,0,0,,YU,0
3/18/2019,21:09,Monday,SHEPPARD WEST STATION,TUNIP,3,6,N,YU,6011
3/18/2019,21:11,Monday,COXWELL STATION,MUSC,0,0,E,BD,5166
3/18/2019,21:42,Monday,KIPLING STATION,TUMVS,0,0,W,BD,5011
3/18/2019,22:00,Monday,YUS/BD/SHEPPARD SUBWAY,MUO,0,0,,YU/BD,0
3/18/2019,23:05,Monday,ST CLAIR WEST STATION,MUO,0,0,,YU,0
3/18/2019,23:11,Monday,FINCH STATION,MUI,5,10,S,YU,5426
3/18/2019,23:30,Monday,BLOOR DANFORTH SUBWAY,MUGD,0,0,,BD,0
3/18/2019,23:48,Monday,BLOOR STATION,MUIS,0,0,N,YU,5991
3/19/2019,00:14,Tuesday,SPADINA BD STATION,SUDP,3,7,E,BD,5358
3/19/2019,02:23,Tuesday,NORTH YORK CTR STATION,TUSC,0,0,N,YU,5856
3/19/2019,03:28,Tuesday,VICTORIA PARK STATION,PUSTS,0,0,W,BD,0
3/19/2019,05:50,Tuesday,KIPLING STATION,SUG,6,12,E,BD,5028
3/19/2019,06:31,Tuesday,BROADVIEW STATION,SUSP,0,0,W,BD,5091
3/19/2019,06:47,Tuesday,DONLANDS STATION,MUWR,3,5,E,BD,0
3/19/2019,07:38,Tuesday,BLOOR STATION,MUIS,0,0,,YU,0
3/19/2019,07:49,Tuesday,DUNDAS STATION,MUIR,4,6,S,YU,6021
3/19/2019,07:56,Tuesday,DUPONT STATION,MUSC,0,0,S,YU,6006
3/19/2019,08:27,Tuesday,SUMMERHILL STATION,MUIR,4,6,S,YU,5986
3/19/2019,09:02,Tuesday,COXWELL STATION,MUSC,0,0,E,BD,5308
3/19/2019,09:43,Tuesday,YORK MILLS STATION,PUMEL,0,0,,YU,0
3/19/2019,10:08,Tuesday,WARDEN STATION,EUBK,0,0,W,BD,5362
3/19/2019,10:11,Tuesday,ROYAL YORK STATION,MUPLB,20,23,W,BD,5223
3/19/2019,11:38,Tuesday,DONLANDS STATION,EUSC,0,0,W,BD,5302
3/19/2019,11:40,Tuesday,YORKDALE STATION,SUO,0,0,,YU,0
3/19/2019,12:33,Tuesday,QUEEN'S PARK STATION,TUSC,0,0,S,YU,5611
3/19/2019,12:40,Tuesday,ST PATRICK STATION,SUAE,0,0,E,YU,8946
3/19/2019,12:43,Tuesday,WILSON STATION,PUMEL,0,0,,YU,0
3/19/2019,12:46,Tuesday,GREENWOOD STATION,PUMST,0,0,,BD,0
3/19/2019,12:55,Tuesday,MUSEUM STATION,SUO,0,0,S,YU,6071
3/19/2019,13:10,Tuesday,DONLANDS STATION,MUPAA,0,0,W,BD,5065
3/19/2019,14:18,Tuesday,GREENWOOD STATION,TUSC,0,0,W,BD,5247
3/19/2019,14:30,Tuesday,YONGE BD STATION,TUS,6,10,E,BD,5101
3/19/2019,14:38,Tuesday,KING STATION,PUMST,0,0,,YU,0
3/19/2019,14:58,Tuesday,ST GEORGE BD STATION,TUSC,3,5,W,BD,5269
3/19/2019,15:42,Tuesday,DAVISVILLE STATION,MUO,3,6,S,YU,5756
3/19/2019,16:34,Tuesday,ROYAL YORK STATION,SUO,3,5,W,BD,5181
3/19/2019,17:07,Tuesday,KIPLING STATION,PUMST,0,0,,BD,0
3/19/2019,17:18,Tuesday,BLOOR STATION,MUIR,0,0,N,YU,5976
3/19/2019,17:21,Tuesday,KENNEDY BD STATION,SUDP,0,0,W,BD,5244
3/19/2019,17:22,Tuesday,WILSON STATION,MUATC,0,0,S,YU,6056
3/19/2019,17:37,Tuesday,KIPLING STATION,SUDP,0,0,,BD,0
3/19/2019,17:37,Tuesday,UNION STATION,MUIS,0,0,,YU,0
3/19/2019,18:10,Tuesday,BESSARION STATION,PUDCS,3,8,E,SHP,6191
3/19/2019,18:11,Tuesday,WARDEN STATION,MUSC,0,0,E,BD,5086
3/19/2019,18:29,Tuesday,BLOOR STATION,MUSC,0,0,N,YU,5761
3/19/2019,18:42,Tuesday,EGLINTON STATION,MUSAN,4,7,N,YU,6133
3/19/2019,18:46,Tuesday,GREENWOOD STATION,MUSC,0,0,E,BD,5324
3/19/2019,18:47,Tuesday,LAWRENCE STATION,SUDP,9,12,N,YU,5746
3/19/2019,18:48,Tuesday,BLOOR STATION,MUPAA,0,0,N,YU,5336
3/19/2019,19:17,Tuesday,WOODBINE STATION,MUSC,0,0,W,BD,5091
3/19/2019,19:26,Tuesday,OLD MILL STATION,EUSC,0,0,W,BD,5302
3/19/2019,22:00,Tuesday,YUS/BD/SHEPPARD SUBWAY,MUO,0,0,,YU/BD,0
3/19/2019,22:39,Tuesday,VAUGHAN MC STATION,MUIS,0,0,,YU,0
3/19/2019,23:00,Tuesday,ST CLAIR WEST TO UNION,MUO,0,0,,YU,0
3/20/2019,00:14,Wednesday,ST GEORGE YUS STATION,SUPOL,6,11,N,YU,5481
3/20/2019,05:15,Wednesday,YONGE BD STATION,SUCOL,0,0,,BD,0
3/20/2019,06:01,Wednesday,WARDEN STATION,EUSC,0,0,W,BD,5302
3/20/2019,07:45,Wednesday,WILSON STATION,EUYRD,16,20,S,YU,5731
3/20/2019,08:02,Wednesday,GREENWOOD STATION,PUSTC,3,5,W,BD,5302
3/20/2019,08:09,Wednesday,KENNEDY BD STATION,TUSC,0,0,E,BD,5296
3/20/2019,08:17,Wednesday,DUNDAS WEST STATION,PUMEL,0,0,,BD,0
3/20/2019,08:25,Wednesday,VICTORIA PARK STATION,MUSC,0,0,W,BD,5239
3/20/2019,08:32,Wednesday,KENNEDY BD STATION,SUG,0,0,,BD,0
3/20/2019,08:33,Wednesday,SPADINA BD STATION,MUPR1,71,73,W,BD,5044
3/20/2019,08:38,Wednesday,SPADINA YUS STATION,MUO,0,0,N,YU,5756
3/20/2019,09:23,Wednesday,BROADVIEW STATION,MUIRS,0,0,W,BD,0
3/20/2019,09:48,Wednesday,QUEEN'S PARK STATION,TUSC,0,0,S,YU,5751
3/20/2019,09:49,Wednesday,SPADINA YUS STATION,MUIS,0,0,S,YU,0
3/20/2019,11:34,Wednesday,BLOOR DANFORTH SUBWAY,MUGD,0,0,,BD,0
3/20/2019,11:52,Wednesday,BLOOR STATION,SUDP,3,6,S,YU,5846
3/20/2019,12:52,Wednesday,VAUGHAN MC STATION,MUWR,3,6,S,YU,5866
3/20/2019,13:01,Wednesday,PAPE STATION,SUDP,0,0,E,BD,5342
3/20/2019,13:54,Wednesday,GREENWOOD STATION,PUSTC,0,0,W,BD,5059
3/20/2019,14:25,Wednesday,ROSEDALE STATION,PUSI,0,0,N,YU,5501
3/20/2019,14:47,Wednesday,ST GEORGE YUS STATION,SUO,4,7,N,YU,5411
3/20/2019,14:52,Wednesday,KEELE STATION,PUSNT,3,6,E,BD,5244
3/20/2019,15:05,Wednesday,DONLANDS STATION,SUAP,22,25,W,BD,5005
3/20/2019,15:14,Wednesday,FINCH STATION,MUTO,4,7,S,YU,5956
3/20/2019,15:21,Wednesday,VAUGHAN MC STATION,SUAE,0,0,S,YU,5416
3/20/2019,15:28,Wednesday,FINCH STATION,MUSC,0,0,S,YU,5916
3/20/2019,15:35,Wednesday,VAUGHAN MC STATION,PUMEL,0,0,,YU,0
3/20/2019,16:32,Wednesday,ROYAL YORK STATION,EUNT,3,5,E,BD,5324
3/20/2019,16:51,Wednesday,ST GEORGE BD STATION,PUMEL,0,0,,BD,0
3/20/2019,17:45,Wednesday,BLOOR STATION,MUIS,0,0,N,YU,0
3/20/2019,19:15,Wednesday,YONGE SHP STATION,MUSAN,5,11,E,SHP,6191
3/20/2019,19:37,Wednesday,GREENWOOD STATION,PUSTC,5,8,W,BD,5208
3/20/2019,20:30,Wednesday,ST CLAIR STATION,PUMEL,0,0,,YU,0
3/20/2019,21:46,Wednesday,COXWELL STATION,MUPAA,0,0,W,BD,5362
3/20/2019,22:00,Wednesday,YUS/BD/SHEPPARD SUBWAY,MUO,0,0,,YU/BD,0
3/20/2019,22:12,Wednesday,BROADVIEW STATION,SUSA,4,8,E,BD,5252
3/20/2019,22:27,Wednesday,FINCH STATION,TUSC,0,0,N,YU,5841
3/20/2019,23:00,Wednesday,ST CLAIR WEST TO UNION,MUO,0,0,,YU,0
3/20/2019,23:40,Wednesday,KEELE STATION,MUSC,0,0,E,BD,5308
3/21/2019,00:57,Thursday,BAY STATION,EUNT,4,8,W,BD,5270
3/21/2019,01:26,Thursday,DUNDAS STATION,SUUT,10,15,S,YU,5946
3/21/2019,05:40,Thursday,KENNEDY BD STATION,TUSC,0,0,W,BD,5226
3/21/2019,05:50,Thursday,VAUGHAN MC STATION,MUATC,15,0,S,YU,5476
3/21/2019,05:51,Thursday,SHEPPARD WEST STATION,MUATC,3,7,N,YU,6086
3/21/2019,05:54,Thursday,GREENWOOD STATION,EUSC,0,0,E,BD,5104
3/21/2019,06:03,Thursday,KIPLING STATION,MUSC,0,0,E,BD,5291
3/21/2019,06:06,Thursday,YONGE BD STATION,EUBK,0,0,W,BD,5284
3/21/2019,06:32,Thursday,SHEPPARD WEST STATION,EUME,5,10,N,YU,5736
3/21/2019,06:52,Thursday,VICTORIA PARK STATION,EUSC,3,5,E,BD,5348
3/21/2019,06:53,Thursday,KING STATION,PUSNT,3,7,N,YU,5981
3/21/2019,07:03,Thursday,KIPLING STATION,EUSC,0,0,E,BD,5104
3/21/2019,07:32,Thursday,COXWELL STATION,MUSC,0,0,E,BD,5137
3/21/2019,07:35,Thursday,DUNDAS WEST STATION,SUDP,0,0,E,BD,5157
3/21/2019,07:38,Thursday,KENNEDY BD STATION,MUSC,0,0,E,BD,5226
3/21/2019,07:49,Thursday,KIPLING STATION,MUSC,0,0,E,BD,5291
3/21/2019,07:57,Thursday,ISLINGTON STATION,MUSC,0,0,E,BD,5348
3/21/2019,08:06,Thursday,FINCH STATION,TUMVS,0,0,N,YU,5841
3/21/2019,08:07,Thursday,GREENWOOD STATION,PUTTC,0,0,E,BD,5150
3/21/2019,08:30,Thursday,DUNDAS WEST STATION,MUPAA,3,5,E,BD,5314
3/21/2019,08:47,Thursday,KING STATION,PUSNT,0,0,N,YU,5411
3/21/2019,10:02,Thursday,GREENWOOD STATION,PUTTC,5,8,W,BD,5036
3/21/2019,10:07,Thursday,KIPLING STATION,MUSC,0,0,E,BD,5239
3/21/2019,10:10,Thursday,YORK MILLS STATION,SUDP,0,0,,YU,0
3/21/2019,12:00,Thursday,FINCH STATION,TUSC,0,0,N,YU,5911
3/21/2019,13:50,Thursday,VAUGHAN MC STATION,MUI,3,7,S,YU,5856
3/21/2019,15:18,Thursday,ISLINGTON STATION,TUSC,0,0,W,BD,5299
3/21/2019,15:40,Thursday,CHESTER STATION,MUPAA,0,0,W,BD,5236
3/21/2019,16:01,Thursday,BLOOR STATION,MUPAA,0,0,N,YU,5751
3/21/2019,16:38,Thursday,DON MILLS STATION,SUAP,0,0,,SHP,0
3/21/2019,16:38,Thursday,GREENWOOD STATION,PUTTC,0,0,W,BD,5358
3/21/2019,16:46,Thursday,VAUGHAN MC STATION,MUIS,0,0,,YU,0
3/21/2019,16:56,Thursday,LAWRENCE WEST STATION,MUIS,0,0,,YU,0
3/21/2019,17:28,Thursday,EGLINTON STATION,MUIR,5,7,N,YU,5596
3/21/2019,17:32,Thursday,WOODBINE STATION,MUSC,0,0,W,BD,5181
3/21/2019,17:37,Thursday,OSGOODE STATION,MUIS,0,0,,YU,0
3/21/2019,17:44,Thursday,JANE STATION,TUSC,0,0,W,BD,5034
3/21/2019,19:25,Thursday,YORK MILLS STATION,MUPAA,0,0,N,YU,5986
3/21/2019,19:39,Thursday,QUEEN STATION,SUDP,7,10,N,YU,5941
3/21/2019,19:56,Thursday,BLOOR STATION,MUTO,0,0,N,YU,5596
3/21/2019,21:52,Thursday,KENNEDY BD STATION,MUPAA,0,0,E,BD,5306
3/21/2019,22:00,Thursday,YUS/BD/SHEPPARD SUBWAY,MUO,0,0,,YU/BD,0
3/21/2019,22:12,Thursday,KENNEDY BD STATION,EUSC,0,0,W,BD,5336
3/21/2019,23:00,Thursday,UNION TO ST CLAIR WEST,MUO,0,0,,YU,0
3/21/2019,23:15,Thursday,BLOOR DANFORTH SUBWAY,MUGD,0,0,,BD,0
3/21/2019,23:32,Thursday,WILSON STATION,PUTO,0,0,,YU,0
3/22/2019,00:08,Friday,BAY STATION,MUPLB,3,7,W,BD,5319
3/22/2019,00:46,Friday,FINCH STATION,PUTDN,5,10,N,YU,6111
3/22/2019,06:00,Friday,TORONTO TRANSIT COMMIS,MRO,0,0,,SRT,0
3/22/2019,06:00,Friday,TORONTO TRANSIT COMMIS,MUO,0,0,,YU/BD,0
3/22/2019,06:00,Friday,TORONTO TRANSIT COMMIS,MUO,0,0,,SHP,0
3/22/2019,06:05,Friday,WILSON YARD,PUSSW,0,0,,YU,0
3/22/2019,06:17,Friday,ISLINGTON STATION,MUSC,0,0,W,BD,5344
3/22/2019,06:48,Friday,GREENWOOD STATION,TUSC,0,0,E,BD,5119
3/22/2019,07:23,Friday,COXWELL STATION,MUSC,0,0,E,BD,5289
3/22/2019,07:46,Friday,UNION STATION,MUIS,0,0,,YU,0
3/22/2019,07:50,Friday,GREENWOOD STATION,PUTSC,3,5,W,BD,5083
3/22/2019,07:59,Friday,WOODBINE STATION,MUSC,0,0,W,BD,5292
3/22/2019,08:06,Friday,EGLINTON STATION,MUPAA,4,6,S,YU,5486
3/22/2019,08:33,Friday,YONGE SHP STATION,TUSC,0,0,E,SHP,6176
3/22/2019,08:47,Friday,KIPLING STATION,MUSC,0,0,E,BD,5157
3/22/2019,09:01,Friday,FINCH WEST STATION,PUMEL,0,0,,YU,0
3/22/2019,09:02,Friday,ST CLAIR STATION,SUDP,14,16,S,YU,5396
3/22/2019,09:31,Friday,COXWELL STATION,MUIS,0,0,W,BD,0
3/22/2019,09:42,Friday,KENNEDY BD STATION,MUIS,0,0,,BD,0
3/22/2019,09:51,Friday,LAWRENCE STATION,TUSC,0,0,N,YU,5416
3/22/2019,10:22,Friday,ISLINGTON STATION,MUSC,0,0,W,BD,5053
3/22/2019,10:22,Friday,KENNEDY SRT STATION,SRUT,9,14,N,SRT,3015
3/22/2019,11:11,Friday,COXWELL STATION,EUME,23,26,E,BD,5193
3/22/2019,11:48,Friday,CHRISTIE STATION,SUAP,0,0,W,BD,0
3/22/2019,12:16,Friday,KIPLING STATION,TUSC,0,0,E,BD,5187
3/22/2019,12:32,Friday,ST GEORGE YUS STATION,EUSC,0,0,S,YU,5861
3/22/2019,12:35,Friday,ISLINGTON STATION,EUDO,5,8,E,BD,5133
3/22/2019,13:15,Friday,BLOOR STATION,MUIS,0,0,N,YU,0
3/22/2019,14:10,Friday,VICTORIA PARK STATION,SUAE,0,0,,BD,0
3/22/2019,14:21,Friday,GREENWOOD STATION,MUSC,0,0,W,BD,5362
3/22/2019,14:21,Friday,ST CLAIR STATION,MUPAA,0,0,N,YU,6126
3/22/2019,14:40,Friday,WARDEN STATION,SUO,0,0,,BD,0
3/22/2019,14:45,Friday,WILSON STATION,PUSNT,0,0,N,YU,5646
3/22/2019,14:48,Friday,DON MILLS STATION,PUMO,0,0,,SHP,0
3/22/2019,14:56,Friday,VAUGHAN MC STATION,MUATC,5,8,N,YU,5811
3/22/2019,15:02,Friday,WELLESLEY STATION,SUDP,0,0,N,YU,5956
3/22/2019,15:29,Friday,CHESTER STATION,TUSC,0,0,E,BD,5298
3/22/2019,15:30,Friday,DUFFERIN STATION,SUO,9,11,E,BD,5177
3/22/2019,15:42,Friday,UNION STATION TO ST AN,MUPAA,0,0,N,YU,5776
3/22/2019,17:15,Friday,JANE STATION,PUMST,0,0,W,BD,0
3/22/2019,17:41,Friday,WELLESLEY STATION,SUAP,12,14,N,YU,6051
3/22/2019,18:16,Friday,VICTORIA PARK STATION,PUMEL,0,0,,BD,0
3/22/2019,18:19,Friday,FINCH STATION,EUDO,3,5,S,YU,5661
3/22/2019,19:04,Friday,BLOOR STATION,SUUT,3,5,N,YU,6121
3/22/2019,19:41,Friday,FINCH STATION,MUIS,0,0,S,YU,0
3/22/2019,20:05,Friday,YONGE BD STATION,MUIS,0,0,,BD,0
3/22/2019,20:13,Friday,SPADINA BD STATION,EUNT,6,9,E,BD,5022
3/22/2019,20:18,Friday,LANSDOWNE STATION,TUSC,0,0,E,BD,5002
3/22/2019,20:44,Friday,DUPONT STATION,SUDP,4,7,N,YU,5861
3/22/2019,21:01,Friday,UNION STATION,TUMVS,0,0,N,YU,5796
3/22/2019,21:49,Friday,ROYAL YORK STATION,MUIS,0,0,,BD,0
3/22/2019,22:00,Friday,YUS/BD/SHEPPARD SUBWAY,MUO,0,0,,YU/BD,0
3/22/2019,22:14,Friday,LESLIE STATION,TUSC,0,0,W,SHP,6166
3/22/2019,22:21,Friday,EGLINTON STATION,SUUT,22,27,S,YU,6031
3/22/2019,23:15,Friday,CHESTER STATION,MUI,17,21,E,BD,5077
3/23/2019,00:29,Saturday,VICTORIA PARK STATION,EUBK,0,0,W,BD,5026
3/23/2019,01:05,Saturday,GREENWOOD STATION,TUSC,0,0,W,BD,5256
3/23/2019,01:14,Saturday,GREENWOOD STATION,TUSC,0,0,W,BD,5133
3/23/2019,01:22,Saturday,CHRISTIE STATION,PUSNT,0,0,E,BD,5270
3/23/2019,01:27,Saturday,DUPONT STATION,SUDP,3,8,S,YU,5021
3/23/2019,02:13,Saturday,VAUGHAN MC STATION,MUIS,0,0,,YU,0
3/23/2019,05:29,Saturday,WOODBINE STATION,MUIS,0,0,,BD,0
3/23/2019,05:58,Saturday,SHEPPARD WEST STATION,EUME,8,0,N,YU,5386
3/23/2019,06:38,Saturday,LAWRENCE STATION,SUAE,0,0,,YU,0
3/23/2019,07:40,Saturday,WARDEN STATION,MUIS,0,0,,BD,0
3/23/2019,09:44,Saturday,YORK UNIVERSITY STATIO,MUPAA,0,0,N,YU,5691
3/23/2019,10:52,Saturday,DAVISVILLE STATION,MUIS,0,0,,YU,0
3/23/2019,11:22,Saturday,GREENWOOD STATION,PUTSC,3,8,W,BD,5001
3/23/2019,11:39,Saturday,RUNNYMEDE STATION,EUNT,0,0,W,BD,5216
3/23/2019,11:41,Saturday,CHESTER STATION,MUIS,0,0,W,BD,0
3/23/2019,11:52,Saturday,LANSDOWNE STATION,SUDP,5,10,E,BD,5216
3/23/2019,12:09,Saturday,BROADVIEW STATION,EUNT,3,8,E,BD,5216
3/23/2019,12:56,Saturday,ROYAL YORK STATION,TUSC,0,0,E,BD,5177
3/23/2019,13:53,Saturday,GREENWOOD STATION,PUTSC,0,0,W,BD,5026
3/23/2019,14:43,Saturday,EGLINTON WEST STATION,MUPAA,0,0,S,YU,5976
3/23/2019,15:03,Saturday,BLOOR DANFORTH SUBWAY,MUGD,0,0,,BD,0
3/23/2019,15:35,Saturday,ST GEORGE YUS STATION,TUSC,0,0,S,YU,5461
3/23/2019,15:40,Saturday,BLOOR STATION,MUIR,4,7,S,YU,6026
3/23/2019,16:15,Saturday,DUNDAS WEST STATION,SUAP,3,8,W,BD,5284
3/23/2019,17:14,Saturday,CHESTER STATION,SUAP,0,0,E,BD,5089
3/23/2019,17:48,Saturday,KEELE STATION,PUTIJ,0,0,E,BD,5012
3/23/2019,17:57,Saturday,CHESTER STATION,MUIR,13,18,W,BD,5001
3/23/2019,18:53,Saturday,JANE STATION,TUSC,0,0,W,BD,5256
3/23/2019,19:04,Saturday,DUPONT STATION,MUPAA,0,0,N,YU,6006
3/23/2019,19:08,Saturday,MUSEUM STATION,TUOS,5,10,S,YU,5976
3/23/2019,19:12,Saturday,DON MILLS STATION,TUMVS,0,0,E,SHP,6176
3/23/2019,19:29,Saturday,ISLINGTON STATION,SUAP,0,0,E,BD,0
3/23/2019,20:02,Saturday,COLLEGE STATION,SUDP,0,0,,YU,0
3/23/2019,20:04,Saturday,YORK UNIVERSITY STATIO,SUO,5,10,N,YU,5851
3/23/2019,20:08,Saturday,VAUGHAN MC STATION,MUIR,0,0,N,YU,5456
3/23/2019,22:00,Saturday,ST GEORGE BD STATION,MUDD,4,8,E,BD,5101
3/23/2019,22:00,Saturday,YUS/BD/SHEPPARD SUBWAY,MUO,0,0,,YU/BD,0
3/23/2019,22:43,Saturday,BAY STATION,MUI,12,16,W,BD,5319
3/23/2019,23:23,Saturday,KEELE STATION,EUNT,3,7,E,BD,5270
3/23/2019,23:30,Saturday,OSSINGTON STATION,PUMST,0,0,,BD,0
3/23/2019,23:35,Saturday,YONGE BD STATION,SUAP,3,7,W,BD,5356
3/23/2019,23:56,Saturday,SUMMERHILL STATION,SUDP,0,0,N,YU,6126
3/24/2019,00:22,Sunday,QUEEN STATION,PUEO,0,0,,YU,0
3/24/2019,01:10,Sunday,PIONEER VILLAGE STATIO,MUIE,0,0,,YU,0
3/24/2019,07:03,Sunday,SHEPPARD WEST STATION,MUATC,3,13,N,YU,6011
3/24/2019,07:52,Sunday,DUPONT STATION,SUUT,11,0,S,YU,5416
3/24/2019,08:01,Sunday,KIPLING STATION,TUSC,0,0,E,BD,5316
3/24/2019,08:22,Sunday,WELLESLEY STATION,SUUT,16,21,N,YU,5416
3/24/2019,08:37,Sunday,MAIN STREET STATION,MUSC,0,0,E,BD,5046
3/24/2019,09:13,Sunday,VICTORIA PARK STATION,MUI,5,9,W,BD,5150
3/24/2019,09:21,Sunday,EGLINTON STATION,PUMST,0,0,,YU,0
3/24/2019,09:57,Sunday,GREENWOOD STATION,PUTSC,0,0,W,BD,5021
3/24/2019,10:08,Sunday,YORK MILLS STATION,TUSC,0,0,N,YU,5976
3/24/2019,11:29,Sunday,KEELE STATION,PUSTC,5,9,E,BD,5278
3/24/2019,11:44,Sunday,ST CLAIR STATION,PUTIJ,5,10,S,YU,6086
3/24/2019,11:50,Sunday,GREENWOOD STATION,PUTSC,3,7,W,BD,5004
3/24/2019,12:37,Sunday,UNION STATION,MUPAA,0,0,N,YU,5856
3/24/2019,13:07,Sunday,DAVISVILLE STATION,PUTTC,5,9,S,YU,5946
3/24/2019,13:49,Sunday,WARDEN STATION,SUUT,8,13,W,BD,5101
3/24/2019,14:19,Sunday,YONGE UNIVERSITY LINE,MUGD,0,0,,YU,0
3/24/2019,16:32,Sunday,KENNEDY BD STATION,MUSC,0,0,W,BD,5031
3/24/2019,16:50,Sunday,DUNDAS STATION,MUIS,0,0,,YU,0
3/24/2019,17:21,Sunday,VICTORIA PARK STATION,MUPLB,3,8,W,BD,5334
3/24/2019,17:49,Sunday,ROYAL YORK STATION,TUSC,0,0,E,BD,5307
3/24/2019,18:25,Sunday,CHESTER STATION,SUDP,10,15,W,BD,5120
3/24/2019,21:42,Sunday,COXWELL STATION,EUNT,3,7,E,BD,5189
3/24/2019,22:00,Sunday,YUS/BD/SHEPPARD SUBWAY,MUO,0,0,,YU/BD,0
3/24/2019,22:31,Sunday,BLOOR DANFORTH SUBWAY,MUGD,0,0,,BD,0
3/24/2019,22:33,Sunday,YONGE BD STATION,MUPAA,3,7,E,BD,5112
3/24/2019,23:30,Sunday,NORTH YORK CTR STATION,MUIS,0,0,,YU,0
3/24/2019,23:57,Sunday,KIPLING STATION,EUDO,4,8,E,BD,5112
3/25/2019,00:01,Monday,KEELE STATION,MUIS,0,0,,BD,0
3/25/2019,00:09,Monday,JANE STATION,MUI,19,23,W,BD,5212
3/25/2019,06:06,Monday,ST ANDREW STATION,PUSSW,6,0,N,YU,5661
3/25/2019,07:26,Monday,EGLINTON STATION,MUTO,4,6,N,YU,5711
3/25/2019,08:00,Monday,GLENCAIRN STATION,PUMEL,0,0,,YU,0
3/25/2019,08:01,Monday,LAWRENCE WEST STATION,SUDP,0,0,S,YU,5666
3/25/2019,08:15,Monday,KING STATION,EUBK,4,6,S,YU,5756
3/25/2019,08:35,Monday,KING STATION,MUIR,4,6,S,YU,5626
3/25/2019,08:47,Monday,ST GEORGE BD STATION,SUDP,0,0,W,BD,5244
3/25/2019,08:50,Monday,BLOOR STATION,MUIRS,0,0,,YU,0
3/25/2019,08:51,Monday,ST CLAIR STATION,EUBK,3,5,N,YU,5401
3/25/2019,08:55,Monday,SHERBOURNE STATION,EUDO,12,14,E,BD,5097
3/25/2019,08:58,Monday,OLD MILL STATION,EUDO,4,6,E,BD,5082
3/25/2019,09:44,Monday,GLENCAIRN STATION,MUNCA,0,0,,YU,0
3/25/2019,09:54,Monday,QUEEN'S PARK STATION,PUMO,0,0,,YU,0
3/25/2019,10:00,Monday,SCARB CTR STATION,MRUIR,0,0,,SRT,0
3/25/2019,10:51,Monday,COXWELL STATION,MUNOA,6,9,E,BD,0
3/25/2019,10:58,Monday,EGLINTON STATION,PUSI,3,6,S,YU,5416
3/25/2019,11:02,Monday,GREENWOOD YARD,PUMO,0,0,,BD,5168
3/25/2019,11:05,Monday,ISLINGTON STATION,MUIS,0,0,,BD,0
3/25/2019,12:00,Monday,UNION STATION,EUDO,6,9,N,YU,5791
3/25/2019,12:44,Monday,KEELE STATION,PUTSC,3,6,E,BD,5093
3/25/2019,13:03,Monday,SHEPPARD WEST STATION,PUMEL,0,0,,YU,0
3/25/2019,13:33,Monday,DAVISVILLE STATION,PUSI,0,0,S,YU,5951
3/25/2019,13:43,Monday,KIPLING STATION,EUBK,0,0,E,BD,5336
3/25/2019,13:51,Monday,GREENWOOD STATION,MUPAA,0,0,E,BD,5150
3/25/2019,14:03,Monday,SHEPPARD WEST TO DOWNS,PUEO,39,42,N,YU,5111
3/25/2019,14:54,Monday,KEELE STATION,PUTSC,3,6,E,BD,5342
3/25/2019,15:26,Monday,BLOOR STATION,MUIRS,0,0,S,YU,5846
3/25/2019,15:37,Monday,FINCH STATION,MUTO,3,6,S,YU,5411
3/25/2019,15:58,Monday,KIPLING STATION,SUDP,0,0,,BD,0
3/25/2019,16:35,Monday,WELLESLEY STATION,TUMVS,0,0,N,YU,5886
3/25/2019,16:57,Monday,SHERBOURNE STATION,MUIR,3,5,W,BD,5366
3/25/2019,17:13,Monday,QUEEN STATION,MUPAA,0,0,S,YU,6136
3/25/2019,17:47,Monday,ISLINGTON STATION,TUSC,0,0,W,BD,5139
3/25/2019,18:08,Monday,VICTORIA PARK STATION,MUFS,23,25,E,BD,5307
3/25/2019,18:17,Monday,SHEPPARD STATION,MUPAA,0,0,N,YU,5786
3/25/2019,18:20,Monday,WELLESLEY STATION,MUPAA,5,7,N,YU,6116
3/25/2019,18:23,Monday,HIGH PARK STATION,SUDP,0,0,W,BD,5228
3/25/2019,18:33,Monday,SHEPPARD WEST STATION,MUTO,3,6,S,YU,5686
3/25/2019,18:37,Monday,VAUGHAN MC STATION,MUIE,0,0,,YU,0
3/25/2019,18:47,Monday,DON MILLS STATION,PUMST,0,0,,SHP,0
3/25/2019,19:47,Monday,DAVISVILLE STATION,MUPLB,39,42,S,YU,6136
3/25/2019,20:35,Monday,SHEPPARD WEST STATION,MUO,4,6,N,YU,6136
3/25/2019,20:41,Monday,MUSEUM STATION,TUMVS,3,6,S,YU,5556
3/25/2019,20:52,Monday,YORK MILLS STATION,EUPI,3,6,S,YU,6011
3/25/2019,21:08,Monday,DUNDAS WEST STATION,MUIS,0,0,,BD,0
3/25/2019,22:00,Monday,YUS/BD/SHEPPARD SUBWAY,MUO,0,0,,YU/BD,0
3/25/2019,22:15,Monday,LAWRENCE STATION,MUIS,6,11,N,YU,5641
3/25/2019,23:00,Monday,BLOOR STATION,MUO,0,0,,YU,0
3/26/2019,00:45,Tuesday,BLOOR STATION,MUI,0,0,N,YU,5801
3/26/2019,05:46,Tuesday,FINCH STATION,MUCL,4,8,S,YU,5881
3/26/2019,06:07,Tuesday,COXWELL STATION,TUKEY,4,8,E,BD,5240
3/26/2019,06:15,Tuesday,MAIN STREET STATION,PUSNT,0,0,E,BD,5089
3/26/2019,06:50,Tuesday,SPADINA BD STATION,TUSC,0,0,W,BD,5108
3/26/2019,07:15,Tuesday,OSSINGTON STATION,MUIS,0,0,E,BD,0
3/26/2019,07:34,Tuesday,KENNEDY BD STATION,PUSI,10,12,W,BD,5097
3/26/2019,07:43,Tuesday,WARDEN STATION,TUSC,0,0,E,BD,5031
3/26/2019,07:48,Tuesday,VICTORIA PARK STATION,TUSC,0,0,E,BD,5298
3/26/2019,08:19,Tuesday,WOODBINE STATION,MUIR,4,6,E,BD,5316
3/26/2019,08:36,Tuesday,BAYVIEW STATION,MUIS,0,0,,SHP,0
3/26/2019,08:57,Tuesday,ST CLAIR STATION,TUO,3,5,N,YU,5091
3/26/2019,09:05,Tuesday,DUFFERIN STATION,PUMST,0,0,,BD,0
3/26/2019,10:04,Tuesday,COXWELL STATION,TUSC,0,0,E,BD,5181
3/26/2019,10:08,Tuesday,DUNDAS STATION,MUIS,0,0,,YU,0
3/26/2019,10:24,Tuesday,ISLINGTON STATION,MUPLB,3,5,E,BD,5235
3/26/2019,10:26,Tuesday,VICTORIA PARK STATION,MUPLB,16,19,W,BD,5262
3/26/2019,10:53,Tuesday,KEELE STATION,PUTSC,3,6,E,BD,5119
3/26/2019,10:56,Tuesday,KENNEDY BD STATION,PUMEL,0,0,,BD,0
3/26/2019,11:18,Tuesday,COLLEGE STATION,SUUT,7,10,S,YU,5846
3/26/2019,11:24,Tuesday,VICTORIA PARK STATION,MUSC,0,0,W,BD,5356
3/26/2019,11:36,Tuesday,KEELE STATION,MUIE,0,0,E,BD,5089
3/26/2019,11:41,Tuesday,DUPONT STATION,MUI,7,10,N,YU,5416
3/26/2019,12:13,Tuesday,WARDEN STATION,TUMVS,4,8,W,BD,5211
3/26/2019,13:36,Tuesday,ELLESMERE STATION,SRUT,4,10,S,SRT,3022
3/26/2019,14:19,Tuesday,PAPE STATION,PUMEL,0,0,,BD,0
3/26/2019,14:26,Tuesday,MAIN STREET STATION,SUDP,10,13,E,BD,5062
3/26/2019,14:48,Tuesday,LESLIE STATION,TUSC,0,0,W,SHP,6191
3/26/2019,15:18,Tuesday,COXWELL STATION,MUSC,3,6,E,BD,5207
3/26/2019,15:36,Tuesday,ST CLAIR STATION,MUPAA,0,0,N,YU,5671
3/26/2019,16:08,Tuesday,JANE STATION,TUSC,0,0,W,BD,5231
3/26/2019,16:15,Tuesday,MAIN STREET STATION,PUSNT,0,0,E,BD,5117
3/26/2019,17:19,Tuesday,KEELE STATION,PUTSC,0,0,E,BD,5036
3/26/2019,17:31,Tuesday,SUMMERHILL STATION,MUPAA,0,0,N,YU,5986
3/26/2019,17:32,Tuesday,ROSEDALE STATION,MUNCA,0,0,,YU,0
3/26/2019,17:42,Tuesday,EGLINTON STATION,MUNCA,0,0,,YU,0
3/26/2019,17:43,Tuesday,KENNEDY BD STATION,TUSC,0,0,E,BD,5089
3/26/2019,17:46,Tuesday,LAWRENCE STATION,MUIR,0,0,N,YU,5556
3/26/2019,17:51,Tuesday,SHEPPARD STATION,MUIR,0,0,N,YU,6956
3/26/2019,18:32,Tuesday,KING STATION,MUI,10,13,S,YU,5551
3/26/2019,19:08,Tuesday,LAWRENCE WEST STATION,SUO,0,0,,YU,0
3/26/2019,19:23,Tuesday,COXWELL STATION,MUIS,0,0,,BD,0
3/26/2019,21:10,Tuesday,WILSON YARD,PUSI,0,0,S,YU,5666
3/26/2019,22:00,Tuesday,YUS/BD/SHEPPARD SUBWAY,MUO,0,0,,YU/BD,0
3/26/2019,23:00,Tuesday,BLOOR STATION,MUO,0,0,,YU,0
3/26/2019,23:15,Tuesday,FINCH STATION,PUMEL,0,0,,YU,0
3/27/2019,00:07,Wednesday,SUMMERHILL STATION,TUOS,0,0,S,YU,5736
3/27/2019,00:24,Wednesday,SPADINA YUS STATION,MUPLC,0,0,N,YU,5811
3/27/2019,01:26,Wednesday,SHEPPARD WEST STATION,MUIR,15,20,S,YU,6056
3/27/2019,01:48,Wednesday,DUNDAS WEST STATION,MUO,0,0,,BD,0
3/27/2019,05:05,Wednesday,UNION STATION,PUTOE,0,0,S,YU,0
3/27/2019,05:40,Wednesday,KENNEDY BD STATION,MUSC,0,0,W,BD,5082
3/27/2019,05:47,Wednesday,FINCH STATION,MUSC,0,0,S,YU,5806
3/27/2019,06:26,Wednesday,DONLANDS STATION,PUMST,0,0,,BD,0
3/27/2019,06:28,Wednesday,COXWELL STATION,MUSC,0,0,E,BD,5145
3/27/2019,07:07,Wednesday,KIPLING STATION,MUSC,5,7,E,BD,5006
3/27/2019,07:26,Wednesday,WOODBINE STATION,MUIR,4,6,W,BD,5245
3/27/2019,08:03,Wednesday,SHERBOURNE STATION,EUBK,0,0,W,BD,5112
3/27/2019,08:08,Wednesday,ST GEORGE BD STATION,EUBK,0,0,W,BD,5112
3/27/2019,08:16,Wednesday,WARDEN STATION,TUMVS,0,0,E,BD,5134
3/27/2019,09:27,Wednesday,GLENCAIRN STATION,SUDP,6,9,N,YU,5981
3/27/2019,11:28,Wednesday,KIPLING STATION,MUSC,0,0,W,BD,5292
3/27/2019,12:14,Wednesday,DUNDAS STATION,MUIS,0,0,S,YU,0
3/27/2019,12:34,Wednesday,GLENCAIRN STATION,MUI,6,8,N,YU,5746
3/27/2019,13:52,Wednesday,KEELE STATION,PUEO,3,6,E,BD,5087
3/27/2019,13:59,Wednesday,SPADINA BD STATION,MUSC,0,0,E,BD,5210
3/27/2019,14:16,Wednesday,COXWELL STATION,MUI,0,0,W,BD,0
3/27/2019,14:31,Wednesday,YONGE SHP STATION,TUSC,0,0,E,SHP,6166
3/27/2019,14:41,Wednesday,KEELE STATION,PUEO,3,7,E,BD,5006
3/27/2019,14:55,Wednesday,DON MILLS STATION,PUMO,0,0,,SHP,0
3/27/2019,14:55,Wednesday,SHEPPARD STATION,MUNCA,0,0,,YU,0
3/27/2019,15:43,Wednesday,DUFFERIN STATION,MUIS,0,0,,BD,0
3/27/2019,15:44,Wednesday,KIPLING STATION,MUSC,0,0,E,BD,5111
3/27/2019,15:52,Wednesday,LAWRENCE WEST STATION,MUIS,0,0,,YU,0
3/27/2019,16:04,Wednesday,WOODBINE STATION,MUIRS,0,0,,BD,0
3/27/2019,16:41,Wednesday,LAWRENCE WEST STATION,MUPAA,0,0,N,YU,6006
3/27/2019,16:55,Wednesday,JANE STATION,PUMEL,0,0,,BD,0
3/27/2019,17:51,Wednesday,JANE STATION,TUSC,0,0,W,BD,5213
3/27/2019,18:00,Wednesday,WELLESLEY STATION,SUDP,6,8,N,YU,5451
3/27/2019,18:02,Wednesday,KEELE STATION,MUSC,0,0,W,BD,5091
3/27/2019,18:10,Wednesday,VICTORIA PARK STATION,PUMEL,0,0,,BD,0
3/27/2019,18:29,Wednesday,BLOOR STATION,MUIS,0,0,S,YU,0
3/27/2019,19:03,Wednesday,HIGHWAY 407 STATION,MUSAN,4,7,S,YU,5516
3/27/2019,19:42,Wednesday,YORK UNIVERSITY STATIO,MUPAA,0,0,N,YU,6006
3/27/2019,20:12,Wednesday,NORTH YORK CTR STATION,MUIS,0,0,N,YU,0
3/27/2019,20:57,Wednesday,FINCH STATION,EUSC,3,6,S,YU,5641
3/27/2019,21:30,Wednesday,ST CLAIR WEST STATION,SUAP,5,9,N,YU,5471
3/27/2019,22:00,Wednesday,YUS/BD/SHEPPARD SUBWAY,MUO,0,0,,YU/BD,0
3/27/2019,22:51,Wednesday,ST GEORGE YUS STATION,MUI,14,19,S,YU,5731
3/27/2019,22:57,Wednesday,BLOOR STATION,PUMEL,0,0,S,YU,0
3/27/2019,23:00,Wednesday,ST ANDREW STATION,MUO,0,0,,YU,0
3/27/2019,23:10,Wednesday,BLOOR DANFORTH SUBWAY,MUGD,0,0,,BD,0
3/28/2019,00:05,Thursday,MIDLAND STATION,PREL,0,0,,SRT,0
3/28/2019,01:11,Thursday,BLOOR STATION,SUDP,0,0,N,YU,5546
3/28/2019,01:37,Thursday,SPADINA BD STATION,SUDP,6,10,W,BD,5097
3/28/2019,01:58,Thursday,FINCH STATION,PUSNT,0,0,N,YU,5891
3/28/2019,02:10,Thursday,ST CLAIR WEST STATION,MUIS,0,0,,YU,0
3/28/2019,02:45,Thursday,DON MILLS STATION,MUIS,0,0,,SHP,0
3/28/2019,06:16,Thursday,LAWRENCE STATION,MUIRS,0,0,,YU,0
3/28/2019,06:29,Thursday,BLOOR STATION,TUMVS,0,0,N,YU,5911
3/28/2019,06:40,Thursday,EGLINTON STATION,MUTO,3,5,N,YU,5911
3/28/2019,07:32,Thursday,YORKDALE STATION,SUAP,13,17,N,YU,5991
3/28/2019,07:49,Thursday,WILSON STATION,MUATC,10,14,N,YU,5671
3/28/2019,07:58,Thursday,ST CLAIR WEST STATION,MUPAA,3,5,S,YU,5131
3/28/2019,08:03,Thursday,KIPLING STATION,MUSC,0,0,W,BD,5178
3/28/2019,08:06,Thursday,KIPLING STATION,MUSC,0,0,W,BD,5109
3/28/2019,08:23,Thursday,VICTORIA PARK STATION,MUSC,0,0,W,BD,5314
3/28/2019,08:40,Thursday,WARDEN STATION,MUSC,0,0,E,BD,5320
3/28/2019,08:59,Thursday,HIGH PARK STATION,MUSC,0,0,W,BD,5210
3/28/2019,09:16,Thursday,SPADINA YUS STATION,SUDP,3,5,S,YU,5686
3/28/2019,09:44,Thursday,WARDEN STATION,TUSC,0,0,E,BD,5350
3/28/2019,10:31,Thursday,BATHURST STATION,MUDD,14,17,E,BD,5336
3/28/2019,10:46,Thursday,DAVISVILLE STATION,MUSC,0,0,N,YU,5771
3/28/2019,12:38,Thursday,CHRISTIE STATION,SUDP,12,15,W,BD,0
3/28/2019,13:15,Thursday,SUMMERHILL STATION,MUIR,8,11,S,YU,5826
3/28/2019,13:59,Thursday,BAY STATION,MUIS,0,0,,BD,0
3/28/2019,14:08,Thursday,EGLINTON WEST STATION,SUDP,0,0,S,YU,0
3/28/2019,14:35,Thursday,ELLESMERE STATION,MRUI,0,0,,SRT,0
3/28/2019,14:48,Thursday,KIPLING STATION,TUSC,0,0,W,BD,5213
3/28/2019,15:06,Thursday,FINCH STATION,TUNIP,4,6,N,YU,5896
3/28/2019,16:08,Thursday,BATHURST STATION,PUSNT,0,0,E,BD,5296
3/28/2019,16:15,Thursday,SHERBOURNE STATION,MUDD,9,11,W,BD,5046
3/28/2019,16:20,Thursday,KIPLING STATION,MUPAA,0,0,E,BD,5134
3/28/2019,16:39,Thursday,BROADVIEW STATION,MUIS,0,0,,BD,0
3/28/2019,16:44,Thursday,LESLIE STATION,SUDP,6,11,W,SHP,6161
3/28/2019,17:13,Thursday,SPADINA YUS STATION,TUMVS,5,7,N,YU,5706
3/28/2019,17:36,Thursday,WARDEN STATION,MUSC,0,0,E,BD,5007
3/28/2019,18:18,Thursday,SHEPPARD WEST STATION,EUDO,7,10,N,YU,6031
3/28/2019,18:28,Thursday,KENNEDY BD STATION,TUSC,0,0,E,BD,5220
3/28/2019,20:13,Thursday,DUNDAS STATION,MUIS,0,0,S,YU,0
3/28/2019,20:28,Thursday,SCARB CTR STATION,PRST,0,0,,SRT,0
3/28/2019,20:47,Thursday,BROADVIEW STATION,SUO,0,0,,BD,0
3/28/2019,21:34,Thursday,SHEPPARD WEST STATION,SUDP,3,8,S,YU,5751
3/28/2019,22:00,Thursday,YUS/BD/SHEPPARD SUBWAY,MUO,0,0,,YU/BD,0
3/29/2019,00:32,Friday,SHEPPARD WEST STATION,MUPAA,3,8,S,YU,5566
3/29/2019,05:44,Friday,COXWELL STATION,MUSC,0,0,E,BD,5150
3/29/2019,07:14,Friday,KIPLING STATION,MUSC,0,0,E,BD,5359
3/29/2019,07:28,Friday,HIGH PARK STATION,EUCA,3,5,E,BD,5356
3/29/2019,08:08,Friday,FINCH STATION,TUSC,0,0,N,YU,5476
3/29/2019,08:37,Friday,EGLINTON STATION,MUPAA,0,0,S,YU,5771
3/29/2019,08:40,Friday,DAVISVILLE STATION,MUPAA,0,0,S,YU,5771
3/29/2019,09:01,Friday,KENNEDY BD STATION,TUSC,0,0,E,BD,5046
3/29/2019,09:47,Friday,ST ANDREW STATION,EUBO,4,6,N,YU,5791
3/29/2019,09:55,Friday,SPADINA YUS STATION,TUSC,0,0,N,YU,5386
3/29/2019,09:55,Friday,WOODBINE STATION,MUO,4,7,E,BD,5210
3/29/2019,10:13,Friday,QUEEN'S PARK STATION,MUTD,0,0,S,YU,5751
3/29/2019,10:23,Friday,OSGOODE STATION,MUPAA,0,0,S,YU,5776
3/29/2019,10:26,Friday,ROYAL YORK STATION,EUBK,0,0,W,BD,5314
3/29/2019,10:45,Friday,KIPLING STATION,EUBO,5,8,E,BD,5353
3/29/2019,11:04,Friday,KEELE STATION,PUSTC,5,8,E,BD,5073
3/29/2019,11:34,Friday,ST GEORGE YUS STATION,MUIS,0,0,,YU,0
3/29/2019,11:42,Friday,EGLINTON WEST STATION,MUPAA,0,0,N,YU,5421
3/29/2019,11:46,Friday,SCARB CTR STATION,MRUI,0,0,,SRT,0
3/29/2019,12:15,Friday,GREENWOOD STATION,EUCD,3,6,W,BD,5281
3/29/2019,12:29,Friday,DAVISVILLE YARD,MUIE,0,0,,YU,0
3/29/2019,13:22,Friday,WILSON DIVISION,PUMO,0,0,,YU,0
3/29/2019,14:03,Friday,OSSINGTON STATION,MUIS,0,0,,BD,0
3/29/2019,14:04,Friday,BLOOR STATION,MUI,0,0,S,YU,5436
3/29/2019,14:11,Friday,FINCH STATION,PUSTS,5,8,N,YU,5571
3/29/2019,14:31,Friday,VAUGHAN MC STATION,TUNIP,3,6,N,YU,5876
3/29/2019,14:33,Friday,QUEEN STATION,TUOS,0,0,N,YU,5541
3/29/2019,14:36,Friday,KENNEDY BD STATION,MUIR,3,5,W,BD,5046
3/29/2019,16:18,Friday,KEELE STATION,PUSTC,5,7,E,BD,5021
3/29/2019,16:33,Friday,PAPE STATION,PUMEL,0,0,,BD,0
3/29/2019,16:41,Friday,CASTLE FRANK STATION,MUIR,0,0,E,BD,5342
3/29/2019,16:56,Friday,ST CLAIR STATION,SUAP,0,0,,YU,0
3/29/2019,17:08,Friday,KENNEDY BD STATION,TUCC,5,7,W,BD,5108
3/29/2019,17:10,Friday,EGLINTON STATION,MUTO,7,9,N,YU,6006
3/29/2019,17:47,Friday,KIPLING STATION,TUMVS,0,0,W,BD,5031
3/29/2019,17:52,Friday,EGLINTON STATION,MUIR,3,5,S,YU,5511
3/29/2019,18:09,Friday,ST GEORGE BD STATION,SUAE,0,0,,BD,0
3/29/2019,19:08,Friday,KEELE STATION,MUIS,0,0,,BD,0
3/29/2019,19:26,Friday,KIPLING STATION,TUMVS,0,0,W,BD,5005
3/29/2019,19:41,Friday,WARDEN STATION,TUSC,0,0,E,BD,5093
3/29/2019,19:42,Friday,COXWELL STATION,MUPAA,0,0,E,BD,5350
3/29/2019,19:57,Friday,UNION STATION,SUDP,5,8,N,YU,5896
3/29/2019,20:27,Friday,BAY STATION,MUIS,0,0,,BD,0
3/29/2019,20:32,Friday,DUNDAS STATION,MUPAA,0,0,N,YU,5766
3/29/2019,21:36,Friday,QUEEN STATION,SUO,5,8,S,YU,6066
3/29/2019,22:00,Friday,YUS/BD/SHEPPARD SUBWAY,MUO,0,0,,YU/BD,0
3/29/2019,22:19,Friday,BATHURST STATION,MUIR,0,0,W,BD,5341
3/29/2019,22:20,Friday,VAUGHAN MC STATION,MUTO,3,5,S,YU,5501
3/29/2019,22:35,Friday,DAVISVILLE STATION,TUSC,0,0,N,YU,5566
3/29/2019,23:10,Friday,LESLIE STATION,MUIS,0,0,,SHP,0
3/29/2019,23:16,Friday,FINCH STATION,SUDP,0,0,N,YU,5671
3/29/2019,23:25,Friday,BLOOR DANFORTH SUBWAY,MUGD,0,0,,BD,0
3/30/2019,00:12,Saturday,VICTORIA PARK STATION,MUSC,0,0,W,BD,5178
3/30/2019,00:15,Saturday,HIGH PARK STATION,MUSC,0,0,W,BD,5022
3/30/2019,00:43,Saturday,YORK MILLS STATION,TUSC,0,0,S,YU,5616
3/30/2019,01:59,Saturday,DAVISVILLE YARD,MUIS,0,0,S,YU,0
3/30/2019,02:02,Saturday,MUSEUM STATION,PUSSW,0,0,N,YU,0
3/30/2019,05:50,Saturday,KEELE STATION,EUOE,5,9,W,BD,5194
3/30/2019,05:54,Saturday,VICTORIA PARK STATION,EUSC,0,0,E,BD,5364
3/30/2019,06:00,Saturday,KEELE STATION,EUCD,5,9,W,BD,5187
3/30/2019,06:16,Saturday,DAVISVILLE STATION,EUNEA,6,11,N,YU,5676
3/30/2019,06:25,Saturday,HIGH PARK STATION,MUSC,0,0,E,BD,5107
3/30/2019,06:39,Saturday,VICTORIA PARK STATION,MUSC,0,0,W,BD,5196
3/30/2019,07:16,Saturday,ISLINGTON STATION,MUSC,0,0,W,BD,5068
3/30/2019,07:17,Saturday,OLD MILL STATION,MUSC,5,9,E,BD,5148
3/30/2019,07:20,Saturday,OLD MILL STATION,MUSC,0,0,E,BD,5032
3/30/2019,07:40,Saturday,MIDLAND STATION,MRDD,3,9,S,SRT,3004
3/30/2019,10:42,Saturday,SPADINA BD STATION,SUAE,0,0,,BD,0
3/30/2019,11:34,Saturday,KIPLING STATION,MUSC,0,0,W,BD,5114
3/30/2019,11:51,Saturday,KIPLING STATION,MUSC,0,0,W,BD,5007
3/30/2019,12:06,Saturday,KIPLING STATION,MUPAA,0,0,E,BD,5212
3/30/2019,12:11,Saturday,COXWELL STATION,MUSC,0,0,E,BD,5290
3/30/2019,12:28,Saturday,KENNEDY BD STATION,MUSC,0,0,W,BD,5232
3/30/2019,12:55,Saturday,DON MILLS STATION,SUAE,0,0,,SHP,0
3/30/2019,12:57,Saturday,BROADVIEW STATION,SUO,0,0,W,BD,5236
3/30/2019,13:33,Saturday,KIPLING STATION,MUSC,0,0,E,BD,5007
3/30/2019,13:45,Saturday,SHEPPARD STATION,TUSC,0,0,W,SHP,6156
3/30/2019,13:52,Saturday,DAVISVILLE STATION,EUDO,8,13,S,YU,5906
3/30/2019,13:53,Saturday,MAIN STREET STATION,EUPI,4,9,W,BD,5341
3/30/2019,13:55,Saturday,OLD MILL STATION,MUSC,0,0,E,BD,5080
3/30/2019,14:21,Saturday,UNION STATION,EUDO,5,10,N,YU,5901
3/30/2019,14:26,Saturday,OSSINGTON STATION,MUO,5,10,E,BD,5046
3/30/2019,14:48,Saturday,ST CLAIR STATION,MUPAA,4,9,S,YU,5831
3/30/2019,14:51,Saturday,WILSON STATION,MUPAA,0,0,N,YU,6056
3/30/2019,15:13,Saturday,EGLINTON STATION,MUIS,0,0,,YU,0
3/30/2019,15:23,Saturday,BROADVIEW STATION,MUIS,0,0,,BD,0
3/30/2019,17:08,Saturday,RUNNYMEDE STATION,MUPAA,0,0,W,BD,5017
3/30/2019,17:10,Saturday,ISLINGTON STATION,TUSC,0,0,E,BD,5245
3/30/2019,18:46,Saturday,BATHURST STATION,MUPAA,0,0,E,BD,5287
3/30/2019,19:22,Saturday,DAVISVILLE STATION,MUI,7,12,S,YU,5831
3/30/2019,19:27,Saturday,VICTORIA PARK STATION,MUSC,0,0,W,BD,5228
3/30/2019,19:34,Saturday,KENNEDY BD STATION,MUIS,0,0,,BD,0
3/30/2019,19:48,Saturday,YORKDALE STATION,MUPAA,3,8,N,YU,5681
3/30/2019,20:06,Saturday,ST GEORGE YUS STATION,MUNCA,0,0,,YU,0
3/30/2019,20:14,Saturday,DUNDAS WEST STATION,SUO,3,8,E,BD,5248
3/30/2019,20:25,Saturday,ISLINGTON STATION,EUBO,5,10,E,BD,5241
3/30/2019,20:40,Saturday,KIPLING STATION,MUSC,0,0,E,BD,5290
3/30/2019,21:12,Saturday,ISLINGTON STATION,TUMVS,0,0,W,BD,5178
3/30/2019,21:34,Saturday,KIPLING STATION,MUSC,0,0,E,BD,5046
3/30/2019,21:40,Saturday,BLOOR STATION,MUPAA,0,0,S,YU,5611
3/30/2019,22:00,Saturday,YUS/BD/SHEPPARD SUBWAY,MUO,0,0,,YU/BD,0
3/30/2019,22:43,Saturday,BLOOR DANFORTH SUBWAY,MUGD,0,0,,BD,0
3/30/2019,23:56,Saturday,YORKDALE STATION,SUUT,0,0,S,YU,5681
3/31/2019,00:30,Sunday,VICTORIA PARK STATION,MUDD,4,8,W,BD,5114
3/31/2019,01:11,Sunday,ST CLAIR WEST STATION,MUIS,0,0,,YU,0
3/31/2019,01:32,Sunday,FINCH STATION,TUMVS,0,0,N,YU,5746
3/31/2019,01:42,Sunday,KENNEDY BD STATION,MUI,0,0,W,BD,5311
3/31/2019,02:44,Sunday,DON MILLS STATION,MUIS,0,0,,SHP,0
3/31/2019,03:59,Sunday,GREENWOOD STATION,MUIS,0,0,E,BD,0
3/31/2019,07:14,Sunday,SCARB CTR STATION,TRNCA,0,0,,SRT,0
3/31/2019,08:00,Sunday,KENNEDY BD STATION,TUSC,0,0,W,BD,5196
3/31/2019,08:05,Sunday,ST CLAIR WEST STATION,MUATC,5,15,N,YU,5886
3/31/2019,08:41,Sunday,ISLINGTON STATION,TUSC,0,0,W,BD,5189
3/31/2019,08:45,Sunday,KIPLING STATION,MUSC,0,0,E,BD,5319
3/31/2019,09:16,Sunday,KIPLING STATION,MUSC,0,0,E,BD,5082
3/31/2019,11:18,Sunday,DONLANDS STATION,MUNCA,0,0,,BD,0
3/31/2019,11:25,Sunday,SHEPPARD WEST STATION,PUSAC,5,10,S,YU,5976
3/31/2019,11:44,Sunday,YONGE BD STATION,SUO,4,8,E,BD,5212
3/31/2019,12:01,Sunday,BLOOR STATION,MUO,5,10,N,YU,5746
3/31/2019,13:26,Sunday,ST GEORGE BD STATION,TUSC,0,0,W,BD,5031
3/31/2019,14:22,Sunday,KENNEDY BD STATION,MUIS,0,0,E,BD,0
3/31/2019,14:32,Sunday,LESLIE STATION,PUOPO,5,10,W,SHP,6176
3/31/2019,15:23,Sunday,UNION STATION,MUIRS,0,0,,YU,0
3/31/2019,15:52,Sunday,KIPLING STATION,PUMST,0,0,,BD,0
3/31/2019,16:24,Sunday,ROYAL YORK STATION,TUSC,0,0,E,BD,5281
3/31/2019,16:33,Sunday,BLOOR STATION,SUDP,0,0,N,YU,5586
3/31/2019,17:53,Sunday,ROSEDALE STATION,SUO,0,0,N,YU,6091
3/31/2019,18:51,Sunday,BROADVIEW STATION,SUDP,5,10,W,BD,5189
3/31/2019,20:19,Sunday,YORKDALE STATION,MUO,0,0,,YU,0
3/31/2019,21:21,Sunday,COXWELL STATION,MUPAA,0,0,E,BD,5245
3/31/2019,22:00,Sunday,YUS/BD/SHEPPARD SUBWAY,MUO,0,0,,YU/BD,0
3/31/2019,22:13,Sunday,BLOOR DANFORTH SUBWAY,MUGD,0,0,,BD,0
3/31/2019,22:53,Sunday,WARDEN STATION,MUSC,0,0,E,BD,5328
