Date,Time,Day,Station,Code,Min Delay,Min Gap,Bound,Line,Vehicle
3/1/2021,00:23,Monday,EGLINTON STATION,PUTTP,8,13,N,YU,5511
3/1/2021,00:33,Monday,DUFFERIN STATION,MUIS,0,0,,BD,0
3/1/2021,01:13,Monday,SHERBOURNE STATION,MUIS,0,0,,BD,0
3/1/2021,05:51,Monday,FINCH STATION,PUSI,3,8,N,YU,5676
3/1/2021,05:51,Monday,SHEPPARD WEST STATION,PUDCS,31,0,N,YU,5611
3/1/2021,06:21,Monday,WARDEN STATION,PUSI,0,0,W,BD,5112
3/1/2021,06:26,Monday,WARDEN STATION,PUSI,0,0,W,BD,5198
3/1/2021,06:28,Monday,VICTORIA PARK STATION,MUO,3,8,W,BD,5112
3/1/2021,07:05,Monday,FINCH STATION,PUSI,0,0,N,YU,5476
3/1/2021,10:12,Monday,FINCH STATION,PUSO,3,7,N,YU,5876
3/1/2021,10:28,Monday,EGLINTON STATION,MUIS,0,0,,YU,0
3/1/2021,10:39,Monday,OSSINGTON STATION,SUDP,11,15,W,BD,5343
3/1/2021,10:54,Monday,ST GEORGE YUS STATION,MUPAA,0,0,N,YU,6126
3/1/2021,11:18,Monday,FINCH STATION,MUSAN,4,7,S,YU,5526
3/1/2021,12:25,Monday,SHEPPARD WEST STATION,EUBK,4,8,S,YU,5801
3/1/2021,12:26,Monday,FINCH WEST STATION,MUPR1,81,84,N,YU,5906
3/1/2021,12:58,Monday,RUNNYMEDE STATION,SUDP,0,0,E,BD,5307
3/1/2021,13:01,Monday,BATHURST STATION,EUDO,11,15,W,BD,5313
3/1/2021,13:17,Monday,KIPLING STATION,MUSAN,4,8,E,BD,5193
3/1/2021,13:19,Monday,FINCH WEST STATION,MUIS,0,0,,YU,0
3/1/2021,13:30,Monday,CHRISTIE STATION,MUPAA,3,7,E,BD,5121
3/1/2021,14:33,Monday,ST GEORGE YUS STATION,SUO,0,0,,YU,0
3/1/2021,15:12,Monday,VAUGHAN MC STATION,MUSAN,3,6,S,YU,5616
3/1/2021,16:00,Monday,KEELE STATION,PUMST,0,0,,BD,0
3/1/2021,16:07,Monday,ST GEORGE YUS STATION,MUSAN,3,6,S,YU,5456
3/1/2021,16:20,Monday,QUEEN STATION,SUAP,0,0,S,YU,0
3/1/2021,16:37,Monday,MAIN STREET STATION,PUMEL,0,0,,BD,0
3/1/2021,16:39,Monday,UNION STATION,SUDP,0,0,,YU,0
3/1/2021,16:43,Monday,COLLEGE STATION,PUMEL,0,0,,YU,0
3/1/2021,16:54,Monday,ROSEDALE STATION,MUNCA,0,0,,YU,0
3/1/2021,16:59,Monday,GREENWOOD STATION,SUUT,5,9,W,BD,5340
3/1/2021,17:09,Monday,WARDEN STATION,MUPLC,0,0,,BD,0
3/1/2021,17:12,Monday,FINCH STATION,PUSI,3,6,S,YU,5401
3/1/2021,17:19,Monday,YONGE BD STATION,SUAP,0,0,,BD,0
3/1/2021,17:26,Monday,QUEEN STATION,SUDP,3,6,S,YU,5656
3/1/2021,17:48,Monday,YORK UNIVERSITY STATIO,SUDP,0,0,,YU,0
3/1/2021,18:40,Monday,KENNEDY BD STATION,MUTO,3,7,W,BD,5317
3/1/2021,18:59,Monday,COXWELL STATION,SUDP,3,7,W,BD,5104
3/1/2021,19:39,Monday,KENNEDY BD STATION,MUIS,0,0,,BD,0
3/1/2021,20:38,Monday,VICTORIA PARK STATION,PUMEL,0,0,W,BD,0
3/1/2021,22:00,Monday,YONGE UNIVERSITY SUBWA,MUO,0,0,,YU/BD,0
3/1/2021,22:53,Monday,WILSON STATION,MUATC,5,10,N,YU,5506
3/1/2021,22:55,Monday,FINCH STATION,SUDP,0,0,N,YU,5676
3/1/2021,23:35,Monday,VAUGHAN MC STATION,MUPAA,0,0,S,YU,5866
3/2/2021,02:25,Tuesday,WILSON STATION,MUIS,0,0,,YU,0
3/2/2021,02:39,Tuesday,VAUGHAN MC STATION,SUDP,0,0,,YU,0
3/2/2021,06:00,Tuesday,FINCH STATION,MUPAA,0,0,S,YU,5576
3/2/2021,06:19,Tuesday,MAIN STREET STATION,MUDD,10,14,E,BD,5160
3/2/2021,06:23,Tuesday,GREENWOOD STATION,MUDD,6,10,E,BD,5359
3/2/2021,06:53,Tuesday,GREENWOOD STATION,MUSC,0,0,E,BD,5261
3/2/2021,07:39,Tuesday,EGLINTON WEST STATION,EUBK,3,6,N,YU,5431
3/2/2021,09:24,Tuesday,SHEPPARD STATION,SUDP,3,6,N,YU,5501
3/2/2021,09:40,Tuesday,BLOOR STATION,SUDP,3,6,S,YU,5566
3/2/2021,10:08,Tuesday,UNION STATION,SUO,0,0,N,YU,5826
3/2/2021,10:49,Tuesday,SHEPPARD STATION,MUSC,0,0,N,YU,5111
3/2/2021,10:57,Tuesday,COXWELL STATION,SUO,4,8,W,BD,5077
3/2/2021,11:13,Tuesday,YONGE BD STATION,SUDP,9,13,W,BD,5266
3/2/2021,12:50,Tuesday,BATHURST STATION,MUIS,0,0,,BD,0
3/2/2021,13:43,Tuesday,ST GEORGE YUS STATION,MUIS,0,0,S,YU,5391
3/2/2021,13:43,Tuesday,VAUGHAN MC STATION,TUNIP,3,6,,YU,6046
3/2/2021,13:46,Tuesday,KENNEDY TO MCCOWAN - L,PRS,5,10,N,SRT,3025
3/2/2021,13:54,Tuesday,KIPLING STATION,MUIRS,0,0,,BD,0
3/2/2021,15:18,Tuesday,UNION STATION,MUIS,0,0,,YU,0
3/2/2021,15:20,Tuesday,FINCH STATION,MUIS,0,0,,YU,0
3/2/2021,15:35,Tuesday,ST CLAIR STATION,MUPAA,3,6,N,YU,5646
3/2/2021,16:15,Tuesday,ST CLAIR WEST STATION,SUAP,0,0,,YU,0
3/2/2021,16:27,Tuesday,QUEEN'S PARK STATION,SUPD,4,7,N,YU,5721
3/2/2021,17:00,Tuesday,CHRISTIE STATION,SUDP,3,7,W,BD,5190
3/2/2021,17:52,Tuesday,QUEEN STATION,MUPLC,0,0,S,YU,5816
3/2/2021,18:08,Tuesday,FINCH WEST STATION,PUMEL,0,0,,YU,0
3/2/2021,18:28,Tuesday,WARDEN STATION,EULV,4,8,E,BD,5155
3/2/2021,18:43,Tuesday,FINCH STATION,PUSNT,6,9,N,YU,5476
3/2/2021,20:04,Tuesday,MAIN STREET STATION,SUDP,3,10,W,BD,5003
3/2/2021,20:06,Tuesday,SHEPPARD STATION,MUIS,13,16,S,YU,5386
3/2/2021,20:07,Tuesday,SPADINA BD STATION,SUDP,7,14,W,BD,5295
3/2/2021,21:04,Tuesday,ST ANDREW STATION,TUATC,5,10,S,YU,6111
3/2/2021,21:10,Tuesday,KIPLING STATION,TUMVS,0,0,W,BD,5106
3/2/2021,21:32,Tuesday,DUNDAS STATION,MUIS,0,0,,YU,0
3/2/2021,21:38,Tuesday,VAUGHAN MC STATION,MUSAN,3,8,S,YU,5961
3/2/2021,21:49,Tuesday,WELLESLEY STATION,MUIS,0,0,N,YU,0
3/2/2021,22:00,Tuesday,YONGE UNIVERSITY SUBWA,MUO,0,0,,YU/BD,0
3/2/2021,23:00,Tuesday,DUNDAS STATION,MUI,21,26,S,YU,5956
3/2/2021,23:00,Tuesday,FINCH TO EGLINTON STAT,MUO,0,0,B,YUS,0
3/3/2021,00:14,Wednesday,ROYAL YORK STATION,MUPAA,3,10,E,BD,5292
3/3/2021,00:47,Wednesday,ST CLAIR WEST STATION,MUPAA,0,0,N,YU,5461
3/3/2021,01:26,Wednesday,SHEPPARD WEST STATION,MUIRS,0,0,S,YU,0
3/3/2021,01:53,Wednesday,WILSON STATION,MUIS,0,0,,YU,0
3/3/2021,01:56,Wednesday,UNION STATION,MUPAA,0,0,S,YU,5936
3/3/2021,03:30,Wednesday,VAUGHAN MC STATION,MUIS,0,0,,YU,0
3/3/2021,04:56,Wednesday,WILSON STATION,PUSSW,0,0,S,YU,0
3/3/2021,06:10,Wednesday,WILSON STATION,PUSSW,5,8,S,YU,5486
3/3/2021,06:13,Wednesday,DAVISVILLE STATION,MUSC,0,0,N,YU,5976
3/3/2021,07:12,Wednesday,ROSEDALE STATION,MUSC,0,0,N,YU,5686
3/3/2021,07:17,Wednesday,FINCH STATION,EUBK,3,6,S,YU,5436
3/3/2021,08:17,Wednesday,ROSEDALE STATION,MUSC,0,0,N,YU,5426
3/3/2021,08:46,Wednesday,SHEPPARD STATION,MUSC,4,7,S,YU,5421
3/3/2021,10:57,Wednesday,LAWRENCE WEST STATION,EUNT,3,6,N,YU,5576
3/3/2021,13:27,Wednesday,WELLESLEY STATION,MUIS,0,0,,YU,0
3/3/2021,14:31,Wednesday,DAVISVILLE STATION,SUAP,0,0,S,YU,0
3/3/2021,16:16,Wednesday,ROYAL YORK STATION,TUS,8,12,E,BD,5048
3/3/2021,16:37,Wednesday,LAWRENCE WEST STATION,MUIR,14,17,S,YU,5976
3/3/2021,17:46,Wednesday,WARDEN STATION,TUS,8,12,W,BD,5124
3/3/2021,18:23,Wednesday,GREENWOOD STATION,TUO,3,7,W,BD,5263
3/3/2021,19:06,Wednesday,ST CLAIR STATION,MUIRS,0,0,,YU,0
3/3/2021,19:19,Wednesday,SPADINA BD STATION,MUD,6,13,W,BD,5119
3/3/2021,20:03,Wednesday,LAWRENCE WEST STATION,MUSAN,5,8,S,YU,5931
3/3/2021,20:04,Wednesday,LAWRENCE STATION,MUIRS,0,0,N,YU,5976
3/3/2021,21:22,Wednesday,LESLIE STATION,MUNCA,0,0,,SHP,0
3/3/2021,21:41,Wednesday,KIPLING STATION,MUIRS,0,0,,BD,0
3/3/2021,21:42,Wednesday,FINCH STATION,MUATC,5,10,S,YU,5666
3/3/2021,22:00,Wednesday,YONGE UNIVERSITY SUBWA,MUO,0,0,,YU/BD,0
3/3/2021,22:06,Wednesday,BATHURST STATION,MUIS,0,0,W,BD,5106
3/3/2021,22:51,Wednesday,KIPLING STATION,SUROB,0,0,,BD,0
3/3/2021,22:54,Wednesday,WELLESLEY STATION,SUROB,0,0,S,YU,0
3/3/2021,23:00,Wednesday,EGLINTON STATION TO FI,MUO,0,0,,YU,0
3/3/2021,23:26,Wednesday,SHEPPARD-YONGE STATION,MUNOA,5,10,E,SHP,0
3/4/2021,00:08,Thursday,WILSON STATION,PUTSM,14,19,S,YU,6116
3/4/2021,00:23,Thursday,ST CLAIR WEST STATION,SUDP,9,14,N,YU,5836
3/4/2021,01:28,Thursday,ROSEDALE STATION,MUSC,0,0,N,YU,5556
3/4/2021,01:50,Thursday,WILSON STATION,MUIS,0,0,,YU,0
3/4/2021,02:49,Thursday,VAUGHAN MC STATION,SUDP,0,0,,YU,0
3/4/2021,05:35,Thursday,BAYVIEW STATION,MUNOA,7,0,E,SHP,6176
3/4/2021,06:18,Thursday,FINCH STATION,EUSC,0,0,S,YU,6111
3/4/2021,06:33,Thursday,ST CLAIR STATION,PUSTC,5,8,S,YU,6111
3/4/2021,06:39,Thursday,BESSARION STATION,EUDO,4,9,W,SHP,6171
3/4/2021,06:40,Thursday,ROSEDALE STATION,MUDD,3,6,N,YU,5786
3/4/2021,06:45,Thursday,DON MILLS STATION,MUSC,5,10,W,SHP,6146
3/4/2021,06:50,Thursday,ROSEDALE STATION,MUATC,6,9,S,YU,5496
3/4/2021,08:05,Thursday,FINCH STATION,MUATC,3,6,S,YU,5661
3/4/2021,08:41,Thursday,ROSEDALE STATION,EUSC,0,0,N,YU,5871
3/4/2021,10:31,Thursday,LAWRENCE STATION,EUSC,0,0,N,YU,5746
3/4/2021,10:36,Thursday,YORK MILLS STATION,MUSC,0,0,N,YU,5746
3/4/2021,10:49,Thursday,BAY STATION,SUDP,0,0,E,BD,5193
3/4/2021,11:05,Thursday,FINCH STATION,TUSC,0,0,S,YU,5421
3/4/2021,11:10,Thursday,KIPLING STATION,PUMO,0,0,E,BD,5120
3/4/2021,11:20,Thursday,ROSEDALE STATION,MUSC,3,6,N,YU,5871
3/4/2021,12:02,Thursday,EGLINTON WEST STATION,PUMEL,0,0,,YU,0
3/4/2021,13:03,Thursday,ISLINGTON STATION,TUMVS,0,0,W,BD,5324
3/4/2021,13:59,Thursday,SHEPPARD-YONGE STATION,MUI,5,10,E,SHP,6171
3/4/2021,15:54,Thursday,DUNDAS WEST STATION,SUUT,3,7,E,BD,5364
3/4/2021,16:02,Thursday,OSSINGTON STATION,TUCC,0,0,E,BD,5111
3/4/2021,16:19,Thursday,CASTLE FRANK STATION,SUUT,23,27,E,BD,5104
3/4/2021,16:31,Thursday,WARDEN STATION,SUDP,3,7,W,BD,5119
3/4/2021,17:35,Thursday,BATHURST STATION,SUDP,3,7,E,BD,5174
3/4/2021,18:51,Thursday,FINCH STATION,EUAC,3,6,S,YU,5746
3/4/2021,18:56,Thursday,LAWRENCE EAST STATION,SRDP,5,10,N,SRT,3017
3/4/2021,20:00,Thursday,KIPLING STATION,SUO,0,0,,BD,0
3/4/2021,20:06,Thursday,SHEPPARD WEST STATION,MUTO,3,6,N,YU,6026
3/4/2021,22:00,Thursday,YONGE UNIVERSITY SUBWA,MUO,0,0,,YU/BD,0
3/4/2021,23:00,Thursday,EGLINTON - FINCH STATI,MUO,0,0,B,YU,0
3/4/2021,23:10,Thursday,ST ANDREW STATION,EUCA,15,20,S,YU,5831
3/5/2021,00:00,Friday,BLOOR STATION,SUAP,0,0,,YU,0
3/5/2021,00:31,Friday,YORK MILLS STATION,PUTOE,0,0,N,YU,18
3/5/2021,00:41,Friday,ST GEORGE BD STATION,MUI,0,0,W,BD,5007
3/5/2021,00:51,Friday,YORKDALE STATION,EUSC,0,0,S,YU,6001
3/5/2021,02:13,Friday,KIPLING STATION,PUCSC,0,0,W,BD,5067
3/5/2021,02:26,Friday,KENNEDY BD STATION,PUMEL,0,0,,BD,0
3/5/2021,02:29,Friday,EGLINTON STATION,PUMO,0,0,,YU,0
3/5/2021,05:43,Friday,DON MILLS STATION,MUSC,0,0,W,SHP,6156
3/5/2021,05:50,Friday,DAVISVILLE STATION,MUPAA,0,0,S,YU,6061
3/5/2021,06:02,Friday,EGLINTON WEST STATION,MUDD,0,0,S,YU,5806
3/5/2021,06:11,Friday,FINCH STATION,PUSSW,3,6,S,YU,5461
3/5/2021,06:35,Friday,OLD MILL STATION,MUSC,3,8,E,BD,5077
3/5/2021,07:33,Friday,COLLEGE STATION,MUD,0,0,S,YU,5941
3/5/2021,08:13,Friday,GREENWOOD STATION,MUSAN,3,7,W,BD,5362
3/5/2021,08:45,Friday,KENNEDY BD STATION,MUIS,0,0,,BD,0
3/5/2021,09:08,Friday,BEDFORD SUBSTATION,MUIE,0,0,,BD,0
3/5/2021,09:28,Friday,COLLEGE STATION,SUDP,3,6,N,YU,5436
3/5/2021,09:35,Friday,WELLESLEY STATION,MUIS,0,0,,YU,0
3/5/2021,09:36,Friday,FINCH STATION,EUBK,3,6,S,YU,5386
3/5/2021,09:42,Friday,KIPLING STATION,MUIS,0,0,,BD,0
3/5/2021,11:02,Friday,FINCH STATION,PUSSW,0,0,S,YU,5526
3/5/2021,11:15,Friday,YORK MILLS STATION,TUSC,0,0,S,YU,6081
3/5/2021,11:30,Friday,ST GEORGE BD STATION,SUDP,4,8,E,BD,5350
3/5/2021,12:07,Friday,EGLINTON WEST STATION,MUPAA,3,6,N,YU,5451
3/5/2021,12:15,Friday,MAIN STREET STATION,PUMEL,0,0,,BD,0
3/5/2021,12:34,Friday,FINCH STATION,MUSC,0,0,N,YU,5771
3/5/2021,13:09,Friday,BLOOR STATION,PUMST,0,0,,YU,0
3/5/2021,13:35,Friday,KING STATION,MUIS,0,0,S,YU,0
3/5/2021,13:58,Friday,VICTORIA PARK STATION,SUDP,0,0,,BD,0
3/5/2021,14:27,Friday,DUFFERIN STATION,SUDP,3,7,E,BD,5334
3/5/2021,14:53,Friday,ST CLAIR WEST STATION,PUMEL,0,0,,YU,0
3/5/2021,15:10,Friday,GREENWOOD STATION,MUPR1,102,106,E,BD,5111
3/5/2021,17:08,Friday,FINCH STATION,SUO,9,12,S,YU,5951
3/5/2021,17:40,Friday,SPADINA BD STATION,SUAE,3,7,E,BD,5077
3/5/2021,18:00,Friday,DUNDAS WEST STATION,SUDP,0,0,,BD,0
3/5/2021,18:53,Friday,MUSEUM STATION,SUUT,0,0,N,YU,5756
3/5/2021,18:56,Friday,DOWNSVIEW PARK STATION,MUIRS,0,0,,YU,0
3/5/2021,19:00,Friday,KIPLING STATION,MUIS,0,0,,BD,0
3/5/2021,20:45,Friday,FINCH STATION,MUIS,0,0,,YU,0
3/5/2021,21:01,Friday,OLD MILL STATION,EUNT,0,0,E,BD,5010
3/5/2021,21:08,Friday,YORK UNIVERSITY STATIO,MUPAA,3,6,N,YU,5896
3/5/2021,21:11,Friday,ST CLAIR STATION,PUTIJ,7,12,S,YU,5731
3/5/2021,21:16,Friday,VICTORIA PARK STATION,MUIRS,3,10,W,BD,5109
3/5/2021,22:00,Friday,YONGE UNIVERSITY SUBWA,MUO,0,0,,YU/BD,0
3/5/2021,23:00,Friday,FINCH TO ST CLAIR STAT,MUO,0,0,B,YUS,0
3/5/2021,23:22,Friday,EGLINTON STATION,TUCC,4,9,S,YU,5681
3/5/2021,23:34,Friday,KING STATION,SUUT,6,11,N,YU,6021
3/6/2021,02:32,Saturday,VAUGHAN MC STATION,SUDP,0,0,,YU,0
3/6/2021,02:39,Saturday,VAUGHAN MC STATION,SUDP,26,0,N,YU,6011
3/6/2021,02:42,Saturday,VAUGHAN MC STATION,MUIS,0,0,,YU,0
3/6/2021,06:00,Saturday,YONGE UNIVERSITY SUBWA,MUO,0,0,,YU,0
3/6/2021,06:31,Saturday,OLD MILL STATION,TUSC,4,9,E,BD,5077
3/6/2021,07:15,Saturday,SHEPPARD-YONGE STATION,MUSC,0,0,E,SHP,6151
3/6/2021,08:38,Saturday,SHERBOURNE STATION,SUDP,0,0,E,BD,5209
3/6/2021,10:04,Saturday,DON MILLS STATION,SUDP,4,9,W,SHP,6151
3/6/2021,10:23,Saturday,COXWELL STATION,MUSC,0,0,E,BD,5077
3/6/2021,10:31,Saturday,VAUGHAN MC STATION,TUNIP,4,9,S,YU,5941
3/6/2021,11:02,Saturday,UNION STATION,MUIS,0,0,,YU,0
3/6/2021,12:17,Saturday,ST CLAIR STATION,PUSTC,6,11,S,YU,6086
3/6/2021,14:16,Saturday,LAWRENCE WEST STATION,SUAP,0,0,,YU,0
3/6/2021,14:23,Saturday,SPADINA BD STATION,MUD,4,8,W,BD,5297
3/6/2021,14:57,Saturday,KENNEDY BD STATION,MUNOA,4,8,W,BD,5049
3/6/2021,14:57,Saturday,SHEPPARD-YONGE STATION,MUSC,0,0,E,SHP,6151
3/6/2021,15:23,Saturday,COLLEGE STATION,SUDP,3,8,N,YU,5446
3/6/2021,16:18,Saturday,DUNDAS STATION,MUIRS,0,0,,YU,0
3/6/2021,16:26,Saturday,OSSINGTON STATION,MUIS,0,0,,BD,0
3/6/2021,16:55,Saturday,RUNNYMEDE STATION,SUDP,0,0,E,BD,5007
3/6/2021,17:27,Saturday,MCCOWAN STATION,MRO,3,9,S,SRT,3024
3/6/2021,17:31,Saturday,SHEPPARD-YONGE STATION,TUCC,3,8,W,SHP,6156
3/6/2021,17:52,Saturday,ST CLAIR STATION,PUTTC,5,10,S,YU,5476
3/6/2021,18:07,Saturday,ST CLAIR STATION,PUTTC,6,11,S,YU,5801
3/6/2021,18:42,Saturday,ST CLAIR STATION,PUTTC,5,10,S,YU,5736
3/6/2021,19:09,Saturday,SHEPPARD STATION,SUAE,0,0,,YU,0
3/6/2021,19:37,Saturday,DUNDAS STATION,SUO,0,0,N,YU,5863
3/6/2021,19:38,Saturday,WILSON STATION,SUDP,4,9,S,YU,5391
3/6/2021,20:03,Saturday,COLLEGE STATION,SUDP,10,15,S,YU,5861
3/6/2021,20:28,Saturday,LESLIE STATION,MUDD,3,8,E,SHP,6196
3/6/2021,21:04,Saturday,BLOOR STATION,SUDP,4,9,N,YU,5616
3/6/2021,21:23,Saturday,ROSEDALE STATION,MUATC,3,8,S,YU,5611
3/6/2021,21:41,Saturday,ST CLAIR WEST STATION,SUDP,4,9,S,YU,5806
3/6/2021,22:00,Saturday,YONGE UNIVERSITY SUBWA,MUO,0,0,,YU/BD,0
3/6/2021,22:29,Saturday,SHEPPARD-YONGE STATION,MUSC,0,0,E,SHP,6181
3/6/2021,22:34,Saturday,SHEPPARD-YONGE STATION,SUUT,3,8,E,SHP,6196
3/7/2021,00:20,Sunday,ST GEORGE YUS STATION,SUUT,9,14,N,YU,6131
3/7/2021,01:08,Sunday,YONGE AUTO ENTRANCE,MUIS,0,0,,BD,0
3/7/2021,03:40,Sunday,KEELE YARD,SUG,0,0,E,BD,5020
3/7/2021,07:53,Sunday,BROADVIEW STATION,MUSC,0,0,W,BD,5084
3/7/2021,08:00,Sunday,WILSON STATION,EUYRD,6,16,S,YU,5986
3/7/2021,08:00,Sunday,YONGE UNIVERSITY SUBWA,MUO,0,0,,YU,0
3/7/2021,09:42,Sunday,ST CLAIR STATION,TUO,6,12,S,YU,6131
3/7/2021,09:46,Sunday,KING STATION,SUO,4,9,S,YU,5506
3/7/2021,10:15,Sunday,UNION STATION,SUDP,0,0,,YU,0
3/7/2021,11:12,Sunday,SHERBOURNE STATION,MUDD,9,14,E,BD,5019
3/7/2021,11:51,Sunday,SPADINA YUS STATION,MUPAA,4,9,S,YU,5391
3/7/2021,12:56,Sunday,BAY STATION,SUUT,31,35,W,BD,5117
3/7/2021,13:56,Sunday,KIPLING STATION,TUO,3,7,W,BD,5084
3/7/2021,14:28,Sunday,VAUGHAN MC STATION,SUG,5,10,S,YU,5946
3/7/2021,14:35,Sunday,DON MILLS STATION,MUIS,0,0,,SHP,0
3/7/2021,14:39,Sunday,DAVISVILLE STATION,PUSTS,5,10,S,YU,5766
3/7/2021,15:29,Sunday,YONGE BD STATION,SUO,0,0,,BD,0
3/7/2021,16:35,Sunday,UNION STATION,MUIS,0,0,,YU,0
3/7/2021,17:19,Sunday,ST CLAIR STATION,MUI,13,18,N,YU,5896
3/7/2021,17:20,Sunday,QUEEN STATION,MUSAN,5,10,N,YU,6081
3/7/2021,19:49,Sunday,KENNEDY BD STATION,MUI,4,8,E,BD,5306
3/7/2021,20:03,Sunday,WILSON STATION,SUDP,5,10,S,YU,5826
3/7/2021,21:18,Sunday,VAUGHAN MC STATION,SUDP,0,0,,YU,0
3/7/2021,22:00,Sunday,YONGE UNIVERSITY SUBWA,MUO,0,0,,YU/BD,0
3/7/2021,22:57,Sunday,BATHURST STATION,EUPI,6,10,E,BD,5010
3/8/2021,01:14,Monday,OSGOODE STATION,SUDP,8,13,S,YU,5676
3/8/2021,01:35,Monday,WARDEN STATION,MUIS,0,0,,BD,0
3/8/2021,01:50,Monday,ISLINGTON STATION,MUPAA,0,0,W,BD,5169
3/8/2021,01:54,Monday,YONGE BD STATION,TUO,0,0,E,BD,5174
3/8/2021,02:24,Monday,KIPLING STATION,PUMEL,0,0,,BD,0
3/8/2021,06:25,Monday,ROYAL YORK STATION,MUSC,0,0,E,BD,5161
3/8/2021,07:04,Monday,DUNDAS STATION,SUDP,0,0,,YU,0
3/8/2021,07:27,Monday,VICTORIA PARK STATION,MUD,3,7,E,BD,5151
3/8/2021,07:48,Monday,BROADVIEW STATION,PUMEL,0,0,,BD,0
3/8/2021,07:54,Monday,MAIN STREET STATION,MUSC,0,0,W,BD,5303
3/8/2021,09:19,Monday,WARDEN STATION,MUIS,0,0,E,BD,0
3/8/2021,10:19,Monday,EGLINTON STATION,TUO,3,6,N,YU,5601
3/8/2021,10:22,Monday,BAY STATION,PUMO,0,0,,BD,0
3/8/2021,11:06,Monday,LAWRENCE WEST STATION,SUO,3,6,S,YU,5456
3/8/2021,13:11,Monday,BLOOR STATION,SUDP,3,8,N,YU,5916
3/8/2021,13:17,Monday,CHRISTIE STATION,SUDP,0,0,,BD,0
3/8/2021,13:47,Monday,WARDEN STATION,SUUT,3,6,E,BD,5006
3/8/2021,15:27,Monday,FINCH STATION,SUG,3,6,S,YU,5536
3/8/2021,15:28,Monday,MAIN STREET STATION,EUSC,0,0,W,BD,5276
3/8/2021,15:30,Monday,OSSINGTON STATION,MUIS,0,0,,BD,0
3/8/2021,15:31,Monday,MUSEUM STATION,SUDP,0,0,N,YU,5491
3/8/2021,16:18,Monday,KENNEDY BD STATION,MUI,3,7,W,BD,5310
3/8/2021,16:57,Monday,VAUGHAN MC STATION,MUSAN,3,6,S,YU,5646
3/8/2021,19:30,Monday,ST ANDREW STATION,PUMEL,0,0,,YU,0
3/8/2021,20:30,Monday,COXWELL STATION,SUDP,0,0,E,BD,5331
3/8/2021,20:57,Monday,FINCH STATION,MUSC,0,0,S,YU,5536
3/8/2021,22:00,Monday,YONGE UNIVERSITY SUBWA,MUO,0,0,,YU/BD,0
3/8/2021,23:13,Monday,ISLINGTON STATION,SUDP,5,12,E,BD,5006
3/9/2021,00:21,Tuesday,WELLESLEY STATION,MUPAA,6,11,N,YU,5676
3/9/2021,01:56,Tuesday,VAUGHAN MC STATION,MUI,0,0,S,YU,0
3/9/2021,02:48,Tuesday,VAUGHAN MC STATION,MUIS,0,0,,YU,0
3/9/2021,05:08,Tuesday,DUNDAS STATION,MUNCA,0,0,,YU,0
3/9/2021,06:18,Tuesday,DAVISVILLE YARD,PUTOE,0,0,,YU,0
3/9/2021,07:17,Tuesday,ROSEDALE STATION,MUATC,3,6,S,YU,5386
3/9/2021,07:45,Tuesday,ST CLAIR WEST STATION,MUIS,0,0,,YU,0
3/9/2021,07:56,Tuesday,LAWRENCE WEST STATION,SUDP,4,7,S,YU,5936
3/9/2021,08:55,Tuesday,UNION STATION,MUD,3,6,N,YU,6061
3/9/2021,09:50,Tuesday,FINCH STATION,MUTO,3,6,S,YU,5641
3/9/2021,10:17,Tuesday,DUNDAS STATION,MUIS,0,0,N,YU,0
3/9/2021,14:31,Tuesday,VAUGHAN MC STATION,SUDP,14,17,N,YU,5766
3/9/2021,14:37,Tuesday,YONGE BD STATION,PUSTS,0,0,W,BD,5368
3/9/2021,14:52,Tuesday,COLLEGE STATION,SUUT,0,0,S,YU,5431
3/9/2021,15:01,Tuesday,YONGE BD STATION,PUSTS,0,0,W,BD,5314
3/9/2021,16:08,Tuesday,BESSARION STATION,MUSC,0,0,E,SHP,6151
3/9/2021,17:04,Tuesday,FINCH STATION,SUDP,0,0,,YU,0
3/9/2021,17:42,Tuesday,SHEPPARD WEST STATION,SUDP,19,22,S,YU,5761
3/9/2021,19:28,Tuesday,SPADINA YUS STATION,MUIR,8,11,N,YU,5441
3/9/2021,19:35,Tuesday,DOWNSVIEW PARK STATION,SUDP,32,35,N,YU,6006
3/9/2021,20:02,Tuesday,BLOOR STATION,SUDP,12,15,N,YU,5936
3/9/2021,20:11,Tuesday,FINCH STATION,EUNT,3,6,S,YU,6066
3/9/2021,20:23,Tuesday,EGLINTON STATION,TUMVS,4,7,S,YU,5736
3/9/2021,21:00,Tuesday,EGLINTON STATION,EUSC,0,0,N,YU,6001
3/9/2021,21:28,Tuesday,DON MILLS STATION,PUMEL,0,0,W,SHP,6166
3/9/2021,21:50,Tuesday,VICTORIA PARK STATION,SUDP,0,0,,BD,0
3/9/2021,21:57,Tuesday,YONGE BD STATION,MUIS,0,0,,BD,0
3/9/2021,22:00,Tuesday,YONGE UNIVERSITY SUBWA,MUO,0,0,,YU/BD,0
3/9/2021,22:20,Tuesday,ST ANDREW STATION,MUIS,0,0,,YU,0
3/9/2021,22:54,Tuesday,YONGE BD STATION,EUSC,0,0,W,BD,5149
3/9/2021,23:00,Tuesday,FINCH TO EGLINTON STAT,MUO,0,0,B,YU,0
3/9/2021,23:23,Tuesday,ISLINGTON STATION,TUMVS,3,10,E,BD,5180
3/9/2021,23:30,Tuesday,DUPONT STATION,MUIRS,0,0,S,YU,0
3/9/2021,23:30,Tuesday,KENNEDY SRT STATION,ERDO,0,0,W,SRT,3003
3/9/2021,23:30,Tuesday,ST GEORGE BD STATION,PUTDN,9,16,W,BD,5313
3/9/2021,23:41,Tuesday,EGLINTON STATION,MUIS,0,0,,YU,0
3/9/2021,23:48,Tuesday,WILSON STATION,MUIS,0,0,,YU,0
3/10/2021,00:54,Wednesday,KEELE STATION,MUIRS,0,0,W,BD,5146
3/10/2021,01:21,Wednesday,WELLESLEY STATION,PUMEL,0,0,N,YU,0
3/10/2021,01:49,Wednesday,DUNDAS WEST STATION,TUMVS,0,0,W,BD,5006
3/10/2021,01:49,Wednesday,WILSON STATION,SUUT,0,0,,YU,0
3/10/2021,01:54,Wednesday,EGLINTON STATION,MUIS,0,0,S,YU,5723
3/10/2021,02:37,Wednesday,SHEPPARD WEST STATION,SUDP,0,0,S,YU,5731
3/10/2021,02:53,Wednesday,VAUGHAN MC STATION,MUIS,0,0,S,YU,0
3/10/2021,03:00,Wednesday,VAUGHAN MC STATION,SUDP,0,0,S,YU,5951
3/10/2021,03:14,Wednesday,VAUGHAN MC STATION,MUO,10,15,N,YU,5130
3/10/2021,06:36,Wednesday,SUMMERHILL STATION,MUTO,3,6,S,YU,5756
3/10/2021,06:48,Wednesday,ST GEORGE YUS STATION,MUIRS,0,0,,YU,0
3/10/2021,06:55,Wednesday,ROSEDALE STATION,MUATC,3,6,S,YU,5626
3/10/2021,07:02,Wednesday,YORK UNIVERSITY STATIO,MUATC,0,0,S,YU,5796
3/10/2021,07:51,Wednesday,ROSEDALE STATION,MUSC,3,6,N,YU,5796
3/10/2021,08:01,Wednesday,UNION STATION,MUD,3,6,N,YU,5836
3/10/2021,09:14,Wednesday,WELLESLEY STATION,SUDP,0,0,N,YU,5396
3/10/2021,09:16,Wednesday,LAWRENCE WEST STATION,TUATC,5,8,N,YU,5791
3/10/2021,09:40,Wednesday,LAWRENCE WEST STATION,MUATC,5,8,N,YU,5981
3/10/2021,10:41,Wednesday,SUMMERHILL STATION,TUMVS,0,0,S,YU,6116
3/10/2021,11:16,Wednesday,YONGE BD STATION,MUIS,0,0,W,BD,0
3/10/2021,11:49,Wednesday,EGLINTON WEST STATION,SUAE,0,0,N,YU,5736
3/10/2021,12:11,Wednesday,CASTLE FRANK STATION,SUDP,0,0,E,BD,5074
3/10/2021,12:23,Wednesday,GLENCAIRN STATION,MUPAA,0,0,N,YU,5696
3/10/2021,12:53,Wednesday,FINCH STATION,MUTO,3,6,S,YU,6051
3/10/2021,14:18,Wednesday,HIGH PARK STATION,MUIS,0,0,,BD,0
3/10/2021,14:52,Wednesday,VAUGHAN MC STATION,MUNOA,3,6,N,YU,6076
3/10/2021,16:13,Wednesday,DAVISVILLE STATION,PUMST,0,0,N,YU,0
3/10/2021,16:28,Wednesday,SHERBOURNE STATION,MUPAA,8,12,E,BD,5054
3/10/2021,17:05,Wednesday,WELLESLEY STATION,SUDP,0,0,S,YU,5831
3/10/2021,17:45,Wednesday,WARDEN STATION,MUPAA,0,0,W,BD,5366
3/10/2021,18:00,Wednesday,OSSINGTON STATION,TUSC,0,0,W,BD,5146
3/10/2021,18:38,Wednesday,LAWRENCE WEST STATION,MUIS,0,0,,YU,0
3/10/2021,18:42,Wednesday,SHEPPARD WEST STATION,MUIR,0,0,S,YU,5646
3/10/2021,18:48,Wednesday,FINCH STATION,SUDP,3,6,S,YU,5746
3/10/2021,21:21,Wednesday,WELLESLEY STATION,SUPOL,37,42,S,YU,6051
3/10/2021,21:37,Wednesday,LAWRENCE STATION,SUPOL,5,10,N,YU,6056
3/10/2021,22:00,Wednesday,YONGE UNIVERSITY SUBWA,MUO,0,0,,YU/BD,0
3/10/2021,22:18,Wednesday,DAVISVILLE STATION,SUDP,10,15,N,YU,5811
3/10/2021,23:00,Wednesday,FINCH TO EGLINTON STAT,MUO,0,0,,YU,0
3/10/2021,23:55,Wednesday,ST GEORGE BD STATION,SUUT,9,16,E,BD,5318
3/11/2021,00:49,Thursday,DUNDAS WEST STATION,MUIS,0,0,,BD,0
3/11/2021,05:53,Thursday,KIPLING STATION,SUG,3,8,E,BD,5295
3/11/2021,07:02,Thursday,PAPE STATION,PUMO,0,0,,BD,0
3/11/2021,07:06,Thursday,SPADINA YUS STATION,MUIS,0,0,,YU,0
3/11/2021,07:12,Thursday,ROSEDALE STATION,MUSC,0,0,N,YU,6056
3/11/2021,07:58,Thursday,SHEPPARD WEST STATION,MUTO,0,0,S,YU,5721
3/11/2021,11:37,Thursday,VICTORIA PARK STATION,TUMVS,0,0,W,BD,5276
3/11/2021,12:05,Thursday,WELLESLEY STATION,PUMEL,0,0,,YU,0
3/11/2021,12:11,Thursday,UNION STATION,MUIRS,0,0,,YU,0
3/11/2021,12:21,Thursday,ST ANDREW STATION,PUMEL,0,0,,YU,0
3/11/2021,12:42,Thursday,ST CLAIR STATION,PUSO,10,13,S,YU,5496
3/11/2021,13:24,Thursday,LANSDOWNE STATION,MUDD,9,13,W,BD,5308
3/11/2021,13:33,Thursday,BLOOR STATION,PUMEL,0,0,,YU,0
3/11/2021,14:28,Thursday,SHEPPARD-YONGE STATION,TUSC,0,0,W,SHP,6141
3/11/2021,14:54,Thursday,DUNDAS WEST STATION,SUO,0,0,,BD,0
3/11/2021,15:39,Thursday,BLOOR STATION,MUIS,0,0,,YU,0
3/11/2021,15:46,Thursday,YORK MILLS STATION,MUPAA,3,6,S,YU,5506
3/11/2021,15:52,Thursday,DAVISVILLE STATION,PUTDN,3,6,S,YU,6136
3/11/2021,16:04,Thursday,KIPLING STATION,MUDD,3,7,E,BD,5100
3/11/2021,16:09,Thursday,ISLINGTON STATION,EUCD,5,9,E,BD,5100
3/11/2021,16:44,Thursday,KENNEDY BD STATION,SUAP,0,0,,BD,0
3/11/2021,16:44,Thursday,SHEPPARD-YONGE STATION,TUSC,0,0,W,SHP,6186
3/11/2021,16:53,Thursday,SPADINA YUS STATION,SUDP,3,6,N,YU,5431
3/11/2021,17:02,Thursday,SPADINA BD STATION,SUDP,3,7,W,BD,5276
3/11/2021,17:08,Thursday,ST ANDREW STATION,PUMEL,0,0,,YU,0
3/11/2021,17:25,Thursday,BATHURST STATION,MUIS,0,0,,BD,0
3/11/2021,17:28,Thursday,BLOOR STATION,SUDP,5,8,N,YU,6056
3/11/2021,17:59,Thursday,KENNEDY BD STATION,MUIS,0,0,,BD,0
3/11/2021,18:01,Thursday,DUNDAS STATION,MUNCA,0,0,,YU,0
3/11/2021,18:24,Thursday,FINCH STATION,MUSAN,3,6,S,YU,6056
3/11/2021,18:26,Thursday,SPADINA YUS STATION,SUDP,4,7,N,YU,5481
3/11/2021,18:39,Thursday,BLOOR STATION,SUDP,0,0,,YU,0
3/11/2021,19:38,Thursday,SHEPPARD-YONGE STATION,SUDP,5,10,E,SHP,6146
3/11/2021,20:26,Thursday,BLOOR STATION,MUIS,0,0,,YU,0
3/11/2021,20:39,Thursday,DONLANDS STATION,SUDP,0,0,E,BD,5320
3/11/2021,21:29,Thursday,DUNDAS WEST STATION,MUIS,0,0,,BD,0
3/11/2021,22:00,Thursday,YONGE UNIVERSITY SUBWA,MUO,0,0,,YU/BD,0
3/11/2021,22:05,Thursday,DUNDAS WEST STATION,MUPAA,0,0,W,BD,5006
3/11/2021,22:06,Thursday,WOODBINE STATION,MUPAA,0,0,E,BD,5053
3/11/2021,22:47,Thursday,YORK MILLS STATION,TUMVS,0,0,S,YU,5541
3/11/2021,23:00,Thursday,FINCH TO EGLINTON STAT,MUO,0,0,B,YU,0
3/12/2021,01:59,Friday,FINCH STATION,MUIS,0,0,,YU,0
3/12/2021,02:35,Friday,WILSON STATION,MUIS,0,0,,YU,0
3/12/2021,05:39,Friday,FINCH STATION,PUMST,0,0,,YU,0
3/12/2021,06:49,Friday,BLOOR STATION,MUPAA,0,0,S,YU,5846
3/12/2021,09:10,Friday,FINCH STATION,SUAE,3,6,S,YU,5756
3/12/2021,09:12,Friday,UNION STATION,MUIS,0,0,,YU,0
3/12/2021,10:30,Friday,EGLINTON WEST STATION,SUAP,8,11,N,YU,6076
3/12/2021,10:35,Friday,EGLINTON STATION,MUO,3,6,S,YU,5691
3/12/2021,10:35,Friday,MUSEUM STATION,MUATC,10,13,S,YU,5536
3/12/2021,10:56,Friday,FINCH STATION,MUSC,0,0,S,YU,5631
3/12/2021,11:06,Friday,SPADINA YUS STATION,MUSAN,3,6,S,YU,5491
3/12/2021,11:08,Friday,KIPLING STATION,MUTO,4,8,E,BD,5024
3/12/2021,11:33,Friday,ST CLAIR WEST STATION,SUDP,0,0,S,YU,0
3/12/2021,11:36,Friday,DUPONT STATION,SUDP,4,7,S,YU,5746
3/12/2021,11:37,Friday,KENNEDY SRT STATION,SRDP,3,9,N,SRT,3003
3/12/2021,11:45,Friday,QUEEN'S PARK STATION,SUO,3,6,S,YU,5746
3/12/2021,13:29,Friday,DUNDAS STATION,MUIS,0,0,,YU,0
3/12/2021,13:34,Friday,FINCH STATION,MUSC,0,0,S,YU,5631
3/12/2021,14:02,Friday,PAPE STATION,PUMEL,0,0,,BD,0
3/12/2021,14:52,Friday,FINCH STATION,MUSC,0,0,S,YU,5576
3/12/2021,17:06,Friday,SCARBOROUGH CTR STATIO,TRNCA,0,0,,SRT,0
3/12/2021,17:33,Friday,FINCH STATION,MUSC,0,0,S,YU,5576
3/12/2021,17:48,Friday,EGLINTON STATION,EUSC,0,0,S,YU,5446
3/12/2021,18:07,Friday,DOWNSVIEW PARK STATION,MUIS,0,0,S,YU,5461
3/12/2021,18:30,Friday,HIGHWAY 407 STATION,SUO,0,0,N,YU,5471
3/12/2021,19:13,Friday,DOWNSVIEW PARK STATION,MUPAA,0,0,S,YU,5511
3/12/2021,19:22,Friday,BAYVIEW STATION,PUSO,26,31,E,SHP,6161
3/12/2021,19:28,Friday,EGLINTON WEST STATION,MUPAA,0,0,N,YU,5431
3/12/2021,19:54,Friday,EGLINTON STATION,MUPAA,0,0,S,YU,5611
3/12/2021,20:23,Friday,FINCH STATION,MUSAN,3,6,S,YU,5511
3/12/2021,20:28,Friday,FINCH STATION,MUSAN,3,6,N,YU,6071
3/12/2021,20:50,Friday,WELLESLEY STATION,MUIS,0,0,,YU,0
3/12/2021,20:59,Friday,EGLINTON STATION,SUO,0,0,N,YU,5436
3/12/2021,21:44,Friday,DONLANDS STATION,MUSAN,4,11,W,BD,5163
3/12/2021,22:00,Friday,YONGE UNIVERSITY SUBWA,MUO,0,0,,YU/BD,0
3/12/2021,22:03,Friday,BATHURST STATION,SUAP,4,11,W,BD,5136
3/12/2021,22:09,Friday,KENNEDY SRT STATION,MRDD,0,0,N,SRT,3019
3/12/2021,22:33,Friday,YONGE BD STATION,SUAP,0,0,E,BD,0
3/12/2021,22:36,Friday,FINCH STATION,EUTRD,5,10,S,YU,5761
3/12/2021,23:19,Friday,ST CLAIR WEST STATION,MUI,0,0,S,YU,5486
3/12/2021,23:31,Friday,DUNDAS WEST STATION,SUUT,3,10,W,BD,5084
3/12/2021,23:42,Friday,UNION STATION,MUIS,0,0,,YU,0
3/13/2021,02:12,Saturday,SPADINA BD STATION,SUUT,0,0,W,BD,0
3/13/2021,02:26,Saturday,SHEPPARD WEST STATION,MUIS,0,0,,YU,0
3/13/2021,02:31,Saturday,VAUGHAN MC STATION,MUIS,0,0,,YU,0
3/13/2021,06:00,Saturday,YONGE UNIVERSITY SUBWA,MUO,0,0,,YU,0
3/13/2021,07:24,Saturday,KING STATION,MUATC,4,9,S,YU,6131
3/13/2021,09:05,Saturday,VAUGHAN MC STATION,TUO,5,10,S,YU,5486
3/13/2021,09:50,Saturday,ST GEORGE YUS STATION,PUSSW,4,9,S,YU,5486
3/13/2021,10:12,Saturday,EGLINTON STATION,MUIR,5,10,S,YU,5861
3/13/2021,14:31,Saturday,FINCH STATION,TUSUP,3,8,S,YU,5826
3/13/2021,14:40,Saturday,FINCH WEST STATION,MUPAA,0,0,S,YU,5816
3/13/2021,16:26,Saturday,KING STATION,MUATC,4,9,N,YU,5456
3/13/2021,17:01,Saturday,EGLINTON STATION,MUIR,3,8,S,YU,5821
3/13/2021,19:14,Saturday,CHRISTIE STATION,MUPAA,6,11,W,BD,5354
3/13/2021,19:48,Saturday,DUPONT STATION,SUDP,3,8,N,YU,5456
3/13/2021,19:48,Saturday,ISLINGTON STATION,SUUT,8,13,E,BD,5369
3/13/2021,19:57,Saturday,ST CLAIR WEST STATION,SUDP,0,0,N,YU,5626
3/13/2021,20:02,Saturday,KENNEDY BD STATION,SUAP,0,0,,BD,0
3/13/2021,20:35,Saturday,ST GEORGE BD STATION,SUDP,0,0,E,BD,5024
3/13/2021,20:37,Saturday,CHRISTIE STATION,TUMVS,0,0,E,BD,5016
3/13/2021,21:20,Saturday,LANSDOWNE STATION,MUIRS,0,0,W,BD,0
3/13/2021,21:34,Saturday,UNION STATION,MUIS,0,0,,YU,0
3/13/2021,21:40,Saturday,KING STATION,MUATC,8,13,S,YU,5691
3/13/2021,22:00,Saturday,YONGE UNIVERSITY SUBWA,MUO,0,0,,YU/BD,0
3/13/2021,23:27,Saturday,WARDEN STATION,MUIS,0,0,,BD,0
3/13/2021,23:42,Saturday,ISLINGTON STATION,SUEAS,13,19,W,BD,5163
3/13/2021,23:52,Saturday,OLD MILL STATION,SUAP,8,14,W,BD,5365
3/14/2021,00:42,Sunday,WELLESLEY STATION,MUIS,0,0,,YU,0
3/14/2021,00:58,Sunday,OSSINGTON STATION,MUIS,0,0,E,BD,5121
3/14/2021,01:51,Sunday,KIPLING STATION,MUIS,0,0,,BD,0
3/14/2021,03:07,Sunday,KIPLING STATION,MUIS,0,0,,BD,0
3/14/2021,08:00,Sunday,YONGE UNIVERSITY SUBWA,MUO,0,0,,YU,0
3/14/2021,08:38,Sunday,BLOOR STATION,MUATC,3,8,S,YU,5431
3/14/2021,09:30,Sunday,RUNNYMEDE STATION,MUIS,0,0,,BD,0
3/14/2021,10:09,Sunday,KIPLING STATION,SUAE,0,0,,BD,0
3/14/2021,11:46,Sunday,COLLEGE STATION,SUO,0,0,N,YU,5626
3/14/2021,11:46,Sunday,WELLESLEY STATION,SUO,0,0,N,YU,5614
3/14/2021,13:59,Sunday,YONGE BD STATION,MUIS,0,0,E,BD,0
3/14/2021,14:02,Sunday,SPADINA BD STATION,SUPOL,0,0,E,BD,5240
3/14/2021,14:05,Sunday,SPADINA YUS STATION,SUPOL,0,0,N,YU,5431
3/14/2021,14:21,Sunday,KEELE STATION,MUSC,0,0,W,BD,5358
3/14/2021,15:21,Sunday,LANSDOWNE STATION,SUDP,8,12,W,BD,5261
3/14/2021,15:30,Sunday,ST GEORGE YUS STATION,MUIS,0,0,S,YU,0
3/14/2021,16:36,Sunday,BATHURST STATION,MUIRS,0,0,,BD,0
3/14/2021,16:59,Sunday,CHESTER STATION,TUSC,0,0,W,BD,5261
3/14/2021,17:33,Sunday,BLOOR STATION,MUI,13,18,N,YU,5721
3/14/2021,17:52,Sunday,ISLINGTON STATION,SUO,0,0,,BD,0
3/14/2021,17:54,Sunday,COXWELL STATION,TUNIP,4,8,W,BD,5258
3/14/2021,18:18,Sunday,CHRISTIE STATION,MUIS,0,0,,BD,0
3/14/2021,18:40,Sunday,VAUGHAN MC STATION,MUATC,3,8,S,YU,5481
3/14/2021,20:01,Sunday,BROADVIEW STATION,MUIS,0,0,,BD,0
3/14/2021,20:52,Sunday,BAY STATION,MUIS,0,0,,BD,0
3/14/2021,21:49,Sunday,VAUGHAN MC STATION,MUI,5,10,S,YU,5576
3/14/2021,22:00,Sunday,YONGE UNIVERSITY SUBWA,MUO,0,0,,YU/BD,0
3/15/2021,00:25,Monday,KING STATION,SUDP,0,0,,YU,0
3/15/2021,00:34,Monday,YONGE BD STATION,SUUT,0,0,,BD,0
3/15/2021,01:04,Monday,LAWRENCE STATION,MUPAA,3,8,N,YU,5751
3/15/2021,01:35,Monday,EGLINTON STATION,SUDP,0,0,,YU,0
3/15/2021,02:05,Monday,NORTH YORK CTR STATION,MUSC,0,0,S,YU,5476
3/15/2021,02:26,Monday,SHEPPARD WEST STATION,MUIS,0,0,,YU,0
3/15/2021,05:08,Monday,FINCH STATION,PUMO,0,0,,YU,0
3/15/2021,05:26,Monday,EGLINTON STATION,MUSC,0,0,N,YU,6131
3/15/2021,06:00,Monday,YONGE UNIVERSITY SUBWA,MUO,0,0,,YU,0
3/15/2021,07:17,Monday,ROSEDALE STATION,SUDP,4,8,N,YU,5836
3/15/2021,09:51,Monday,EGLINTON STATION,MUSC,0,0,N,YU,5746
3/15/2021,10:00,Monday,YORK MILLS STATION,MUSC,0,0,N,YU,5746
3/15/2021,10:51,Monday,ROSEDALE STATION,TUATC,8,12,S,YU,5446
3/15/2021,11:08,Monday,YONGE BD STATION,MUIS,0,0,,BD,0
3/15/2021,11:23,Monday,JANE STATION,MUD,3,7,W,BD,5289
3/15/2021,11:37,Monday,ISLINGTON STATION,TUS,3,7,E,BD,5031
3/15/2021,12:22,Monday,WILSON STATION,MUPAA,0,0,N,YU,5801
3/15/2021,12:34,Monday,EGLINTON STATION,MUIS,0,0,,YU,0
3/15/2021,13:37,Monday,VAUGHAN MC STATION,TUNIP,5,10,S,YU,5676
3/15/2021,14:08,Monday,FINCH STATION,MUIS,0,0,,YU,0
3/15/2021,14:24,Monday,WARDEN STATION,SUDP,10,14,W,BD,5060
3/15/2021,15:09,Monday,VAUGHAN MC STATION,EUBO,4,8,S,YU,5461
3/15/2021,16:02,Monday,FINCH STATION,SUAP,0,0,,YU,0
3/15/2021,16:54,Monday,FINCH STATION,TUSUP,3,7,S,YU,5786
3/15/2021,17:16,Monday,WELLESLEY STATION,SUDP,3,7,N,YU,5731
3/15/2021,18:04,Monday,ST GEORGE YUS STATION,MUPAA,0,0,S,YU,5676
3/15/2021,18:18,Monday,SPADINA BD STATION,SUAP,0,0,E,BD,5307
3/15/2021,18:45,Monday,BAYVIEW STATION,SUUT,11,16,W,SHP,6161
3/15/2021,18:49,Monday,SHERBOURNE STATION,MUIS,0,0,W,BD,5014
3/15/2021,19:59,Monday,COXWELL STATION,MUPAA,0,0,W,BD,5354
3/15/2021,20:02,Monday,BLOOR STATION,SUAP,0,0,S,YU,5496
3/15/2021,20:55,Monday,SUMMERHILL STATION,SUUT,6,10,N,YU,6081
3/15/2021,22:00,Monday,YONGE UNIVERSITY SUBWA,MUO,0,0,,YU/BD,0
3/15/2021,23:07,Monday,YORK MILLS STATION,MUWR,13,18,N,YU,5746
3/15/2021,23:42,Monday,YORKDALE STATION,EUBK,5,10,N,YU,5391
3/16/2021,01:31,Tuesday,DON MILLS STATION,TUSC,0,0,W,SHP,6151
3/16/2021,01:54,Tuesday,DUNDAS STATION,SUDP,3,8,N,YU,5561
3/16/2021,02:38,Tuesday,FINCH STATION,MUIRS,0,0,,YU,0
3/16/2021,05:14,Tuesday,FINCH STATION,PUMO,0,0,,YU,0
3/16/2021,05:20,Tuesday,DAVISVILLE STATION,MUSC,0,0,S,YU,6041
3/16/2021,05:26,Tuesday,DAVISVILLE STATION,MUSC,0,0,S,YU,6116
3/16/2021,06:00,Tuesday,YONGE UNIVERSITY SUBWA,MUO,0,0,,YU,0
3/16/2021,06:39,Tuesday,KEELE STATION,PUMO,0,0,,BD,0
3/16/2021,06:51,Tuesday,NORTH YORK CTR STATION,EUSC,0,0,N,YU,5746
3/16/2021,07:20,Tuesday,EGLINTON WEST STATION,MUNCA,0,0,,YU,0
3/16/2021,07:53,Tuesday,SUMMERHILL STATION,EUSC,0,0,N,YU,5746
3/16/2021,10:14,Tuesday,YORK MILLS STATION,TUSC,0,0,S,YU,6086
3/16/2021,11:02,Tuesday,YONGE BD STATION,SUDP,0,0,,BD,0
3/16/2021,11:46,Tuesday,SHERBOURNE STATION,PUMEL,0,0,,BD,0
3/16/2021,12:11,Tuesday,BAY STATION,MUPR1,40,44,E,BD,5079
3/16/2021,12:33,Tuesday,WILSON STATION,PUSRA,9,13,N,YU,5506
3/16/2021,12:34,Tuesday,SUMMERHILL STATION,SUAP,3,7,N,YU,5661
3/16/2021,12:35,Tuesday,KENNEDY BD STATION,MUO,4,8,W,BD,5142
3/16/2021,12:46,Tuesday,FINCH STATION,SUO,0,0,,YU,0
3/16/2021,13:14,Tuesday,KIPLING STATION,MUIRS,0,0,,BD,0
3/16/2021,13:22,Tuesday,ROYAL YORK STATION,MUO,0,0,,BD,0
3/16/2021,13:46,Tuesday,ST ANDREW STATION,MUSAN,5,10,S,YU,5661
3/16/2021,14:17,Tuesday,FINCH STATION,TUO,4,9,S,YU,5556
3/16/2021,14:30,Tuesday,QUEEN STATION,SUO,0,0,N,YU,0
3/16/2021,14:54,Tuesday,WILSON STATION,MUIS,0,0,,YU,0
3/16/2021,14:55,Tuesday,JANE STATION,EUPI,5,9,W,BD,5054
3/16/2021,15:51,Tuesday,DONLANDS STATION,EUME,11,14,W,BD,5002
3/16/2021,17:27,Tuesday,QUEEN STATION,MUATC,4,8,N,YU,6136
3/16/2021,18:24,Tuesday,ST GEORGE BD STATION,MUDD,6,10,W,BD,5108
3/16/2021,19:29,Tuesday,ST GEORGE YUS STATION,MUIS,0,0,,YU,0
3/16/2021,19:58,Tuesday,ST ANDREW STATION,MUPAA,0,0,S,YU,5491
3/16/2021,20:28,Tuesday,LAWRENCE STATION,TUSC,0,0,S,YU,5831
3/16/2021,20:51,Tuesday,DUNDAS STATION,SUDP,0,0,N,YU,5421
3/16/2021,21:33,Tuesday,FINCH STATION,SUAP,0,0,N,YU,5746
3/16/2021,22:00,Tuesday,YONGE UNIVERSITY SUBWA,MUO,0,0,,YU/BD,0
3/16/2021,22:11,Tuesday,SHEPPARD-YONGE STATION,MUNOA,0,0,E,SHP,0
3/16/2021,22:25,Tuesday,LESLIE STATION,TUSC,0,0,W,SHP,6176
3/16/2021,23:37,Tuesday,DAVISVILLE YARD,MUO,0,0,,YU,0
3/17/2021,01:22,Wednesday,FINCH WEST STATION,TUO,10,15,N,YU,5941
3/17/2021,01:32,Wednesday,ST GEORGE BD STATION,SUROB,6,13,W,BD,5342
3/17/2021,01:36,Wednesday,ST GEORGE YUS STATION,SUROB,0,0,N,YU,5906
3/17/2021,01:39,Wednesday,SPADINA YUS STATION,SUROB,11,16,S,YU,6056
3/17/2021,01:56,Wednesday,KENNEDY BD STATION,MUPAA,0,0,,BD,5109
3/17/2021,05:15,Wednesday,INGLIS BUILDING,PUMEL,0,0,,,0
3/17/2021,05:54,Wednesday,DON MILLS STATION,MUSC,0,0,W,SHP,6176
3/17/2021,06:00,Wednesday,YONGE UNIVERSITY SUBWA,MUO,0,0,,YU,0
3/17/2021,06:18,Wednesday,ROSEDALE STATION,MUATC,3,7,S,YU,5496
3/17/2021,08:04,Wednesday,YORK MILLS STATION,MUSC,0,0,N,YU,5746
3/17/2021,08:36,Wednesday,ST GEORGE YUS STATION,SUDP,6,10,S,YU,5901
3/17/2021,09:11,Wednesday,LAWRENCE STATION,MUSC,0,0,N,YU,5741
3/17/2021,09:42,Wednesday,FINCH STATION,SUO,0,0,,YU,0
3/17/2021,11:24,Wednesday,EGLINTON STATION,MUIR,0,0,N,YU,5731
3/17/2021,11:44,Wednesday,WOODBINE STATION,PUSO,6,10,W,BD,5180
3/17/2021,12:25,Wednesday,HIGH PARK STATION,PUMEL,0,0,,BD,0
3/17/2021,12:28,Wednesday,EGLINTON STATION,MUSC,0,0,N,YU,5561
3/17/2021,13:11,Wednesday,VICTORIA PARK STATION,SUO,3,8,W,BD,5299
3/17/2021,14:11,Wednesday,BLOOR STATION,SUAP,0,0,,YU,0
3/17/2021,14:19,Wednesday,ST CLAIR STATION,PUMEL,0,0,,YU,0
3/17/2021,14:31,Wednesday,ROSEDALE STATION,TUOS,6,10,S,YU,5741
3/17/2021,14:32,Wednesday,WARDEN STATION,SUROB,0,0,,BD,0
3/17/2021,14:38,Wednesday,WILSON STATION,MUIS,0,0,,YU,0
3/17/2021,15:38,Wednesday,KEELE STATION,SUO,4,8,W,BD,5307
3/17/2021,17:19,Wednesday,COLLEGE STATION,SUO,4,9,S,YU,6116
3/17/2021,17:50,Wednesday,DUNDAS WEST STATION,SUUT,3,7,W,BD,5342
3/17/2021,18:19,Wednesday,WILSON STATION,MUIS,0,0,,YU,0
3/17/2021,18:34,Wednesday,RUNNYMEDE STATION,EUDO,19,23,E,BD,5020
3/17/2021,18:35,Wednesday,BESSARION STATION,MUSC,0,0,E,SHP,6171
3/17/2021,18:48,Wednesday,DOWNSVIEW PARK STATION,MUIRS,0,0,,YU,0
3/17/2021,18:50,Wednesday,ST GEORGE BD STATION,SUDP,4,8,W,BD,5035
3/17/2021,18:59,Wednesday,DUNDAS WEST STATION,EUCD,4,8,E,BD,5020
3/17/2021,19:33,Wednesday,FINCH STATION,MUSC,0,0,S,YU,5741
3/17/2021,19:43,Wednesday,UNION STATION,MUIR,7,11,N,YU,5836
3/17/2021,20:40,Wednesday,OSSINGTON CENTRE TRACK,SUO,0,0,W,BD,5051
3/17/2021,21:12,Wednesday,SPADINA BD STATION,SUUT,3,10,E,BD,5187
3/17/2021,21:36,Wednesday,DAVISVILLE STATION,SUDP,0,0,N,YU,5796
3/17/2021,22:00,Wednesday,YONGE UNIVERSITY SUBWA,MUO,0,0,,YU/BD,0
3/17/2021,22:19,Wednesday,FINCH WEST STATION,MUIS,0,0,,YU,0
3/17/2021,23:30,Wednesday,JANE STATION,SUDP,3,10,E,BD,5267
3/18/2021,00:05,Thursday,PIONEER VILLAGE STATIO,MUIS,0,0,,YU,0
3/18/2021,00:43,Thursday,CHESTER STATION,MUD,9,13,W,BD,5109
3/18/2021,01:25,Thursday,WARDEN STATION,MUIS,0,0,,BD,0
3/18/2021,01:47,Thursday,ST GEORGE YUS STATION,MUATC,10,15,N,YU,5671
3/18/2021,02:14,Thursday,SHEPPARD STATION,MUPAA,0,0,N,YU,5561
3/18/2021,02:22,Thursday,YORK MILLS STATION,SUDP,0,0,,YU,0
3/18/2021,03:13,Thursday,KENNEDY BD STATION,MUIS,0,0,,BD,0
3/18/2021,05:29,Thursday,ST CLAIR STATION,MUIE,0,0,,YU,0
3/18/2021,05:33,Thursday,EGLINTON STATION,TUCC,0,0,N,YU,5451
3/18/2021,05:44,Thursday,ROSEDALE STATION,PUATC,32,40,S,YU,5771
3/18/2021,05:49,Thursday,ROSEDALE STATION,TUMVS,0,0,S,YU,6041
3/18/2021,05:58,Thursday,ST GEORGE BD STATION,PUTWZ,0,0,W,BD,5295
3/18/2021,06:09,Thursday,DON MILLS STATION,SUAE,5,11,W,SHP,5146
3/18/2021,06:47,Thursday,KIPLING STATION,EUNT,5,10,E,BD,5267
3/18/2021,06:52,Thursday,MAIN STREET STATION,MUIE,0,0,,BD,0
3/18/2021,07:09,Thursday,KIPLING STATION,EUNT,4,8,E,BD,5333
3/18/2021,08:20,Thursday,WARDEN STATION,SUUT,9,13,W,BD,5118
3/18/2021,09:12,Thursday,QUEEN STATION,MUPAA,0,0,N,YU,5776
3/18/2021,10:44,Thursday,CHRISTIE STATION,PUSWZ,7,11,E,BD,5178
3/18/2021,10:53,Thursday,OSSINGTON STATION,PUSWZ,7,11,E,BD,5506
3/18/2021,11:52,Thursday,KEELE STATION,SUO,0,0,E,BD,5103
3/18/2021,11:53,Thursday,UNION STATION,MUPAA,0,0,S,YU,5456
3/18/2021,13:16,Thursday,EGLINTON STATION,SUAE,0,0,,YU,0
3/18/2021,13:17,Thursday,BROADVIEW STATION,MUD,3,7,E,BD,5122
3/18/2021,15:23,Thursday,SHERBOURNE STATION,MUO,4,8,W,BD,5051
3/18/2021,15:39,Thursday,CHRISTIE STATION,MUIS,0,0,,BD,0
3/18/2021,17:24,Thursday,FINCH STATION,TUSUP,5,10,S,YU,5666
3/18/2021,18:17,Thursday,FINCH STATION,MUPAA,0,0,S,YU,5786
3/18/2021,18:58,Thursday,WELLESLEY STATION,SUAP,0,0,S,YU,5566
3/18/2021,19:13,Thursday,ISLINGTON STATION,SUUT,11,15,E,BD,5099
3/18/2021,20:15,Thursday,FINCH STATION,TUNIP,5,10,S,YU,5776
3/18/2021,21:05,Thursday,WELLESLEY STATION,MUPAA,0,0,N,YU,5731
3/18/2021,21:51,Thursday,BLOOR STATION,SUUT,25,30,S,YU,5771
3/18/2021,22:00,Thursday,YONGE UNIVERSITY SUBWA,MUO,0,0,,YU/BD,0
3/19/2021,00:00,Friday,BLOOR STATION,SUDP,0,0,N,YU,0
3/19/2021,00:18,Friday,SHEPPARD-YONGE (TAIL T,SUUT,36,41,E,SHP,6156
3/19/2021,01:36,Friday,YONGE BD STATION,MUIS,0,0,,BD,0
3/19/2021,02:09,Friday,BAY STATION,SUROB,0,0,,BD,0
3/19/2021,05:44,Friday,SUMMERHILL TO BLOOR ST,PUTWZ,15,19,S,YU,5566
3/19/2021,06:00,Friday,YONGE UNIVERSITY SUBWA,MUO,0,0,,YU,0
3/19/2021,06:01,Friday,YORK MILLS STATION,TUSC,0,0,S,YU,5756
3/19/2021,06:53,Friday,YORK MILLS STATION,EUTRD,4,8,N,YU,5691
3/19/2021,06:59,Friday,VAUGHAN MC STATION,EUBO,4,8,S,YU,6126
3/19/2021,07:31,Friday,SHEPPARD WEST STATION,EUAL,4,8,S,YU,5621
3/19/2021,07:51,Friday,SHEPPARD STATION,MUPAA,0,0,S,YU,5386
3/19/2021,08:26,Friday,YONGE BD STATION,SUAP,0,0,,BD,0
3/19/2021,08:36,Friday,LAWRENCE STATION,SUDP,0,0,,YU,0
3/19/2021,08:54,Friday,BLOOR STATION,MUPAA,0,0,N,YU,6081
3/19/2021,08:58,Friday,BLOOR STATION,MUPAA,0,0,S,YU,5566
3/19/2021,09:03,Friday,BLOOR STATION,SUDP,4,8,S,YU,5471
3/19/2021,09:06,Friday,ST GEORGE BD STATION,MUD,3,7,W,BD,5182
3/19/2021,09:32,Friday,ROYAL YORK STATION,MUIS,0,0,,BD,0
3/19/2021,09:35,Friday,GLENCAIRN STATION,MUD,4,8,N,YU,6051
3/19/2021,10:00,Friday,WOODBINE STATION,MUNCA,0,0,,BD,0
3/19/2021,10:25,Friday,DUNDAS WEST STATION,MUSC,0,0,W,BD,5168
3/19/2021,11:28,Friday,DUNDAS WEST STATION,SUDP,10,14,W,BD,5109
3/19/2021,13:07,Friday,SPADINA BD STATION,MUPAA,0,0,W,BD,5515
3/19/2021,13:32,Friday,PAPE STATION,SUDP,0,0,,BD,0
3/19/2021,14:17,Friday,BESSARION STATION,MUSC,0,0,E,SHP,6141
3/19/2021,15:28,Friday,KIPLING STATION,TUSUP,4,7,E,BD,5086
3/19/2021,15:41,Friday,VICTORIA PARK STATION,TUMVS,0,0,W,BD,5146
3/19/2021,15:52,Friday,KENNEDY SRT STATION,PRSA,13,18,S,SRT,3011
3/19/2021,18:34,Friday,KING STATION,MUNCA,0,0,,YU,0
3/19/2021,19:12,Friday,BROADVIEW STATION,SUDP,3,7,E,BD,5106
3/19/2021,19:15,Friday,YONGE BD STATION,SUDP,9,16,W,BD,5333
3/19/2021,19:19,Friday,MAIN STREET STATION,SUROB,0,0,,BD,0
3/19/2021,19:26,Friday,ROYAL YORK STATION,SUDP,3,7,W,BD,5263
3/19/2021,20:40,Friday,HIGH PARK STATION,SUDP,0,0,W,BD,5342
3/19/2021,22:00,Friday,YONGE UNIVERSITY SUBWA,MUO,0,0,B,YU/BD,0
3/19/2021,22:05,Friday,VICTORIA PARK STATION,PUMEL,0,0,E,BD,0
3/19/2021,23:17,Friday,VAUGHAN MC STATION,TUSUP,19,24,S,YU,5931
3/20/2021,02:50,Saturday,FINCH STATION,MUIS,0,0,,YU,0
3/20/2021,04:13,Saturday,WILSON STATION,MUO,0,0,,YU,0
3/20/2021,05:53,Saturday,SHEPPARD-YONGE STATION,MUSC,0,0,E,SHP,6161
3/20/2021,06:00,Saturday,YONGE UNIVERSITY SUBWA,MUO,0,0,,YU,0
3/20/2021,07:32,Saturday,DAVISVILLE STATION,SUDP,7,12,S,YU,5701
3/20/2021,08:16,Saturday,SHEPPARD-YONGE STATION,MUSAN,4,9,E,SHP,6166
3/20/2021,10:42,Saturday,UNION STATION,MUIS,0,0,,YU,0
3/20/2021,10:45,Saturday,UNION STATION,MUATC,3,8,S,YU,6041
3/20/2021,10:55,Saturday,BLOOR STATION,MUIR,3,8,S,YU,6131
3/20/2021,13:18,Saturday,CHESTER STATION,MUPAA,0,0,E,BD,5190
3/20/2021,14:02,Saturday,BAY STATION,SUDP,6,10,E,BD,5099
3/20/2021,14:18,Saturday,COLLEGE STATION,SUDP,9,14,S,YU,6116
3/20/2021,15:04,Saturday,GREENWOOD STATION,MUD,7,11,W,BD,5292
3/20/2021,15:49,Saturday,ROSEDALE STATION,SUUT,22,27,S,YU,5691
3/20/2021,16:03,Saturday,OSSINGTON STATION,MUIS,0,0,,BD,0
3/20/2021,16:54,Saturday,FINCH STATION,MUSAN,5,10,S,YU,5786
3/20/2021,17:48,Saturday,KING STATION,SUDP,12,17,N,YU,5836
3/20/2021,17:53,Saturday,KING STATION,MUPAA,7,12,S,YU,5771
3/20/2021,19:30,Saturday,FINCH STATION,MUNOA,5,10,S,YU,0
3/20/2021,19:46,Saturday,KING STATION,MUIS,0,0,S,YU,0
3/20/2021,20:05,Saturday,DUNDAS STATION,MUNCA,0,0,,YU,0
3/20/2021,20:21,Saturday,QUEEN STATION,SUDP,4,9,S,YU,5771
3/20/2021,21:23,Saturday,DUNDAS STATION,SUDP,0,0,N,YU,5661
3/20/2021,22:00,Saturday,YONGE UNIVERSITY SUBWA,MUO,0,0,,YU/BD,0
3/20/2021,22:55,Saturday,CASTLE FRANK STATION,SUDP,12,18,E,BD,5061
3/20/2021,23:20,Saturday,SPADINA YUS STATION,SUDP,3,8,S,YU,5401
3/20/2021,23:34,Saturday,DONLANDS STATION,SUO,0,0,,BD,0
3/20/2021,23:45,Saturday,SHEPPARD-YONGE TAIL,EUSC,0,0,,SHP,5451
3/21/2021,00:23,Sunday,ST CLAIR STATION,EUPI,5,10,N,YU,5756
3/21/2021,00:28,Sunday,QUEEN STATION,SUDP,5,10,N,YU,5781
3/21/2021,00:34,Sunday,DUNDAS STATION,MUIS,0,0,N,YU,0
3/21/2021,01:07,Sunday,LESLIE STATION,TUMVS,6,11,E,SHP,6156
3/21/2021,01:26,Sunday,BLOOR STATION,SUO,0,0,,YU,0
3/21/2021,01:52,Sunday,WARDEN STATION,EUME,13,17,E,BD,5074
3/21/2021,02:04,Sunday,SHEPPARD STATION,SUPOL,4,9,W,SHP,6176
3/21/2021,02:30,Sunday,SHEPPARD-YONGE STATION,MUSC,0,0,,SHP,6181
3/21/2021,07:59,Sunday,SHEPPARD-YONGE STATION,MUSC,0,0,E,SHP,6186
3/21/2021,08:00,Sunday,YONGE UNIVERSITY SUBWA,MUO,0,0,,YU,0
3/21/2021,08:05,Sunday,SHEPPARD-YONGE STATION,MUSC,0,0,E,SHP,6141
3/21/2021,08:10,Sunday,SHEPPARD-YONGE STATION,MUSC,0,0,E,SHP,6156
3/21/2021,08:21,Sunday,ST ANDREW STATION,EUDO,5,10,N,YU,6041
3/21/2021,08:38,Sunday,DAVISVILLE BUILDUP,TUCC,5,10,N,YU,5476
3/21/2021,09:53,Sunday,WELLESLEY STATION,MUIE,0,0,N,YU,6047
3/21/2021,10:27,Sunday,FINCH STATION,EUCD,5,10,N,YU,6041
3/21/2021,11:39,Sunday,KENNEDY SRT STATION,PRS,4,10,N,SRT,3017
3/21/2021,13:03,Sunday,ST GEORGE BD STATION,SUAP,0,0,,BD,0
3/21/2021,13:37,Sunday,NORTH YORK CTR STATION,MUSAN,5,10,S,YU,5581
3/21/2021,13:55,Sunday,COXWELL STATION,SUDP,4,8,E,BD,5176
3/21/2021,14:58,Sunday,LAWRENCE STATION,TUSC,0,0,N,YU,5476
3/21/2021,16:30,Sunday,VAUGHAN MC STATION,TUNOA,5,10,S,YU,5626
3/21/2021,16:40,Sunday,VAUGHAN MC STATION,MUNOA,5,10,S,YU,5961
3/21/2021,16:48,Sunday,FINCH STATION,TUNIP,7,12,S,YU,5706
3/21/2021,17:49,Sunday,COLLEGE STATION,SUDP,5,10,N,YU,5441
3/21/2021,19:15,Sunday,FINCH STATION,MUIS,0,0,,YU,0
3/21/2021,19:55,Sunday,ISLINGTON STATION,MUIS,0,0,,BD,0
3/21/2021,21:16,Sunday,ST CLAIR STATION,MUIS,0,0,,YU,0
3/21/2021,21:18,Sunday,BROADVIEW STATION,SUUT,0,0,W,BD,5089
3/21/2021,21:30,Sunday,LAWRENCE WEST STATION,PUMEL,0,0,,YU,0
3/21/2021,22:00,Sunday,YONGE UNIVERSITY SUBWA,MUO,0,0,,YU/BD,0
3/21/2021,23:29,Sunday,ST GEORGE YUS STATION,MUPAA,0,0,S,YU,5791
3/22/2021,00:00,Monday,BATHURST STATION,MUIRS,0,0,,BD,0
3/22/2021,00:28,Monday,SHERBOURNE STATION,SUUT,0,0,E,BD,5155
3/22/2021,01:02,Monday,WELLESLEY STATION,SUDP,0,0,S,YU,5786
3/22/2021,01:28,Monday,ROSEDALE STATION,SUDP,4,9,N,YU,5781
3/22/2021,05:21,Monday,EGLINTON STATION,TUMVS,0,0,N,YU,5821
3/22/2021,05:36,Monday,SHEPPARD-YONGE STATION,MUSC,0,0,E,SHP,6186
3/22/2021,05:48,Monday,DAVISVILLE STATION,PUSTS,4,8,S,YU,5701
3/22/2021,05:55,Monday,OSSINGTON STATION,TUS,3,0,W,BD,5174
3/22/2021,06:00,Monday,YONGE UNIVERSITY SUBWA,MUO,0,0,,YU,0
3/22/2021,06:08,Monday,LANSDOWNE STATION,PUSTS,3,7,W,BD,5307
3/22/2021,06:30,Monday,ST GEORGE YUS STATION,MUATC,4,8,S,YU,5851
3/22/2021,09:57,Monday,CASTLE FRANK STATION,SUDP,0,0,W,BD,5223
3/22/2021,11:06,Monday,BLOOR STATION,SUO,0,0,N,YU,6136
3/22/2021,11:07,Monday,SPADINA BD STATION,SUDP,4,8,W,BD,5307
3/22/2021,11:07,Monday,SPADINA YUS STATION,SUO,0,0,N,YU,5971
3/22/2021,12:19,Monday,ST GEORGE YUS STATION,PUSSW,15,19,S,YU,5896
3/22/2021,12:25,Monday,COXWELL STATION,SUDP,3,7,W,BD,5043
3/22/2021,13:25,Monday,FINCH STATION,TUSUP,5,10,S,YU,5776
3/22/2021,13:28,Monday,KIPLING STATION,TUMVS,0,0,W,BD,5089
3/22/2021,14:06,Monday,DAVISVILLE STATION,MUSC,0,0,N,YU,5746
3/22/2021,14:51,Monday,ST GEORGE YUS STATION,SUAE,0,0,,YU,0
3/22/2021,15:09,Monday,BLOOR STATION,PUMEL,0,0,,YU,0
3/22/2021,15:27,Monday,EGLINTON STATION,SUDP,0,0,,YU,0
3/22/2021,15:41,Monday,GREENWOOD SHOPS,MUFS,0,0,,999,0
3/22/2021,15:51,Monday,QUEEN STATION,MUPAA,0,0,S,YU,5496
3/22/2021,15:58,Monday,GREENWOOD STATION,SUDP,5,9,W,BD,5358
3/22/2021,15:59,Monday,FINCH STATION,TUNIP,5,9,S,YU,5426
3/22/2021,16:48,Monday,KIPLING STATION,MUTO,3,7,W,BD,5301
3/22/2021,16:54,Monday,UNION STATION,SUUT,10,15,N,YU,6086
3/22/2021,18:18,Monday,WARDEN STATION,MUO,5,9,E,BD,5190
3/22/2021,18:20,Monday,VICTORIA PARK STATION,SUO,14,19,E,BD,5336
3/22/2021,18:38,Monday,VICTORIA PARK STATION,PUSTS,6,10,E,BD,5054
3/22/2021,18:49,Monday,PAPE STATION,MUO,4,8,W,BD,5046
3/22/2021,19:39,Monday,KEELE STATION,PUSO,6,10,E,BD,5267
3/22/2021,20:05,Monday,BAY STATION,SUDP,0,0,,BD,0
3/22/2021,20:10,Monday,EGLINTON STATION,SUDP,5,10,N,YU,5476
3/22/2021,20:22,Monday,BLOOR STATION,SUDP,17,22,N,YU,5691
3/22/2021,20:23,Monday,YORK MILLS STATION,MUO,0,0,,YU,0
3/22/2021,20:24,Monday,LAWRENCE STATION,MUSC,0,0,S,YU,5741
3/22/2021,20:26,Monday,YONGE BD STATION,SUO,15,22,W,BD,5043
3/22/2021,21:16,Monday,OSGOODE STATION,PUMEL,0,0,,YU,0
3/22/2021,21:42,Monday,COXWELL STATION,EUBK,0,0,E,BD,5207
3/22/2021,22:00,Monday,YONGE UNIVERSITY SUBWA,MUO,0,0,,YU/BD,0
3/22/2021,22:15,Monday,OSSINGTON STATION,EUNT,3,10,E,BD,5301
3/22/2021,22:25,Monday,ROYAL YORK STATION,MUIRS,0,0,,BD,0
3/22/2021,22:44,Monday,VICTORIA PARK STATION,MUD,0,0,E,BD,5301
3/22/2021,23:06,Monday,YORKDALE STATION,MUPAA,3,8,N,YU,5426
3/22/2021,23:45,Monday,EGLINTON STATION,MUIRS,0,0,,YU,0
3/23/2021,00:24,Tuesday,SHEPPARD-YONGE STATION,TUSC,0,0,E,SHP,6186
3/23/2021,00:45,Tuesday,ST GEORGE YUS STATION,MUPAA,3,8,N,YU,5986
3/23/2021,00:48,Tuesday,COXWELL STATION,MUIS,0,0,,BD,0
3/23/2021,00:59,Tuesday,KING STATION,SUDP,0,0,S,YU,5741
3/23/2021,01:16,Tuesday,PIONEER VILLAGE STATIO,MUTO,5,10,S,YU,5896
3/23/2021,02:25,Tuesday,SHEPPARD-YONGE STATION,MUSC,0,0,W,SHP,6146
3/23/2021,03:02,Tuesday,UNION STATION,PUMO,0,0,,YU,0
3/23/2021,05:37,Tuesday,SHEPPARD-YONGE STATION,MUSC,0,0,E,SHP,6141
3/23/2021,05:52,Tuesday,SCARBOROUGH CTR STATIO,MRTO,0,0,S,SRT,3014
3/23/2021,05:57,Tuesday,YORK MILLS CENTER TRAC,TUO,4,8,N,YU,5426
3/23/2021,06:00,Tuesday,YONGE UNIVERSITY SUBWA,MUO,0,0,,YU,0
3/23/2021,06:05,Tuesday,DAVISVILLE STATION,PUSTS,4,8,S,YU,5666
3/23/2021,06:29,Tuesday,ROSEDALE STATION,MUATC,6,10,S,YU,5426
3/23/2021,10:01,Tuesday,ISLINGTON STATION,MUPAA,0,0,E,BD,5122
3/23/2021,10:21,Tuesday,DAVISVILLE STATION,PUCSC,4,8,S,YU,5666
3/23/2021,10:21,Tuesday,SHEPPARD-YONGE STATION,SUDP,5,10,W,SHP,6141
3/23/2021,11:16,Tuesday,VAUGHAN MC STATION,MUTO,4,10,S,YU,5991
3/23/2021,11:30,Tuesday,MCCOWAN STATION,TRNIP,0,0,S,SRT,3018
3/23/2021,12:14,Tuesday,EGLINTON STATION,MUSAN,12,16,N,YU,5441
3/23/2021,12:24,Tuesday,VICTORIA PARK STATION,TUMVS,0,0,W,BD,5062
3/23/2021,12:29,Tuesday,VICTORIA PARK STATION,TUMVS,4,8,W,BD,5320
3/23/2021,12:36,Tuesday,FINCH STATION,MUTD,12,16,N,YU,5441
3/23/2021,13:20,Tuesday,DON MILLS STATION,MUSC,0,0,W,SHP,6176
3/23/2021,13:30,Tuesday,DON MILLS STATION,TUSC,0,0,W,SHP,6146
3/23/2021,13:41,Tuesday,ISLINGTON STATION,TUMVS,0,0,E,BD,5043
3/23/2021,14:26,Tuesday,FINCH STATION,TUNIP,9,13,S,YU,6116
3/23/2021,15:05,Tuesday,MCCOWAN STATION,ERPR,5,10,S,SRT,0
3/23/2021,17:06,Tuesday,SHERBOURNE STATION,SUDP,10,14,E,BD,5122
3/23/2021,17:23,Tuesday,BROADVIEW STATION,MUIS,0,0,,BD,0
3/23/2021,17:35,Tuesday,FINCH STATION,TUSUP,4,9,S,YU,5866
3/23/2021,17:40,Tuesday,DUFFERIN STATION,SUAP,0,0,W,BD,5056
3/23/2021,17:42,Tuesday,WARDEN STATION,SUDP,0,0,W,BD,5054
3/23/2021,17:48,Tuesday,JANE STATION,SUDP,21,25,W,BD,5187
3/23/2021,19:10,Tuesday,FINCH STATION,TUNIP,6,10,S,YU,5826
3/23/2021,19:44,Tuesday,LAWRENCE STATION,MUIS,0,0,S,YU,0
3/23/2021,20:37,Tuesday,BROADVIEW STATION,SUAE,0,0,,BD,0
3/23/2021,21:06,Tuesday,EGLINTON STATION,MUIS,0,0,,YU,0
3/23/2021,21:35,Tuesday,FINCH WEST STATION,SUDP,0,0,,YU,0
3/23/2021,22:00,Tuesday,YONGE UNIVERSITY SUBWA,MUO,0,0,,YU/BD,0
3/23/2021,23:06,Tuesday,DUNDAS STATION,PUMEL,0,0,,YU,0
3/23/2021,23:41,Tuesday,VAUGHAN MC STATION,MUNOA,5,10,S,YU,5486
3/24/2021,00:30,Wednesday,SPADINA BD STATION,MUIS,0,0,,BD,0
3/24/2021,01:40,Wednesday,KENNEDY BD STATION,MUIS,0,0,,BD,0
3/24/2021,02:24,Wednesday,SHEPPARD-YONGE STATION,MUSC,0,0,W,SHP,6151
3/24/2021,05:36,Wednesday,SHEPPARD-YONGE STATION,MUSC,0,0,E,SHP,6156
3/24/2021,06:00,Wednesday,YONGE UNIVERSITY SUBWA,MUO,0,0,,YU,0
3/24/2021,06:08,Wednesday,BROADVIEW STATION,MUIRS,0,0,,BD,0
3/24/2021,09:13,Wednesday,SHEPPARD WEST STATION,PUMO,23,27,N,YU,5436
3/24/2021,09:43,Wednesday,YORK UNIVERSITY STATIO,SUAE,0,0,,YU,0
3/24/2021,09:56,Wednesday,SPADINA BD STATION,MUIS,0,0,,BD,0
3/24/2021,10:14,Wednesday,FINCH STATION,MUIRS,0,0,,YU,0
3/24/2021,11:06,Wednesday,WELLESLEY STATION,SUDP,0,0,S,YU,5861
3/24/2021,11:25,Wednesday,WILSON STATION,EUBO,4,8,N,YU,5841
3/24/2021,11:39,Wednesday,DON MILLS STATION,MUWR,5,10,E,SHP,6151
3/24/2021,11:41,Wednesday,WARDEN STATION,SUAE,10,14,E,BD,5085
3/24/2021,11:44,Wednesday,SHEPPARD STATION,MUIS,0,0,S,YU,5701
3/24/2021,11:45,Wednesday,SHERBOURNE STATION,SUO,0,0,,BD,0
3/24/2021,12:03,Wednesday,YONGE BD STATION,SUDP,3,7,W,BD,5346
3/24/2021,13:20,Wednesday,VAUGHAN MC STATION,MUTO,4,8,S,YU,5431
3/24/2021,13:29,Wednesday,SHEPPARD-YONGE STATION,SUDP,5,10,E,SHP,6161
3/24/2021,14:12,Wednesday,SHEPPARD-YONGE STATION,SUDP,5,10,E,SHP,6186
3/24/2021,14:21,Wednesday,NORTH YORK CTR STATION,TUOS,0,0,S,YU,5826
3/24/2021,14:27,Wednesday,WILSON STATION,MUTO,3,7,N,YU,5436
3/24/2021,14:36,Wednesday,ST GEORGE YUS STATION,SUDP,0,0,S,YU,6006
3/24/2021,14:42,Wednesday,OSSINGTON STATION,PUMEL,0,0,,BD,0
3/24/2021,14:53,Wednesday,FINCH STATION,MUNCA,0,0,,YU,0
3/24/2021,16:06,Wednesday,VAUGHAN MC STATION,MUTO,4,8,S,YU,5431
3/24/2021,16:14,Wednesday,NORTH YORK CTR STATION,TUO,0,0,S,YU,5771
3/24/2021,17:20,Wednesday,FINCH STATION,TUNIP,5,9,S,YU,0
3/24/2021,17:31,Wednesday,ST CLAIR WEST STATION,SUAP,0,0,,YU,0
3/24/2021,18:12,Wednesday,KEELE STATION,SUAP,6,10,W,BD,5240
3/24/2021,18:15,Wednesday,EGLINTON STATION,SUO,0,0,,YU,0
3/24/2021,18:15,Wednesday,RUNNYMEDE STATION,SUAP,4,8,E,BD,5111
3/24/2021,18:29,Wednesday,COXWELL STATION,TUMVS,0,0,E,BD,5105
3/24/2021,18:38,Wednesday,WARDEN STATION,TUO,3,7,E,BD,5105
3/24/2021,18:47,Wednesday,ST CLAIR WEST STATION,TUO,5,9,S,YU,5991
3/24/2021,18:54,Wednesday,WARDEN STATION,SUDP,5,9,W,BD,5044
3/24/2021,19:13,Wednesday,INGLIS BUILDING,PUMEL,0,0,,,0
3/24/2021,19:49,Wednesday,DONLANDS STATION,SUDP,0,0,E,BD,5340
3/24/2021,19:57,Wednesday,MAIN STREET STATION,SUDP,17,24,E,BD,5340
3/24/2021,20:20,Wednesday,FINCH WEST STATION,SUDP,0,0,,YU,0
3/24/2021,20:22,Wednesday,WARDEN STATION,SUDP,12,16,E,BD,5340
3/24/2021,20:47,Wednesday,ST CLAIR WEST STATION,MUD,0,0,S,YU,5921
3/24/2021,22:00,Wednesday,YONGE UNIVERSITY SUBWA,MUO,0,0,B,YU/BD,0
3/24/2021,22:03,Wednesday,BESSARION STATION,EUBK,5,10,E,SHP,6171
3/24/2021,22:14,Wednesday,COLLEGE STATION,SUDP,4,9,N,YU,5706
3/24/2021,22:30,Wednesday,SHEPPARD-YONGE STATION,MUSC,0,0,W,SHP,6161
3/24/2021,23:27,Wednesday,VAUGHAN MC STATION,EUPI,5,10,S,YU,5816
3/24/2021,23:32,Wednesday,ST GEORGE BD STATION,MUSAN,7,14,W,BD,5062
3/24/2021,23:36,Wednesday,SHEPPARD TAIL TRACK #2,EUOE,0,0,E,SHP,6176
3/24/2021,23:45,Wednesday,SHEPPARD-YONGE STATION,TUCC,5,10,E,SHP,6141
3/25/2021,00:33,Thursday,KING STATION,PUTO,14,19,N,YU,5481
3/25/2021,00:41,Thursday,ST GEORGE YUS STATION,PUTO,3,8,N,YU,6121
3/25/2021,01:04,Thursday,VAUGHAN MC STATION,MUATC,6,11,S,YU,5746
3/25/2021,01:22,Thursday,YONGE BD STATION,MUDD,4,11,W,BD,5044
3/25/2021,01:41,Thursday,WILSON STATION,MUIRS,0,0,S,YU,5972
3/25/2021,01:49,Thursday,SHEPPARD WEST STATION,MUIS,0,0,,YU,0
3/25/2021,02:19,Thursday,FINCH STATION,MUIS,0,0,,YU,0
3/25/2021,05:59,Thursday,KEELE STATION,EUNT,5,10,W,BD,5079
3/25/2021,06:27,Thursday,FINCH STATION,EUSC,0,0,S,YU,5906
3/25/2021,06:45,Thursday,FINCH STATION,EUBK,3,6,S,YU,5811
3/25/2021,06:54,Thursday,VAUGHAN MC STATION,EUBO,3,6,S,YU,5781
3/25/2021,07:24,Thursday,ROSEDALE STATION,TUSC,3,6,N,YU,5991
3/25/2021,08:21,Thursday,VAUGHAN MC STATION,MUTO,3,6,S,YU,5886
3/25/2021,09:48,Thursday,KING STATION,SUAE,0,0,N,YU,0
3/25/2021,09:54,Thursday,ST GEORGE YUS STATION,MUIS,0,0,,YU,0
3/25/2021,11:34,Thursday,COLLEGE STATION,MUNCA,0,0,,YU,0
3/25/2021,11:34,Thursday,VAUGHAN MC STATION,SUDP,0,0,N,YU,0
3/25/2021,12:11,Thursday,KEELE STATION,PUSTS,3,7,E,BD,5257
3/25/2021,13:28,Thursday,HIGHWAY 407 STATION,MUSAN,3,6,S,YU,5521
3/25/2021,14:13,Thursday,VAUGHAN MC STATION,MUSAN,3,6,S,YU,6111
3/25/2021,14:59,Thursday,DAVISVILLE STATION,SUDP,4,7,N,YU,5706
3/25/2021,15:15,Thursday,QUEEN STATION,MUIS,0,0,S,YU,0
3/25/2021,15:35,Thursday,ROSEDALE STATION,SUO,5,8,N,YU,5976
3/25/2021,16:48,Thursday,DUFFERIN STATION,PUTDN,4,8,E,BD,5246
3/25/2021,16:56,Thursday,EGLINTON WEST STATION,SUDP,0,0,N,YU,5711
3/25/2021,17:28,Thursday,CHRISTIE STATION,SUDP,0,0,W,BD,5079
3/25/2021,17:31,Thursday,DUNDAS WEST STATION,PUTDN,4,8,W,BD,5259
3/25/2021,17:49,Thursday,QUEEN'S PARK STATION,EUDO,4,7,N,YU,5671
3/25/2021,17:49,Thursday,RUNNYMEDE STATION,MUPAA,5,9,W,BD,5292
3/25/2021,18:12,Thursday,KENNEDY BD STATION,SUAP,0,0,,BD,0
3/25/2021,18:17,Thursday,ROSEDALE STATION,SUO,0,0,S,YU,5636
3/25/2021,18:39,Thursday,COLLEGE STATION,PUMEL,0,0,,YU,0
3/25/2021,19:42,Thursday,WARDEN STATION,MUIRS,0,0,,BD,0
3/25/2021,19:48,Thursday,DUNDAS STATION,SUDP,3,6,S,YU,6086
3/25/2021,19:50,Thursday,ST GEORGE YUS STATION,SUO,0,0,S,YU,6011
3/25/2021,20:52,Thursday,FINCH STATION,MUIR,3,6,N,YU,6121
3/25/2021,21:19,Thursday,OSSINGTON STATION,SUAP,9,16,E,BD,5340
3/25/2021,21:35,Thursday,CHRISTIE STATION,EUDO,6,13,W,BD,5340
3/25/2021,22:00,Thursday,YONGE UNIVERSITY SUBWA,MUO,0,0,,YU/BD,0
3/25/2021,22:11,Thursday,VAUGHAN MC STATION,MUATC,3,8,S,YU,5706
3/25/2021,22:17,Thursday,MAIN STREET STATION,MUPLC,0,0,W,BD,5259
3/25/2021,22:26,Thursday,KING STATION,PUTO,3,8,N,YU,5921
3/25/2021,22:36,Thursday,LAWRENCE WEST STATION,MUATC,6,11,S,YU,5706
3/25/2021,22:38,Thursday,BATHURST STATION,EUCD,3,10,W,BD,5340
3/25/2021,23:25,Thursday,VAUGHAN MC STATION,PUTO,10,15,S,YU,5731
3/25/2021,23:59,Thursday,BLOOR STATION,MUSAN,5,10,N,YU,6031
3/26/2021,01:14,Friday,PIONEER VILLAGE STATIO,MUPAA,4,9,S,YU,5616
3/26/2021,01:40,Friday,ISLINGTON STATION,MUIS,0,0,E,BD,0
3/26/2021,01:58,Friday,VAUGHAN MC STATION,MUPAA,0,0,N,YU,6016
3/26/2021,02:18,Friday,WILSON STATION,MUIS,0,0,,YU,0
3/26/2021,02:30,Friday,KIPLING STATION,MUIS,0,0,,BD,0
3/26/2021,02:39,Friday,VAUGHAN MC STATION,MUIS,0,0,,YU,0
3/26/2021,03:42,Friday,YONGE BD STATION,MUPLB,0,0,E,BD,0
3/26/2021,05:40,Friday,LAWRENCE STATION,TUOS,4,9,N,YU,5516
3/26/2021,05:45,Friday,YORK MILLS STATION,TUO,5,10,N,YU,5516
3/26/2021,07:11,Friday,KEELE STATION,MUSC,0,0,W,BD,5366
3/26/2021,07:17,Friday,ST ANDREW STATION,SUO,3,6,N,YU,5896
3/26/2021,07:58,Friday,FINCH STATION,MUSC,0,0,S,YU,5721
3/26/2021,08:04,Friday,ROSEDALE STATION,SUAP,6,9,N,YU,5911
3/26/2021,08:07,Friday,SPADINA BD STATION,MUPAA,0,0,E,BD,5085
3/26/2021,08:34,Friday,ST CLAIR STATION,SUO,8,11,S,YU,5936
3/26/2021,08:35,Friday,MUSEUM STATION,MUPAA,0,0,S,YU,5631
3/26/2021,08:39,Friday,FINCH WEST STATION,SUO,5,8,S,YU,5381
3/26/2021,09:03,Friday,WILSON YARD (SOUTH TAI,PUTO,0,0,,,0
3/26/2021,11:44,Friday,ST GEORGE BD STATION,SUUT,9,13,W,BD,5246
3/26/2021,11:57,Friday,BROADVIEW STATION,SUDP,4,8,W,BD,5259
3/26/2021,11:57,Friday,VAUGHAN MC STATION,MUNOA,3,6,S,YU,5746
3/26/2021,13:25,Friday,DON MILLS STATION,TUSC,0,0,E,SHP,6186
3/26/2021,13:25,Friday,SHERBOURNE STATION,MUIS,0,0,,BD,0
3/26/2021,14:34,Friday,KIPLING STATION,MUPAA,0,0,E,BD,5098
3/26/2021,14:38,Friday,GREENWOOD STATION,SUDP,6,10,W,BD,5120
3/26/2021,14:47,Friday,DON MILLS STATION,MUSC,0,0,W,SHP,6151
3/26/2021,14:50,Friday,LAWRENCE STATION,MUSC,0,0,N,YU,5761
3/26/2021,15:16,Friday,COXWELL STATION,SUDP,4,8,W,BD,5259
3/26/2021,15:17,Friday,WELLESLEY STATION,MUSAN,3,6,S,YU,5751
3/26/2021,15:44,Friday,VAUGHAN MC STATION,TUNIP,3,6,S,YU,5926
3/26/2021,16:54,Friday,EGLINTON STATION,MUIS,0,0,,YU,0
3/26/2021,17:57,Friday,DAVISVILLE STATION,SUDP,0,0,N,YU,5626
3/26/2021,18:28,Friday,SHEPPARD WEST STATION,SUAP,0,0,N,YU,5781
3/26/2021,19:25,Friday,ST GEORGE YUS STATION,SUDP,5,8,N,YU,5721
3/26/2021,20:19,Friday,YORK MILLS STATION,MUSAN,3,6,N,YU,5846
3/26/2021,20:32,Friday,DUPONT STATION,MUIS,0,0,S,YU,0
3/26/2021,21:03,Friday,DAVISVILLE STATION,EUDO,3,6,S,YU,5451
3/26/2021,21:42,Friday,ST CLAIR WEST STATION,MUIR,5,8,N,YU,6121
3/26/2021,22:00,Friday,YONGE UNIVERSITY SUBWA,MUO,0,0,,YU/BD,0
3/26/2021,22:03,Friday,WILSON STATION,SUO,3,6,N,YU,5601
3/26/2021,22:09,Friday,COLLEGE STATION,MUPAA,0,0,N,YU,5421
3/26/2021,23:23,Friday,ST ANDREW STATION,SUAP,10,15,N,YU,5711
3/26/2021,23:29,Friday,BROADVIEW STATION,MUI,9,16,W,BD,5246
3/26/2021,23:39,Friday,VAUGHAN MC STATION,MUNOA,5,10,S,YU,0
3/26/2021,23:52,Friday,YONGE BD STATION,MUIS,0,0,,BD,0
3/27/2021,00:01,Saturday,OSGOODE STATION,SUDP,0,0,N,YU,5486
3/27/2021,00:21,Saturday,SHEPPARD STATION,SUUT,30,35,N,YU,6126
3/27/2021,01:55,Saturday,KENNEDY BD STATION,MUIS,0,0,W,BD,5213
3/27/2021,02:15,Saturday,FINCH STATION,MUIS,0,0,,YU,0
3/27/2021,02:48,Saturday,VAUGHAN MC STATION,SUO,0,0,,YU,0
3/27/2021,06:58,Saturday,VAUGHAN MC STATION,MUTO,0,0,S,YU,5626
3/27/2021,07:53,Saturday,VAUGHAN MC STATION,MUTO,3,8,S,YU,5821
3/27/2021,07:58,Saturday,FINCH STATION,EUSC,0,0,S,YU,5906
3/27/2021,08:34,Saturday,BLOOR STATION,MUPAA,0,0,N,YU,5971
3/27/2021,09:27,Saturday,VAUGHAN MC STATION,MUNOA,4,8,S,YU,0
3/27/2021,09:28,Saturday,MCCOWAN STATION,MRO,5,10,S,SRT,0
3/27/2021,09:34,Saturday,QUEEN STATION,PUMEL,0,0,,YU,0
3/27/2021,11:10,Saturday,EGLINTON STATION,TUNIP,4,8,N,YU,5671
3/27/2021,11:17,Saturday,GREENWOOD STATION,EUSC,0,0,E,BD,5068
3/27/2021,12:28,Saturday,YONGE BD STATION,SUDP,0,0,W,BD,5298
3/27/2021,12:44,Saturday,WILSON STATION,MUNOA,4,8,S,YU,0
3/27/2021,12:59,Saturday,KENNEDY BD STATION,SUO,4,8,W,BD,5282
3/27/2021,13:43,Saturday,KENNEDY BD STATION,PUMEL,0,0,,BD,0
3/27/2021,13:53,Saturday,VAUGHAN MC STATION,MUNOA,3,6,S,YU,0
3/27/2021,14:12,Saturday,KIPLING STATION,EUNT,4,8,E,BD,5213
3/27/2021,14:13,Saturday,DUNDAS STATION,SUDP,0,0,S,YU,5766
3/27/2021,14:25,Saturday,ROSEDALE STATION,SUUT,24,27,N,YU,5571
3/27/2021,14:25,Saturday,SHEPPARD-YONGE STATION,TUMVS,0,0,E,SHP,6141
3/27/2021,14:39,Saturday,YORKDALE STATION,MUNOA,3,6,N,YU,0
3/27/2021,16:10,Saturday,VAUGHAN MC STATION,MUNOA,3,6,S,YU,0
3/27/2021,17:10,Saturday,DON MILLS STATION,TUSC,0,0,W,SHP,6146
3/27/2021,17:32,Saturday,WILSON STATION,SUUT,3,6,N,YU,5676
3/27/2021,18:18,Saturday,WARDEN STATION,TUMVS,0,0,W,BD,5288
3/27/2021,18:40,Saturday,VAUGHAN MC STATION,SUDP,5,10,S,YU,5571
3/27/2021,18:45,Saturday,COLLEGE STATION,SUDP,0,0,S,YU,6016
3/27/2021,19:17,Saturday,VAUGHAN MC STATION,MUNOA,5,9,S,YU,0
3/27/2021,19:26,Saturday,SPADINA YUS STATION,SUDP,4,9,S,YU,5571
3/27/2021,21:11,Saturday,HIGHWAY 407 STATION,SUDP,10,12,N,YU,5751
3/27/2021,21:16,Saturday,LANSDOWNE STATION,MUSAN,3,9,W,BD,5044
3/27/2021,21:30,Saturday,WILSON STATION,SUDP,3,8,N,YU,5641
3/27/2021,21:32,Saturday,OSGOODE STATION,SUDP,3,8,S,YU,5971
3/27/2021,21:50,Saturday,KENNEDY BD STATION,MUIRS,0,0,,BD,0
3/27/2021,21:52,Saturday,SPADINA YUS STATION,MUIS,0,0,N,YU,0
3/27/2021,22:00,Saturday,YONGE UNIVERSITY SUBWA,MUO,0,0,,YU/BD,0
3/27/2021,23:01,Saturday,FINCH STATION,MUIS,0,0,,YU,0
3/27/2021,23:11,Saturday,SHEPPARD WEST STATION,MUSAN,5,10,N,YU,5976
3/27/2021,23:21,Saturday,SHERBOURNE STATION,MUPLB,9,15,W,BD,5035
3/27/2021,23:39,Saturday,ISLINGTON STATION,MUIS,0,0,,BD,0
3/28/2021,00:05,Sunday,BAY STATION,SUO,0,0,E,BD,5106
3/28/2021,00:26,Sunday,UNION STATION,SUO,0,0,,YU,0
3/28/2021,01:17,Sunday,HIGHWAY 407 STATION,MUIR,5,10,S,YU,5706
3/28/2021,01:35,Sunday,SHEPPARD WEST STATION,MUI,0,0,S,YU,5646
3/28/2021,02:22,Sunday,HIGHWAY 407 STATION,SUDP,5,10,N,YU,5791
3/28/2021,02:27,Sunday,KIPLING STATION,MUI,8,0,W,BD,5011
3/28/2021,07:48,Sunday,COXWELL STATION,SUUT,10,0,W,BD,5213
3/28/2021,08:26,Sunday,YONGE BD STATION,PUTTC,0,0,E,BD,5015
3/28/2021,09:24,Sunday,BROADVIEW STATION,PUTSC,0,0,W,BD,5091
3/28/2021,09:26,Sunday,VAUGHAN MC STATION,TUNIP,3,6,S,YU,5551
3/28/2021,09:55,Sunday,QUEEN STATION,SUUT,28,32,S,YU,5696
3/28/2021,10:24,Sunday,QUEEN STATION,MUSAN,4,8,S,YU,5696
3/28/2021,10:42,Sunday,OSSINGTON STATION,SUO,0,0,,BD,0
3/28/2021,10:53,Sunday,BATHURST STATION,MUSC,0,0,E,BD,5292
3/28/2021,11:36,Sunday,PIONEER VILLAGE STATIO,MUPAA,0,0,S,YU,5706
3/28/2021,11:40,Sunday,HIGHWAY 407 STATION,SUEAS,33,37,N,YU,5461
3/28/2021,11:50,Sunday,DON MILLS STATION,MUO,5,10,W,SHP,6181
3/28/2021,12:07,Sunday,SHEPPARD WEST STATION,MUTO,9,14,S,YU,5536
3/28/2021,12:24,Sunday,VAUGHAN MC STATION,TUNIP,5,10,S,YU,5776
3/28/2021,12:34,Sunday,LESLIE STATION,TUOS,8,13,E,SHP,6161
3/28/2021,12:58,Sunday,ISLINGTON STATION,MUPLB,37,41,E,BD,5014
3/28/2021,13:14,Sunday,SUMMERHILL STATION,EUDO,14,18,N,YU,5466
3/28/2021,13:30,Sunday,RUNNYMEDE STATION,MUIS,0,0,,BD,0
3/28/2021,14:07,Sunday,ROYAL YORK STATION,MUIRS,0,0,W,BD,5213
3/28/2021,14:23,Sunday,FINCH STATION,MUPAA,3,7,S,YU,5891
3/28/2021,15:34,Sunday,OLD MILL STATION,TUMVS,0,0,W,BD,5205
3/28/2021,16:04,Sunday,VAUGHAN MC STATION,MUNOA,3,7,S,YU,0
3/28/2021,17:16,Sunday,OSSINGTON STATION,SUDP,9,13,E,BD,5262
3/28/2021,21:12,Sunday,FINCH STATION,MUIR,5,10,S,YU,5526
3/28/2021,21:45,Sunday,WILSON STATION,SUDP,0,0,N,YU,5431
3/28/2021,22:00,Sunday,YONGE UNIVERSITY SUBWA,MUO,0,0,,YU/BD,0
3/28/2021,22:10,Sunday,COXWELL STATION,SUUT,5,9,W,BD,5059
3/29/2021,00:01,Monday,VAUGHAN MC STATION,MUO,0,0,B,YUS,0
3/29/2021,00:32,Monday,COLLEGE STATION,SUUT,0,0,N,YU,5586
3/29/2021,01:27,Monday,DONLANDS STATION,PUTD,9,16,W,BD,5213
3/29/2021,01:40,Monday,VAUGHAN MC STATION,MUIS,0,0,,YU,0
3/29/2021,01:50,Monday,PAPE STATION,MUIS,0,0,E,BD,0
3/29/2021,02:04,Monday,SHEPPARD WEST STATION,MUIS,0,0,,YU,0
3/29/2021,07:11,Monday,ROSEDALE STATION,MUATC,3,6,S,YU,5686
3/29/2021,07:42,Monday,ISLINGTON STATION,SUDP,0,0,W,BD,5079
3/29/2021,07:44,Monday,WILSON STATION,EUDO,4,8,S,YU,5991
3/29/2021,08:18,Monday,FINCH STATION,MUSC,0,0,S,YU,5841
3/29/2021,09:16,Monday,DON MILLS STATION,MUO,5,10,W,SHP,6181
3/29/2021,13:03,Monday,DUNDAS STATION,SUDP,0,0,N,YU,5436
3/29/2021,13:05,Monday,ST CLAIR WEST STATION,MUIR,15,19,S,YU,5726
3/29/2021,13:10,Monday,LAWRENCE STATION,SUDP,0,0,N,YU,5846
3/29/2021,13:12,Monday,WARDEN STATION,SUUT,3,7,E,BD,5080
3/29/2021,13:25,Monday,WELLESLEY STATION,SUUT,14,18,N,YU,5591
3/29/2021,13:34,Monday,COXWELL STATION,MUSAN,7,11,E,BD,5085
3/29/2021,14:41,Monday,PAPE STATION,SUDP,4,8,E,BD,5061
3/29/2021,14:54,Monday,FINCH STATION,TUNIP,3,6,S,YU,5586
3/29/2021,15:13,Monday,VAUGHAN MC STATION,MUNOA,3,6,S,YU,0
3/29/2021,15:47,Monday,DUNDAS STATION,MUIR,0,0,N,YU,5436
3/29/2021,15:55,Monday,PAPE STATION,MUPAA,0,0,E,BD,5358
3/29/2021,16:40,Monday,ST GEORGE YUS STATION,MUIS,0,0,N,YU,0
3/29/2021,16:54,Monday,NORTH YORK CTR STATION,MUSAN,3,6,S,YU,5686
3/29/2021,16:58,Monday,LAWRENCE STATION,MUSC,0,0,N,YU,5851
3/29/2021,17:18,Monday,CASTLE FRANK STATION,SUDP,0,0,E,BD,0
3/29/2021,17:34,Monday,YONGE BD STATION,PUMEL,0,0,,BD,0
3/29/2021,18:27,Monday,SPADINA BD STATION,MUPAA,0,0,W,BD,5101
3/29/2021,18:53,Monday,DON MILLS STATION,MUO,5,10,W,SHP,6181
3/29/2021,19:05,Monday,BLOOR STATION,SUDP,0,0,S,YU,0
3/29/2021,19:25,Monday,VAUGHAN MC STATION,MUCL,5,12,S,YU,0
3/29/2021,19:30,Monday,YORK UNIVERSITY STATIO,SUPOL,8,13,N,YU,5886
3/29/2021,19:50,Monday,DAVISVILLE STATION,MUPAA,0,0,S,YU,5556
3/29/2021,19:55,Monday,BROADVIEW STATION,SUDP,5,12,W,BD,5355
3/29/2021,19:58,Monday,DUFFERIN STATION,PUMST,0,0,,BD,0
3/29/2021,20:41,Monday,KENNEDY BD STATION,MUIRS,0,0,,BD,0
3/29/2021,20:49,Monday,DON MILLS STATION,SUUT,11,16,W,SHP,6151
3/29/2021,20:58,Monday,BAYVIEW STATION,TUMVS,10,15,E,SHP,6161
3/29/2021,21:04,Monday,BAYVIEW STATION,TUSC,0,0,E,SHP,6161
3/29/2021,21:41,Monday,KING STATION,SUDP,0,0,,YU,0
3/29/2021,21:47,Monday,BLOOR STATION,SUDP,0,0,S,YU,6011
3/29/2021,22:00,Monday,YONGE UNIVERSITY SUBWA,MUO,0,0,,YU/BD,0
3/29/2021,22:15,Monday,YORKDALE STATION,SUDP,5,12,N,YU,5841
3/29/2021,23:00,Monday,FINCH TO SHEPPARD STAT,MUO,0,0,B,YUS,0
3/29/2021,23:03,Monday,SHEPPARD STATION,PUSTS,0,0,N,YU,6036
3/29/2021,23:42,Monday,KENNEDY BD STATION,EUME,0,0,W,BD,5213
3/30/2021,00:00,Tuesday,VAUGHAN MC STATION,MUO,0,0,,YU,0
3/30/2021,00:36,Tuesday,INGLIS BUILDING,PUMEL,0,0,,,0
3/30/2021,00:45,Tuesday,ST CLAIR STATION,SUDP,12,19,S,YU,5431
3/30/2021,00:49,Tuesday,ST CLAIR STATION,SUO,0,0,N,YU,5536
3/30/2021,01:15,Tuesday,DAVISVILLE STATION,TUCC,5,12,S,YU,5836
3/30/2021,01:30,Tuesday,PIONEER VILLAGE STATIO,MUPAA,0,0,S,YU,5791
3/30/2021,02:08,Tuesday,LAWRENCE WEST STATION,SUDP,0,0,,YU,0
3/30/2021,05:23,Tuesday,KENNEDY BD STATION,MUNCA,0,0,,BD,0
3/30/2021,05:31,Tuesday,FINCH STATION,PUTWZ,5,10,S,YU,5886
3/30/2021,05:55,Tuesday,OSSINGTON STATION,TUS,5,0,W,BD,5302
3/30/2021,06:10,Tuesday,SHEPPARD-YONGE STATION,MUSC,0,0,E,SHP,6161
3/30/2021,07:49,Tuesday,FINCH STATION,PUMEL,0,0,,YU,0
3/30/2021,07:51,Tuesday,ROSEDALE STATION,MUSC,0,0,N,YU,5551
3/30/2021,08:46,Tuesday,DAVISVILLE STATION,PUSNT,50,53,N,YU,5636
3/30/2021,09:10,Tuesday,ST CLAIR WEST STATION,SUDP,6,9,S,YU,5716
3/30/2021,09:27,Tuesday,EGLINTON STATION,SUAE,5,8,S,YU,5786
3/30/2021,09:45,Tuesday,ST CLAIR STATION,MUSC,0,0,N,YU,5636
3/30/2021,11:01,Tuesday,UNION STATION,MUIRS,0,0,,YU,0
3/30/2021,12:05,Tuesday,YORK UNIVERSITY STATIO,MUIR,10,13,N,YU,5581
3/30/2021,13:13,Tuesday,ST GEORGE YUS STATION,SUDP,13,16,N,YU,6076
3/30/2021,14:06,Tuesday,FINCH STATION,EUSC,3,6,S,YU,5621
3/30/2021,14:09,Tuesday,KENNEDY BD STATION,EUPI,4,8,W,BD,5108
3/30/2021,15:01,Tuesday,SPADINA YUS STATION,MUSAN,3,6,N,YU,6061
3/30/2021,15:16,Tuesday,DUFFERIN STATION,MUPAA,0,0,E,BD,5025
3/30/2021,15:27,Tuesday,ROYAL YORK STATION,MUIR,0,0,W,BD,5342
3/30/2021,16:46,Tuesday,BLOOR STATION,MUIS,0,0,S,YU,0
3/30/2021,18:50,Tuesday,LANSDOWNE STATION,SUDP,3,7,W,BD,5059
3/30/2021,19:58,Tuesday,VICTORIA PARK STATION,SUDP,0,0,W,BD,5213
3/30/2021,21:35,Tuesday,UNION STATION,MUPAA,3,10,N,YU,5441
3/30/2021,22:00,Tuesday,YONGE UNIVERSITY SUBWA,MUO,0,0,,YU/BD,0
3/30/2021,22:27,Tuesday,DAVISVILLE YARD,MUO,0,0,,YU,0
3/30/2021,22:30,Tuesday,YONGE BD STATION,SUO,0,0,W,BD,0
3/30/2021,23:00,Tuesday,FINCH TO SHEPPARD STAT,MUO,0,0,B,YUS,0
3/30/2021,23:31,Tuesday,YORK MILLS STATION,SUAP,0,0,,YU,0
3/31/2021,00:28,Wednesday,KEELE STATION,MUIS,0,0,E,BD,5302
3/31/2021,01:09,Wednesday,ROSEDALE STATION,SUDP,0,0,N,YU,5566
3/31/2021,01:30,Wednesday,CASTLE FRANK STATION,SUDP,0,0,W,BD,5366
3/31/2021,01:32,Wednesday,DON MILLS STATION,TUMVS,0,0,E,SHP,6196
3/31/2021,01:33,Wednesday,SHEPPARD STATION,MUIS,0,0,N,YU,0
3/31/2021,02:02,Wednesday,VAUGHAN MC STATION,MUIRS,0,0,,YU,0
3/31/2021,02:20,Wednesday,FINCH STATION,SUO,0,0,,YU,0
3/31/2021,05:45,Wednesday,DUNDAS WEST STATION,MUNCA,0,0,,BD,0
3/31/2021,05:45,Wednesday,DUNDAS WEST STATION,MUNCA,0,0,,BD,0
3/31/2021,05:55,Wednesday,OSSINGTON STATION,EUSC,5,0,W,BD,5271
3/31/2021,08:06,Wednesday,KEELE STATION,MUSC,0,0,W,BD,5246
3/31/2021,08:13,Wednesday,KEELE STATION,PUSTS,0,0,E,BD,5162
3/31/2021,08:45,Wednesday,KIPLING STATION,MUPAA,0,0,E,BD,5069
3/31/2021,09:01,Wednesday,KENNEDY SRT STATION,ERPR,3,8,N,SRT,3021
3/31/2021,10:00,Wednesday,ROSEDALE STATION,MUSC,3,6,N,YU,5681
3/31/2021,11:00,Wednesday,COLLEGE STATION,MUNCA,0,0,,YU,0
3/31/2021,11:50,Wednesday,KIPLING STATION,PUSO,3,7,E,BD,5164
3/31/2021,12:52,Wednesday,WARDEN STATION,SUUT,3,7,W,BD,5363
3/31/2021,12:54,Wednesday,OSGOODE STATION,MUO,0,0,,YU,0
3/31/2021,13:12,Wednesday,DUPONT STATION,PUMO,0,0,,YU,0
3/31/2021,13:19,Wednesday,SHEPPARD-YONGE STATION,TUSC,0,0,E,SHP,6196
3/31/2021,14:06,Wednesday,HIGHWAY 407 STATION,MUIS,21,24,S,YU,5706
3/31/2021,14:08,Wednesday,BLOOR STATION,SUDP,5,9,S,YU,5981
3/31/2021,14:57,Wednesday,CHRISTIE STATION,PUSTS,0,0,W,BD,5197
3/31/2021,15:41,Wednesday,FINCH STATION,MUI,0,0,S,YU,5556
3/31/2021,16:38,Wednesday,QUEEN'S PARK STATION,SUDP,3,6,S,YU,5646
3/31/2021,16:51,Wednesday,SUMMERHILL STATION,SUUT,22,25,N,YU,6066
3/31/2021,17:17,Wednesday,DAVISVILLE STATION,MUPAA,0,0,S,YU,5631
3/31/2021,17:44,Wednesday,LANSDOWNE STATION,MUIS,0,0,W,BD,5271
3/31/2021,18:12,Wednesday,FINCH STATION,TUMVS,0,0,N,YU,6036
3/31/2021,18:26,Wednesday,WELLESLEY STATION,SUO,3,6,S,YU,5796
3/31/2021,19:38,Wednesday,YONGE BD STATION,MUIS,0,0,E,BD,0
3/31/2021,20:45,Wednesday,PAPE STATION,MUIRS,0,0,,BD,0
3/31/2021,21:40,Wednesday,ST ANDREW STATION,MUI,22,27,N,YU,5766
3/31/2021,22:00,Wednesday,YONGE UNIVERSITY SUBWA,MUO,0,0,,YU/BD,0
3/31/2021,22:51,Wednesday,BAY STATION,SUO,4,10,W,BD,5358
3/31/2021,22:58,Wednesday,EGLINTON STATION,SUO,5,12,S,YU,6056
3/31/2021,23:00,Wednesday,FINCH TO SHEPPARD STAT,MUO,0,0,B,YU,0
