Date,Time,Day,Station,Code,Min Delay,Min Gap,Bound,Line,Vehicle
3/1/2018,00:05,Thursday,BAYVIEW STATION,PUSO,0,0,E,SHP,6176
3/1/2018,00:11,Thursday,YONGE SHP STATION,EUVE,6,11,W,SHP,0
3/1/2018,00:15,Thursday,VAUGHAN MC STATION,MUATC,4,9,S,YU,5406
3/1/2018,00:18,Thursday,VICTORIA PARK STATION,EUSC,5,9,W,BD,5342
3/1/2018,00:32,Thursday,ST CLAIR STATION,MUIR,4,9,N,YU,5941
3/1/2018,01:12,Thursday,GREENWOOD CARHOUSE,MUIE,0,0,,BD,0
3/1/2018,05:58,Thursday,KENNEDY BD STATION,MUSC,0,0,W,BD,5048
3/1/2018,06:09,Thursday,KIPLING STATION,MUSC,0,0,E,BD,5083
3/1/2018,06:22,Thursday,KIPLING STATION,MUSC,0,0,E,BD,5031
3/1/2018,06:50,Thursday,COXWELL STATION,MUSC,0,0,E,BD,5294
3/1/2018,07:20,Thursday,KIPLING STATION,TUSC,0,0,E,BD,5363
3/1/2018,07:40,Thursday,CHESTER STATION,MUD,3,5,W,BD,5019
3/1/2018,07:59,Thursday,DUNCAN SHOPS,MUIE,0,0,,,0
3/1/2018,09:11,Thursday,KENNEDY BD STATION,MUPAA,0,0,W,BD,5019
3/1/2018,09:37,Thursday,BLOOR STATION,MUIRS,0,0,S,YU,0
3/1/2018,09:39,Thursday,BAY STATION,MUIRS,0,0,,BD,0
3/1/2018,10:22,Thursday,SUMMERHILL STATION,SUDP,12,15,N,YU,5756
3/1/2018,10:30,Thursday,YONGE UNIVERSITY LINE,MUGD,0,0,,YU,0
3/1/2018,10:33,Thursday,KIPLING STATION,EUBO,3,6,E,BD,5334
3/1/2018,11:00,Thursday,DUPONT STATION,TUSC,0,0,S,YU,5996
3/1/2018,11:01,Thursday,UNION STATION,MUIS,0,0,,YU,0
3/1/2018,12:03,Thursday,SHEPPARD WEST STATION,MUATC,5,8,N,YU,5661
3/1/2018,13:06,Thursday,BATHURST STATION,TUSC,0,0,W,BD,5266
3/1/2018,13:29,Thursday,ISLINGTON STATION,TUSC,0,0,W,BD,5019
3/1/2018,13:36,Thursday,KIPLING STATION,MUSC,0,0,W,BD,5019
3/1/2018,13:36,Thursday,YORK MILLS STATION,SUAP,0,0,,YU,0
3/1/2018,13:39,Thursday,VICTORIA PARK STATION,TUSC,0,0,W,BD,5089
3/1/2018,13:46,Thursday,WILSON STATION,MUO,3,6,S,YU,5626
3/1/2018,14:03,Thursday,ST CLAIR STATION,SUAP,0,0,N,YU,5996
3/1/2018,14:08,Thursday,SUMMERHILL STATION,TUO,0,0,N,YU,5586
3/1/2018,14:37,Thursday,KENNEDY BD STATION,TUSC,0,0,W,BD,5019
3/1/2018,14:58,Thursday,WILSON STATION,TUNIP,5,8,N,YU,6121
3/1/2018,16:15,Thursday,BLOOR DANFORTH SUBWAY,TUST,0,0,,BD,5077
3/1/2018,16:15,Thursday,YONGE UNIVERSITY LINE,TUST,0,0,,YU,6036
3/1/2018,16:56,Thursday,DUFFERIN STATION,MUIS,0,0,E,BD,5197
3/1/2018,16:57,Thursday,JANE STATION,MUSC,0,0,W,BD,5130
3/1/2018,17:52,Thursday,SPADINA BD STATION,MUDD,7,9,E,BD,5169
3/1/2018,17:53,Thursday,BATHURST STATION,MUIS,0,0,E,BD,0
3/1/2018,18:55,Thursday,FINCH STATION,MUSC,0,0,S,YU,5436
3/1/2018,19:07,Thursday,DAVISVILLE STATION,SUDP,3,6,S,YU,5436
3/1/2018,19:10,Thursday,BLOOR STATION,MUIS,0,0,N,YU,5631
3/1/2018,19:19,Thursday,FINCH STATION,MUSAN,3,6,S,YU,5481
3/1/2018,19:29,Thursday,BATHURST STATION,MUIR,4,7,W,BD,5146
3/1/2018,19:33,Thursday,KENNEDY BD STATION,SUO,0,0,,BD,0
3/1/2018,19:54,Thursday,EGLINTON WEST STATION,TUSC,0,0,N,YU,5786
3/1/2018,20:23,Thursday,DUNDAS STATION,MUIS,0,0,,YU,0
3/1/2018,20:28,Thursday,KENNEDY SRT STATION,ERDB,10,15,N,SRT,3017
3/1/2018,20:34,Thursday,COXWELL STATION,SUO,11,14,E,BD,5363
3/1/2018,21:09,Thursday,SHEPPARD WEST STATION,SUDP,0,0,S,YU,5406
3/1/2018,21:31,Thursday,COXWELL STATION,MUIS,0,0,E,BD,0
3/1/2018,22:00,Thursday,YU/DB/SHEPPARD SUBWAY,MUO,0,0,,YU/BD,0
3/1/2018,22:32,Thursday,VICTORIA PARK STATION,EUSC,0,0,W,BD,5342
3/1/2018,22:45,Thursday,VICTORIA PARK STATION,MUSC,0,0,E,BD,5292
3/1/2018,22:55,Thursday,WILSON STATION,MUIR,0,0,N,YU,5631
3/1/2018,23:29,Thursday,VAUGHAN MC STATION,MUIR,5,10,S,YU,5941
3/1/2018,23:30,Thursday,YONGE UNIVERSITY LINE,MUGD,0,0,,YU,0
3/1/2018,23:37,Thursday,YORK MILLS STATION,TUOS,3,8,S,YU,6106
3/1/2018,23:51,Thursday,VAUGHAN MC STATION,MUIR,5,10,S,YU,5406
3/2/2018,00:07,Friday,DUPONT STATION,TUOS,4,9,S,YU,5741
3/2/2018,00:15,Friday,ST GEORGE YUS STATION,TUO,6,11,S,YU,5741
3/2/2018,01:03,Friday,BLOOR STATION,MUIR,4,9,N,YU,6091
3/2/2018,02:07,Friday,ST CLAIR WEST STATION,TUMVS,5,0,E,YU,5246
3/2/2018,02:30,Friday,SCARBOROUGH RAPID TRAN,TRST,0,0,,SRT,3012
3/2/2018,03:00,Friday,BLOOR DANFORTH SUBWAY,TUST,0,0,W,BD,5213
3/2/2018,03:00,Friday,YONGE UNIVERSITY LINE,TUST,0,0,N,YU,5901
3/2/2018,03:50,Friday,ISLINGTON STATION,MUSC,0,0,E,BD,5126
3/2/2018,06:01,Friday,COXWELL STATION,MUSC,3,7,E,BD,5097
3/2/2018,06:08,Friday,COXWELL STATION,MUSC,0,0,E,BD,5149
3/2/2018,06:20,Friday,KEELE STATION,MUPAA,3,7,E,BD,5294
3/2/2018,06:21,Friday,ROYAL YORK STATION,TUSC,0,0,E,BD,5083
3/2/2018,06:35,Friday,COXWELL STATION,MUSC,0,0,E,BD,5296
3/2/2018,06:42,Friday,KIPLING STATION,TUSC,0,0,E,BD,5363
3/2/2018,06:57,Friday,KIPLING STATION,MUSC,0,0,E,BD,5279
3/2/2018,07:02,Friday,KIPLING STATION,MUSC,0,0,E,BD,5186
3/2/2018,07:09,Friday,GREENWOOD CARHOUSE,MUIE,0,0,,,0
3/2/2018,07:24,Friday,VICTORIA PARK STATION,TUSC,0,0,W,BD,5371
3/2/2018,07:29,Friday,KIPLING STATION,MUSAN,3,5,E,BD,5126
3/2/2018,07:42,Friday,KENNEDY BD STATION,MUSC,0,0,E,BD,5005
3/2/2018,07:57,Friday,WARDEN STATION,MUSC,0,0,E,BD,5097
3/2/2018,08:02,Friday,COLLEGE STATION,MUIRS,0,0,,YU,0
3/2/2018,08:34,Friday,SHEPPARD STATION,TUSC,0,0,S,YU,6061
3/2/2018,09:00,Friday,KIPLING STATION,MUSC,0,0,E,BD,5097
3/2/2018,09:07,Friday,BATHURST STATION,MUSC,3,5,E,BD,5281
3/2/2018,09:12,Friday,DOWNSVIEW PARK STATION,MUPAA,0,0,S,YU,5616
3/2/2018,09:16,Friday,OSSINGTON STATION,MUIE,0,0,,BD,1067
3/2/2018,09:46,Friday,ROSEDALE STATION,TUMVS,0,0,N,YU,5446
3/2/2018,09:55,Friday,CASTLE FRANK STATION,TUMVS,3,6,E,BD,5051
3/2/2018,10:01,Friday,LAWRENCE WEST STATION,TUSC,0,0,N,YU,5466
3/2/2018,10:52,Friday,YORK MILLS STATION,MUTD,3,6,S,YU,5536
3/2/2018,13:08,Friday,YONGE BD STATION,TUS,6,9,E,BD,5270
3/2/2018,13:18,Friday,BROADVIEW STATION,SUDP,4,7,E,BD,5270
3/2/2018,14:05,Friday,WILSON STATION,TUMVS,0,0,N,YU,5586
3/2/2018,14:36,Friday,DUFFERIN STATION,MUDD,5,8,E,BD,5270
3/2/2018,14:51,Friday,WARDEN STATION,MUSAN,0,0,W,BD,5032
3/2/2018,15:09,Friday,KENNEDY BD STATION,MUI,5,7,W,BD,5004
3/2/2018,15:29,Friday,DUNDAS STATION,SUROB,0,0,S,YU,0
3/2/2018,15:32,Friday,VICTORIA PARK STATION,MUIR,0,0,W,BD,5282
3/2/2018,15:39,Friday,UNION STATION,MUIS,0,0,,YU,0
3/2/2018,15:56,Friday,WARDEN STATION,PUSSW,4,6,W,BD,5275
3/2/2018,16:14,Friday,WARDEN STATION,PUSSW,0,0,E,BD,5294
3/2/2018,16:29,Friday,BLOOR STATION,MUPAA,0,0,N,YU,5676
3/2/2018,16:45,Friday,KIPLING STATION,MUSC,0,0,E,BD,5039
3/2/2018,16:52,Friday,YONGE SHP STATION,PUMST,0,0,,SHP,0
3/2/2018,17:01,Friday,COXWELL STATION,TUNIP,3,5,W,BD,5118
3/2/2018,17:42,Friday,DAVISVILLE STATION,MUPAA,0,0,N,YU,5661
3/2/2018,18:05,Friday,ST GEORGE YUS STATION,MUSC,0,0,N,YU,5811
3/2/2018,18:37,Friday,ST GEORGE BD STATION,MUDD,7,9,E,BD,5097
3/2/2018,18:48,Friday,FINCH STATION,TUMVS,0,0,N,YU,5781
3/2/2018,18:58,Friday,BLOOR STATION,EUDO,3,5,N,YU,5421
3/2/2018,19:56,Friday,WILSON STATION,SUAP,0,0,,YU,0
3/2/2018,20:45,Friday,ST PATRICK STATION,MUNCA,0,0,,YU,0
3/2/2018,20:51,Friday,BROADVIEW STATION,TUOS,0,0,W,BD,5118
3/2/2018,21:36,Friday,DUFFERIN STATION,SUDP,6,10,W,BD,5282
3/2/2018,21:44,Friday,FINCH STATION,MUI,4,8,S,YU,5746
3/2/2018,21:50,Friday,KIPLING STATION,MUI,3,7,W,BD,5279
3/2/2018,22:00,Friday,YU/DB/SHEPPARD SUBWAY,MUO,0,0,,YU/BD,0
3/2/2018,22:06,Friday,ISLINGTON STATION,TUSC,0,0,W,BD,5275
3/2/2018,22:16,Friday,FINCH STATION,MUSC,0,0,S,YU,5441
3/2/2018,22:59,Friday,CHESTER STATION,SUUT,18,22,W,BD,5352
3/2/2018,23:05,Friday,ISLINGTON STATION,MUSC,0,0,E,BD,5252
3/2/2018,23:15,Friday,CASTLE FRANK STATION,SUDP,3,7,E,BD,5305
3/2/2018,23:37,Friday,YONGE UNIVERSITY LINE,MUGD,0,0,,YU,0
3/2/2018,23:54,Friday,DAVISVILLE STATION,MUIR,3,8,N,YU,5536
3/3/2018,01:15,Saturday,YONGE UNIVERSITY LINE,MUGD,0,0,,YU,0
3/3/2018,01:53,Saturday,WILSON STATION,MUI,5,10,N,YU,5906
3/3/2018,02:09,Saturday,WILSON STATION,MUO,10,20,N,YU,6006
3/3/2018,04:50,Saturday,BLOOR STATION,PUCSC,0,0,,YU,0
3/3/2018,05:41,Saturday,FINCH STATION,MUSC,0,0,S,YU,5876
3/3/2018,05:47,Saturday,FINCH STATION,TUSC,0,0,S,YU,5826
3/3/2018,06:06,Saturday,SHEPPARD WEST STATION,MUATC,7,12,S,YU,5761
3/3/2018,06:33,Saturday,YONGE SHP STATION,MUIE,0,0,,SHP,0
3/3/2018,06:43,Saturday,NORTH YORK CTR STATION,EUSC,0,0,N,YU,5391
3/3/2018,06:44,Saturday,KIPLING STATION,MUSC,0,0,E,BD,5279
3/3/2018,07:12,Saturday,SHEPPARD WEST STATION,MUSC,0,0,S,YU,5871
3/3/2018,07:18,Saturday,SHEPPARD WEST STATION,MUSC,0,0,S,YU,5821
3/3/2018,07:51,Saturday,BAY STATION,SUDP,3,7,W,BD,5348
3/3/2018,09:52,Saturday,YONGE BD STATION,MUIR,6,10,W,BD,5073
3/3/2018,10:46,Saturday,DUNDAS WEST STATION,SUCOL,0,0,W,BD,5190
3/3/2018,10:59,Saturday,DUNDAS WEST STATION,TUMVS,4,8,W,BD,5371
3/3/2018,11:06,Saturday,HIGH PARK STATION,TUO,4,8,W,BD,5371
3/3/2018,11:24,Saturday,OLD MILL STATION,TUSC,0,0,W,BD,5167
3/3/2018,11:41,Saturday,DON MILLS STATION,TUSC,0,0,W,SHP,6171
3/3/2018,11:41,Saturday,DUFFERIN STATION,MUIS,0,0,,BD,0
3/3/2018,11:42,Saturday,BLOOR DANFORTH SUBWAY,MUGD,0,0,,BD,0
3/3/2018,11:58,Saturday,KENNEDY BD STATION,MUSC,0,0,W,BD,5359
3/3/2018,13:18,Saturday,GREENWOOD STATION,MUI,42,46,E,BD,5078
3/3/2018,14:16,Saturday,BAY STATION,PUMEL,0,0,,BD,0
3/3/2018,14:38,Saturday,BROADVIEW STATION,MUPAA,3,7,E,BD,5364
3/3/2018,15:01,Saturday,BLOOR DANFORTH SUBWAY,MUGD,0,0,,BD,0
3/3/2018,15:09,Saturday,DON MILLS STATION,MUIR,4,10,W,SHP,6141
3/3/2018,15:58,Saturday,BATHURST STATION,MUSC,0,0,E,BD,5032
3/3/2018,16:36,Saturday,VICTORIA PARK STATION,SUDP,0,0,,BD,0
3/3/2018,16:37,Saturday,MAIN STREET STATION,MUIRS,0,0,,BD,0
3/3/2018,18:04,Saturday,ST CLAIR STATION,SUUT,15,18,S,YU,5521
3/3/2018,18:44,Saturday,YORK MILLS STATION,MUPAA,0,0,N,YU,5981
3/3/2018,20:04,Saturday,BAY STATION,MUNCA,0,0,,BD,0
3/3/2018,20:19,Saturday,YONGE BD STATION,MUPAA,0,0,E,BD,5266
3/3/2018,20:47,Saturday,MIDLAND STATION,ERDO,5,11,N,SRT,3025
3/3/2018,20:58,Saturday,ST CLAIR WEST STATION,TUSC,0,0,S,YU,6026
3/3/2018,21:51,Saturday,YONGE BD STATION,MUD,0,0,E,BD,5042
3/3/2018,22:00,Saturday,YU/DB/SHEPPARD SUBWAY,MUO,0,0,,YU/BD,0
3/3/2018,22:12,Saturday,ST GEORGE YUS STATION,MUIS,0,0,,YU,0
3/3/2018,22:50,Saturday,DAVISVILLE STATION,EUBK,5,10,N,YU,6026
3/3/2018,23:06,Saturday,WOODBINE STATION,MUPAA,3,7,W,BD,5305
3/3/2018,23:35,Saturday,SPADINA YUS STATION,TUSC,0,0,N,YU,5771
3/3/2018,23:36,Saturday,DAVISVILLE YARD,MUIE,0,0,,YU,0
3/4/2018,00:33,Sunday,HIGH PARK STATION,MUPAA,0,0,W,BD,5149
3/4/2018,05:17,Sunday,KIPLING STATION,PUSSW,0,0,,BD,0
3/4/2018,08:12,Sunday,HIGH PARK STATION,MUSC,0,0,W,BD,5142
3/4/2018,08:31,Sunday,GREENWOOD WYE,MUSC,3,7,E,BD,5089
3/4/2018,08:32,Sunday,LAWRENCE WEST STATION,PUSNT,0,0,N,YU,5661
3/4/2018,08:39,Sunday,KENNEDY BD STATION,MUSC,0,0,W,BD,5228
3/4/2018,08:40,Sunday,EGLINTON STATION,SUDP,3,8,N,YU,5756
3/4/2018,09:23,Sunday,CASTLE FRANK STATION,MUSC,0,0,W,BD,5348
3/4/2018,09:34,Sunday,KENNEDY BD STATION,TUSC,0,0,E,BD,5336
3/4/2018,09:55,Sunday,YONGE BD STATION,MUIR,5,9,W,BD,5126
3/4/2018,09:57,Sunday,DUNDAS STATION,EUTM,5,10,S,YU,5601
3/4/2018,10:03,Sunday,COLLEGE STATION,MUNCA,0,0,,YU,0
3/4/2018,10:52,Sunday,KENNEDY BD STATION,EUBK,0,0,W,BD,5348
3/4/2018,11:53,Sunday,DAVISVILLE STATION,PUMEL,0,0,,YU,0
3/4/2018,11:53,Sunday,UNION STATION,PUMST,0,0,,YU,0
3/4/2018,13:52,Sunday,FINCH STATION,MUSC,0,0,S,YU,5711
3/4/2018,14:00,Sunday,CHESTER STATION,PUSTC,5,10,W,BD,5146
3/4/2018,14:18,Sunday,UNION STATION,MUIE,0,0,,YU,0
3/4/2018,14:42,Sunday,CHESTER STATION,TUMVS,3,8,W,BD,5146
3/4/2018,15:45,Sunday,EGLINTON STATION,MUIS,0,0,,YU,0
3/4/2018,16:41,Sunday,ST PATRICK STATION,MUNCA,0,0,,YU,0
3/4/2018,17:00,Sunday,EGLINTON STATION,MUIS,0,0,N,YU,0
3/4/2018,17:19,Sunday,CHRISTIE STATION,TUSC,0,0,E,BD,5329
3/4/2018,18:25,Sunday,DUNDAS STATION,SUO,5,10,N,YU,5716
3/4/2018,18:57,Sunday,BLOOR STATION,SUO,4,9,N,YU,5756
3/4/2018,19:23,Sunday,CHESTER STATION,TUSC,0,0,W,BD,5268
3/4/2018,19:58,Sunday,ST GEORGE BD STATION,SUO,0,0,,BD,0
3/4/2018,20:00,Sunday,CHRISTIE STATION,TUSC,0,0,W,BD,5277
3/4/2018,20:46,Sunday,ST PATRICK STATION,MUIS,0,0,,YU,0
3/4/2018,22:00,Sunday,YU/DB/SHEPPARD SUBWAY,MUO,0,0,,YU/BD,0
3/4/2018,22:23,Sunday,BLOOR DANFORTH SUBWAY,MUGD,0,0,,BD,0
3/4/2018,23:34,Sunday,ISLINGTON STATION,EUSC,0,0,E,BD,5290
3/5/2018,00:42,Monday,SUMMERHILL STATION,EUDO,0,0,N,YU,5401
3/5/2018,01:34,Monday,CHRISTIE STATION,MUI,0,0,E,BD,5359
3/5/2018,01:47,Monday,NORTH YORK CTR STATION,TUSC,0,0,S,YU,5551
3/5/2018,02:10,Monday,KEELE YARD,TUO,0,0,E,BD,5012
3/5/2018,02:19,Monday,WILSON YARD,MUO,0,0,S,YU,5981
3/5/2018,06:02,Monday,GREENWOOD STATION,MUO,3,5,E,BD,5026
3/5/2018,06:06,Monday,GREENWOOD STATION,MUNOA,3,5,E,BD,0
3/5/2018,06:34,Monday,VICTORIA PARK STATION,MUSC,0,0,E,BD,5300
3/5/2018,07:01,Monday,GREENWOOD STATION,TUSC,0,0,E,BD,5330
3/5/2018,07:06,Monday,KENNEDY BD STATION,PUCSC,0,0,W,BD,5146
3/5/2018,07:16,Monday,GREENWOOD STATION,MUNOA,3,5,E,BD,0
3/5/2018,07:17,Monday,ISLINGTON STATION,MUSC,0,0,E,BD,5005
3/5/2018,07:49,Monday,FINCH STATION,MUIRS,0,0,,YU,0
3/5/2018,07:56,Monday,FINCH STATION,MUSC,0,0,S,YU,5711
3/5/2018,08:01,Monday,KENNEDY BD STATION,TUSC,0,0,E,BD,5347
3/5/2018,08:02,Monday,VAUGHAN MC STATION,MUSAN,4,8,S,YU,5991
3/5/2018,08:13,Monday,SHEPPARD WEST STATION,MUATC,3,5,N,YU,5771
3/5/2018,08:46,Monday,EGLINTON STATION,PUSI,3,5,N,YU,5481
3/5/2018,08:47,Monday,DUNDAS STATION,MUIR,0,0,S,YU,5696
3/5/2018,08:47,Monday,YONGE BD STATION,MUI,5,8,W,BD,5282
3/5/2018,08:53,Monday,KENNEDY BD STATION,PUCSC,3,5,W,BD,5282
3/5/2018,08:55,Monday,ST CLAIR STATION,SUAP,0,0,,YU,0
3/5/2018,09:00,Monday,WELLESLEY STATION,MUPAA,0,0,S,YU,5555
3/5/2018,10:07,Monday,COLLEGE STATION,MUNCA,0,0,,YU,0
3/5/2018,10:08,Monday,DON MILLS STATION,PUSTS,0,0,E,SHP,6146
3/5/2018,10:08,Monday,KIPLING STATION,TUSC,0,0,E,BD,5074
3/5/2018,10:25,Monday,SHEPPARD WEST STATION,MUATC,3,5,N,YU,5986
3/5/2018,10:30,Monday,WELLESLEY STATION,MUIR,4,6,S,YU,5406
3/5/2018,10:35,Monday,BLOOR STATION,SUDP,7,10,N,YU,6071
3/5/2018,10:47,Monday,YONGE BD STATION,SUAP,0,0,N,BD,6074
3/5/2018,10:57,Monday,SHEPPARD WEST STATION,MUATC,5,8,N,YU,5651
3/5/2018,11:24,Monday,BROADVIEW STATION,SUDP,3,6,W,BD,5052
3/5/2018,12:37,Monday,JANE STATION,MUSC,3,6,E,BD,5348
3/5/2018,13:29,Monday,HIGH PARK STATION,SUO,0,0,,BD,0
3/5/2018,13:34,Monday,GREENWOOD STATION,PUMEL,0,0,,BD,0
3/5/2018,13:59,Monday,PAPE STATION,MUI,21,24,E,BD,5086
3/5/2018,14:01,Monday,JANE STATION,TUSC,0,0,W,BD,5292
3/5/2018,14:56,Monday,DONLANDS STATION,TUNOA,3,6,W,BD,0
3/5/2018,15:05,Monday,JANE STATION,SUROB,0,0,,BD,0
3/5/2018,15:41,Monday,LANSDOWNE STATION,SUDP,3,6,E,BD,5032
3/5/2018,15:48,Monday,YORKDALE STATION,TUOS,0,0,N,YU,5986
3/5/2018,15:57,Monday,DUFFERIN STATION,SUAP,0,0,,BD,0
3/5/2018,16:05,Monday,BATHURST STATION,PUSI,0,0,E,BD,5226
3/5/2018,16:05,Monday,ROYAL YORK STATION,MUSC,0,0,E,BD,5259
3/5/2018,16:09,Monday,BATHURST STATION,PUSI,3,5,E,BD,5074
3/5/2018,16:33,Monday,KIPLING STATION,EUME,3,5,E,BD,5336
3/5/2018,16:38,Monday,CHESTER STATION,SUDP,0,0,,BD,0
3/5/2018,17:01,Monday,KIPLING STATION,TUMVS,13,15,W,BD,5051
3/5/2018,17:03,Monday,BAY STATION,SUDP,3,5,W,BD,5259
3/5/2018,17:08,Monday,ISLINGTON STATION,MUO,0,0,W,BD,5094
3/5/2018,17:09,Monday,WILSON STATION,TUSC,0,0,S,YU,5771
3/5/2018,17:19,Monday,ROYAL YORK STATION,PUMST,0,0,W,BD,5024
3/5/2018,17:43,Monday,SUMMERHILL STATION,MUPAA,0,0,N,YU,5881
3/5/2018,18:29,Monday,SUMMERHILL STATION,MUIE,3,5,N,YU,5811
3/5/2018,18:30,Monday,WILSON STATION,MUPAA,0,0,S,YU,5541
3/5/2018,18:48,Monday,YORK MILLS STATION,TUSC,0,0,N,YU,5581
3/5/2018,19:29,Monday,KIPLING STATION,PUSO,3,5,W,BD,5146
3/5/2018,19:55,Monday,BLOOR DANFORTH SUBWAY,MUGD,0,0,,BD,0
3/5/2018,20:16,Monday,KING STATION,SUAE,0,0,N,YU,5096
3/5/2018,20:42,Monday,ST GEORGE YUS STATION,MUSC,0,0,S,YU,5791
3/5/2018,21:37,Monday,WARDEN STATION,EUNT,3,6,E,BD,5189
3/5/2018,22:00,Monday,YU/DB/SHEPPARD SUBWAY,MUO,0,0,,YU/BD,0
3/5/2018,22:42,Monday,GREENWOOD STATION,MUIS,0,0,,BD,0
3/5/2018,22:45,Monday,COXWELL STATION,TUSC,0,0,W,BD,5003
3/5/2018,23:09,Monday,SHERBOURNE STATION,MUPAA,0,0,E,BD,5273
3/5/2018,23:15,Monday,YONGE UNIVERSITY LINE,MUGD,0,0,,YU,0
3/5/2018,23:43,Monday,SHEPPARD WEST STATION,EUATC,6,11,N,YU,5456
3/6/2018,00:34,Tuesday,GREENWOOD STATION,SUROB,0,0,E,BD,5146
3/6/2018,02:14,Tuesday,NORTH YORK CTR STATION,SUDP,10,15,N,YU,5876
3/6/2018,04:24,Tuesday,ST ANDREW STATION,MUFS,0,0,,YU,0
3/6/2018,04:59,Tuesday,DAVISVILLE STATION,PUTOE,0,0,S,YU,0
3/6/2018,05:34,Tuesday,YORK MILLS STATION,EUYRD,5,0,N,YU,5971
3/6/2018,05:49,Tuesday,KENNEDY BD STATION,SUAE,4,8,W,BD,0
3/6/2018,06:28,Tuesday,GREENWOOD STATION,EUSC,0,0,E,BD,5089
3/6/2018,06:33,Tuesday,SHEPPARD WEST STATION,TUATC,3,5,N,YU,5406
3/6/2018,07:50,Tuesday,ST CLAIR WEST STATION,EUBO,3,5,N,YU,5711
3/6/2018,08:04,Tuesday,GLENCAIRN STATION,MUSC,0,0,N,YU,5786
3/6/2018,08:05,Tuesday,QUEEN'S PARK STATION,MUIRS,0,0,,YU,0
3/6/2018,08:13,Tuesday,DANFORTH DIVISION,MUO,0,0,,,0
3/6/2018,08:38,Tuesday,EGLINTON STATION,SUUT,6,8,S,YU,5761
3/6/2018,08:48,Tuesday,EGLINTON STATION,MUIR,3,6,S,YU,5066
3/6/2018,09:08,Tuesday,KIPLING STATION,MUSC,0,0,W,BD,5292
3/6/2018,09:13,Tuesday,KIPLING STATION,MUSC,0,0,W,BD,5054
3/6/2018,09:21,Tuesday,ROYAL YORK STATION,PUSTS,0,0,E,BD,5094
3/6/2018,10:08,Tuesday,SUMMERHILL STATION,MUIRS,7,9,N,YU,5481
3/6/2018,10:10,Tuesday,KIPLING STATION,TUSC,0,0,E,BD,5129
3/6/2018,10:51,Tuesday,ST CLAIR STATION,EUDO,4,7,S,YU,5406
3/6/2018,10:57,Tuesday,COXWELL STATION,MUDD,3,6,W,BD,5256
3/6/2018,11:06,Tuesday,ST GEORGE BD STATION,PUMST,0,0,,BD,0
3/6/2018,11:32,Tuesday,ST PATRICK STATION,MUIS,0,0,,YU,0
3/6/2018,11:38,Tuesday,ISLINGTON STATION,TUSC,0,0,W,BD,5209
3/6/2018,12:04,Tuesday,KIPLING STATION,MUSC,0,0,W,BD,5368
3/6/2018,12:07,Tuesday,DUPONT STATION,TUSC,0,0,S,YU,5696
3/6/2018,13:15,Tuesday,FINCH STATION,MUTD,0,0,N,YU,6011
3/6/2018,13:40,Tuesday,DUNDAS WEST STATION,MUSC,0,0,E,BD,5141
3/6/2018,13:53,Tuesday,OLD MILL STATION,TUSC,0,0,E,BD,5129
3/6/2018,14:56,Tuesday,UNION STATION,SUDP,0,0,,YU,0
3/6/2018,15:48,Tuesday,WARDEN STATION,MUDD,3,5,W,BD,5133
3/6/2018,15:54,Tuesday,WARDEN STATION,EUDO,4,6,E,BD,5056
3/6/2018,16:37,Tuesday,SPADINA BD STATION,SUO,0,0,,BD,0
3/6/2018,16:48,Tuesday,YORK MILLS STATION,PUMEL,0,0,,YU,0
3/6/2018,16:59,Tuesday,KIPLING STATION,MUSC,0,0,E,BD,5149
3/6/2018,17:28,Tuesday,SCARB CTR STATION,ERDO,5,11,N,SRT,3027
3/6/2018,17:42,Tuesday,KENNEDY BD STATION,MUI,0,0,W,BD,5366
3/6/2018,19:11,Tuesday,YORK MILLS STATION,MUPAA,0,0,S,YU,5621
3/6/2018,19:15,Tuesday,ST CLAIR STATION,MUPAA,3,6,N,YU,5456
3/6/2018,19:18,Tuesday,LANSDOWNE STATION,MUPAA,0,0,E,BD,5254
3/6/2018,19:28,Tuesday,LANSDOWNE STATION,SUDP,15,18,W,BD,5319
3/6/2018,19:31,Tuesday,DAVISVILLE STATION,MUTO,3,6,S,YU,5841
3/6/2018,19:52,Tuesday,OSSINGTON STATION,SUDP,3,6,E,BD,5250
3/6/2018,20:00,Tuesday,DAVISVILLE STATION,MUIR,7,10,N,YU,6051
3/6/2018,20:04,Tuesday,WILSON STATION,SUDP,0,0,,YU,0
3/6/2018,20:39,Tuesday,ST PATRICK STATION,MUIS,0,0,,YU,0
3/6/2018,21:09,Tuesday,CHESTER STATION,MUPAA,0,0,E,BD,5005
3/6/2018,21:26,Tuesday,WARDEN STATION,EUNT,3,7,E,BD,5005
3/6/2018,21:27,Tuesday,SPADINA YUS STATION,MUPAA,0,0,S,YU,5396
3/6/2018,21:50,Tuesday,ST CLAIR WEST STATION,EUOE,0,0,S,YU,5651
3/6/2018,22:00,Tuesday,YU/DB/SHEPPARD SUBWAY,MUO,0,0,,YU/BD,0
3/6/2018,22:03,Tuesday,DON MILLS STATION,MUIS,0,0,,SHP,0
3/6/2018,22:08,Tuesday,DUFFERIN STATION,MUDD,7,11,E,BD,5311
3/6/2018,23:46,Tuesday,YONGE UNIVERSITY LINE,MUGD,0,0,,YU,0
3/7/2018,00:04,Wednesday,MAIN STREET STATION,MUSC,3,7,W,BD,5123
3/7/2018,00:22,Wednesday,ELLESMERE STATION,ERDO,4,11,N,SRT,3025
3/7/2018,01:10,Wednesday,QUEEN STATION,SUDP,0,0,N,YU,0
3/7/2018,01:11,Wednesday,KIPLING STATION,MUIS,0,0,,BD,0
3/7/2018,01:16,Wednesday,CHRISTIE STATION,MUIRS,0,0,E,BD,5275
3/7/2018,01:56,Wednesday,VAUGHAN MC STATION,MUI,0,0,S,YU,5676
3/7/2018,02:00,Wednesday,FINCH STATION,SUDP,0,0,,YU,0
3/7/2018,05:18,Wednesday,YONGE SHP STATION,TUSC,0,0,E,SHP,6146
3/7/2018,05:49,Wednesday,ST GEORGE BD STATION,TUSC,0,0,W,BD,5137
3/7/2018,05:52,Wednesday,ST GEORGE BD STATION,TUCC,0,0,W,BD,5137
3/7/2018,06:22,Wednesday,WILSON STATION,MUSC,0,0,S,YU,6071
3/7/2018,06:38,Wednesday,FINCH STATION,MUSC,0,0,S,YU,5746
3/7/2018,06:40,Wednesday,KIPLING STATION,MUPAA,0,0,E,BD,5360
3/7/2018,07:04,Wednesday,ST PATRICK STATION,MUPAA,0,0,S,YU,6041
3/7/2018,07:11,Wednesday,SHERBOURNE STATION,MUIS,0,0,,BD,0
3/7/2018,07:15,Wednesday,WILSON STATION,MUSC,0,0,S,YU,5711
3/7/2018,07:21,Wednesday,EGLINTON STATION,SUCOL,0,0,S,YU,5866
3/7/2018,07:24,Wednesday,MUSEUM STATION,PUSNT,3,5,S,YU,5696
3/7/2018,07:46,Wednesday,BROADVIEW STATION,MUIS,0,0,,,8162
3/7/2018,08:15,Wednesday,ST GEORGE BD STATION,MUIRS,0,0,,BD,0
3/7/2018,08:46,Wednesday,MUSEUM STATION,MUIR,9,11,S,YU,5916
3/7/2018,10:11,Wednesday,YONGE UNIVERSITY LINE,MUGD,0,0,,YU,0
3/7/2018,10:33,Wednesday,VICTORIA PARK STATION,PUSTS,3,6,W,BD,5220
3/7/2018,10:41,Wednesday,ROSEDALE STATION,EUDO,7,10,N,YU,5891
3/7/2018,10:56,Wednesday,WARDEN STATION,TUMVS,3,6,W,BD,5093
3/7/2018,11:01,Wednesday,ISLINGTON STATION,TUSC,0,0,W,BD,5014
3/7/2018,12:02,Wednesday,CHRISTIE STATION,PUMST,0,0,,BD,0
3/7/2018,12:29,Wednesday,DON MILLS STATION,MUSC,0,0,W,SHP,6156
3/7/2018,13:03,Wednesday,KEELE STATION,MUIS,0,0,E,BD,0
3/7/2018,13:13,Wednesday,KIPLING STATION,MUSC,0,0,W,BD,5014
3/7/2018,13:20,Wednesday,ISLINGTON STATION,MUSC,0,0,W,BD,5074
3/7/2018,13:51,Wednesday,ST CLAIR WEST STATION,SUDP,6,9,N,YU,5626
3/7/2018,14:18,Wednesday,DUPONT STATION,TUSC,0,0,S,YU,6021
3/7/2018,14:50,Wednesday,JANE STATION,TUSC,0,0,W,BD,5042
3/7/2018,14:52,Wednesday,WILSON STATION,TUNOA,9,12,N,YU,5501
3/7/2018,14:56,Wednesday,COXWELL STATION,MUTO,0,0,W,BD,5098
3/7/2018,15:07,Wednesday,LAWRENCE STATION,MUIS,0,0,,YU,0
3/7/2018,15:47,Wednesday,DONLANDS STATION,MUCL,3,5,W,BD,0
3/7/2018,16:03,Wednesday,KIPLING STATION,MUSC,0,0,E,BD,5204
3/7/2018,16:25,Wednesday,KENNEDY BD STATION,MUSC,0,0,W,BD,5250
3/7/2018,16:34,Wednesday,YONGE BD STATION,PUMST,0,0,,BD,0
3/7/2018,16:41,Wednesday,DUFFERIN STATION,SUDP,8,10,W,BD,5146
3/7/2018,16:52,Wednesday,LAWRENCE EAST STATION,SRO,3,8,N,SRT,3015
3/7/2018,16:56,Wednesday,COLLEGE STATION,MUPAA,0,0,N,YU,5901
3/7/2018,17:01,Wednesday,QUEEN STATION,MUIS,0,0,,YU,0
3/7/2018,17:14,Wednesday,KENNEDY SRT STATION,MRPAA,0,0,S,SRT,3002
3/7/2018,17:49,Wednesday,WARDEN STATION,MUSC,0,0,W,BD,5271
3/7/2018,18:08,Wednesday,VAUGHAN MC STATION,MUATC,3,6,,YU,5731
3/7/2018,18:19,Wednesday,CHRISTIE STATION,TUSC,0,0,E,BD,5297
3/7/2018,19:04,Wednesday,BESSARION STATION,MUIR,4,9,W,SHP,6156
3/7/2018,19:25,Wednesday,ST GEORGE YUS STATION,TUSC,0,0,N,YU,5866
3/7/2018,19:33,Wednesday,FINCH STATION,MUSC,0,0,S,YU,5616
3/7/2018,20:34,Wednesday,YORKDALE STATION,MUSC,0,0,N,YU,5546
3/7/2018,20:40,Wednesday,ISLINGTON STATION,TUSC,0,0,E,BD,5109
3/7/2018,21:11,Wednesday,ST GEORGE YUS STATION,TUSC,0,0,N,YU,5576
3/7/2018,21:55,Wednesday,DUNDAS STATION,MUIS,0,0,,YU,0
3/7/2018,22:00,Wednesday,YU/DB/SHEPPARD SUBWAY,MUO,0,0,,YU/BD,0
3/7/2018,22:04,Wednesday,MAIN STREET STATION,TUS,4,8,W,BD,5111
3/7/2018,22:39,Wednesday,FINCH STATION,SUAP,0,0,,YU,0
3/7/2018,23:18,Wednesday,ST PATRICK STATION,MUIS,0,0,N,YU,0
3/7/2018,23:19,Wednesday,VICTORIA PARK STATION,PUSTS,6,10,W,BD,5189
3/7/2018,23:27,Wednesday,VICTORIA PARK STATION,PUSTS,6,10,W,BD,5189
3/7/2018,23:28,Wednesday,YONGE UNIVERSITY LINE,MUGD,0,0,,YU,0
3/8/2018,00:55,Thursday,GREENWOOD STATION,TUSC,0,0,W,BD,5094
3/8/2018,01:28,Thursday,ST ANDREW STATION,PUTOE,0,0,S,YU,0
3/8/2018,05:01,Thursday,KEELE STATION,MUNCA,0,0,,BD,0
3/8/2018,05:01,Thursday,SHEPPARD STATION,MUNCA,0,0,,YU,0
3/8/2018,05:15,Thursday,ST GEORGE YUS STATION,PUTOE,0,0,N,YU,0
3/8/2018,05:26,Thursday,ROSEDALE STATION,MUNCA,0,0,,YU,0
3/8/2018,05:43,Thursday,KENNEDY BD STATION,MUSC,0,0,W,BD,5074
3/8/2018,06:38,Thursday,KENNEDY BD STATION,MUSC,0,0,W,BD,5329
3/8/2018,06:53,Thursday,COXWELL STATION,MUSC,0,0,E,BD,5118
3/8/2018,07:32,Thursday,WILSON STATION,TUNIP,3,5,S,YU,5726
3/8/2018,08:00,Thursday,UNION STATION,MUIS,0,0,,YU,0
3/8/2018,08:07,Thursday,KIPLING STATION,MUIR,3,5,E,BD,5169
3/8/2018,08:38,Thursday,FINCH STATION,MUSC,0,0,S,YU,5841
3/8/2018,08:49,Thursday,MUSEUM STATION,MUPAA,0,0,S,YU,5566
3/8/2018,08:50,Thursday,SPADINA YUS STATION,TUMVS,0,0,S,YU,5621
3/8/2018,08:57,Thursday,QUEEN STATION,MUIS,0,0,,YU,0
3/8/2018,09:01,Thursday,HIGH PARK STATION,MUI,12,14,E,BD,5300
3/8/2018,10:35,Thursday,SHEPPARD STATION,MUIS,0,0,,YU,0
3/8/2018,10:55,Thursday,YONGE UNIVERSITY LINE,MUGD,0,0,,YU,0
3/8/2018,10:57,Thursday,SHEPPARD STATION,MUPAA,3,6,S,YU,5556
3/8/2018,11:19,Thursday,JANE STATION,MUSC,0,0,W,BD,5093
3/8/2018,11:35,Thursday,WARDEN STATION,MUSC,0,0,W,BD,5201
3/8/2018,11:42,Thursday,KIPLING STATION,TUSC,0,0,W,BD,5028
3/8/2018,12:12,Thursday,DONLANDS STATION,SUDP,3,6,W,BD,5094
3/8/2018,12:20,Thursday,LAWRENCE STATION,MUSC,0,0,S,YU,5751
3/8/2018,12:22,Thursday,KENNEDY BD STATION,SUAP,0,0,,BD,0
3/8/2018,12:47,Thursday,KIPLING STATION,SUEAS,5,8,W,BD,5214
3/8/2018,13:28,Thursday,KIPLING STATION,TUSC,0,0,W,BD,5056
3/8/2018,13:50,Thursday,COLLEGE STATION,MUIRS,0,0,,YU,0
3/8/2018,13:55,Thursday,SUMMERHILL STATION,MUPAA,0,0,S,YU,5381
3/8/2018,14:04,Thursday,KIPLING STATION,PUSSW,4,7,W,BD,5266
3/8/2018,14:07,Thursday,OSSINGTON STATION,PUSO,6,9,E,BD,5147
3/8/2018,14:11,Thursday,VAUGHAN MC STATION,MUTO,3,6,S,YU,5506
3/8/2018,14:25,Thursday,SHEPPARD WEST STATION,TUATC,7,10,N,YU,5871
3/8/2018,14:38,Thursday,ST GEORGE BD STATION,MUIS,0,0,E,BD,0
3/8/2018,14:40,Thursday,WELLESLEY STATION,MUPAA,0,0,S,YU,5906
3/8/2018,14:55,Thursday,WILSON STATION,TUNIP,8,11,S,YU,5496
3/8/2018,15:24,Thursday,PAPE STATION,MUSC,3,6,W,BD,5222
3/8/2018,15:53,Thursday,ST CLAIR WEST STATION,TUMVS,4,7,N,YU,5821
3/8/2018,16:01,Thursday,EGLINTON WEST STATION,TUO,3,6,N,YU,5821
3/8/2018,16:14,Thursday,ST CLAIR STATION,MUIRS,0,0,N,YU,5721
3/8/2018,16:21,Thursday,ROYAL YORK STATION,TUSC,0,0,E,BD,5155
3/8/2018,16:21,Thursday,SHERBOURNE STATION,SUAP,0,0,,BD,0
3/8/2018,16:50,Thursday,RUNNYMEDE STATION,EUSC,0,0,E,BD,5089
3/8/2018,17:08,Thursday,SHEPPARD WEST STATION,MUATC,13,16,N,YU,5666
3/8/2018,17:22,Thursday,ST CLAIR WEST STATION,SUDP,0,0,,YU,0
3/8/2018,17:55,Thursday,EGLINTON STATION,MUIS,0,0,N,YU,0
3/8/2018,18:13,Thursday,YONGE BD STATION,MUO,0,0,,BD,0
3/8/2018,18:18,Thursday,ST GEORGE YUS STATION,MUPAA,0,0,N,YU,5751
3/8/2018,18:47,Thursday,KIPLING STATION,SUAP,0,0,,BD,0
3/8/2018,19:10,Thursday,DONLANDS STATION,MUIS,0,0,W,BD,0
3/8/2018,19:28,Thursday,BLOOR DANFORTH SUBWAY,MUGD,0,0,,BD,0
3/8/2018,20:08,Thursday,KENNEDY BD STATION,MUSC,0,0,W,BD,5321
3/8/2018,20:56,Thursday,ISLINGTON STATION,MUO,0,0,W,BD,5028
3/8/2018,20:57,Thursday,EGLINTON WEST STATION,TUMVS,0,0,N,YU,5576
3/8/2018,21:01,Thursday,ST GEORGE YUS STATION,MUIS,0,0,,YU,0
3/8/2018,21:46,Thursday,SPADINA YUS STATION,MUPAA,0,0,N,YU,5561
3/8/2018,22:00,Thursday,YU/DB/SHEPPARD SUBWAY,MUO,0,0,,YU/BD,0
3/8/2018,22:10,Thursday,BROADVIEW STATION,SUDP,3,7,E,BD,5102
3/8/2018,22:14,Thursday,KIPLING STATION,PUSSW,0,0,W,BD,0
3/8/2018,23:03,Thursday,YORKDALE STATION,MUIS,0,0,S,YU,0
3/8/2018,23:30,Thursday,YONGE UNIVERSITY LINE,MUGD,0,0,,YU,0
3/9/2018,01:31,Friday,WARDEN STATION,MUIS,0,0,W,BD,0
3/9/2018,01:52,Friday,LAWRENCE STATION,MUIS,0,0,S,YU,0
3/9/2018,06:52,Friday,SHEPPARD WEST STATION,MUATC,7,9,N,YU,5651
3/9/2018,07:17,Friday,GREENWOOD STATION,MUSC,0,0,E,BD,5089
3/9/2018,08:18,Friday,MUSEUM STATION,TUMVS,0,0,N,YU,5961
3/9/2018,08:19,Friday,GREENWOOD STATION,EUBK,3,5,E,BD,5077
3/9/2018,08:35,Friday,PAPE STATION,MUIRS,0,0,,BD,0
3/9/2018,08:40,Friday,OLD MILL STATION,TUSC,0,0,W,BD,5292
3/9/2018,08:51,Friday,OSGOODE STATION,MUIRS,0,0,,YU,0
3/9/2018,09:29,Friday,KIPLING STATION,TUSC,0,0,W,BD,5196
3/9/2018,10:01,Friday,MAIN STREET STATION,MUPAA,0,0,E,BD,5078
3/9/2018,10:13,Friday,YORKDALE STATION,MUSC,0,0,N,YU,5441
3/9/2018,10:35,Friday,YONGE UNIVERSITY LINE,MUGD,0,0,,YU,0
3/9/2018,11:28,Friday,SCARB CTR STATION,MRUI,0,0,,SRT,0
3/9/2018,13:50,Friday,KIPLING STATION,MUSC,0,0,,BD,5347
3/9/2018,15:36,Friday,ST CLAIR WEST STATION,TUMVS,0,0,S,YU,5766
3/9/2018,16:34,Friday,VAUGHAN MC STATION,TUNIP,4,7,S,YU,5741
3/9/2018,16:35,Friday,EGLINTON STATION,MUPAA,3,6,N,YU,6136
3/9/2018,16:35,Friday,SCARB CTR STATION,MRUI,14,17,N,SRT,3027
3/9/2018,16:55,Friday,DUFFERIN STATION,SUAE,0,0,,BD,0
3/9/2018,17:29,Friday,LAWRENCE STATION,MUPAA,0,0,N,YU,6001
3/9/2018,17:32,Friday,ST ANDREW STATION,MUDD,6,8,N,YU,5681
3/9/2018,17:37,Friday,VAUGHAN MC STATION,MUIR,3,5,S,YU,5991
3/9/2018,19:10,Friday,EGLINTON WEST STATION,MUSC,0,0,N,YU,5961
3/9/2018,20:54,Friday,WILSON STATION,SUDP,5,8,N,YU,5896
3/9/2018,20:56,Friday,VAUGHAN MC STATION,SUUT,9,12,S,YU,5451
3/9/2018,22:00,Friday,YU/DB/SHEPPARD SUBWAY,MUO,0,0,,YU/BD,0
3/9/2018,22:52,Friday,COLLEGE STATION,SUAE,0,0,N,YU,5401
3/9/2018,22:55,Friday,BLOOR STATION,SUDP,3,8,N,YU,5401
3/9/2018,23:07,Friday,EGLINTON WEST STATION,TUSC,0,0,N,YU,5456
3/9/2018,23:25,Friday,YONGE UNIVERSITY LINE,MUGD,0,0,,YU,0
3/9/2018,23:41,Friday,ST GEORGE BD STATION,PUMST,0,0,,BD,0
3/9/2018,23:45,Friday,SHEPPARD WEST STATION,EUOE,5,10,N,YU,6091
3/10/2018,01:25,Saturday,SHERBOURNE STATION,MUPAA,8,12,W,BD,5158
3/10/2018,01:37,Saturday,DONLANDS STATION,MUIS,0,0,,BD,0
3/10/2018,05:37,Saturday,BROADVIEW STATION,PUTR,5,10,W,BD,5266
3/10/2018,06:00,Saturday,YONGE UNIVERSITY LINE,MUO,0,0,,YU,0
3/10/2018,06:45,Saturday,CHESTER STATION,MUPAA,0,0,W,BD,5321
3/10/2018,09:05,Saturday,UNION STATION,MUIE,0,0,,YU,0
3/10/2018,09:23,Saturday,MIDLAND STATION,ERDO,0,0,N,SRT,3013
3/10/2018,09:51,Saturday,BROADVIEW STATION,SUDP,7,12,E,BD,5014
3/10/2018,10:31,Saturday,WOODBINE STATION,PUMST,0,0,,BD,0
3/10/2018,10:43,Saturday,EGLINTON STATION,MUSC,0,0,N,YU,5756
3/10/2018,11:04,Saturday,BLOOR DANFORTH SUBWAY,MUGD,0,0,,BD,0
3/10/2018,11:44,Saturday,KENNEDY BD STATION,MUDD,4,8,W,BD,5360
3/10/2018,12:38,Saturday,KENNEDY BD STATION,MUI,4,8,W,BD,5093
3/10/2018,13:34,Saturday,OLD MILL STATION,TUOS,0,0,E,BD,5347
3/10/2018,13:42,Saturday,BLOOR STATION,SUDP,3,7,S,YU,5751
3/10/2018,14:57,Saturday,LAWRENCE STATION,MUPAA,0,0,N,YU,5571
3/10/2018,15:04,Saturday,YONGE BD STATION,MUI,0,0,E,BD,5169
3/10/2018,16:21,Saturday,DUNDAS WEST STATION,MUSC,0,0,W,BD,5232
3/10/2018,16:46,Saturday,CHESTER STATION,MUIRS,0,0,W,BD,5102
3/10/2018,16:50,Saturday,SUMMERHILL STATION,SUDP,5,9,N,YU,5401
3/10/2018,17:36,Saturday,BROADVIEW STATION,TUMVS,0,0,E,BD,5250
3/10/2018,18:36,Saturday,YONGE BD STATION,MUDD,0,0,E,BD,5289
3/10/2018,20:43,Saturday,UNION STATION,MUIS,0,0,N,YU,0
3/10/2018,21:00,Saturday,KENNEDY BD STATION,MUIS,0,0,,BD,5272
3/10/2018,21:21,Saturday,YORKDALE STATION,MUPR1,181,185,S,YU,5786
3/10/2018,21:50,Saturday,YORKDALE STATION,TUO,4,9,S,YU,5501
3/10/2018,21:52,Saturday,RUNNYMEDE STATION,SUDP,3,7,E,BD,5139
3/10/2018,22:00,Saturday,YU/DB/SHEPPARD SUBWAY,MUO,0,0,,YU/BD,0
3/10/2018,22:03,Saturday,KIPLING STATION,MUSC,0,0,W,BD,5300
3/10/2018,22:44,Saturday,KING STATION,MUIS,0,0,S,YU,0
3/10/2018,22:57,Saturday,SUMMERHILL STATION,SUUT,0,0,S,YU,5405
3/10/2018,23:07,Saturday,ROSEDALE STATION,TUDOE,13,18,N,YU,5636
3/10/2018,23:12,Saturday,UNION STATION,MUI,23,28,N,YU,5386
3/10/2018,23:46,Saturday,KIPLING STATION,MUSC,0,0,E,BD,5169
3/11/2018,00:39,Sunday,ISLINGTON STATION,TUMVS,0,0,E,BD,5093
3/11/2018,01:13,Sunday,GLENCAIRN STATION,EUBO,11,16,S,YU,6081
3/11/2018,01:36,Sunday,FINCH STATION,MUIS,0,0,,YU,0
3/11/2018,03:01,Sunday,FINCH STATION,MUIS,0,0,,YU,0
3/11/2018,08:00,Sunday,YONGE UNIVERSITY LINE,MUO,0,0,,YU,0
3/11/2018,08:02,Sunday,VICTORIA PARK STATION,MUNCA,0,0,,BD,0
3/11/2018,08:10,Sunday,TRANSIT CONTROL CENTRE,PRSA,38,45,S,SRT,3021
3/11/2018,08:19,Sunday,COXWELL STATION,MUSC,0,0,E,BD,5314
3/11/2018,08:33,Sunday,UNION STATION,MUSC,0,0,N,YU,5386
3/11/2018,09:16,Sunday,UNION STATION,MUSC,0,0,N,YU,5751
3/11/2018,10:37,Sunday,COXWELL STATION,MUCL,3,7,W,BD,5347
3/11/2018,10:54,Sunday,ROYAL YORK STATION,MUPLB,11,15,E,BD,5149
3/11/2018,10:58,Sunday,YORK MILLS STATION,MUPAA,0,0,N,YU,5846
3/11/2018,12:13,Sunday,UNION STATION,MUSC,0,0,N,YU,5896
3/11/2018,12:36,Sunday,FINCH STATION,MUDD,6,10,S,YU,5516
3/11/2018,13:38,Sunday,HIGH PARK STATION,EUBK,3,7,E,BD,5178
3/11/2018,15:30,Sunday,LAWRENCE STATION,EUBO,5,10,S,YU,5841
3/11/2018,17:02,Sunday,QUEEN STATION,MUNCA,0,0,,YU,0
3/11/2018,17:08,Sunday,WILSON STATION,EUBK,0,0,S,YU,6071
3/11/2018,17:34,Sunday,BLOOR STATION,SUDP,3,7,S,YU,5386
3/11/2018,18:07,Sunday,UNION STATION,MUSC,0,0,S,YU,5896
3/11/2018,18:35,Sunday,DON MILLS STATION,MUPAA,0,0,E,SHP,6176
3/11/2018,19:26,Sunday,BAY STATION,MUIS,0,0,W,BD,0
3/11/2018,19:56,Sunday,OLD MILL STATION,MUSC,0,0,W,BD,5340
3/11/2018,20:51,Sunday,GLENCAIRN STATION,TUSC,0,0,S,YU,5391
3/11/2018,22:00,Sunday,YU/DB/SHEPPARD SUBWAY,MUO,0,0,,YU/BD,0
3/11/2018,22:06,Sunday,BLOOR DANFORTH SUBWAY,MUGD,0,0,,BD,0
3/11/2018,22:11,Sunday,YORK MILLS STATION,SUDP,3,8,S,YU,5896
3/11/2018,22:46,Sunday,OSSINGTON STATION,SUEAS,11,15,W,BD,5266
3/11/2018,23:26,Sunday,EGLINTON STATION,TUMVS,3,8,N,YU,5776
3/12/2018,00:04,Monday,BAYVIEW STATION,MUSC,0,0,W,SHP,6186
3/12/2018,00:21,Monday,DONLANDS STATION,TUSC,0,0,W,BD,5158
3/12/2018,00:25,Monday,EGLINTON STATION,MUPAA,6,11,S,YU,5671
3/12/2018,01:06,Monday,DONLANDS STATION,TUSC,0,0,W,BD,5024
3/12/2018,04:46,Monday,ST ANDREW STATION,MUNCA,0,0,,YU,0
3/12/2018,05:40,Monday,CASTLE FRANK STATION,EUBK,0,0,W,BD,5027
3/12/2018,05:54,Monday,COXWELL STATION,MUSC,0,0,E,BD,5236
3/12/2018,05:55,Monday,KIPLING STATION,PUSSW,22,27,W,BD,5089
3/12/2018,06:13,Monday,EGLINTON WEST STATION,MUIS,0,0,,YU,0
3/12/2018,06:20,Monday,WARDEN STATION,TUO,4,8,W,BD,5283
3/12/2018,06:24,Monday,VICTORIA PARK STATION,TUKEY,4,8,W,BD,5283
3/12/2018,06:44,Monday,YONGE BD STATION,MUDD,3,7,W,BD,5283
3/12/2018,07:10,Monday,KENNEDY BD STATION,MUSC,0,0,W,BD,5367
3/12/2018,07:14,Monday,ST CLAIR WEST STATION,EUBK,3,5,N,YU,5696
3/12/2018,07:28,Monday,FINCH STATION,MUSC,0,0,S,YU,5416
3/12/2018,08:01,Monday,JANE STATION,TUSC,0,0,W,BD,5098
3/12/2018,08:39,Monday,LAWRENCE WEST STATION,MUPLB,17,19,S,YU,6001
3/12/2018,08:41,Monday,SPADINA BD STATION,MUDD,4,6,E,BD,5054
3/12/2018,08:50,Monday,COLLEGE STATION,MUI,10,12,S,YU,5531
3/12/2018,08:54,Monday,JANE STATION,MUSC,0,0,E,BD,5247
3/12/2018,09:07,Monday,COLLEGE STATION,MUIRS,0,0,S,YU,0
3/12/2018,09:07,Monday,ST GEORGE YUS STATION,MUIS,0,0,,YU,0
3/12/2018,09:08,Monday,COLLEGE STATION,MUI,5,7,S,YU,5486
3/12/2018,09:51,Monday,SUMMERHILL STATION,MUI,5,7,S,YU,5521
3/12/2018,10:12,Monday,OLD MILL STATION,TUSC,0,0,W,BD,5051
3/12/2018,10:21,Monday,WILSON STATION,TUSC,0,0,N,YU,5671
3/12/2018,10:40,Monday,YONGE UNIVERSITY LINE,MUGD,0,0,,YU,0
3/12/2018,11:39,Monday,WILSON STATION,TUCC,0,0,N,YU,5461
3/12/2018,12:06,Monday,JANE STATION,TUSC,0,0,W,BD,5151
3/12/2018,12:08,Monday,VICTORIA PARK STATION,TUMVS,0,0,W,BD,5197
3/12/2018,12:38,Monday,EGLINTON STATION,MUPAA,0,0,S,YU,6131
3/12/2018,14:24,Monday,KIPLING STATION,PUMEL,0,0,,BD,0
3/12/2018,14:25,Monday,FINCH STATION,MUTO,7,10,S,YU,5991
3/12/2018,15:12,Monday,LESLIE STATION,EUSC,0,0,W,SHP,6186
3/12/2018,15:56,Monday,LESLIE STATION,PUOPO,3,8,W,SHP,6186
3/12/2018,16:05,Monday,CASTLE FRANK STATION,EUPI,3,5,W,BD,5212
3/12/2018,16:05,Monday,COLLEGE STATION,MUIS,0,0,N,YU,0
3/12/2018,16:52,Monday,YONGE BD STATION,PUMEL,0,0,,BD,0
3/12/2018,17:04,Monday,BLOOR STATION,MUI,4,7,N,YU,5411
3/12/2018,17:09,Monday,DUNDAS STATION,MUNCA,0,0,,YU,0
3/12/2018,17:11,Monday,BAYVIEW STATION,MUPAA,3,8,E,SHP,6181
3/12/2018,17:15,Monday,QUEEN STATION,MUPAA,0,0,N,YU,6071
3/12/2018,17:17,Monday,YORK MILLS STATION,MUIR,6,9,N,YU,5921
3/12/2018,17:37,Monday,DUPONT STATION,SUDP,5,8,N,YU,5461
3/12/2018,17:46,Monday,BLOOR STATION,MUPAA,0,0,N,YU,5606
3/12/2018,17:53,Monday,SUMMERHILL STATION,MUPAA,0,0,N,YU,5586
3/12/2018,17:58,Monday,ISLINGTON STATION,MUSC,0,0,E,BD,5342
3/12/2018,17:58,Monday,ROYAL YORK STATION,TUSC,0,0,E,BD,5369
3/12/2018,18:08,Monday,LESLIE STATION,PUOPO,3,8,W,SHP,6186
3/12/2018,18:12,Monday,WELLESLEY STATION,SUAP,8,11,S,YU,5546
3/12/2018,18:21,Monday,ISLINGTON STATION,MUSC,0,0,W,BD,5212
3/12/2018,18:36,Monday,DUPONT STATION,TUOS,3,6,S,YU,6081
3/12/2018,18:47,Monday,ISLINGTON STATION,MUSC,0,0,W,BD,5178
3/12/2018,19:17,Monday,ISLINGTON STATION,MUSC,0,0,W,BD,5151
3/12/2018,19:25,Monday,OLD MILL STATION,TUSC,0,0,E,BD,5300
3/12/2018,19:36,Monday,YONGE BD STATION,MUDD,6,9,W,BD,5196
3/12/2018,20:07,Monday,KIPLING STATION,MUDD,3,6,E,BD,5196
3/12/2018,20:19,Monday,FINCH STATION,MUIS,0,0,,YU,0
3/12/2018,21:22,Monday,YORKDALE STATION,MUPAA,0,0,N,YU,6016
3/12/2018,21:48,Monday,OSSINGTON STATION,SUAE,0,0,,BD,0
3/12/2018,21:59,Monday,QUEEN'S PARK STATION,TUO,3,7,S,YU,5086
3/12/2018,22:00,Monday,YU/DB/SHEPPARD SUBWAY,MUO,0,0,,YU/BD,0
3/12/2018,22:06,Monday,ST CLAIR WEST STATION,SUDP,4,9,N,YU,5671
3/12/2018,22:19,Monday,DUNDAS STATION,MUD,3,8,N,YU,5626
3/12/2018,22:32,Monday,JANE STATION,MUIS,0,0,,BD,0
3/12/2018,22:37,Monday,ROYAL YORK STATION,TUSC,0,0,E,BD,5314
3/12/2018,23:12,Monday,COXWELL STATION,TUNIP,3,8,W,BD,5312
3/12/2018,23:21,Monday,YORK MILLS STATION,SUDP,7,12,N,YU,5321
3/12/2018,23:42,Monday,DUNDAS WEST STATION,MUPAA,0,0,W,BD,5178
3/12/2018,23:51,Monday,YONGE BD STATION,MUDD,8,13,W,BD,5214
3/12/2018,23:53,Monday,BAYVIEW STATION,EUBK,0,0,W,SHP,6191
3/12/2018,23:56,Monday,WARDEN STATION,MUIS,0,0,,BD,0
3/13/2018,00:04,Tuesday,OSGOODE STATION,SUUT,17,22,N,YU,5591
3/13/2018,00:05,Tuesday,BROADVIEW STATION,MUO,5,10,W,BD,5023
3/13/2018,00:52,Tuesday,DUNDAS WEST STATION,TUMVS,5,10,W,BD,5321
3/13/2018,01:08,Tuesday,ST GEORGE YUS STATION,TUSC,0,0,N,YU,5506
3/13/2018,02:22,Tuesday,WILSON STATION,TUSC,0,0,N,YU,5591
3/13/2018,06:00,Tuesday,WELLESLEY STATION,MUPLB,60,65,N,YU,6086
3/13/2018,06:12,Tuesday,BAYVIEW STATION,TUMVS,5,10,E,SHP,6196
3/13/2018,06:47,Tuesday,DONLANDS STATION,MUNOA,3,7,W,BD,0
3/13/2018,07:27,Tuesday,GREENWOOD STATION,MUNOA,3,6,E,BD,5356
3/13/2018,08:24,Tuesday,SUMMERHILL STATION,MUPAA,3,5,S,YU,5611
3/13/2018,08:48,Tuesday,KENNEDY BD STATION,MUPAA,0,0,W,BD,5014
3/13/2018,09:25,Tuesday,COXWELL STATION,MUTO,3,6,W,BD,5245
3/13/2018,09:27,Tuesday,ST GEORGE YUS STATION,MUSC,0,0,S,YU,5801
3/13/2018,09:44,Tuesday,SHEPPARD WEST STATION,MUSC,0,0,S,YU,5616
3/13/2018,09:47,Tuesday,KENNEDY SRT STATION,PRSA,6,12,S,SRT,3000
3/13/2018,10:20,Tuesday,LESLIE STATION,EUSC,0,0,W,SHP,6186
3/13/2018,11:17,Tuesday,QUEEN'S PARK STATION,TUSC,0,0,N,YU,5806
3/13/2018,11:19,Tuesday,EGLINTON STATION,MUI,10,13,S,YU,5465
3/13/2018,11:40,Tuesday,LAWRENCE STATION,TUSC,0,0,N,YU,5646
3/13/2018,11:51,Tuesday,SHEPPARD STATION,MUTO,4,7,N,YU,6061
3/13/2018,12:00,Tuesday,COXWELL STATION,PUMEL,0,0,,BD,0
3/13/2018,13:21,Tuesday,BAY STATION,SUO,3,6,E,BD,5127
3/13/2018,13:33,Tuesday,LAWRENCE STATION,EUBK,0,0,S,YU,5566
3/13/2018,14:04,Tuesday,SHEPPARD WEST STATION,MUATC,6,9,N,YU,5431
3/13/2018,14:09,Tuesday,WILSON STATION,TUMVS,3,6,N,YU,6016
3/13/2018,14:44,Tuesday,ISLINGTON STATION,MUIS,0,0,,BD,0
3/13/2018,15:29,Tuesday,ISLINGTON STATION,TUSC,0,0,W,BD,5245
3/13/2018,15:41,Tuesday,BAYVIEW STATION,PUOPO,3,8,E,SHP,6181
3/13/2018,15:42,Tuesday,WILSON STATION,TUNOA,3,5,N,YU,5486
3/13/2018,16:34,Tuesday,KIPLING STATION,MUDD,10,12,E,BD,5305
3/13/2018,16:41,Tuesday,KIPLING STATION,MUIS,0,0,,BD,0
3/13/2018,17:39,Tuesday,WELLESLEY STATION,MUIR,3,5,N,YU,5721
3/13/2018,18:01,Tuesday,ST ANDREW STATION,MUPAA,0,0,S,YU,5616
3/13/2018,18:12,Tuesday,HIGH PARK STATION,MUTO,3,5,W,BD,5027
3/13/2018,18:39,Tuesday,COLLEGE STATION,SUUT,0,0,N,YU,6036
3/13/2018,18:43,Tuesday,WELLESLEY STATION,TUMVS,5,8,S,YU,5411
3/13/2018,19:04,Tuesday,KENNEDY BD STATION,TUSC,0,0,E,BD,5109
3/13/2018,20:04,Tuesday,YONGE BD STATION,MUIS,0,0,E,BD,0
3/13/2018,20:10,Tuesday,YORKDALE STATION,SUDP,9,12,N,YU,5606
3/13/2018,20:43,Tuesday,LESLIE STATION,PUOPO,7,12,W,SHP,6186
3/13/2018,21:18,Tuesday,DUNDAS STATION,SUO,4,9,S,YU,5836
3/13/2018,21:31,Tuesday,KENNEDY BD STATION,TUSC,0,0,E,BD,5347
3/13/2018,22:00,Tuesday,YU/DB/SHEPPARD SUBWAY,MUO,0,0,,YU/BD,0
3/13/2018,22:18,Tuesday,YORKDALE STATION,MUIS,0,0,,YU,0
3/13/2018,22:59,Tuesday,ST CLAIR WEST STATION,PUTWZ,0,0,S,YU,5976
3/13/2018,23:13,Tuesday,BLOOR DANFORTH SUBWAY,MUGD,0,0,,BD,0
3/13/2018,23:13,Tuesday,YORKDALE STATION,MUSC,0,0,N,YU,5546
3/13/2018,23:30,Tuesday,COXWELL STATION,MUPAA,0,0,E,BD,5111
3/14/2018,00:07,Wednesday,FINCH STATION,SUDP,0,0,N,YU,5496
3/14/2018,00:20,Wednesday,FINCH STATION,SUAE,0,0,,YU,0
3/14/2018,00:23,Wednesday,SHEPPARD WEST STATION,MUATC,15,20,N,YU,5466
3/14/2018,00:30,Wednesday,DON MILLS STATION,MUIE,0,0,E,SHP,6161
3/14/2018,00:38,Wednesday,FINCH STATION,MUO,0,0,N,YU,5921
3/14/2018,00:43,Wednesday,BLOOR STATION,SUDP,7,12,S,YU,5936
3/14/2018,01:29,Wednesday,BAY STATION,MUI,7,11,W,BD,5155
3/14/2018,01:41,Wednesday,WILSON STATION,MUIR,6,11,N,YU,5391
3/14/2018,05:39,Wednesday,SHEPPARD WEST STATION,TUSC,0,0,S,YU,5606
3/14/2018,05:53,Wednesday,DONLANDS STATION,EUSC,0,0,W,BD,5001
3/14/2018,05:59,Wednesday,WARDEN STATION,MUSC,0,0,E,BD,5119
3/14/2018,06:20,Wednesday,VICTORIA PARK STATION,MUSC,0,0,E,BD,5127
3/14/2018,06:30,Wednesday,COXWELL STATION,MUSC,0,0,E,BD,5295
3/14/2018,07:19,Wednesday,GREENWOOD YARD,MUTD,0,0,E,BD,5212
3/14/2018,07:21,Wednesday,DUNDAS WEST STATION,EUSC,0,0,W,BD,5004
3/14/2018,07:22,Wednesday,FINCH STATION,MUSC,0,0,S,YU,5606
3/14/2018,07:24,Wednesday,FINCH STATION,MUPAA,0,0,N,YU,6036
3/14/2018,07:29,Wednesday,KENNEDY BD STATION,EUSC,0,0,W,BD,5001
3/14/2018,07:36,Wednesday,KING STATION,MUIS,0,0,,YU,0
3/14/2018,07:56,Wednesday,KEELE STATION,SUAP,9,11,W,BD,5314
3/14/2018,08:07,Wednesday,LESLIE STATION,EUSC,0,0,W,SHP,6186
3/14/2018,08:10,Wednesday,YORKDALE STATION,TUOS,4,8,S,YU,5786
3/14/2018,08:11,Wednesday,FINCH STATION,EUSC,0,0,N,YU,5726
3/14/2018,08:21,Wednesday,ST GEORGE BD STATION,MUIS,0,0,E,BD,0
3/14/2018,08:23,Wednesday,EGLINTON WEST STATION,MUIS,0,0,,YU,0
3/14/2018,08:42,Wednesday,BROADVIEW STATION,MUIS,0,0,,BD,0
3/14/2018,08:43,Wednesday,ISLINGTON STATION,MUSC,0,0,W,BD,5291
3/14/2018,08:51,Wednesday,LESLIE STATION,EUSC,0,0,W,SHP,6186
3/14/2018,08:57,Wednesday,ROYAL YORK STATION,PUMEL,0,0,,BD,0
3/14/2018,09:09,Wednesday,DON MILLS STATION,MUPAA,0,0,W,SHP,6186
3/14/2018,09:09,Wednesday,OLD MILL STATION,TUSC,0,0,E,BD,5097
3/14/2018,09:19,Wednesday,OLD MILL STATION,MUSC,0,0,W,BD,5004
3/14/2018,09:22,Wednesday,YONGE SHP STATION,EUSC,0,0,W,SHP,6186
3/14/2018,09:24,Wednesday,YORKDALE STATION,MUO,0,0,,YU,0
3/14/2018,09:29,Wednesday,EGLINTON STATION,MUSC,3,6,S,YU,5566
3/14/2018,09:32,Wednesday,SHEPPARD STATION,MUDD,4,7,N,YU,5856
3/14/2018,09:34,Wednesday,BROADVIEW STATION,TUMVS,0,0,E,BD,5097
3/14/2018,09:54,Wednesday,KENNEDY BD STATION,TUSC,0,0,E,BD,5097
3/14/2018,10:14,Wednesday,BATHURST STATION,TUSC,0,0,W,BD,5045
3/14/2018,10:16,Wednesday,ROYAL YORK STATION,MUSC,0,0,E,BD,5061
3/14/2018,11:13,Wednesday,ST GEORGE YUS STATION,SUAP,5,8,N,YU,5466
3/14/2018,11:27,Wednesday,DAVISVILLE STATION,MUIS,0,0,,YU,0
3/14/2018,11:32,Wednesday,DUNDAS STATION,MUIR,4,7,S,YU,5721
3/14/2018,11:47,Wednesday,KIPLING STATION,SUO,0,0,E,BD,5349
3/14/2018,12:14,Wednesday,ROYAL YORK STATION,MUSC,0,0,W,BD,5045
3/14/2018,12:57,Wednesday,WELLESLEY STATION,MUPAA,0,0,N,YU,5961
3/14/2018,13:14,Wednesday,BLOOR STATION,MUD,4,7,S,YU,5856
3/14/2018,13:26,Wednesday,HIGHWAY 407 STATION,MUIS,0,0,N,YU,0
3/14/2018,14:49,Wednesday,SPADINA BD STATION,MUDD,5,7,W,BD,5041
3/14/2018,14:49,Wednesday,WILSON STATION,MUTO,4,7,S,YU,5581
3/14/2018,15:19,Wednesday,SHEPPARD WEST STATION,MUPAA,0,0,N,YU,5631
3/14/2018,15:20,Wednesday,CHESTER STATION,TUSC,0,0,E,BD,5025
3/14/2018,15:32,Wednesday,EGLINTON WEST STATION,EUDO,0,0,S,YU,5811
3/14/2018,16:11,Wednesday,LANSDOWNE STATION,MUIS,0,0,W,BD,0
3/14/2018,16:35,Wednesday,KENNEDY BD STATION,EUO,3,5,,BD,5001
3/14/2018,16:44,Wednesday,MCCOWAN STATION,ERDO,3,9,S,SRT,3026
3/14/2018,17:19,Wednesday,BLOOR STATION,MUDD,7,9,N,YU,6006
3/14/2018,17:22,Wednesday,RUNNYMEDE STATION,MUIS,0,0,,BD,0
3/14/2018,17:22,Wednesday,SHEPPARD STATION,MUPAA,0,0,N,YU,6096
3/14/2018,17:24,Wednesday,LAWRENCE STATION,MUPAA,0,0,S,YU,5441
3/14/2018,17:37,Wednesday,WELLESLEY STATION,SUDP,8,10,N,YU,5956
3/14/2018,17:51,Wednesday,ST GEORGE YUS STATION,TUMVS,5,7,S,YU,5536
3/14/2018,18:35,Wednesday,NORTH YORK CTR STATION,EUDO,5,7,N,YU,6046
3/14/2018,18:53,Wednesday,UNION STATION,MUTO,4,6,N,YU,5501
3/14/2018,20:38,Wednesday,GREENWOOD STATION,SUDP,7,10,E,BD,5097
3/14/2018,21:27,Wednesday,ST CLAIR WEST STATION,SUROB,9,14,S,YU,5811
3/14/2018,22:00,Wednesday,YU/DB/SHEPPARD SUBWAY,MUO,0,0,,YU/BD,0
3/14/2018,22:08,Wednesday,DUNDAS WEST STATION,MUIS,0,0,,BD,0
3/14/2018,22:20,Wednesday,WILSON STATION,MUIS,0,0,,YU,0
3/14/2018,22:26,Wednesday,ELLESMERE STATION,SRCOL,0,0,N,SRT,3021
3/14/2018,22:27,Wednesday,EGLINTON STATION,EUDO,15,20,N,YU,5506
3/14/2018,23:00,Wednesday,EGLINTON WEST STATION,TUO,14,19,S,YU,5916
3/14/2018,23:07,Wednesday,MAIN STREET STATION,MUSC,0,0,W,BD,5339
3/14/2018,23:20,Wednesday,YONGE UNIVERSITY LINE,MUGD,0,0,,YU,0
3/14/2018,23:29,Wednesday,BLOOR DANFORTH SUBWAY,MUGD,0,0,,BD,0
3/14/2018,23:34,Wednesday,FINCH STATION,MUIS,0,0,,YU,5831
3/14/2018,23:35,Wednesday,VAUGHAN MC STATION,EUO,5,10,N,YU,5586
3/15/2018,01:07,Thursday,OSSINGTON STATION,SUDP,4,9,W,BD,5160
3/15/2018,01:22,Thursday,MUSEUM STATION,MUPAA,4,9,N,YU,6051
3/15/2018,01:27,Thursday,PAPE STATION,SUO,3,8,W,BD,5097
3/15/2018,01:40,Thursday,GLENCAIRN STATION,MUPAA,3,8,N,YU,6051
3/15/2018,02:06,Thursday,PAPE STATION,TUSC,0,0,E,BD,5286
3/15/2018,03:15,Thursday,UNION STATION,MUIS,0,0,,YU,0
3/15/2018,05:40,Thursday,WARDEN STATION,PUTWZ,10,13,E,BD,5302
3/15/2018,05:42,Thursday,KIPLING STATION,EUSC,0,0,E,BD,5022
3/15/2018,06:29,Thursday,COXWELL STATION,MUSC,0,0,E,BD,5223
3/15/2018,07:06,Thursday,KIPLING STATION,MUSC,0,0,E,BD,5322
3/15/2018,07:18,Thursday,COXWELL STATION,MUSC,0,0,E,BD,5299
3/15/2018,07:19,Thursday,KIPLING STATION,MUSC,0,0,E,BD,5249
3/15/2018,07:35,Thursday,KENNEDY BD STATION,MUSC,0,0,W,BD,5026
3/15/2018,08:38,Thursday,MUSEUM STATION,EUTRD,3,5,S,YU,6116
3/15/2018,08:43,Thursday,GREENWOOD STATION,MUIS,0,0,W,BD,0
3/15/2018,08:46,Thursday,DUFFERIN STATION,TUS,5,7,W,BD,5137
3/15/2018,09:33,Thursday,ISLINGTON STATION,TUMVS,3,5,W,BD,5155
3/15/2018,09:56,Thursday,KIPLING STATION,TUSC,0,0,W,BD,5329
3/15/2018,10:45,Thursday,YONGE UNIVERSITY LINE,MUGD,0,0,,YU,0
3/15/2018,10:54,Thursday,HARVEY SHOP,MUIE,0,0,,,0
3/15/2018,11:08,Thursday,HIGH PARK STATION,PUMEL,0,0,,BD,0
3/15/2018,11:11,Thursday,DON MILLS STATION,MUDD,5,11,W,SHP,6141
3/15/2018,11:28,Thursday,OSGOODE STATION,MUPLB,32,36,N,YU,5586
3/15/2018,13:05,Thursday,LAWRENCE WEST STATION,MUSC,0,0,N,YU,5801
3/15/2018,13:13,Thursday,PAPE STATION,SUDP,5,8,E,BD,5277
3/15/2018,13:17,Thursday,EGLINTON STATION,MUIS,0,0,,YU,0
3/15/2018,13:48,Thursday,WILSON STATION,MUSC,0,0,S,YU,5976
3/15/2018,14:17,Thursday,OSGOODE STATION,PUTD,0,0,N,YU,5696
3/15/2018,14:22,Thursday,COXWELL STATION,SUDP,27,29,W,BD,5067
3/15/2018,14:30,Thursday,VICTORIA PARK STATION,TUMVS,0,0,W,BD,5319
3/15/2018,14:30,Thursday,YONGE BD STATION,MUPAA,0,0,W,BD,5335
3/15/2018,14:52,Thursday,CHRISTIE STATION,MUO,0,0,E,BD,5093
3/15/2018,15:23,Thursday,BLOOR STATION,MUSC,0,0,N,YU,5516
3/15/2018,15:23,Thursday,WILSON STATION,MUPAA,0,0,S,YU,6071
3/15/2018,15:35,Thursday,KENNEDY BD STATION,MUSC,0,0,W,BD,5091
3/15/2018,15:55,Thursday,OSGOODE STATION,SUDP,12,14,S,YU,5581
3/15/2018,16:07,Thursday,KIPLING STATION,MUSC,0,0,E,BD,5169
3/15/2018,16:14,Thursday,KIPLING STATION,MUSC,0,0,E,BD,5101
3/15/2018,16:22,Thursday,COXWELL STATION,MUSC,4,6,E,BD,5038
3/15/2018,16:41,Thursday,ISLINGTON STATION,EUSC,0,0,E,BD,5332
3/15/2018,16:47,Thursday,SPADINA YUS STATION,EUDO,5,7,N,YU,5851
3/15/2018,16:51,Thursday,DUPONT STATION,TUMVS,3,5,S,YU,5501
3/15/2018,17:02,Thursday,ISLINGTON STATION,MUSC,0,0,E,BD,5286
3/15/2018,17:04,Thursday,BLOOR STATION,MUIS,0,0,S,YU,0
3/15/2018,17:10,Thursday,MUSEUM STATION,MUIS,0,0,,YU,0
3/15/2018,17:11,Thursday,VICTORIA PARK STATION,MUSC,0,0,W,BD,5360
3/15/2018,17:17,Thursday,KIPLING STATION,MUSC,0,0,W,BD,5083
3/15/2018,17:20,Thursday,DUNDAS WEST STATION,MUIS,0,0,,BD,0
3/15/2018,17:33,Thursday,FINCH STATION,MUNCA,0,0,,YU,0
3/15/2018,18:15,Thursday,DUNDAS WEST STATION,MUPAA,0,0,W,BD,5119
3/15/2018,18:20,Thursday,COLLEGE STATION,MUIS,0,0,,YU,0
3/15/2018,18:29,Thursday,ROYAL YORK STATION,EUSC,0,0,E,BD,5332
3/15/2018,18:31,Thursday,ROYAL YORK STATION,EUSC,0,0,E,BD,5332
3/15/2018,18:53,Thursday,MAIN STREET STATION,PUMEL,0,0,,BD,0
3/15/2018,19:09,Thursday,GLENCAIRN STATION,TUDOE,23,25,N,YU,5456
3/15/2018,19:23,Thursday,FINCH STATION,TUMVS,0,0,S,YU,6071
3/15/2018,19:23,Thursday,GREENWOOD STATION,MUSC,0,0,E,BD,5349
3/15/2018,19:31,Thursday,FINCH STATION,SUAE,3,6,S,YU,5691
3/15/2018,19:36,Thursday,MUSEUM STATION,MUIR,0,0,N,YU,5511
3/15/2018,19:40,Thursday,BLOOR DANFORTH SUBWAY,MUGD,0,0,,BD,0
3/15/2018,19:44,Thursday,SPADINA YUS STATION,SUDP,4,7,N,YU,5511
3/15/2018,19:56,Thursday,VICTORIA PARK STATION,EUSC,0,0,W,BD,5097
3/15/2018,20:04,Thursday,OSGOODE STATION,TUMVS,0,0,S,YU,5626
3/15/2018,20:12,Thursday,PAPE STATION,MUIS,0,0,,BD,0
3/15/2018,20:16,Thursday,ST GEORGE BD STATION,EUSC,0,0,W,BD,5097
3/15/2018,20:35,Thursday,FINCH STATION,EUNT,0,0,S,YU,6106
3/15/2018,20:38,Thursday,EGLINTON STATION,SUDP,0,0,S,YU,5601
3/15/2018,20:45,Thursday,ISLINGTON STATION,EUSC,0,0,W,BD,5097
3/15/2018,21:12,Thursday,SCARB CTR STATION,ERDO,14,20,S,SRT,3002
3/15/2018,21:49,Thursday,KENNEDY BD STATION,EUSC,0,0,W,BD,5097
3/15/2018,21:57,Thursday,WELLESLEY STATION,MUIS,0,0,,YU,0
3/15/2018,22:00,Thursday,YU/DB/SHEPPARD SUBWAY,MUO,0,0,,YU/BD,0
3/15/2018,23:06,Thursday,DUNDAS STATION,MUD,7,10,S,YU,6136
3/15/2018,23:11,Thursday,EGLINTON STATION,SUDP,3,8,N,YU,5986
3/15/2018,23:44,Thursday,YONGE UNIVERSITY LINE,MUGD,0,0,,YU,0
3/15/2018,23:48,Thursday,ST CLAIR STATION,MUSC,0,0,S,YU,5981
3/16/2018,00:19,Friday,ST GEORGE YUS STATION,TUMVS,6,11,N,YU,5656
3/16/2018,01:28,Friday,YORK MILLS STATION,MUIS,0,0,,YU,0
3/16/2018,02:20,Friday,KIPLING STATION,TUMVS,0,0,W,BD,5089
3/16/2018,05:43,Friday,GREENWOOD STATION,MUSC,3,7,E,BD,5236
3/16/2018,06:40,Friday,ROYAL YORK STATION,MUSC,0,0,E,BD,5332
3/16/2018,07:03,Friday,SHEPPARD STATION,TUO,3,5,S,YU,5641
3/16/2018,07:10,Friday,BESSARION STATION,PUCSC,0,0,W,SHP,6166
3/16/2018,07:11,Friday,BESSARION STATION,PUCSC,0,0,W,SHP,6166
3/16/2018,07:21,Friday,WILSON STATION,SUUT,9,11,N,YU,5576
3/16/2018,07:42,Friday,KENNEDY BD STATION,TUNIP,3,5,W,BD,5349
3/16/2018,08:03,Friday,MIDLAND STATION,MRTO,0,0,N,SRT,3023
3/16/2018,08:20,Friday,COLLEGE STATION,EUBK,9,12,S,YU,5991
3/16/2018,08:38,Friday,ST CLAIR STATION,SUDP,3,5,S,YU,5501
3/16/2018,08:53,Friday,UNION STATION,MUIS,0,0,,YU,0
3/16/2018,10:40,Friday,YONGE UNIVERSITY LINE,MUGD,0,0,,YU,0
3/16/2018,11:38,Friday,LAWRENCE WEST STATION,TUSC,0,0,N,YU,5611
3/16/2018,12:40,Friday,LESLIE STATION,TUSC,0,0,W,SHP,6166
3/16/2018,13:01,Friday,KIPLING STATION,MUSC,0,0,E,BD,5283
3/16/2018,13:25,Friday,KEELE STATION,MUSC,0,0,W,BD,5171
3/16/2018,13:34,Friday,COXWELL STATION,TUSC,0,0,W,BD,5149
3/16/2018,13:37,Friday,LAWRENCE STATION,MUIS,0,0,S,YU,0
3/16/2018,13:39,Friday,COLLEGE STATION,MUNCA,0,0,,YU,0
3/16/2018,13:53,Friday,ISLINGTON STATION,MUPAA,0,0,E,BD,5332
3/16/2018,13:54,Friday,YORK MILLS STATION,MUPAA,0,0,S,YU,5561
3/16/2018,14:57,Friday,WARDEN STATION,PUSTS,4,7,E,BD,5101
3/16/2018,15:00,Friday,YONGE SHP STATION,TUSC,0,0,E,SHP,6171
3/16/2018,15:39,Friday,KIPLING STATION,MUPAA,3,5,W,BD,5018
3/16/2018,15:55,Friday,LESLIE STATION,TUSC,0,0,W,SHP,6166
3/16/2018,15:57,Friday,SPADINA BD STATION,SUAP,4,6,W,BD,5285
3/16/2018,16:04,Friday,KIPLING STATION,MUSC,0,0,,BD,5370
3/16/2018,16:05,Friday,BATHURST STATION,MUIS,0,0,,BD,0
3/16/2018,16:14,Friday,DUNDAS WEST STATION,MUDD,5,7,W,BD,5077
3/16/2018,16:17,Friday,DUNDAS WEST STATION,MUIR,0,0,W,BD,5082
3/16/2018,16:46,Friday,KIPLING STATION,SUCOL,3,5,W,BD,5336
3/16/2018,16:51,Friday,ISLINGTON STATION,TUO,0,0,W,BD,5078
3/16/2018,17:11,Friday,WILSON STATION,SUDP,4,6,N,YU,5661
3/16/2018,17:13,Friday,SHEPPARD STATION,MUPAA,0,0,N,YU,5486
3/16/2018,17:45,Friday,SHEPPARD WEST STATION,EUBK,4,6,N,YU,5991
3/16/2018,18:27,Friday,PAPE STATION,SUDP,0,0,W,BD,5214
3/16/2018,18:33,Friday,WILSON STATION,TUMVS,0,0,N,YU,5516
3/16/2018,18:41,Friday,COXWELL STATION,TUSC,0,0,W,BD,5160
3/16/2018,18:51,Friday,LAWRENCE WEST STATION,PUMEL,0,0,,YU,0
3/16/2018,18:51,Friday,LESLIE STATION,TUSC,0,0,W,SHP,6166
3/16/2018,19:28,Friday,WILSON STATION,TUSC,0,0,N,YU,5536
3/16/2018,19:32,Friday,DUNDAS WEST STATION,EUNT,4,7,E,BD,5189
3/16/2018,19:37,Friday,KEELE STATION,EUBK,0,0,W,BD,5345
3/16/2018,21:54,Friday,WOODBINE STATION,SUROB,0,0,W,BD,5214
3/16/2018,22:00,Friday,YU/DB/SHEPPARD SUBWAY,MUO,0,0,,YU/BD,0
3/16/2018,22:22,Friday,ST GEORGE YUS STATION,MUSC,0,0,S,YU,5511
3/16/2018,22:32,Friday,YONGE SHP STATION,PUSSW,5,10,W,SHP,6146
3/16/2018,22:41,Friday,ST ANDREW STATION,PUMST,0,0,,YU,0
3/16/2018,22:52,Friday,SHEPPARD WEST STATION,MUATC,10,15,N,YU,5741
3/16/2018,23:15,Friday,BLOOR DANFORTH SUBWAY,MUGD,0,0,,BD,0
3/16/2018,23:15,Friday,YONGE UNIVERSITY LINE,MUGD,0,0,,YU,0
3/16/2018,23:43,Friday,OSSINGTON STATION,MUDD,4,8,E,BD,5061
3/17/2018,00:14,Saturday,FINCH STATION,MUSC,0,0,S,YU,5601
3/17/2018,00:45,Saturday,DAVISVILLE STATION,SUDP,7,12,N,YU,6051
3/17/2018,00:59,Saturday,FINCH STATION,MUPAA,0,0,S,YU,6071
3/17/2018,01:17,Saturday,FINCH STATION,MUI,0,0,S,YU,5461
3/17/2018,05:25,Saturday,JANE STATION,TUNCA,0,0,,BD,0
3/17/2018,06:00,Saturday,SCARBOROUGH RAPID TRAN,MRSTM,0,0,,SRT,0
3/17/2018,06:41,Saturday,JANE STATION,EUCO,4,7,E,BD,5281
3/17/2018,06:46,Saturday,RUNNYMEDE STATION,EUCD,3,7,E,BD,5281
3/17/2018,08:54,Saturday,QUEEN STATION,MUIRS,0,0,,YU,0
3/17/2018,09:00,Saturday,UNION STATION,MUNCA,0,0,,YU,0
3/17/2018,09:39,Saturday,VAUGHAN MC STATION,EUDO,5,10,S,YU,5511
3/17/2018,10:09,Saturday,EGLINTON WEST STATION,SUO,0,0,N,YU,7076
3/17/2018,10:29,Saturday,JANE STATION,SUDP,5,9,W,BD,5249
3/17/2018,10:48,Saturday,JANE STATION,TUSC,0,0,W,BD,5119
3/17/2018,11:12,Saturday,ST ANDREW STATION,SUO,4,9,N,YU,5411
3/17/2018,11:37,Saturday,LESLIE STATION,TUSC,0,0,W,SHP,6166
3/17/2018,11:40,Saturday,VAUGHAN MC STATION,MUSAN,5,10,S,YU,6136
3/17/2018,11:44,Saturday,YORK MILLS STATION,MUPAA,4,9,S,YU,5771
3/17/2018,11:57,Saturday,BAY STATION,SUDP,7,11,E,BD,5297
3/17/2018,12:55,Saturday,GLENCAIRN STATION,SUAE,0,0,,YU,0
3/17/2018,13:02,Saturday,ISLINGTON STATION,SUO,9,13,E,BD,5157
3/17/2018,14:20,Saturday,FINCH STATION,TUSC,0,0,N,YU,5736
3/17/2018,14:29,Saturday,ST CLAIR WEST STATION,TUSC,0,0,S,,5961
3/17/2018,14:30,Saturday,DUNDAS STATION,SUDP,5,8,N,YU,5806
3/17/2018,15:34,Saturday,ISLINGTON STATION,MUIS,0,0,,BD,0
3/17/2018,15:55,Saturday,UNION STATION,SUDP,5,8,S,YU,6101
3/17/2018,16:24,Saturday,DUPONT STATION,SUDP,4,7,N,YU,5576
3/17/2018,16:40,Saturday,FINCH STATION,MUSC,0,0,N,YU,5851
3/17/2018,16:43,Saturday,ISLINGTON STATION,TUMVS,3,7,E,BD,5256
3/17/2018,17:14,Saturday,ST PATRICK STATION,MUIR,3,6,N,YU,5456
3/17/2018,17:30,Saturday,KEELE STATION,MUPAA,0,0,E,BD,5283
3/17/2018,18:49,Saturday,GLENCAIRN STATION,SUDP,0,0,,YU,0
3/17/2018,19:31,Saturday,BLOOR STATION,SUDP,3,8,S,YU,5706
3/17/2018,19:54,Saturday,WILSON STATION,MUPAA,0,0,N,YU,5656
3/17/2018,20:14,Saturday,KENNEDY BD STATION,MUIS,0,0,,BD,0
3/17/2018,20:35,Saturday,DON MILLS STATION,PUSTS,0,0,E,SHP,6146
3/17/2018,22:00,Saturday,YU/DB/SHEPPARD SUBWAY,MUO,0,0,,YU/BD,0
3/17/2018,22:25,Saturday,BLOOR STATION,MUIS,0,0,,YU,0
3/17/2018,22:47,Saturday,BLOOR DANFORTH SUBWAY,MUGD,0,0,,BD,0
3/17/2018,23:01,Saturday,SHEPPARD STATION,SUDP,4,9,N,YU,5716
3/17/2018,23:12,Saturday,SHEPPARD STATION,MUSC,0,0,N,YU,5561
3/17/2018,23:16,Saturday,VAUGHAN MC STATION,MUATC,5,10,S,YU,5671
3/17/2018,23:40,Saturday,ST PATRICK STATION,EUNT,13,18,N,YU,5556
3/18/2018,01:04,Sunday,QUEEN STATION,SUDP,3,8,S,YU,5636
3/18/2018,02:03,Sunday,DON MILLS STATION,PUSTS,0,0,E,SHP,6196
3/18/2018,03:07,Sunday,KING STATION TO UNION,PUTWZ,0,0,S,YU,0
3/18/2018,07:30,Sunday,OSSINGTON STATION,MUNCA,0,0,,BD,0
3/18/2018,08:00,Sunday,SCARBOROUGH RAPID TRAN,MRSTM,0,0,,SRT,0
3/18/2018,08:18,Sunday,EGLINTON STATION,TUCC,3,6,N,YU,5401
3/18/2018,09:14,Sunday,KIPLING STATION,MUSC,0,0,E,BD,5347
3/18/2018,09:29,Sunday,CHESTER STATION,TUSC,0,0,E,BD,5030
3/18/2018,09:41,Sunday,KIPLING STATION,TUSC,0,0,W,BD,5089
3/18/2018,10:11,Sunday,LAWRENCE WEST STATION,MUDD,5,10,N,YU,5771
3/18/2018,10:18,Sunday,MAIN STREET STATION,EUPI,4,9,E,BD,5011
3/18/2018,10:30,Sunday,KENNEDY BD STATION,EUCD,6,10,W,BD,5240
3/18/2018,10:39,Sunday,BROADVIEW STATION,SUDP,6,10,W,BD,5186
3/18/2018,11:08,Sunday,DUNDAS STATION,SUAE,0,0,,YU,0
3/18/2018,11:14,Sunday,EGLINTON WEST STATION,MUNCA,0,0,,YU,0
3/18/2018,11:43,Sunday,BAY STATION,MUD,0,0,E,BD,5189
3/18/2018,12:07,Sunday,ISLINGTON STATION,MUPAA,0,0,E,BD,5297
3/18/2018,12:22,Sunday,BLOOR STATION,SUDP,7,11,S,YU,5601
3/18/2018,12:29,Sunday,LANSDOWNE STATION,EUNT,4,8,E,BD,5038
3/18/2018,13:03,Sunday,JANE STATION,TUSC,0,0,W,BD,5328
3/18/2018,13:56,Sunday,COLLEGE STATION,SUDP,0,0,S,YU,5566
3/18/2018,14:20,Sunday,DUPONT STATION,TUSC,0,0,S,YU,5596
3/18/2018,14:53,Sunday,JANE STATION,TUSC,0,0,W,BD,5328
3/18/2018,17:48,Sunday,YORK MILLS STATION,MUSC,0,0,S,YU,5696
3/18/2018,17:51,Sunday,WILSON STATION,TUSC,0,0,N,YU,5636
3/18/2018,18:30,Sunday,BAY STATION,SUDP,4,8,E,BD,5347
3/18/2018,22:00,Sunday,YU/DB/SHEPPARD SUBWAY,MUO,0,0,,YU/BD,0
3/18/2018,22:03,Sunday,WILSON STATION,MUIRS,0,0,,YU,0
3/18/2018,22:37,Sunday,BLOOR DANFORTH SUBWAY,MUGD,0,0,,BD,0
3/18/2018,22:37,Sunday,ISLINGTON STATION,MUIS,0,0,,BD,0
3/18/2018,23:31,Sunday,WELLESLEY STATION,SUDP,0,0,N,YU,5416
3/18/2018,23:45,Sunday,COLLEGE STATION,MUIS,0,0,,YU,0
3/19/2018,00:19,Monday,PIONEER VILLAGE STATIO,PUMEL,0,0,,YU,0
3/19/2018,00:21,Monday,DUFFERIN STATION,SUO,5,10,E,BD,5036
3/19/2018,00:52,Monday,ST ANDREW STATION,EUBO,5,10,S,YU,5856
3/19/2018,02:22,Monday,KIPLING STATION,MUIS,0,0,,BD,0
3/19/2018,04:43,Monday,KENNEDY SRT STATION,PRSL,70,0,S,SRT,3002
3/19/2018,05:49,Monday,ROYAL YORK STATION,MUIS,0,0,,BD,0
3/19/2018,06:26,Monday,SHEPPARD STATION,MUPAA,3,6,N,YU,5876
3/19/2018,06:33,Monday,VICTORIA PARK STATION,MUSC,0,0,W,BD,5054
3/19/2018,06:52,Monday,GREENWOOD YARD,EUSC,3,5,E,BD,5004
3/19/2018,07:13,Monday,COXWELL STATION,MUSC,3,5,E,BD,5171
3/19/2018,07:34,Monday,UNION STATION,MUSC,0,0,S,YU,5811
3/19/2018,07:43,Monday,BLOOR STATION,MUIS,0,0,S,YU,0
3/19/2018,08:11,Monday,JANE STATION,TUSC,0,0,W,BD,5343
3/19/2018,08:24,Monday,OSSINGTON STATION,MUIR,3,5,E,BD,5256
3/19/2018,08:31,Monday,KENNEDY BD STATION,SUUT,26,28,E,BD,5030
3/19/2018,08:35,Monday,KEELE STATION,MUSC,0,0,W,BD,5080
3/19/2018,08:35,Monday,RUNNYMEDE STATION,EUDO,4,6,W,BD,5164
3/19/2018,09:17,Monday,PAPE STATION,MUPR1,17,19,W,BD,5214
3/19/2018,09:20,Monday,OLD MILL STATION,MUSC,0,0,E,BD,5013
3/19/2018,09:21,Monday,BAY STATION,MUIR,0,0,E,BD,5026
3/19/2018,09:27,Monday,OLD MILL STATION,TUMVS,0,0,E,BD,5115
3/19/2018,09:47,Monday,ST CLAIR WEST STATION,TUMVS,5,7,N,YU,5661
3/19/2018,10:47,Monday,LESLIE STATION,MUSC,0,0,W,SHP,6166
3/19/2018,10:54,Monday,SHERBOURNE STATION,MUIS,0,0,W,BD,0
3/19/2018,11:30,Monday,BLOOR DANFORTH SUBWAY,MUGD,0,0,,BD,0
3/19/2018,11:33,Monday,SHEPPARD WEST STATION,TUATC,5,8,N,YU,5671
3/19/2018,11:53,Monday,WILSON STATION,PUSTS,0,0,N,YU,0
3/19/2018,12:03,Monday,SHERBOURNE STATION,MUNCA,0,0,,BD,0
3/19/2018,13:17,Monday,KENNEDY BD STATION,MUIS,0,0,,BD,0
3/19/2018,13:39,Monday,KIPLING STATION,PUMO,0,0,,BD,0
3/19/2018,13:50,Monday,WOODBINE STATION,MUNCA,0,0,,BD,0
3/19/2018,13:54,Monday,KENNEDY SRT STATION,ERDO,5,10,N,SRT,3011
3/19/2018,14:23,Monday,BLOOR STATION,SUDP,4,8,S,YU,5851
3/19/2018,14:42,Monday,ISLINGTON STATION,TUSC,0,0,E,BD,5036
3/19/2018,14:54,Monday,KENNEDY BD STATION,MUSC,0,0,W,BD,5091
3/19/2018,15:18,Monday,OLD MILL STATION,MUSC,0,0,E,BD,5013
3/19/2018,15:19,Monday,ST ANDREW STATION,MUIRS,0,0,S,YU,5676
3/19/2018,15:21,Monday,SHEPPARD STATION,SUO,3,5,N,YU,5681
3/19/2018,15:39,Monday,NORTH YORK CTR STATION,SUAP,0,0,N,YU,6021
3/19/2018,15:52,Monday,KENNEDY SRT STATION,ERCO,17,23,N,SRT,3024
3/19/2018,15:55,Monday,YONGE BD STATION,MUIS,0,0,W,BD,0
3/19/2018,16:21,Monday,DUNDAS STATION,PUMEL,0,0,,YU,0
3/19/2018,16:52,Monday,KENNEDY SRT STATION,ERDO,8,13,S,SRT,3025
3/19/2018,17:06,Monday,SPADINA BD STATION,MUPAA,3,5,W,BD,5061
3/19/2018,17:33,Monday,SHEPPARD STATION,MUPAA,0,0,N,YU,5831
3/19/2018,17:38,Monday,SHEPPARD WEST STATION,TUATC,10,12,S,YU,5841
3/19/2018,18:25,Monday,ISLINGTON STATION,SUDP,3,5,W,BD,5363
3/19/2018,18:41,Monday,WILSON STATION,TUNIP,5,7,N,YU,5756
3/19/2018,18:48,Monday,OLD MILL STATION,TUSC,0,0,E,BD,5013
3/19/2018,18:56,Monday,BLOOR STATION,SUDP,3,5,N,YU,5381
3/19/2018,18:57,Monday,YONGE BD STATION,SUAP,5,7,W,BD,5305
3/19/2018,21:02,Monday,YONGE BD STATION,SUAP,13,17,E,BD,5307
3/19/2018,21:37,Monday,YORKDALE STATION,MUSC,0,0,N,YU,5711
3/19/2018,21:53,Monday,OSGOODE STATION,SUDP,4,7,N,YU,5616
3/19/2018,22:00,Monday,YU/DB/SHEPPARD SUBWAY,MUO,0,0,,YU/BD,0
3/19/2018,22:10,Monday,DUPONT STATION,SUDP,3,6,N,YU,5616
3/19/2018,22:20,Monday,SHERBOURNE STATION,SUDP,4,7,E,BD,5152
3/19/2018,22:34,Monday,WOODBINE STATION,SUDP,0,0,E,BD,5152
3/19/2018,22:57,Monday,SHEPPARD WEST STATION,TUATC,5,10,N,YU,5671
3/19/2018,23:08,Monday,YORK MILLS STATION,PUMEL,0,0,,YU,0
3/19/2018,23:18,Monday,YONGE UNIVERSITY LINE,MUGD,0,0,,YU,0
3/20/2018,00:39,Tuesday,YORK MILLS STATION,MUSC,0,0,S,YU,5391
3/20/2018,00:48,Tuesday,BLOOR STATION,MUIS,0,0,S,YU,5921
3/20/2018,06:13,Tuesday,COXWELL STATION,MUSC,0,0,E,BD,5152
3/20/2018,06:31,Tuesday,BAY STATION,MUPR1,90,92,W,BD,5227
3/20/2018,06:38,Tuesday,RUNNYMEDE STATION,TUSC,0,0,E,BD,5354
3/20/2018,07:17,Tuesday,SHEPPARD WEST STATION,MUATC,11,13,N,YU,5531
3/20/2018,07:27,Tuesday,WILSON STATION,MUIRS,0,0,,YU,0
3/20/2018,07:54,Tuesday,ST GEORGE BD STATION,MUDD,8,10,W,BD,5341
3/20/2018,08:02,Tuesday,KENNEDY BD STATION,EUPI,4,6,W,BD,5283
3/20/2018,08:06,Tuesday,OSSINGTON STATION,SUDP,15,18,W,BD,5130
3/20/2018,08:15,Tuesday,KING STATION,MUSC,0,0,N,YU,5796
3/20/2018,08:34,Tuesday,COXWELL STATION,MUIR,3,5,W,BD,5283
3/20/2018,08:48,Tuesday,PAPE STATION,SUAP,0,0,,BD,0
3/20/2018,08:51,Tuesday,BROADVIEW STATION,MUIR,0,0,W,BD,5091
3/20/2018,08:55,Tuesday,CHESTER STATION,MUPAA,0,0,W,BD,5072
3/20/2018,08:58,Tuesday,FINCH STATION,SUAE,0,0,,YU,0
3/20/2018,09:10,Tuesday,BATHURST STATION,MUIR,4,7,E,BD,5233
3/20/2018,09:12,Tuesday,OLD MILL STATION,TUSC,0,0,E,BD,5140
3/20/2018,09:50,Tuesday,EGLINTON STATION,TUMVS,0,0,N,YU,5816
3/20/2018,10:00,Tuesday,LAWRENCE EAST STATION,ERDO,3,8,S,SRT,3002
3/20/2018,10:12,Tuesday,LAWRENCE WEST STATION,TUMVS,0,0,N,YU,5431
3/20/2018,10:20,Tuesday,FINCH STATION,PUMEL,0,0,,YU,0
3/20/2018,10:26,Tuesday,WILSON STATION,MUSC,0,0,S,YU,6071
3/20/2018,10:45,Tuesday,YONGE UNIVERSITY LINE,MUGD,0,0,,YU,0
3/20/2018,10:55,Tuesday,GREENWOOD STATION,TUSC,0,0,E,BD,5041
3/20/2018,11:00,Tuesday,BLOOR DANFORTH SUBWAY,MUGD,0,0,,BD,0
3/20/2018,11:58,Tuesday,SPADINA YUS STATION,PUTIJ,0,0,N,YU,5386
3/20/2018,12:03,Tuesday,KING STATION,MUIS,0,0,,YU,0
3/20/2018,13:31,Tuesday,ST CLAIR WEST STATION,TUMVS,3,5,N,YU,5736
3/20/2018,14:17,Tuesday,OSSINGTON STATION,MUSC,7,10,E,BD,5038
3/20/2018,14:18,Tuesday,COLLEGE STATION,MUIR,0,0,S,YU,5756
3/20/2018,14:34,Tuesday,SPADINA YUS STATION,PUTIJ,0,0,N,YU,5661
3/20/2018,14:46,Tuesday,OSSINGTON STATION,SUDP,0,0,W,BD,5115
3/20/2018,15:07,Tuesday,SUMMERHILL STATION,MUPAA,0,0,N,YU,5866
3/20/2018,15:07,Tuesday,WARDEN STATION,TUSC,0,0,E,BD,5018
3/20/2018,15:08,Tuesday,OLD MILL STATION,TUO,3,5,E,BD,5307
3/20/2018,15:09,Tuesday,COXWELL STATION,TUSC,0,0,W,BD,5299
3/20/2018,15:12,Tuesday,VAUGHAN MC STATION,MUTO,3,6,S,YU,5841
3/20/2018,15:42,Tuesday,KENNEDY BD STATION,MUIS,0,0,,BD,0
3/20/2018,15:59,Tuesday,DUNDAS STATION,SUCOL,0,0,S,YU,5861
3/20/2018,16:47,Tuesday,KIPLING STATION,MUIS,0,0,E,BD,0
3/20/2018,16:48,Tuesday,DUNDAS STATION,MUPAA,3,6,S,YU,5811
3/20/2018,17:05,Tuesday,ST GEORGE YUS STATION,MUIR,3,5,N,YU,5811
3/20/2018,17:20,Tuesday,DUNDAS STATION,MUNCA,0,0,,YU,0
3/20/2018,19:20,Tuesday,OLD MILL STATION,TUSC,0,0,E,BD,5205
3/20/2018,19:20,Tuesday,OSSINGTON STATION,MUIR,0,0,W,BD,5100
3/20/2018,20:13,Tuesday,KENNEDY BD STATION,MUIS,0,0,,BD,0
3/20/2018,20:51,Tuesday,KEELE STATION,MUSC,0,0,E,BD,5111
3/20/2018,21:31,Tuesday,SHEPPARD STATION,MUIR,0,0,N,YU,5721
3/20/2018,22:00,Tuesday,YU/DB/SHEPPARD SUBWAY,MUO,0,0,,YU/BD,0
3/20/2018,22:05,Tuesday,COXWELL STATION,PUMEL,0,0,,BD,0
3/20/2018,22:10,Tuesday,LESLIE STATION,MUSC,0,0,W,SHP,6191
3/20/2018,22:17,Tuesday,SPADINA YUS STATION,TUSC,0,0,N,YU,6006
3/20/2018,22:46,Tuesday,ST GEORGE YUS STATION,MUIR,13,18,N,YU,5626
3/20/2018,23:07,Tuesday,YONGE UNIVERSITY LINE,MUGD,0,0,,YU,0
3/20/2018,23:45,Tuesday,MCCOWAN STATION,TRNCA,0,0,,SRT,0
3/21/2018,00:00,Wednesday,EGLINTON STATION,MUIR,3,7,N,YU,5711
3/21/2018,00:04,Wednesday,KIPLING STATION,EUBK,4,8,E,BD,5370
3/21/2018,00:05,Wednesday,WILSON STATION,PUSTS,0,0,N,YU,6126
3/21/2018,00:14,Wednesday,MUSEUM STATION,EUNT,4,9,S,YU,5651
3/21/2018,00:49,Wednesday,KEELE STATION,MUTO,3,7,W,BD,5031
3/21/2018,01:10,Wednesday,ST CLAIR STATION,EUVE,18,23,N,YU,5646
3/21/2018,02:31,Wednesday,VAUGHAN MC STATION,MUIS,0,0,,YU,0
3/21/2018,04:49,Wednesday,DUFFERIN STATION,PUMO,0,0,,BD,0
3/21/2018,05:55,Wednesday,VAUGHAN MC STATION,EUECD,4,9,S,YU,5686
3/21/2018,06:16,Wednesday,KIPLING STATION,MUSAN,4,8,E,BD,5112
3/21/2018,07:00,Wednesday,KENNEDY BD STATION,MUSC,0,0,W,BD,5295
3/21/2018,07:23,Wednesday,COXWELL STATION,MUSC,0,0,E,BD,5223
3/21/2018,08:09,Wednesday,LAWRENCE STATION,MUPAA,0,0,S,YU,5411
3/21/2018,08:22,Wednesday,KENNEDY SRT STATION,ERCO,14,19,S,SRT,3002
3/21/2018,08:38,Wednesday,NORTH YORK CTR STATION,TUMVS,0,0,S,YU,5871
3/21/2018,08:59,Wednesday,UNION STATION,EUDO,4,6,N,YU,5891
3/21/2018,10:38,Wednesday,SHEPPARD WEST STATION,MUATC,3,6,N,YU,5701
3/21/2018,10:46,Wednesday,ST GEORGE YUS STATION,MUSC,0,0,S,YU,5876
3/21/2018,10:47,Wednesday,DON MILLS STATION,EUSC,0,0,W,SHP,6186
3/21/2018,11:00,Wednesday,YONGE UNIVERSITY LINE,MUGD,0,0,,YU,0
3/21/2018,11:09,Wednesday,DON MILLS STATION,EUSC,0,0,W,SHP,6186
3/21/2018,11:09,Wednesday,NORTH YORK CTR STATION,SUCOL,0,0,,YU,0
3/21/2018,11:09,Wednesday,WILSON STATION,TUOS,0,0,N,YU,6061
3/21/2018,11:17,Wednesday,MCCOWAN STATION,ERTR,5,10,S,SRT,3014
3/21/2018,11:53,Wednesday,LAWRENCE WEST STATION,TUMVS,3,5,N,YU,6131
3/21/2018,11:57,Wednesday,SHEPPARD STATION,EUBK,0,0,S,YU,5696
3/21/2018,12:14,Wednesday,SHEPPARD WEST STATION,EUSC,0,0,S,YU,5441
3/21/2018,12:40,Wednesday,KENNEDY BD STATION,SUROB,0,0,,BD,0
3/21/2018,15:03,Wednesday,ROYAL YORK STATION,PUSNT,0,0,W,BD,5129
3/21/2018,16:25,Wednesday,FINCH STATION,EUDO,3,5,N,YU,6076
3/21/2018,16:35,Wednesday,WARDEN STATION,PUTIJ,0,0,W,BD,5104
3/21/2018,16:54,Wednesday,WARDEN STATION,PUTIJ,4,6,W,BD,5347
3/21/2018,16:57,Wednesday,EGLINTON STATION,SUDP,3,5,N,YU,5636
3/21/2018,17:11,Wednesday,LAWRENCE WEST STATION,EUDO,6,8,S,YU,5951
3/21/2018,17:14,Wednesday,FINCH STATION,MUSAN,3,5,N,YU,5636
3/21/2018,17:14,Wednesday,SPADINA YUS STATION,PUTIJ,0,0,N,YU,6131
3/21/2018,17:26,Wednesday,SPADINA YUS STATION,PUTIJ,0,0,N,YU,5571
3/21/2018,17:31,Wednesday,BLOOR STATION,MUIRS,0,0,N,YU,0
3/21/2018,17:35,Wednesday,BLOOR STATION,SUUT,5,7,N,YU,5496
3/21/2018,17:43,Wednesday,LAWRENCE EAST STATION,ERBO,8,13,S,SRT,3020
3/21/2018,17:44,Wednesday,ST GEORGE YUS STATION,MUSC,0,0,S,YU,6066
3/21/2018,17:46,Wednesday,KIPLING STATION,MUPAA,0,0,,BD,5347
3/21/2018,18:00,Wednesday,BLOOR STATION,MUIR,3,5,N,YU,5711
3/21/2018,18:19,Wednesday,MAIN STREET STATION,MUIS,0,0,,BD,0
3/21/2018,18:26,Wednesday,MIDLAND STATION,ERDO,9,15,S,SRT,3025
3/21/2018,18:39,Wednesday,ROYAL YORK STATION,PUSTS,0,0,E,BD,5221
3/21/2018,18:44,Wednesday,ROYAL YORK STATION,PUSTS,0,0,E,BD,5021
3/21/2018,18:55,Wednesday,LESLIE STATION,EUSC,5,11,W,SHP,6816
3/21/2018,18:58,Wednesday,YONGE SHP STATION,PUSRA,5,11,W,SHP,6186
3/21/2018,19:23,Wednesday,WELLESLEY STATION,SUDP,3,5,N,YU,6071
3/21/2018,19:43,Wednesday,KENNEDY BD STATION,MUI,3,6,E,BD,5055
3/21/2018,20:12,Wednesday,LAWRENCE STATION,MUI,9,12,N,YU,5901
3/21/2018,20:56,Wednesday,ST GEORGE BD STATION,SUDP,5,8,W,BD,5205
3/21/2018,22:00,Wednesday,YU/DB/SHEPPARD SUBWAY,MUO,0,0,,YU/BD,0
3/21/2018,22:02,Wednesday,OSGOODE STATION,MUI,8,13,S,YU,5416
3/21/2018,23:02,Wednesday,EGLINTON STATION,MUIR,6,11,N,YU,5876
3/21/2018,23:07,Wednesday,PIONEER VILLAGE STATIO,EUCD,5,10,S,YU,5951
3/22/2018,00:09,Thursday,LAWRENCE WEST STATION,PUSO,0,0,N,YU,5576
3/22/2018,00:37,Thursday,FINCH STATION,PUMEL,0,0,,YU,0
3/22/2018,00:56,Thursday,YONGE BD STATION,MUD,12,16,W,BD,5027
3/22/2018,01:28,Thursday,ROSEDALE STATION,SUUT,0,0,N,YU,5631
3/22/2018,02:20,Thursday,EGLINTON WEST STATION,SUO,0,0,,YU,0
3/22/2018,06:17,Thursday,COXWELL STATION,MUSC,0,0,E,BD,5149
3/22/2018,07:16,Thursday,ISLINGTON STATION,MUSC,3,5,E,BD,5223
3/22/2018,07:22,Thursday,DAVISVILLE STATION,SUAP,0,0,,YU,0
3/22/2018,07:32,Thursday,ROYAL YORK STATION,EUBO,3,5,E,BD,5122
3/22/2018,07:42,Thursday,BLOOR STATION,MUIRS,0,0,S,YU,0
3/22/2018,07:55,Thursday,WILSON STATION,EUBO,3,5,S,YU,5856
3/22/2018,08:18,Thursday,ST CLAIR WEST STATION,MUIR,6,8,S,YU,5661
3/22/2018,08:48,Thursday,OLD MILL STATION,MUSC,0,0,E,BD,5013
3/22/2018,08:58,Thursday,DUNCAN SHOP,MUIE,0,0,,,0
3/22/2018,09:45,Thursday,KIPLING STATION,MUSC,0,0,E,BD,5111
3/22/2018,09:45,Thursday,WILSON YARD,MUO,0,0,,YU,0
3/22/2018,09:59,Thursday,KIPLING STATION,TUSC,0,0,W,BD,5312
3/22/2018,10:12,Thursday,OSSINGTON STATION,MUIRS,0,0,,BD,0
3/22/2018,10:14,Thursday,WOODBINE STATION,MUPAA,3,6,W,BD,5200
3/22/2018,10:20,Thursday,YONGE UNIVERSITY LINE,MUGD,0,0,,YU,0
3/22/2018,11:19,Thursday,GLENCAIRN STATION,MUSC,0,0,S,YU,5661
3/22/2018,11:35,Thursday,KENNEDY BD STATION,TUMVS,0,0,W,BD,5256
3/22/2018,14:15,Thursday,DUPONT STATION,TUSC,0,0,S,YU,5776
3/22/2018,15:02,Thursday,EGLINTON WEST STATION,TUOS,0,0,S,YU,6036
3/22/2018,15:21,Thursday,WELLESLEY STATION,SUAP,4,7,N,YU,6066
3/22/2018,15:31,Thursday,ST ANDREW STATION,PUSRA,3,6,N,YU,5666
3/22/2018,15:44,Thursday,HIGH PARK STATION,PUMEL,0,0,,BD,0
3/22/2018,15:54,Thursday,ST CLAIR WEST STATION,EUO,3,6,N,YU,5771
3/22/2018,16:02,Thursday,ISLINGTON STATION,TUSC,0,0,E,BD,5013
3/22/2018,16:07,Thursday,BLOOR STATION,PUMST,0,0,,YU,0
3/22/2018,17:15,Thursday,UNION STATION,TUCC,4,6,N,YU,5661
3/22/2018,17:28,Thursday,KENNEDY BD STATION,EUSC,0,0,W,BD,5278
3/22/2018,18:40,Thursday,SUMMERHILL STATION,MUPAA,0,0,N,YU,5966
3/22/2018,18:58,Thursday,WARDEN STATION,MUSC,0,0,E,BD,5097
3/22/2018,19:01,Thursday,KENNEDY BD STATION,MUIR,3,6,E,BD,5103
3/22/2018,19:10,Thursday,SCARB CTR STATION,ERDO,6,12,N,SRT,3025
3/22/2018,21:18,Thursday,ST GEORGE BD STATION,SUDP,12,16,W,BD,5283
3/22/2018,21:33,Thursday,ST GEORGE YUS STATION,TUSC,0,0,N,YU,6091
3/22/2018,22:00,Thursday,YU/DB/SHEPPARD SUBWAY,MUO,0,0,,YU/BD,0
3/22/2018,23:25,Thursday,YONGE UNIVERSITY LINE,MUGD,0,0,,YU,0
3/22/2018,23:30,Thursday,ST CLAIR WEST STATION,SUDP,9,14,S,YU,5731
3/22/2018,23:37,Thursday,KENNEDY BD STATION,PUMEL,0,0,,BD,0
3/22/2018,23:37,Thursday,KIPLING STATION,MUSC,0,0,E,BD,5097
3/23/2018,00:30,Friday,WELLESLEY STATION,MUPAA,0,0,N,YU,5661
3/23/2018,00:41,Friday,KENNEDY BD STATION,MUSAN,3,7,W,BD,5022
3/23/2018,01:16,Friday,ROYAL YORK STATION,MUPLB,17,21,E,BD,5101
3/23/2018,05:55,Friday,VAUGHAN MC STATION,MUATC,5,0,S,YU,5841
3/23/2018,07:15,Friday,KIPLING STATION,MUSC,0,0,E,BD,5283
3/23/2018,07:44,Friday,YORK MILLS STATION,MUSC,0,0,S,YU,5566
3/23/2018,08:01,Friday,ST GEORGE BD STATION,SUDP,3,6,W,BD,5291
3/23/2018,08:17,Friday,ST PATRICK STATION,MUIR,4,6,S,YU,5931
3/23/2018,08:20,Friday,KENNEDY BD STATION,PUSNT,8,10,E,BD,5190
3/23/2018,09:52,Friday,KIPLING STATION,TUSC,0,0,W,BD,5321
3/23/2018,10:05,Friday,KEELE STATION,PUSO,20,23,E,BD,5272
3/23/2018,11:00,Friday,YONGE UNIVERSITY LINE,MUGD,0,0,,YU,0
3/23/2018,11:07,Friday,CHRISTIE STATION,MUSC,0,0,W,BD,5367
3/23/2018,11:07,Friday,ROYAL YORK STATION,TUSC,0,0,W,BD,5140
3/23/2018,11:10,Friday,ST CLAIR STATION,SUDP,0,0,S,YU,6126
3/23/2018,11:17,Friday,WOODBINE STATION,MUI,15,18,W,BD,5011
3/23/2018,11:20,Friday,KENNEDY BD STATION,TUSC,0,0,W,BD,5089
3/23/2018,11:24,Friday,VAUGHAN MC STATION,MUIS,0,0,,YU,0
3/23/2018,11:43,Friday,OLD MILL STATION,EUSC,0,0,E,BD,5223
3/23/2018,12:25,Friday,JANE STATION,TUSC,0,0,W,BD,5000
3/23/2018,12:46,Friday,OSGOODE STATION,MUSC,0,0,N,YU,5481
3/23/2018,13:10,Friday,WILSON STATION,MUTO,8,11,N,YU,5486
3/23/2018,13:41,Friday,ISLINGTON STATION,EUSC,0,0,E,BD,5223
3/23/2018,13:47,Friday,OLD MILL STATION,EUSC,0,0,E,BD,5223
3/23/2018,14:54,Friday,DAVISVILLE STATION,MUDD,4,7,S,YU,5971
3/23/2018,15:21,Friday,WOODBINE STATION,MUSC,0,0,E,BD,5121
3/23/2018,15:24,Friday,KIPLING STATION,MUSC,5,7,E,BD,5122
3/23/2018,15:58,Friday,SPADINA YUS STATION,SUEAS,6,9,S,YU,5651
3/23/2018,16:22,Friday,KIPLING STATION,TUSC,0,0,W,BD,5000
3/23/2018,16:27,Friday,GREENWOOD STATION,MUDD,4,6,W,BD,5077
3/23/2018,17:11,Friday,ST CLAIR WEST STATION,PUMEL,0,0,,YU,0
3/23/2018,18:06,Friday,KENNEDY BD STATION,MUSC,0,0,W,BD,5140
3/23/2018,18:19,Friday,KENNEDY BD STATION,MUIR,3,5,W,BD,5015
3/23/2018,18:23,Friday,ST GEORGE BD STATION,PUSTC,5,7,E,BD,5224
3/23/2018,18:45,Friday,DUNDAS STATION,MUPAA,0,0,N,YU,6031
3/23/2018,18:48,Friday,KENNEDY BD STATION,MUIR,3,6,W,BD,5011
3/23/2018,19:53,Friday,NORTH YORK CTR STATION,MUO,37,41,S,YU,6126
3/23/2018,19:54,Friday,DUNDAS STATION,MUPLB,30,34,N,YU,5816
3/23/2018,19:56,Friday,NORTH YORK CTR STATION,MUSC,0,0,N,YU,5721
3/23/2018,20:06,Friday,FINCH STATION,TUMVS,0,0,N,YU,5996
3/23/2018,20:22,Friday,HIGH PARK STATION,MUIS,0,0,,BD,0
3/23/2018,21:06,Friday,YORK MILLS STATION,TUCC,0,0,S,YU,6116
3/23/2018,21:15,Friday,DON MILLS STATION,PUMEL,0,0,,SHP,0
3/23/2018,21:19,Friday,ELLESMERE STATION,ERDO,3,9,N,SRT,3015
3/23/2018,21:24,Friday,MIDLAND STATION,ERDO,4,10,N,SRT,3015
3/23/2018,21:31,Friday,DUNDAS STATION,MUPAA,0,0,S,YU,6066
3/23/2018,22:00,Friday,YU/DB/SHEPPARD SUBWAY,MUO,0,0,,YU/BD,0
3/23/2018,22:03,Friday,MUSEUM STATION,EUTRD,3,8,S,YU,5651
3/23/2018,22:45,Friday,PAPE STATION,MUIS,0,0,,BD,0
3/23/2018,23:20,Friday,YORKDALE STATION,MUSC,0,0,N,YU,5411
3/24/2018,00:00,Saturday,SPADINA YUS STATION,MUIRS,5,10,N,YU,6081
3/24/2018,00:41,Saturday,VAUGHAN MC STATION,TUO,5,10,S,YU,6086
3/24/2018,00:44,Saturday,MCCOWAN STATION,TRO,5,10,S,SRT,3010
3/24/2018,00:55,Saturday,LAWRENCE STATION,MUIS,0,0,N,YU,0
3/24/2018,00:56,Saturday,ST GEORGE BD STATION,SUDP,4,8,W,BD,5186
3/24/2018,01:12,Saturday,DONLANDS STATION,TUSC,0,0,W,BD,5233
3/24/2018,01:30,Saturday,YORK MILLS STATION,MUSC,0,0,S,YU,5596
3/24/2018,01:51,Saturday,ST GEORGE YUS STATION,MUSC,0,0,S,YU,6086
3/24/2018,05:32,Saturday,SUMMERHILL STATION,MUNCA,0,0,,YU,0
3/24/2018,05:56,Saturday,DAVISVILLE YARD,PUSI,5,10,N,YU,5666
3/24/2018,06:01,Saturday,DAVISVILLE STATION,PUSI,5,10,N,YU,6091
3/24/2018,06:02,Saturday,DON MILLS STATION,SUSP,93,98,W,SHP,6191
3/24/2018,06:54,Saturday,YONGE SHP STATION,TUSC,0,0,W,SHP,6191
3/24/2018,06:56,Saturday,ROYAL YORK STATION,EUSC,0,0,,BD,5013
3/24/2018,07:03,Saturday,VAUGHAN MC STATION,MUATC,5,10,N,YU,5726
3/24/2018,07:50,Saturday,MUSEUM STATION,TUO,3,8,S,YU,5946
3/24/2018,08:29,Saturday,ISLINGTON STATION,TUSC,0,0,W,BD,5086
3/24/2018,08:34,Saturday,OLD MILL STATION,EUSC,0,0,E,BD,5013
3/24/2018,10:59,Saturday,DONLANDS STATION,MUD,9,13,E,BD,5341
3/24/2018,11:04,Saturday,JANE STATION,MUIS,0,0,,BD,0
3/24/2018,11:24,Saturday,BROADVIEW STATION,SUDP,0,0,,BD,0
3/24/2018,12:05,Saturday,BLOOR DANFORTH SUBWAY,MUGD,0,0,,BD,0
3/24/2018,12:12,Saturday,PAPE STATION,PUMEL,0,0,,BD,0
3/24/2018,13:03,Saturday,LAWRENCE STATION,MUPAA,4,7,N,YU,5731
3/24/2018,13:52,Saturday,OLD MILL STATION,EUSC,0,0,E,BD,5013
3/24/2018,13:58,Saturday,MUSEUM STATION,EUDO,10,13,S,YU,5651
3/24/2018,14:22,Saturday,COLLEGE STATION,TUMVS,3,6,S,YU,6111
3/24/2018,14:26,Saturday,CASTLE FRANK STATION,EUDO,5,9,E,BD,5103
3/24/2018,14:37,Saturday,KENNEDY BD STATION,PUMEL,0,0,,BD,0
3/24/2018,15:25,Saturday,YORK MILLS STATION,MUPAA,0,0,N,YU,5851
3/24/2018,15:35,Saturday,SUMMERHILL STATION,TUOS,0,0,S,YU,6081
3/24/2018,15:47,Saturday,UNION STATION,TUO,3,6,S,YU,6081
3/24/2018,15:54,Saturday,KING STATION,MUIS,0,0,N,YU,5641
3/24/2018,16:34,Saturday,VAUGHAN MC STATION,PUMEL,0,0,,YU,0
3/24/2018,16:42,Saturday,SPADINA BD STATION,MUIR,9,13,W,BD,5104
3/24/2018,17:02,Saturday,ST CLAIR WEST STATION,SUDP,5,8,N,YU,5496
3/24/2018,17:13,Saturday,ROYAL YORK STATION,TUSC,0,0,W,BD,5054
3/24/2018,18:18,Saturday,FINCH STATION,MUPAA,3,6,S,YU,5901
3/24/2018,18:30,Saturday,YORK MILLS STATION,MUPAA,3,6,S,YU,5451
3/24/2018,19:20,Saturday,MUSEUM STATION,EUTRD,4,7,S,YU,5651
3/24/2018,19:37,Saturday,KENNEDY BD STATION,TUMVS,0,0,W,BD,5019
3/24/2018,21:00,Saturday,QUEEN'S PARK STATION,MUPAA,0,0,S,YU,5976
3/24/2018,21:09,Saturday,ST PATRICK STATION,MUPAA,0,0,S,YU,5546
3/24/2018,21:27,Saturday,FINCH STATION,SUDP,5,10,S,YU,5641
3/24/2018,21:48,Saturday,MCCOWAN STATION,TRNOA,9,14,S,SRT,3022
3/24/2018,21:54,Saturday,MUSEUM STATION,MUPAA,3,8,N,YU,5731
3/24/2018,22:00,Saturday,YU/DB/SHEPPARD SUBWAY,MUO,0,0,,YU/BD,0
3/24/2018,22:03,Saturday,PAPE STATION,EUDO,4,8,W,BD,5054
3/24/2018,23:25,Saturday,YONGE UNIVERSITY LINE,MUGD,0,0,,YU,0
3/24/2018,23:56,Saturday,QUEEN STATION,MUIS,0,0,N,YU,0
3/25/2018,00:12,Sunday,KENNEDY SRT STATION,MRSAN,0,0,N,SRT,3001
3/25/2018,00:57,Sunday,YORK MILLS STATION,SUDP,20,25,S,YU,6111
3/25/2018,01:37,Sunday,QUEEN STATION,TUOS,0,0,S,YU,5621
3/25/2018,06:45,Sunday,GREENWOOD CARHOUSE,MUIE,0,0,,,0
3/25/2018,09:04,Sunday,SHEPPARD WEST STATION,MUATC,5,10,N,YU,5901
3/25/2018,09:09,Sunday,KIPLING STATION,MUSC,0,0,E,BD,5307
3/25/2018,10:34,Sunday,SCARB CTR STATION,ERTR,0,0,S,SRT,3001
3/25/2018,10:49,Sunday,EGLINTON STATION,MUPAA,3,8,S,YU,5451
3/25/2018,11:42,Sunday,OLD MILL STATION,MUD,3,7,E,BD,5321
3/25/2018,12:54,Sunday,KENNEDY BD STATION,PUSTS,0,0,E,BD,5018
3/25/2018,13:33,Sunday,BROADVIEW STATION,PUMEL,0,0,,BD,0
3/25/2018,13:49,Sunday,DOWNSVIEW PARK STATION,SUDP,4,8,S,YU,5461
3/25/2018,16:54,Sunday,DUNDAS STATION,TUMVS,0,0,N,YU,5981
3/25/2018,17:06,Sunday,JANE STATION,MUPAA,0,0,W,BD,5230
3/25/2018,17:21,Sunday,FINCH STATION,MUPAA,3,7,S,YU,5981
3/25/2018,17:36,Sunday,ISLINGTON STATION,MUSAN,4,8,E,BD,5256
3/25/2018,19:20,Sunday,LAWRENCE WEST STATION,TUOS,0,0,N,YU,5551
3/25/2018,20:05,Sunday,WOODBINE STATION,MUSC,0,0,E,BD,5121
3/25/2018,20:10,Sunday,ST PATRICK STATION,TUSC,0,0,S,YU,5811
3/25/2018,22:00,Sunday,YU/DB/SHEPPARD SUBWAY,MUO,0,0,,YU-BD,0
3/25/2018,22:23,Sunday,BLOOR DANFORTH SUBWAY,MUGD,0,0,,BD,0
3/25/2018,22:41,Sunday,WILSON STATION,MUIS,0,0,S,YU,5556
3/25/2018,22:50,Sunday,FINCH WEST STATION,MUPAA,6,9,N,YU,5571
3/25/2018,23:02,Sunday,DOWNSVIEW PARK STATION,MUPAA,4,7,S,YU,6086
3/25/2018,23:07,Sunday,DOWNSVIEW PARK STATION,SUDP,8,13,N,YU,5526
3/26/2018,05:41,Monday,KIPLING STATION,TUSC,0,0,E,BD,5180
3/26/2018,05:54,Monday,KIPLING STATION,EUBK,3,7,E,BD,5089
3/26/2018,06:04,Monday,KIPLING STATION,MUSC,0,0,E,BD,5265
3/26/2018,06:31,Monday,BROADVIEW STATION,PUSTC,3,5,W,BD,5021
3/26/2018,07:05,Monday,GREENWOOD COMPLEX,PUMO,0,0,,BD,0
3/26/2018,07:24,Monday,GREENWOOD STATION,PUSTC,3,5,E,BD,0
3/26/2018,07:33,Monday,OSSINGTON STATION,EUAL,6,8,E,BD,5365
3/26/2018,07:43,Monday,KEELE STATION,MUIRS,0,0,,BD,0
3/26/2018,07:52,Monday,GREENWOOD STATION,MUIS,0,0,,BD,0
3/26/2018,08:00,Monday,KIPLING STATION,MUSC,0,0,E,BD,5089
3/26/2018,08:09,Monday,BROADVIEW STATION,MUIS,0,0,,BD,0
3/26/2018,08:10,Monday,GLENCAIRN STATION,TUSC,0,0,N,YU,5391
3/26/2018,08:20,Monday,KENNEDY BD STATION,MUSC,0,0,W,BD,5054
3/26/2018,08:33,Monday,BATHURST STATION,MUIR,3,5,E,BD,5240
3/26/2018,08:36,Monday,CHRISTIE STATION,MUIR,0,0,E,BD,5171
3/26/2018,08:44,Monday,ST CLAIR WEST STATION,MUSC,0,0,N,YU,5546
3/26/2018,09:24,Monday,COLLEGE STATION,MUIR,7,9,S,YU,5891
3/26/2018,10:00,Monday,SHEPPARD STATION,MUSC,0,0,S,YU,6096
3/26/2018,10:03,Monday,KENNEDY BD STATION,MUWR,3,6,W,BD,5200
3/26/2018,10:05,Monday,KENNEDY BD STATION,TUNIP,12,15,W,BD,5268
3/26/2018,10:15,Monday,ST PATRICK STATION,TUOS,3,6,N,YU,5486
3/26/2018,10:18,Monday,UNION STATION,MUNCA,0,0,,YU,0
3/26/2018,10:59,Monday,DON MILLS STATION,TUMVS,0,0,E,SHP,6151
3/26/2018,11:11,Monday,EGLINTON STATION,MUFM,131,134,N,YU,5421
3/26/2018,11:38,Monday,BLOOR DANFORTH SUBWAY,MUGD,0,0,,BD,0
3/26/2018,11:47,Monday,LAWRENCE WEST STATION,TUMVS,0,0,N,YU,5976
3/26/2018,12:15,Monday,CHRISTIE STATION,TUSC,0,0,W,BD,5305
3/26/2018,12:49,Monday,ST GEORGE YUS STATION,MUIR,3,6,S,YU,5501
3/26/2018,12:57,Monday,ST ANDREW STATION,MUIR,0,0,S,YU,5501
3/26/2018,12:58,Monday,LAWRENCE STATION,MUIS,0,0,,YU,0
3/26/2018,13:08,Monday,WOODBINE STATION,MUSC,0,0,W,BD,5321
3/26/2018,13:37,Monday,KIPLING STATION,TUSC,0,0,W,BD,5115
3/26/2018,16:11,Monday,OLD MILL STATION,MUSC,0,0,W,BD,5101
3/26/2018,16:28,Monday,FINCH WEST STATION,MUPAA,0,0,N,YU,5486
3/26/2018,16:29,Monday,YORK MILLS STATION,TUOS,0,0,S,YU,5446
3/26/2018,16:41,Monday,QUEEN'S PARK STATION,MUIRS,0,0,,YU,0
3/26/2018,16:44,Monday,ST GEORGE YUS STATION,MUPAA,0,0,S,YU,5981
3/26/2018,17:17,Monday,LAWRENCE WEST STATION,TUMVS,0,0,N,YU,5946
3/26/2018,17:21,Monday,DAVISVILLE STATION,MUIS,0,0,S,YU,0
3/26/2018,17:29,Monday,VAUGHAN MC STATION,MUO,3,6,S,YU,5421
3/26/2018,17:40,Monday,VAUGHAN MC STATION,MUO,3,6,S,YU,5721
3/26/2018,17:47,Monday,WOODBINE STATION,MUSC,0,0,E,BD,5121
3/26/2018,18:01,Monday,SUMMERHILL STATION,MUIS,0,0,,YU,0
3/26/2018,18:20,Monday,LAWRENCE STATION,SUDP,10,13,N,YU,5661
3/26/2018,18:27,Monday,WARDEN STATION,EUDO,0,0,E,BD,5081
3/26/2018,18:35,Monday,WELLESLEY STATION,MUIS,0,0,N,YU,5626
3/26/2018,18:58,Monday,QUEEN'S PARK STATION,TUMVS,0,0,S,YU,6086
3/26/2018,19:02,Monday,ST PATRICK STATION,TUO,3,6,S,YU,6086
3/26/2018,19:03,Monday,WARDEN STATION,TUSC,0,0,W,BD,5021
3/26/2018,19:42,Monday,DUPONT STATION,PUSTC,3,6,S,YU,5431
3/26/2018,20:30,Monday,DONLANDS STATION,MUIS,0,0,E,BD,5020
3/26/2018,20:39,Monday,SHEPPARD STATION,MUPAA,0,0,N,YU,5711
3/26/2018,21:22,Monday,WOODBINE STATION,MUSC,0,0,E,BD,5121
3/26/2018,22:00,Monday,YU/DB/SHEPPARD SUBWAY,MUO,0,0,,YU/BD,0
3/26/2018,23:15,Monday,BLOOR DANFORTH SUBWAY,MUGD,0,0,,BD,0
3/26/2018,23:17,Monday,YONGE UNIVERSITY LINE,MUGD,0,0,,YU,0
3/26/2018,23:27,Monday,OSSINGTON STATION,SUDP,0,0,,BD,0
3/26/2018,23:27,Monday,YONGE BD STATION,MUIRS,0,0,W,BD,5053
3/27/2018,00:59,Tuesday,KIPLING STATION,MUIS,0,0,,BD,0
3/27/2018,01:20,Tuesday,QUEEN'S PARK STATION,MUIRS,0,0,N,YU,5566
3/27/2018,05:52,Tuesday,KIPLING STATION,EUME,4,8,E,BD,5010
3/27/2018,05:53,Tuesday,ROSEDALE STATION,SUUT,19,0,S,YU,5986
3/27/2018,05:55,Tuesday,GREENWOOD YARD,PUSSW,5,8,E,BD,5050
3/27/2018,05:57,Tuesday,KENNEDY BD STATION,TUSC,0,0,W,BD,5068
3/27/2018,06:21,Tuesday,GREENWOOD YARD,EUYRD,0,0,W,BD,5018
3/27/2018,06:35,Tuesday,FINCH STATION,MUPAA,4,8,S,YU,5541
3/27/2018,06:42,Tuesday,SHEPPARD WEST STATION,TUO,4,8,S,YU,5806
3/27/2018,07:15,Tuesday,NORTH YORK CTR STATION,MUPAA,0,0,S,YU,5736
3/27/2018,07:31,Tuesday,UNION STATION,PUMEL,0,0,,YU,0
3/27/2018,08:03,Tuesday,LAWRENCE STATION,MUPAA,5,9,S,YU,5451
3/27/2018,08:10,Tuesday,EGLINTON STATION,MUPAA,3,5,S,YU,5451
3/27/2018,08:41,Tuesday,SUMMERHILL STATION,MUPAA,0,0,S,YU,5831
3/27/2018,08:46,Tuesday,BLOOR STATION,MUPAA,0,0,S,YU,5831
3/27/2018,08:53,Tuesday,KIPLING STATION,EUPI,5,8,E,BD,5363
3/27/2018,09:20,Tuesday,KIPLING STATION,MUWR,5,8,E,BD,5363
3/27/2018,09:23,Tuesday,BATHURST STATION,TUSC,0,0,E,BD,5283
3/27/2018,09:52,Tuesday,ROSEDALE STATION,MUTD,0,0,N,YU,5406
3/27/2018,09:54,Tuesday,WILSON STATION,TUSC,0,0,N,YU,6096
3/27/2018,09:59,Tuesday,VICTORIA PARK STATION,MUSC,0,0,W,BD,5074
3/27/2018,10:09,Tuesday,ISLINGTON STATION,MUSC,0,0,E,BD,5240
3/27/2018,10:10,Tuesday,DUNDAS WEST STATION,EUBK,4,8,E,BD,5061
3/27/2018,10:18,Tuesday,KEELE STATION,PUSO,4,7,W,BD,5129
3/27/2018,10:22,Tuesday,VICTORIA PARK STATION,MUSC,0,0,W,BD,5262
3/27/2018,10:38,Tuesday,SPADINA BD STATION,SUDP,9,12,E,BD,5179
3/27/2018,11:20,Tuesday,BLOOR DANFORTH SUBWAY,MUGD,0,0,,BD,0
3/27/2018,11:22,Tuesday,SHEPPARD WEST STATION,MUPLC,0,0,,YU,0
3/27/2018,11:34,Tuesday,EGLINTON WEST STATION,SUDP,0,0,N,YU,5621
3/27/2018,11:38,Tuesday,KIPLING STATION,TUO,4,8,E,BD,5363
3/27/2018,11:55,Tuesday,OSGOODE STATION,MUPAA,0,0,N,YU,6066
3/27/2018,12:03,Tuesday,WARDEN STATION,TUSC,0,0,E,BD,5053
3/27/2018,12:54,Tuesday,SPADINA BD STATION,SUAP,0,0,,BD,0
3/27/2018,13:41,Tuesday,QUEEN STATION,SUAP,0,0,,YU,0
3/27/2018,13:58,Tuesday,VICTORIA PARK STATION,MUSC,0,0,W,BD,5274
3/27/2018,14:24,Tuesday,ST GEORGE BD STATION,SUO,9,12,E,BD,5240
3/27/2018,14:29,Tuesday,ST GEORGE YUS STATION,SUO,4,7,S,YU,5511
3/27/2018,15:13,Tuesday,EGLINTON STATION,MUPAA,0,0,S,YU,5571
3/27/2018,15:15,Tuesday,DUFFERIN STATION,SUO,3,5,W,BD,5089
3/27/2018,15:16,Tuesday,QUEEN'S PARK STATION,EUDO,5,8,N,YU,5596
3/27/2018,15:21,Tuesday,LAWRENCE STATION,MUIS,0,0,,YU,0
3/27/2018,15:28,Tuesday,MCCOWAN STATION,ERPR,5,10,S,SRT,3025
3/27/2018,15:53,Tuesday,MAIN STREET STATION,MUIS,0,0,,BD,0
3/27/2018,15:56,Tuesday,JANE STATION,TUSC,0,0,W,BD,5280
3/27/2018,16:21,Tuesday,DUNDAS WEST STATION,PUMEL,0,0,W,BD,0
3/27/2018,16:23,Tuesday,YORK MILLS STATION,SUDP,4,7,N,YU,5701
3/27/2018,16:30,Tuesday,OLD MILL STATION,MUSC,0,0,W,BD,5105
3/27/2018,16:35,Tuesday,FINCH STATION,SUDP,7,9,,YU,5706
3/27/2018,17:22,Tuesday,WELLESLEY STATION,MUIS,0,0,,YU,0
3/27/2018,17:26,Tuesday,COXWELL STATION,SUDP,5,7,E,BD,5262
3/27/2018,17:26,Tuesday,VICTORIA PARK STATION,PUSNT,0,0,W,BD,5129
3/27/2018,17:38,Tuesday,CASTLE FRANK STATION,SUROB,0,0,E,BD,0
3/27/2018,17:56,Tuesday,ST CLAIR WEST STATION,MUIS,31,33,N,YU,5851
3/27/2018,18:00,Tuesday,LAWRENCE STATION,MUPAA,4,6,S,YU,5651
3/27/2018,18:02,Tuesday,MIDLAND STATION,TRNCA,0,0,,SRT,0
3/27/2018,18:21,Tuesday,BAY STATION,MUDD,5,7,W,BD,5074
3/27/2018,18:21,Tuesday,ST GEORGE BD STATION,MUO,0,0,W,BD,5016
3/27/2018,18:44,Tuesday,BATHURST STATION,MUIR,0,0,W,BD,5265
3/27/2018,19:37,Tuesday,CHESTER STATION,MUPLB,14,17,E,BD,5091
3/27/2018,20:11,Tuesday,FINCH STATION,MUIRS,0,0,S,YU,5621
3/27/2018,20:14,Tuesday,COXWELL STATION,SUDP,8,12,W,BD,5081
3/27/2018,21:15,Tuesday,KIPLING STATION,TUMVS,0,0,W,BD,5089
3/27/2018,21:52,Tuesday,KIPLING STATION,PUSO,0,5,W,BD,5018
3/27/2018,22:00,Tuesday,YU/DB/SHEPPARD SUBWAY,MUO,0,0,,YU/BD,0
3/27/2018,22:59,Tuesday,KENNEDY BD STATION,MUIR,6,10,W,BD,5296
3/27/2018,23:10,Tuesday,LAWRENCE EAST STATION,ERDO,0,0,N,SRT,3027
3/27/2018,23:41,Tuesday,ELLESMERE STATION,ERDO,0,0,N,SRT,3027
3/28/2018,00:25,Wednesday,ST GEORGE YUS STATION,MUPAA,0,0,N,YU,5511
3/28/2018,05:22,Wednesday,KEELE STATION,SUO,0,0,,BD,0
3/28/2018,06:05,Wednesday,KIPLING STATION,MUSC,0,0,E,BD,5221
3/28/2018,06:09,Wednesday,KIPLING STATION,MUSC,0,0,E,BD,5202
3/28/2018,06:13,Wednesday,KIPLING STATION,MUSC,0,0,E,BD,5000
3/28/2018,06:27,Wednesday,KIPLING STATION,EUSC,5,9,E,BD,5333
3/28/2018,06:42,Wednesday,MAIN STREET STATION,MUIS,0,0,,BD,0
3/28/2018,06:46,Wednesday,NORTH YORK CTR STATION,MUSC,0,0,N,YU,5621
3/28/2018,07:13,Wednesday,KENNEDY BD STATION,MUSC,0,0,W,BD,5126
3/28/2018,07:14,Wednesday,GREENWOOD STATION,EUSC,0,0,E,BD,5089
3/28/2018,07:29,Wednesday,KIPLING STATION,MUSC,0,0,E,BD,5356
3/28/2018,07:37,Wednesday,JANE STATION,EUBK,0,0,E,BD,5356
3/28/2018,07:48,Wednesday,KENNEDY BD STATION,TUSC,0,0,W,BD,5252
3/28/2018,08:06,Wednesday,KIPLING STATION,MUSAN,3,5,E,BD,5058
3/28/2018,08:30,Wednesday,RUNNYMEDE STATION,MUTD,4,7,W,BD,5252
3/28/2018,08:37,Wednesday,JANE STATION,EUSC,0,0,E,BD,5089
3/28/2018,09:09,Wednesday,ST CLAIR STATION,MUIR,3,5,S,YU,5706
3/28/2018,09:15,Wednesday,SHEPPARD STATION,PUSRA,3,5,S,YU,5721
3/28/2018,09:51,Wednesday,OSGOODE STATION,MUIS,0,0,S,YU,0
3/28/2018,10:17,Wednesday,SHEPPARD WEST STATION,TUO,5,8,S,YU,6006
3/28/2018,10:37,Wednesday,FINCH STATION,MUPAA,0,0,N,YU,5846
3/28/2018,11:00,Wednesday,YONGE UNIVERSITY LINE,MUGD,0,0,,YU,0
3/28/2018,11:42,Wednesday,COLLEGE STATION,PUSI,0,0,S,YU,5606
3/28/2018,13:14,Wednesday,GREENWOOD STATION,SUDP,0,0,E,BD,5140
3/28/2018,13:26,Wednesday,EGLINTON STATION,MUSC,0,0,S,YU,5556
3/28/2018,14:09,Wednesday,YORKDALE STATION,MUSC,0,0,N,YU,5552
3/28/2018,14:16,Wednesday,BATHURST STATION,MUPAA,0,0,E,BD,5083
3/28/2018,14:25,Wednesday,YORKDALE STATION,MUPAA,0,0,S,YU,5421
3/28/2018,14:46,Wednesday,KIPLING STATION,MUTO,4,7,E,BD,5262
3/28/2018,14:53,Wednesday,EGLINTON STATION,TUMVS,0,0,S,YU,5496
3/28/2018,15:03,Wednesday,DUFFERIN STATION,MUIS,0,0,,BD,0
3/28/2018,15:10,Wednesday,JANE STATION,MUPLB,6,9,E,BD,5139
3/28/2018,15:13,Wednesday,PAPE STATION,MUDD,5,8,W,BD,5183
3/28/2018,15:21,Wednesday,PAPE STATION,MUI,0,0,E,BD,0
3/28/2018,15:27,Wednesday,ROYAL YORK STATION,TUSC,0,0,E,BD,5311
3/28/2018,16:02,Wednesday,COLLEGE STATION,MUPAA,0,0,N,YU,5636
3/28/2018,16:35,Wednesday,BROADVIEW STATION,PUMEL,0,0,,BD,0
3/28/2018,16:54,Wednesday,ST GEORGE YUS STATION,SUDP,0,0,N,YU,5982
3/28/2018,17:44,Wednesday,COXWELL STATION,MUTO,3,5,W,BD,5268
3/28/2018,17:52,Wednesday,WOODBINE STATION,MUSC,0,0,W,BD,5073
3/28/2018,17:53,Wednesday,ST GEORGE YUS STATION,MUI,10,12,N,YU,5851
3/28/2018,17:54,Wednesday,KENNEDY BD STATION,TUMVS,0,0,E,BD,5061
3/28/2018,17:58,Wednesday,OSGOODE STATION,SUO,18,20,N,YU,6006
3/28/2018,18:06,Wednesday,KIPLING STATION,EUBK,0,0,,BD,5047
3/28/2018,18:08,Wednesday,SPADINA YUS STATION,MUSAN,3,5,N,YU,5851
3/28/2018,18:25,Wednesday,ST CLAIR STATION,SUO,3,5,N,YU,5491
3/28/2018,18:36,Wednesday,OLD MILL STATION,TUSC,0,0,E,BD,5149
3/28/2018,18:50,Wednesday,OLD MILL STATION,MUSC,0,0,W,BD,5053
3/28/2018,19:13,Wednesday,SPADINA BD STATION,MUIS,0,0,E,BD,5114
3/28/2018,19:23,Wednesday,UNION STATION,MUSC,0,0,N,YU,5711
3/28/2018,19:50,Wednesday,MIDLAND STATION,PRST,0,0,,SRT,0
3/28/2018,20:05,Wednesday,KEELE STATION,SUUT,7,10,E,BD,5256
3/28/2018,20:08,Wednesday,SHEPPARD STATION,PUMEL,0,0,,YU,0
3/28/2018,21:10,Wednesday,RUNNYMEDE STATION,MUIS,0,0,,BD,0
3/28/2018,21:49,Wednesday,KENNEDY BD STATION,MUIS,0,0,W,BD,5358
3/28/2018,22:00,Wednesday,YU/DB/SHEPPARD SUBWAY,MUO,0,0,,YU/BD,0
3/28/2018,22:02,Wednesday,FINCH STATION,MUSC,0,0,N,YU,5716
3/28/2018,22:08,Wednesday,OSGOODE STATION,MUIS,0,0,,YU,0
3/28/2018,22:41,Wednesday,BAY STATION,MUPAA,3,7,W,BD,5240
3/28/2018,23:43,Wednesday,YONGE UNIVERSITY LINE,MUGD,0,0,,YU,0
3/29/2018,00:09,Thursday,HIGHWAY 407 STATION,MUPAA,0,0,N,YU,5796
3/29/2018,00:18,Thursday,FINCH WEST STATION,MUIS,0,0,,YU,0
3/29/2018,00:26,Thursday,FINCH WEST STATION,SUDP,3,8,S,YU,5791
3/29/2018,00:40,Thursday,KING STATION,MUPAA,3,8,N,YU,5756
3/29/2018,04:17,Thursday,LEAVING YONGE/SHEPPARD,TUSC,0,0,E,SHP,6151
3/29/2018,05:30,Thursday,WILSON YARD,PUTWZ,0,0,,YU,0
3/29/2018,05:50,Thursday,VAUGHAN MC STATION,PUTWZ,6,0,S,YU,5571
3/29/2018,06:11,Thursday,MCCOWAN STATION,ERTC,10,15,,SRT,3002
3/29/2018,06:15,Thursday,KIPLING STATION,MUSC,0,0,E,BD,5219
3/29/2018,06:47,Thursday,WILSON YARD,MUSC,3,5,N,YU,5951
3/29/2018,07:33,Thursday,KIPLING STATION,MUSC,0,0,E,BD,5021
3/29/2018,08:41,Thursday,LAWRENCE WEST STATION,TUSC,0,0,S,YU,5441
3/29/2018,08:52,Thursday,KING STATION,MUIR,0,0,S,YU,5891
3/29/2018,08:59,Thursday,EGLINTON STATION,TUMVS,0,0,S,YU,5646
3/29/2018,09:05,Thursday,ST CLAIR WEST STATION,TUSC,0,0,S,YU,5741
3/29/2018,09:33,Thursday,NORTH YORK CTR STATION,MUSC,0,0,N,YU,5416
3/29/2018,10:11,Thursday,VICTORIA PARK STATION,PUSTC,6,9,W,BD,5250
3/29/2018,10:13,Thursday,VICTORIA PARK STATION,TUMVS,0,0,W,BD,5240
3/29/2018,10:20,Thursday,BATHURST STATION,MUIS,0,0,,BD,0
3/29/2018,10:33,Thursday,OSSINGTON STATION,SUDP,12,15,W,BD,5301
3/29/2018,10:53,Thursday,HIGH PARK STATION,PUSRA,3,6,W,BD,5305
3/29/2018,11:00,Thursday,YONGE UNIVERSITY LINE,MUGD,0,0,,YU,0
3/29/2018,11:29,Thursday,DUNDAS WEST STATION,PUSRA,3,6,E,BD,5021
3/29/2018,11:34,Thursday,ISLINGTON STATION,MUSC,0,0,E,BD,5158
3/29/2018,11:59,Thursday,MIDLAND STATION,ERDO,5,10,S,SRT,3000
3/29/2018,12:08,Thursday,KEELE STATION,MUTO,3,7,W,BD,5307
3/29/2018,12:13,Thursday,SHEPPARD WEST STATION,PUSO,3,6,N,YU,5451
3/29/2018,12:32,Thursday,FINCH STATION,EUPI,3,6,N,YU,5561
3/29/2018,12:59,Thursday,WARDEN STATION,MUSC,0,0,W,BD,5139
3/29/2018,13:28,Thursday,YORK MILLS STATION,SUDP,6,6,S,YU,5576
3/29/2018,14:30,Thursday,WELLESLEY STATION,MUPAA,0,0,N,YU,6031
3/29/2018,14:31,Thursday,FINCH STATION,EUDO,0,0,S,YU,5936
3/29/2018,15:02,Thursday,GREENWOOD YARD,EUYRD,3,5,W,BD,5048
3/29/2018,15:05,Thursday,MCCOWAN STATION,ERBO,7,12,S,SRT,3023
3/29/2018,15:24,Thursday,SHERBOURNE STATION,MUPAA,0,0,W,BD,5250
3/29/2018,15:53,Thursday,SHERBOURNE STATION,MUTO,0,0,E,BD,5221
3/29/2018,15:55,Thursday,SCARB CTR STATION,MRPAA,0,0,S,SRT,3010
3/29/2018,15:59,Thursday,ST GEORGE BD STATION,SUDP,3,5,E,BD,5014
3/29/2018,16:11,Thursday,LAWRENCE WEST STATION,TUOS,0,0,N,YU,6041
3/29/2018,16:23,Thursday,MUSEUM STATION,MUO,5,7,N,YU,5566
3/29/2018,16:26,Thursday,SHEPPARD STATION,MUI,4,6,N,YU,5596
3/29/2018,16:30,Thursday,KIPLING STATION,MUI,3,5,W,BD,5022
3/29/2018,17:02,Thursday,ROYAL YORK STATION,TUDOE,3,5,E,BD,5284
3/29/2018,17:22,Thursday,DON MILLS STATION,MUPAA,0,0,E,SHP,6151
3/29/2018,17:51,Thursday,WILSON STATION,SUDP,4,6,S,YU,5746
3/29/2018,18:06,Thursday,NORTH YORK CTR STATION,MUPAA,0,0,S,YU,5811
3/29/2018,18:29,Thursday,SHEPPARD WEST STATION,MUPAA,3,5,N,YU,5936
3/29/2018,18:31,Thursday,YORK MILLS STATION,MUIRS,0,0,,YU,0
3/29/2018,18:41,Thursday,WOODBINE STATION,MUPLB,31,34,E,BD,5091
3/29/2018,19:02,Thursday,KIPLING STATION,MUIS,0,0,,BD,0
3/29/2018,19:11,Thursday,SHEPPARD STATION,MUIS,0,0,,YU,0
3/29/2018,19:38,Thursday,SPADINA BD STATION,SUDP,0,0,E,BD,5336
3/29/2018,20:36,Thursday,SPADINA YUS STATION,MUIS,0,0,E,YU,0
3/29/2018,20:50,Thursday,DAVISVILLE STATION,TUMVS,0,0,S,YU,5736
3/29/2018,21:02,Thursday,FINCH STATION,MUSC,0,0,N,YU,5896
3/29/2018,21:15,Thursday,ST CLAIR STATION,MUTO,4,8,S,YU,5736
3/29/2018,22:00,Thursday,YU/DB/SHEPPARD SUBWAY,MUO,0,0,,YU/BD,0
3/29/2018,22:02,Thursday,FINCH STATION,MUPAA,0,0,S,YU,5491
3/29/2018,22:16,Thursday,EGLINTON STATION,TUMVS,0,0,S,YU,5456
3/29/2018,22:33,Thursday,GLENCAIRN STATION,SUDP,7,10,N,YU,5666
3/29/2018,22:38,Thursday,ST PATRICK STATION,TUSC,0,0,N,YU,5626
3/29/2018,23:02,Thursday,SHEPPARD STATION,MUPAA,0,0,N,YU,5521
3/29/2018,23:12,Thursday,WILSON STATION,MUSC,0,0,S,YU,5896
3/29/2018,23:40,Thursday,BLOOR DANFORTH SUBWAY,MUGD,0,0,,BD,0
3/29/2018,23:51,Thursday,EGLINTON WEST STATION,SUUT,17,22,N,YU,5586
3/30/2018,02:30,Friday,YORKDALE STATION,TUSC,0,0,S,YU,5391
3/30/2018,02:50,Friday,EGLINTON STATION,PUMO,0,0,,YU,0
3/30/2018,04:42,Friday,ISLINGTON STATION,PUMO,0,0,,BD,0
3/30/2018,06:00,Friday,YONGE UNIVERSITY LINE,MUO,0,0,,YU,0
3/30/2018,06:02,Friday,COXWELL STATION,MUSC,0,0,E,BD,5314
3/30/2018,07:24,Friday,EGLINTON WEST STATION,TUOS,3,7,S,YU,5581
3/30/2018,07:50,Friday,SHEPPARD STATION,EUAC,4,8,S,YU,6011
3/30/2018,07:51,Friday,KENNEDY BD STATION,EUSC,3,7,W,BD,5120
3/30/2018,08:06,Friday,YORK MILLS STATION,MUPAA,0,0,S,YU,5936
3/30/2018,08:45,Friday,GREENWOOD SHOP,MUO,0,0,,BD,0
3/30/2018,09:15,Friday,WILSON STATION,MUSC,0,0,N,YU,5586
3/30/2018,09:29,Friday,LAWRENCE STATION,MUIS,0,0,S,YU,5646
3/30/2018,10:37,Friday,SHEPPARD WEST STATION,MUIE,0,0,,YU,0
3/30/2018,12:53,Friday,ROSEDALE STATION,MUPAA,3,7,S,YU,5586
3/30/2018,12:58,Friday,ST GEORGE YUS STATION,MUSC,0,0,N,YU,5801
3/30/2018,13:24,Friday,WILSON STATION,TUSC,0,0,S,YU,5756
3/30/2018,14:10,Friday,ST CLAIR WEST STATION,MUIS,0,0,,YU,0
3/30/2018,14:49,Friday,YORK MILLS STATION,MUPAA,0,0,N,YU,5781
3/30/2018,14:55,Friday,EGLINTON WEST STATION,TUOS,0,0,N,YU,5386
3/30/2018,15:02,Friday,NORTH YORK CTR STATION,MUPAA,0,0,N,YU,5896
3/30/2018,15:37,Friday,OLD MILL STATION,MUPAA,0,0,W,BD,5336
3/30/2018,15:58,Friday,KIPLING STATION,MUPAA,0,0,E,BD,5221
3/30/2018,17:04,Friday,COLLEGE STATION,PUSTS,0,0,S,YU,5796
3/30/2018,18:09,Friday,LAWRENCE STATION,SUAP,13,17,N,YU,5931
3/30/2018,18:25,Friday,YORK MILLS STATION,MUSC,0,0,N,YU,5551
3/30/2018,18:29,Friday,DONLANDS STATION,MUSC,0,0,E,BD,5015
3/30/2018,18:41,Friday,ST GEORGE BD STATION,EUSC,0,0,W,BD,5120
3/30/2018,18:46,Friday,DUNDAS STATION,MUPAA,0,0,S,YU,5381
3/30/2018,18:51,Friday,DUPONT STATION,TUSC,0,0,S,YU,5731
3/30/2018,19:28,Friday,FINCH STATION,MUPAA,0,0,S,YU,6131
3/30/2018,19:46,Friday,WILSON STATION,TUSC,0,0,S,YU,5551
3/30/2018,19:57,Friday,YORK MILLS STATION,MUNCA,0,0,,YU,0
3/30/2018,20:05,Friday,VICTORIA PARK STATION,EUSC,0,0,W,BD,5120
3/30/2018,20:12,Friday,SPADINA YUS STATION,MUSC,0,0,S,YU,5581
3/30/2018,20:29,Friday,DAVISVILLE STATION,MUSAN,5,9,S,YU,5976
3/30/2018,21:29,Friday,NORTH YORK CTR STATION,MUPAA,0,0,N,YU,5731
3/30/2018,22:00,Friday,YU/DB/SHEPPARD SUBWAY,MUO,0,0,,YU/BD,0
3/30/2018,22:16,Friday,ROYAL YORK STATION,TUSC,0,0,E,BD,5049
3/30/2018,22:18,Friday,KIPLING STATION,SUDP,0,0,E,BD,5219
3/30/2018,22:30,Friday,KEELE STATION,MUSC,0,0,W,BD,5078
3/30/2018,23:43,Friday,ST GEORGE YUS STATION,MUSC,0,0,S,YU,6126
3/31/2018,00:03,Saturday,MAIN STREET STATION,MUSAN,4,8,W,BD,5256
3/31/2018,00:47,Saturday,SPADINA BD STATION,MUPAA,0,0,W,BD,5339
3/31/2018,01:33,Saturday,WILSON STATION,MUI,0,0,S,YU,6126
3/31/2018,01:53,Saturday,VAUGHAN MC STATION,MUATC,0,0,N,YU,5666
3/31/2018,05:20,Saturday,MCCOWAN STATION,TRNOA,6,12,S,SRT,0
3/31/2018,05:24,Saturday,GLENCAIRN STATION,EUOE,0,0,N,YU,5936
3/31/2018,05:40,Saturday,MUSEUM STATION,MUSC,0,0,N,YU,5526
3/31/2018,05:56,Saturday,UNION STATION,TUNIP,4,0,N,YU,5931
3/31/2018,05:57,Saturday,EGLINTON STATION,MUPAA,0,0,S,YU,5696
3/31/2018,06:00,Saturday,YONGE BD STATION,TUNOA,3,7,W,BD,0
3/31/2018,06:00,Saturday,YONGE UNIVERSITY LINE,MUO,0,0,,YU,0
3/31/2018,06:09,Saturday,YORK MILLS STATION,MUSC,0,0,N,YU,5971
3/31/2018,06:18,Saturday,VAUGHAN MC STATION,EUOE,11,16,N,YU,5541
3/31/2018,08:03,Saturday,KIPLING STATION,MUTO,3,7,E,BD,5221
3/31/2018,09:56,Saturday,BROADVIEW STATION,PUMO,0,0,,BD,0
3/31/2018,11:44,Saturday,FINCH WEST STATION,PUTWZ,0,0,N,YU,6066
3/31/2018,11:54,Saturday,WILSON STATION,TUSC,0,0,N,YU,5396
3/31/2018,12:02,Saturday,LAWRENCE STATION,MUPAA,3,7,S,YU,5811
3/31/2018,12:36,Saturday,KENNEDY BD STATION,MUIR,4,8,W,BD,5139
3/31/2018,12:46,Saturday,MUSEUM STATION,MUPAA,3,7,S,YU,5896
3/31/2018,12:53,Saturday,COLLEGE STATION,MUPAA,0,0,S,YU,5976
3/31/2018,12:54,Saturday,VAUGHAN MC STATION,MUATC,9,14,S,YU,5661
3/31/2018,12:57,Saturday,WARDEN STATION,TUCC,0,0,E,BD,5369
3/31/2018,13:44,Saturday,KIPLING STATION,SUO,4,8,E,BD,5129
3/31/2018,14:50,Saturday,LAWRENCE WEST STATION,EUSC,0,0,S,YU,5996
3/31/2018,14:58,Saturday,QUEEN'S PARK STATION,SUDP,0,0,S,YU,5891
3/31/2018,15:30,Saturday,OSSINGTON STATION,MUDD,4,8,E,BD,5021
3/31/2018,15:32,Saturday,WARDEN STATION,MUPLB,8,12,W,BD,5093
3/31/2018,15:40,Saturday,BLOOR STATION,SUSP,195,200,S,YU,5546
3/31/2018,15:40,Saturday,YONGE BD STATION,SUSP,195,199,E,BD,5273
3/31/2018,16:15,Saturday,LAWRENCE STATION,MUIRS,8,13,N,YU,5786
3/31/2018,17:57,Saturday,UNION STATION,MUNCA,0,0,,YU,0
3/31/2018,18:02,Saturday,FINCH STATION,MUPAA,0,0,N,YU,5736
3/31/2018,18:10,Saturday,DUNDAS STATION,MUNCA,0,0,,YU,0
3/31/2018,18:56,Saturday,ST GEORGE BD STATION,MUIS,0,0,,BD,0
3/31/2018,19:06,Saturday,ROSEDALE STATION,EUSC,0,0,N,YU,5381
3/31/2018,19:24,Saturday,KING STATION,MUNCA,0,0,,YU,0
3/31/2018,19:26,Saturday,DAVISVILLE STATION,MUPAA,0,0,N,YU,5486
3/31/2018,19:39,Saturday,BLOOR STATION,MUNCA,0,0,,YU,0
3/31/2018,20:20,Saturday,FINCH STATION,SUO,5,9,S,YU,5506
3/31/2018,20:44,Saturday,SUMMERHILL STATION,MUNCA,0,0,,YU,0
3/31/2018,20:53,Saturday,LAWRENCE WEST STATION,MUNCA,0,0,,YU,0
3/31/2018,21:09,Saturday,OSSINGTON STATION,SUDP,5,9,W,BD,5093
3/31/2018,23:48,Saturday,DONLANDS STATION,MUIS,0,0,E,BD,0
