Date,Time,Day,Station,Code,Min Delay,Min Gap,Bound,Line,Vehicle
5/1/2021,01:07,Saturday,YONGE BD STATION,SUAP,0,0,W,BD,5170
5/1/2021,01:14,Saturday,BLOOR STATION,SUO,0,0,S,YU,5506
5/1/2021,06:00,Saturday,SHEPPARD WEST - WILSON,MUO,0,0,,YU,0
5/1/2021,09:04,Saturday,DON MILLS STATION,MUIR,5,10,W,SHP,5141
5/1/2021,09:04,Saturday,YONGE BD STATION,SUEAS,13,18,W,BD,5106
5/1/2021,10:17,Saturday,KENNEDY BD STATION,MUTO,9,15,W,BD,5140
5/1/2021,11:14,Saturday,KENNEDY BD STATION,MUSAN,3,7,W,BD,5069
5/1/2021,11:30,Saturday,CHESTER STATION,MUI,23,28,E,BD,5355
5/1/2021,13:31,Saturday,BAY STATION,MUIS,0,0,E,BD,0
5/1/2021,14:18,Saturday,SHEPPARD WEST STATION,MUATC,5,10,N,YU,5741
5/1/2021,17:45,Saturday,ST CLAIR WEST STATION,SUAP,15,20,N,YU,6051
5/1/2021,17:55,Saturday,SPADINA BD STATION,SUUT,31,35,E,BD,5074
5/1/2021,17:59,Saturday,ST CLAIR WEST STATION,SUDP,0,0,,YU,0
5/1/2021,18:37,Saturday,VICTORIA PARK STATION,MUI,6,11,E,BD,5140
5/1/2021,19:32,Saturday,DUNDAS STATION,MUIRS,0,0,N,YU,5656
5/1/2021,20:54,Saturday,KIPLING STATION,TUMVS,0,0,W,BD,5059
5/1/2021,21:04,Saturday,DON MILLS STATION,MUIS,0,0,,SHP,0
5/1/2021,21:36,Saturday,EGLINTON STATION,MUIS,0,0,,YU,0
5/1/2021,21:39,Saturday,BATHURST STATION,SUDP,0,0,W,BD,5040
5/1/2021,22:00,Saturday,YONGE-UNIVERSITY AND B,MUO,0,0,,YU/BD,0
5/1/2021,23:01,Saturday,VICTORIA PARK STATION,MUIRS,0,0,,BD,0
5/1/2021,23:40,Saturday,LAWRENCE STATION,MUIS,0,0,N,YU,0
5/1/2021,23:57,Saturday,DON MILLS STATION,TUMVS,0,0,E,SHP,6146
5/1/2021,23:59,Saturday,EGLINTON STATION,MUSAN,5,10,S,YU,6051
5/2/2021,00:16,Sunday,ST CLAIR WEST STATION,MUIR,0,0,N,YU,5821
5/2/2021,00:39,Sunday,EGLINTON STATION,TUMVS,3,8,N,YU,5766
5/2/2021,01:42,Sunday,WILSON STATION,MUI,0,0,N,YU,5821
5/2/2021,02:31,Sunday,WELLESLEY STATION,SUUT,0,0,,YU,0
5/2/2021,07:19,Sunday,FINCH STATION,MUIS,0,0,,36 FINCH WEST,3640
5/2/2021,08:00,Sunday,YONGE UNIVERSITY SUBWA,MUO,0,0,B,YU,0
5/2/2021,08:09,Sunday,KIPLING STATION,EUBK,9,13,E,BD,5004
5/2/2021,08:17,Sunday,WILSON STATION,MUO,0,0,,YU,0
5/2/2021,08:30,Sunday,WILSON STATION,MUATC,7,12,S,YU,6136
5/2/2021,09:02,Sunday,DAVISVILLE STATION,MUPLB,17,22,N,YU,5626
5/2/2021,12:35,Sunday,COXWELL STATION,MUPAA,0,0,W,BD,5178
5/2/2021,13:23,Sunday,KIPLING STATION,MUIRS,0,0,,BD,0
5/2/2021,13:50,Sunday,OSSINGTON STATION,MUIS,0,0,,BD,0
5/2/2021,14:59,Sunday,HIGH PARK STATION,SUDP,4,9,E,BD,5212
5/2/2021,15:22,Sunday,OSSINGTON STATION,MUPLB,31,35,W,BD,5148
5/2/2021,16:24,Sunday,WELLESLEY STATION,SUROB,0,0,N,YU,0
5/2/2021,16:25,Sunday,FINCH STATION,MUIS,0,0,,YU,0
5/2/2021,16:27,Sunday,BLOOR STATION,SUAP,5,10,N,YU,5756
5/2/2021,16:41,Sunday,KIPLING STATION,SUAP,0,0,,BD,0
5/2/2021,18:13,Sunday,KENNEDY BD STATION,SUAP,0,0,,BD,0
5/2/2021,18:20,Sunday,BLOOR STATION,SUUT,8,12,S,YU,6021
5/2/2021,18:24,Sunday,FINCH STATION,SUO,0,0,,YU,0
5/2/2021,18:29,Sunday,GREENWOOD STATION,MUNCA,0,0,,BD,0
5/2/2021,19:05,Sunday,CASTLE FRANK STATION,EUDO,13,18,E,BD,5193
5/2/2021,19:23,Sunday,EGLINTON STATION,MUPAA,0,0,S,YU,5821
5/2/2021,19:37,Sunday,CHRISTIE STATION,MUIS,0,0,W,BD,0
5/2/2021,19:41,Sunday,DUNDAS STATION,SUUT,6,11,S,YU,5741
5/2/2021,20:36,Sunday,DUNDAS STATION,SUDP,0,0,N,YU,5561
5/2/2021,20:50,Sunday,KIPLING STATION,SUDP,4,8,E,BD,5325
5/2/2021,21:21,Sunday,YORK MILLS STATION,EUOE,0,0,S,YU,6196
5/2/2021,21:56,Sunday,UNION STATION,SUO,0,0,,YU,0
5/2/2021,22:00,Sunday,YONGE- UNIVERSITY SUBW,MUO,0,0,,YU/BD,0
5/2/2021,22:29,Sunday,ST ANDREW STATION,MUSAN,5,10,N,YU,5621
5/2/2021,23:58,Sunday,FINCH STATION,SUO,5,10,S,YU,5781
5/3/2021,01:03,Monday,WILSON YARD,MUIE,0,0,,YU,0
5/3/2021,01:20,Monday,FINCH STATION,TUO,3,10,S,YU,5806
5/3/2021,02:03,Monday,LESLIE STATION,MUIRS,0,0,,SHP,0
5/3/2021,02:04,Monday,VICTORIA PARK STATION,SUUT,14,18,E,BD,5201
5/3/2021,02:08,Monday,WARDEN STATION,TUCC,0,0,W,BD,5089
5/3/2021,05:48,Monday,MIDLAND STATION,ERCO,25,30,S,SRT,3013
5/3/2021,06:00,Monday,YONGE UNIVERSITY SUBWA,MUO,0,0,,YU,0
5/3/2021,06:04,Monday,MUSEUM STATION,MUATC,4,8,S,YU,5971
5/3/2021,06:27,Monday,KEELE STATION,PUTD,4,8,E,BD,5285
5/3/2021,06:47,Monday,SHEPPARD WEST STATION,MUO,0,0,,YU,0
5/3/2021,07:00,Monday,CHRISTIE STATION,TUSC,0,0,W,BD,5112
5/3/2021,07:21,Monday,MCCOWAN STATION,ERME,6,11,N,SRT,3007
5/3/2021,07:22,Monday,COLLEGE STATION,MUI,10,14,N,YU,6046
5/3/2021,09:00,Monday,ST GEORGE BD STATION,TUMVS,7,11,E,BD,5123
5/3/2021,09:02,Monday,ST GEORGE BD STATION,MUPAA,0,0,E,BD,5123
5/3/2021,09:28,Monday,DOWNSVIEW PARK STATION,SUDP,0,0,,YU,0
5/3/2021,09:31,Monday,DUPONT STATION,SUDP,3,7,S,YU,5516
5/3/2021,10:06,Monday,COLLEGE STATION,MUIS,0,0,,YU,0
5/3/2021,10:37,Monday,DUNDAS STATION,MUPAA,3,8,S,YU,5916
5/3/2021,12:20,Monday,BROADVIEW STATION,TUS,4,8,E,BD,5044
5/3/2021,12:27,Monday,YORK MILLS STATION,MUIR,0,0,N,YU,5826
5/3/2021,12:28,Monday,OSGOODE STATION,SUDP,3,7,N,YU,5426
5/3/2021,13:21,Monday,WILSON STATION,MUIRS,0,0,,YU,0
5/3/2021,13:24,Monday,OLD MILL STATION,MUDD,3,7,E,BD,5234
5/3/2021,13:27,Monday,LAWRENCE STATION,SUDP,0,0,N,YU,5561
5/3/2021,14:22,Monday,CASTLE FRANK STATION,MUSAN,8,12,E,BD,5174
5/3/2021,14:42,Monday,EGLINTON WEST STATION,MUIRS,0,0,,YU,0
5/3/2021,15:08,Monday,KENNEDY BD STATION,MUSAN,4,8,,BD,5174
5/3/2021,15:10,Monday,GREENWOOD STATION,SUO,0,0,E,BD,5258
5/3/2021,15:18,Monday,KENNEDY BD STATION,MUPAA,0,0,E,BD,5024
5/3/2021,16:14,Monday,ST CLAIR WEST STATION,MUNCA,0,0,,YU,0
5/3/2021,16:44,Monday,DUFFERIN STATION,SUO,0,0,E,BD,5201
5/3/2021,17:13,Monday,YORK MILLS STATION,TUSC,0,0,N,YU,5546
5/3/2021,17:22,Monday,BLOOR STATION,MUSAN,7,11,S,YU,5976
5/3/2021,17:43,Monday,FINCH STATION,TUNIP,5,10,S,YU,5476
5/3/2021,17:44,Monday,BATHURST STATION,SUAP,0,0,,BD,0
5/3/2021,18:00,Monday,SPADINA BD STATION,MUIS,0,0,,BD,0
5/3/2021,18:20,Monday,WARDEN STATION,MUIS,0,0,E,BD,0
5/3/2021,18:45,Monday,COXWELL STATION,TUO,3,7,E,BD,5174
5/3/2021,19:15,Monday,YONGE BD STATION,SUO,0,0,W,BD,5046
5/3/2021,19:16,Monday,BLOOR STATION,SUO,0,0,S,YU,6111
5/3/2021,19:28,Monday,LAWRENCE STATION,EUBK,11,15,N,YU,5476
5/3/2021,19:41,Monday,LAWRENCE STATION,TUSC,0,0,S,YU,5471
5/3/2021,20:41,Monday,KIPLING STATION,MUIS,0,0,,BD,0
5/3/2021,20:45,Monday,WILSON STATION,MUI,5,10,S,YU,5541
5/3/2021,20:52,Monday,WILSON STATION,MUIS,0,0,,YU,0
5/3/2021,21:42,Monday,ST GEORGE BD STATION,SUUT,12,19,E,BD,5258
5/3/2021,21:47,Monday,FINCH STATION,MUIS,0,0,,YU,0
5/3/2021,22:00,Monday,YONGE-UNIVERSITY AND B,MUO,0,0,,YU/BD,0
5/3/2021,22:29,Monday,DAVISVILLE STATION,MUIS,0,0,,YU,0
5/3/2021,23:44,Monday,CHRISTIE STATION,TUSC,0,0,W,BD,5076
5/4/2021,00:32,Tuesday,DONLANDS STATION,MUIS,0,0,,BD,0
5/4/2021,01:39,Tuesday,DUFFERIN STATION,EUCD,0,0,W,BD,5033
5/4/2021,03:37,Tuesday,WILSON YARD,MUIE,0,0,,YU,0
5/4/2021,05:50,Tuesday,FINCH STATION,EUSC,0,0,S,YU,5496
5/4/2021,06:00,Tuesday,YONGE UNIVERSITY SUBWA,MUO,0,0,,YU,0
5/4/2021,06:02,Tuesday,EGLINTON STATION,EUSC,0,0,S,YU,5496
5/4/2021,06:07,Tuesday,LESLIE STATION,TUSC,0,0,W,SHP,6166
5/4/2021,06:20,Tuesday,LAWRENCE STATION,EUVA,4,8,N,YU,5841
5/4/2021,06:44,Tuesday,PAPE STATION,MUDD,4,8,W,BD,5146
5/4/2021,07:11,Tuesday,GREENWOOD STATION,EUBO,3,7,E,BD,5220
5/4/2021,09:54,Tuesday,KENNEDY BD STATION,SUDP,4,8,E,BD,5201
5/4/2021,10:17,Tuesday,GLENCAIRN STATION,MUI,17,21,N,YU,5816
5/4/2021,10:51,Tuesday,EGLINTON STATION,SUDP,0,0,N,YU,5806
5/4/2021,10:58,Tuesday,EGLINTON STATION,MUIRS,0,0,,YU,0
5/4/2021,11:31,Tuesday,DUNDAS STATION,MUIRS,0,0,S,YU,0
5/4/2021,11:50,Tuesday,DAVISVILLE STATION,SUDP,4,8,S,YU,5486
5/4/2021,12:03,Tuesday,RUNNYMEDE STATION,MUPAA,0,0,E,BD,5291
5/4/2021,12:47,Tuesday,KENNEDY BD STATION,MUIE,0,0,E,BD,5142
5/4/2021,13:25,Tuesday,KEELE STATION,MUSC,0,0,W,BD,5260
5/4/2021,14:10,Tuesday,ST PATRICK STATION,SUAP,0,0,N,YU,5541
5/4/2021,14:30,Tuesday,QUEEN'S PARK STATION,MUI,14,18,N,YU,6006
5/4/2021,14:42,Tuesday,YONGE BD STATION,MUNCA,0,0,,BD,0
5/4/2021,15:20,Tuesday,KIPLING STATION,MUTO,4,8,W,BD,5094
5/4/2021,15:21,Tuesday,BLOOR STATION,MUSAN,4,8,N,YU,6081
5/4/2021,15:56,Tuesday,ROYAL YORK STATION,SUAP,182,186,E,BD,5270
5/4/2021,16:06,Tuesday,COXWELL STATION,SUUT,7,11,W,BD,5280
5/4/2021,16:18,Tuesday,WELLESLEY STATION,MUIRS,0,0,N,YU,0
5/4/2021,16:26,Tuesday,WELLESLEY STATION,SUDP,3,7,N,YU,5771
5/4/2021,16:47,Tuesday,KENNEDY BD STATION,TUMVS,0,0,E,BD,5303
5/4/2021,17:47,Tuesday,DONLANDS STATION,PUMST,0,0,,BD,0
5/4/2021,17:59,Tuesday,ISLINGTON STATION,SUAP,0,0,,BD,0
5/4/2021,18:36,Tuesday,EGLINTON WEST STATION,MUO,5,10,S,YU,5786
5/4/2021,18:46,Tuesday,COLLEGE STATION,SUDP,0,0,N,YU,5806
5/4/2021,19:01,Tuesday,ROYAL YORK STATION,SUAP,0,0,E,BD,5069
5/4/2021,19:49,Tuesday,LANSDOWNE STATION,SUUT,0,0,E,BD,0
5/4/2021,20:20,Tuesday,LAWRENCE STATION,SUPOL,0,0,S,YU,5826
5/4/2021,20:57,Tuesday,PAPE STATION,SUDP,0,0,E,BD,5081
5/4/2021,21:15,Tuesday,YONGE BD STATION,EUDO,4,9,E,BD,5086
5/4/2021,21:33,Tuesday,ROSEDALE STATION,TUO,13,20,N,YU,5546
5/4/2021,21:40,Tuesday,DUNDAS STATION,MUNCA,0,0,,YU,0
5/4/2021,21:48,Tuesday,WARDEN STATION,SUUT,6,13,W,BD,5033
5/4/2021,22:00,Tuesday,YONGE-UNIVERSITY AND B,MUO,0,0,,YU/BD,0
5/4/2021,22:53,Tuesday,EGLINTON STATION,SUUT,11,18,N,YU,5806
5/5/2021,06:00,Wednesday,YONGE UNIVERSTIY SUBWA,MUO,0,0,,YU,0
5/5/2021,06:06,Wednesday,EGLINTON STATION,MUO,3,6,N,YU,5421
5/5/2021,06:28,Wednesday,KIPLING STATION,TUSC,0,0,W,BD,5178
5/5/2021,06:57,Wednesday,ISLINGTON STATION,TUMVS,0,0,E,BD,5291
5/5/2021,07:11,Wednesday,BLOOR STATION,SUO,0,0,,YU,0
5/5/2021,08:50,Wednesday,WARDEN STATION,TUS,4,8,E,BD,5276
5/5/2021,09:02,Wednesday,WILSON STATION,MUTO,5,9,S,YU,5531
5/5/2021,09:30,Wednesday,WILSON STATION,PUTWZ,0,0,N,YU,5421
5/5/2021,10:39,Wednesday,GREENWOOD STATION,TUS,4,8,E,BD,5276
5/5/2021,11:31,Wednesday,YONGE BD STATION,SUUT,10,14,W,BD,5084
5/5/2021,12:35,Wednesday,WELLESLEY STATION,MUIS,0,0,,YU,0
5/5/2021,13:04,Wednesday,KENNEDY BD STATION,MUI,4,8,W,BD,5291
5/5/2021,13:32,Wednesday,WELLESLEY STATION,MUIS,0,0,N,YU,5486
5/5/2021,14:03,Wednesday,LAWRENCE STATION,MUSC,0,0,N,YU,5606
5/5/2021,14:46,Wednesday,ST GEORGE BD STATION,MUIS,0,0,E,BD,0
5/5/2021,15:32,Wednesday,DAVISVILLE STATION,SUDP,0,0,S,YU,0
5/5/2021,15:42,Wednesday,COLLEGE STATION,SUDP,0,0,,YU,0
5/5/2021,16:16,Wednesday,BLOOR STATION,SUAP,5,9,N,YU,5806
5/5/2021,17:21,Wednesday,BATHURST STATION,MUNCA,0,0,,BD,0
5/5/2021,17:37,Wednesday,COLLEGE STATION,MUIS,0,0,N,YU,0
5/5/2021,18:20,Wednesday,COLLEGE STATION,MUNCA,0,0,,YU,0
5/5/2021,19:22,Wednesday,WARDEN STATION,MUIRS,0,0,,BD,0
5/5/2021,21:09,Wednesday,WILSON STATION,TUSUP,4,11,S,YU,6081
5/5/2021,21:14,Wednesday,YONGE BD STATION,SUDP,0,0,E,BD,5069
5/5/2021,21:15,Wednesday,BLOOR STATION,SUDP,0,0,S,YU,5801
5/5/2021,22:00,Wednesday,YONGE-UNIVERSITY AND B,MUO,0,0,,YU/BD,0
5/5/2021,22:15,Wednesday,ST ANDREW STATION,SUDP,10,17,S,YU,6061
5/5/2021,22:37,Wednesday,ST GEORGE BD STATION,SUDP,0,0,E,BD,5371
5/5/2021,22:41,Wednesday,DUNDAS WEST STATION,MUIS,0,0,,BD,0
5/5/2021,23:39,Wednesday,EGLINTON STATION,MUPAA,0,0,S,YU,6021
5/6/2021,01:51,Thursday,KENNEDY BD STATION,MUIS,0,0,,BD,5310
5/6/2021,02:26,Thursday,KIPLING STATION,SUDP,0,0,,BD,0
5/6/2021,02:35,Thursday,KENNEDY BD STATION,MUIRS,0,0,,BD,0
5/6/2021,05:09,Thursday,FINCH STATION,TUMVS,0,0,N,YU,5481
5/6/2021,05:42,Thursday,DON MILLS STATION,MUO,5,10,W,SHP,6141
5/6/2021,05:46,Thursday,COXWELL STATION,MUIS,0,0,,BD,0
5/6/2021,06:00,Thursday,UNION STATION,SUUT,6,0,N,YU,5516
5/6/2021,06:00,Thursday,YONGE-UNIVERSITY SPADI,MUO,0,0,,YU,0
5/6/2021,06:27,Thursday,LANSDOWNE STATION,SUDP,3,8,E,BD,5157
5/6/2021,06:43,Thursday,KIPLING STATION,MUIRS,0,0,,BD,0
5/6/2021,07:12,Thursday,GREENWOOD STATION,TUCC,3,7,E,BD,5212
5/6/2021,07:16,Thursday,LANSDOWNE STATION,SUDP,0,0,W,BD,5146
5/6/2021,07:58,Thursday,UNION STATION,SUUT,11,15,N,YU,5616
5/6/2021,08:01,Thursday,KEELE STATION,TUS,4,8,E,BD,5165
5/6/2021,08:59,Thursday,KENNEDY BD STATION,MUO,3,7,W,BD,5119
5/6/2021,09:09,Thursday,VICTORIA PARK STATION,TUS,3,7,E,BD,5341
5/6/2021,10:01,Thursday,LAWRENCE WEST STATION,MUIS,0,0,,YU,0
5/6/2021,10:03,Thursday,KIPLING STATION,SUDP,7,11,E,BD,5212
5/6/2021,10:36,Thursday,SHEPPARD WEST STATION,MUIS,0,0,,YU,0
5/6/2021,11:22,Thursday,CASTLE FRANK STATION,SUDP,13,17,E,BD,5024
5/6/2021,11:29,Thursday,OLD MILL STATION,TUO,5,9,E,BD,5228
5/6/2021,11:37,Thursday,COXWELL STATION,MUI,21,25,E,BD,5341
5/6/2021,11:38,Thursday,BROADVIEW STATION,MUSAN,4,8,E,BD,5024
5/6/2021,11:54,Thursday,ST GEORGE BD STATION,TUKEY,9,13,W,BD,5323
5/6/2021,12:03,Thursday,VICTORIA PARK STATION,SUO,0,0,W,BD,5108
5/6/2021,12:07,Thursday,WILSON STATION,MUSAN,4,8,S,YU,5786
5/6/2021,12:46,Thursday,WARDEN STATION,MUIS,0,0,,BD,0
5/6/2021,13:39,Thursday,QUEEN'S PARK STATION,MUIS,0,0,,YU,0
5/6/2021,14:42,Thursday,EGLINTON WEST STATION,MUIS,0,0,,YU,0
5/6/2021,15:47,Thursday,MAIN STREET STATION,EUSC,0,0,W,BD,5291
5/6/2021,16:37,Thursday,FINCH STATION,SUDP,0,0,,YU,0
5/6/2021,16:40,Thursday,BROADVIEW STATION,MUIRS,0,0,,BD,0
5/6/2021,18:47,Thursday,KEELE STATION,MUSC,0,0,W,BD,5140
5/6/2021,19:01,Thursday,OLD MILL STATION,TUOS,0,0,E,BD,5104
5/6/2021,19:12,Thursday,LANSDOWNE STATION,TUOS,4,8,E,BD,5104
5/6/2021,19:36,Thursday,QUEEN STATION,MUPAA,0,0,N,YU,5516
5/6/2021,21:02,Thursday,COLLEGE STATION,SUDP,0,0,S,YU,5711
5/6/2021,22:00,Thursday,YONGE-UNIVERSITY AND B,MUO,0,0,,YU/BD,0
5/6/2021,22:24,Thursday,BLOOR STATION,MUPAA,3,10,N,YU,6136
5/6/2021,23:16,Thursday,COLLEGE STATION,MUIRS,0,0,,YU,0
5/6/2021,23:43,Thursday,OSGOODE STATION,EUDO,7,14,S,YU,5501
5/7/2021,00:58,Friday,CHRISTIE STATION,PUMEL,0,0,,BD,0
5/7/2021,02:09,Friday,KIPLING STATION,MUIS,0,0,,BD,5181
5/7/2021,04:33,Friday,COLLEGE STATION,TUCC,0,0,S,YU,0
5/7/2021,07:49,Friday,KENNEDY BD STATION,SUDP,0,0,,BD,0
5/7/2021,08:15,Friday,KIPLING STATION,MUIRS,0,0,,BD,0
5/7/2021,08:36,Friday,VAUGHAN MC STATION,TUO,3,6,S,YU,5886
5/7/2021,09:01,Friday,LESLIE STATION,MUIR,16,21,E,SHP,6161
5/7/2021,09:29,Friday,MAIN STREET STATION,PUMEL,0,0,,BD,0
5/7/2021,10:32,Friday,SUMMERHILL STATION,SUAP,4,7,S,YU,5816
5/7/2021,10:47,Friday,DAVISVILLE STATION,MUPAA,0,0,S,YU,5961
5/7/2021,10:47,Friday,SHEPPARD WEST STATION,EUDO,0,0,S,YU,5696
5/7/2021,11:28,Friday,WILSON TO SHEPPARD WES,MUATC,5,8,N,YU,5816
5/7/2021,12:06,Friday,DOWNSVIEW PARK STATION,MUSAN,3,6,S,YU,5766
5/7/2021,14:57,Friday,VAUGHAN MC STATION,MUNOA,3,6,S,YU,5666
5/7/2021,15:35,Friday,VAUGHAN MC STATION,MUNOA,3,6,S,YU,5656
5/7/2021,18:37,Friday,RUNNYMEDE STATION,MUIS,0,0,W,BD,0
5/7/2021,19:17,Friday,DUPONT STATION,MUSAN,5,10,N,YU,5456
5/7/2021,19:49,Friday,SHEPPARD-YONGE STATION,TUMVS,0,0,W,SHP,6141
5/7/2021,20:01,Friday,COLLEGE STATION,SUUT,0,0,N,YU,5881
5/7/2021,20:24,Friday,LESLIE STATION,SUAP,0,0,W,SHP,0
5/7/2021,20:33,Friday,HIGH PARK STATION,PUMEL,0,0,,BD,0
5/7/2021,20:46,Friday,KENNEDY BD STATION,TUMVS,14,21,W,BD,5015
5/7/2021,20:53,Friday,CHRISTIE STATION,SUAP,3,10,W,BD,5285
5/7/2021,20:59,Friday,CHRISTIE STATION,SUAP,0,0,,BD,0
5/7/2021,21:52,Friday,GREENWOOD PORTAL,EUOE,0,0,,BD,5121
5/7/2021,22:00,Friday,YONGE-UNIVERSITY AND B,MUO,0,0,,YU/BD,0
5/8/2021,00:03,Saturday,DAVISVILLE STATION,MUSAN,4,9,S,YU,5976
5/8/2021,00:22,Saturday,YORK MILLS STATION,SUAP,0,0,N,YU,5856
5/8/2021,00:22,Saturday,YORK MILLS STATION,MUSAN,5,10,N,YU,5451
5/8/2021,00:35,Saturday,BAYVIEW STATION,PUOPO,4,9,W,SHP,6186
5/8/2021,02:33,Saturday,FINCH STATION,MUIS,0,0,,YU,0
5/8/2021,05:33,Saturday,SPADINA BD STATION,MUIRS,0,0,,BD,0
5/8/2021,05:51,Saturday,UNION STATION,MUIRS,0,0,,YU,0
5/8/2021,06:00,Saturday,YONGE- UNIVERSITY SUBW,MUO,0,0,,YU,0
5/8/2021,06:26,Saturday,SHEPPARD STATION,EUSC,0,0,S,YU,5851
5/8/2021,06:27,Saturday,WILSON STATION,MUO,5,10,S,YU,5646
5/8/2021,06:55,Saturday,PAPE STATION,SUDP,0,0,,BD,0
5/8/2021,06:56,Saturday,YONGE AND SHEPPARD,SUAE,0,0,S,YU,0
5/8/2021,07:47,Saturday,WARDEN STATION,EUDO,0,0,E,BD,5329
5/8/2021,08:26,Saturday,DON MILLS STATION,SUDP,7,12,W,SHP,6186
5/8/2021,08:29,Saturday,UNION STATION,MUIRS,0,0,,YU,0
5/8/2021,08:57,Saturday,BLOOR STATION,SUDP,3,8,S,YU,5741
5/8/2021,09:05,Saturday,OSSINGTON STATION,EUCD,9,14,E,BD,5329
5/8/2021,09:17,Saturday,YONGE UNIVERSITY SUBWA,MUO,0,0,,YU,0
5/8/2021,09:29,Saturday,KING STATION,SUAP,0,0,S,YU,6106
5/8/2021,09:33,Saturday,QUEEN STATION,SUROB,0,0,N,YU,0
5/8/2021,12:11,Saturday,QUEEN'S PARK STATION,MUPAA,0,0,S,YU,5876
5/8/2021,12:40,Saturday,NORTH YORK CTR STATION,MUPAA,0,0,N,YU,5861
5/8/2021,13:31,Saturday,DUNDAS STATION,MUIS,0,0,S,YU,0
5/8/2021,14:30,Saturday,VAUGHAN MC STATION,TUNIP,5,10,S,YU,6121
5/8/2021,15:51,Saturday,WILSON STATION,PUMEL,0,0,,YU,0
5/8/2021,16:45,Saturday,KIPLING STATION,EUSC,3,7,E,BD,5333
5/8/2021,19:47,Saturday,YONGE BD STATION,SUDP,0,0,E,BD,5250
5/8/2021,19:54,Saturday,VAUGHAN MC STATION,MUIR,3,8,S,YU,5743
5/8/2021,20:23,Saturday,YORK MILLS STATION,EUSC,0,0,S,YU,6001
5/8/2021,20:35,Saturday,CASTLE FRANK STATION,SUDP,8,13,W,BD,5290
5/8/2021,22:00,Saturday,YONGE-UNIVERSITY AND B,MUO,0,0,,YU/BD,0
5/8/2021,23:43,Saturday,ST CLAIR WEST STATION,SUAP,4,9,S,YU,5971
5/8/2021,23:47,Saturday,DAVISVILLE STATION,SUDP,5,10,S,YU,6126
5/8/2021,23:52,Saturday,DAVISVILLE STATION,MUO,4,9,N,YU,5676
5/9/2021,00:00,Sunday,SHEPPARD WEST STATION,MUSAN,7,14,N,YU,6086
5/9/2021,00:00,Sunday,VAUGHAN MC STATION,TUO,6,13,S,YU,5661
5/9/2021,00:30,Sunday,NORTH YORK CTR STATION,TUSC,0,0,S,YU,5851
5/9/2021,01:21,Sunday,VAUGHAN MC STATION,SUDP,0,0,S,YU,5431
5/9/2021,02:23,Sunday,KENNEDY BD STATION,SUUT,0,0,,BD,0
5/9/2021,07:27,Sunday,CASTLE FRANK STATION,MUNCA,0,0,,BD,0
5/9/2021,07:54,Sunday,FINCH STATION,TUNIP,6,0,S,YU,5621
5/9/2021,08:00,Sunday,BLOOR DANFORTH LINE ,MUO,0,0,,BD,0
5/9/2021,08:00,Sunday,YONGE UNIVERSITY SUBWA,MUO,0,0,,YU,0
5/9/2021,08:11,Sunday,ST GEORGE BD STATION,MUCL,6,0,W,BD,5245
5/9/2021,08:15,Sunday,YORK UNIVERSITY STATIO,EUDO,3,8,S,YU,5696
5/9/2021,08:51,Sunday,ROSEDALE STATION,MUATC,5,11,S,YU,5886
5/9/2021,10:34,Sunday,WOODBINE STATION,EUSC,0,0,W,BD,5245
5/9/2021,11:00,Sunday,OSSINGTON STATION,MUIS,0,0,,BD,0
5/9/2021,11:44,Sunday,ST CLAIR STATION,PUMEL,0,0,,YU,0
5/9/2021,12:21,Sunday,WOODBINE STATION,EUSC,0,0,W,BD,5245
5/9/2021,12:45,Sunday,COLLEGE STATION,MUIRS,0,0,,YU,0
5/9/2021,14:54,Sunday,KEELE STATION,MUSC,0,0,W,BD,5177
5/9/2021,15:27,Sunday,ISLINGTON STATION,TUSC,0,0,W,BD,5026
5/9/2021,15:37,Sunday,CHRISTIE STATION,MUNCA,0,0,,BD,0
5/9/2021,17:29,Sunday,CHESTER STATION,MUIR,11,16,E,BD,5298
5/9/2021,18:34,Sunday,LANSDOWNE STATION,MUIRS,0,0,,BD,0
5/9/2021,18:40,Sunday,YONGE BD STATION,SUDP,0,0,E,BD,5285
5/9/2021,19:47,Sunday,ST ANDREW STATION,SUUT,13,20,N,YU,5816
5/9/2021,19:51,Sunday,CHESTER STATION,MUIS,0,0,,BD,0
5/9/2021,21:36,Sunday,OLD MILL STATION,MUDD,3,7,E,BD,5285
5/9/2021,21:42,Sunday,KEELE STATION,SUDP,9,13,W,BD,5245
5/9/2021,22:00,Sunday,YONGE-UNIVERSITY AND B,MUO,0,0,,YU/BD,0
5/9/2021,22:04,Sunday,DUNDAS WEST STATION,MUIS,0,0,,BD,0
5/9/2021,22:24,Sunday,KENNEDY BD STATION,MUD,4,8,W,BD,5212
5/9/2021,23:04,Sunday,SUMMERHILL STATION,SUDP,12,19,N,YU,5881
5/9/2021,23:31,Sunday,ISLINGTON STATION,PUMST,0,0,,BD,0
5/9/2021,23:55,Sunday,KENNEDY BD STATION,MUSAN,3,7,W,BD,5114
5/10/2021,05:40,Monday,YORK MILLS STATION,TUNIP,5,0,N,YU,5886
5/10/2021,05:55,Monday,MUSEUM STATION,MUNCA,0,0,,YU,0
5/10/2021,06:00,Monday,TORONTO TRANSIT COMMIS,MUO,0,0,,YU,0
5/10/2021,06:00,Monday,TORONTO TRANSIT COMMIS,MUO,0,0,,SHP,0
5/10/2021,06:00,Monday,TORONTO TRANSIT COMMIS,MRO,0,0,,SRT,0
5/10/2021,06:33,Monday,ROSEDALE STATION,MUATC,5,8,S,YU,5876
5/10/2021,06:38,Monday,BLOOR STATION,MUATC,3,6,S,YU,5876
5/10/2021,07:01,Monday,PAPE STATION,MUNCA,0,0,,BD,0
5/10/2021,08:00,Monday,YONGE BD STATION,SUUT,5,9,W,BD,5073
5/10/2021,08:15,Monday,KIPLING STATION,SUDP,0,0,,BD,0
5/10/2021,09:07,Monday,DUNDAS STATION,MUPAA,3,6,S,YU,5741
5/10/2021,09:27,Monday,VICTORIA PARK STATION,MUPAA,4,8,E,BD,5198
5/10/2021,09:34,Monday,SPADINA YUS STATION,SUDP,5,8,S,YU,5536
5/10/2021,09:48,Monday,QUEEN'S PARK STATION,SUO,9,12,S,YU,6131
5/10/2021,10:31,Monday,KIPLING STATION,SUDP,0,0,,BD,0
5/10/2021,10:40,Monday,DAVISVILLE YARD,SUEAS,0,0,,YU,0
5/10/2021,10:41,Monday,SHEPPARD-YONGE STATION,TUMVS,0,0,W,SHP,6151
5/10/2021,10:56,Monday,MAIN STREET STATION,MUNCA,0,0,,BD,0
5/10/2021,12:10,Monday,LAWRENCE STATION,MUIRS,4,7,N,YU,5791
5/10/2021,12:25,Monday,FINCH STATION,TUO,4,7,N,YU,5791
5/10/2021,13:04,Monday,TORONTO TRANSIT COMMIS,MRO,0,0,,SRT,0
5/10/2021,13:26,Monday,KENNEDY BD STATION,SUDP,4,8,W,BD,5304
5/10/2021,13:49,Monday,BAYVIEW STATION,TUOS,7,12,E,SHP,6166
5/10/2021,14:05,Monday,GLENCAIRN STATION,MUIR,3,6,N,YU,6096
5/10/2021,15:00,Monday,LAWRENCE EAST STATION,ERDO,3,8,N,SRT,3011
5/10/2021,15:06,Monday,ST GEORGE BD STATION,MUPAA,0,0,E,BD,5154
5/10/2021,15:22,Monday,WOODBINE STATION,SUDP,14,18,W,BD,5147
5/10/2021,15:41,Monday,KIPLING STATION,MUIS,0,0,,BD,0
5/10/2021,16:41,Monday,KIPLING STATION,MUTO,3,7,E,BD,5154
5/10/2021,16:44,Monday,BROADVIEW STATION,SUDP,0,0,E,BD,5322
5/10/2021,17:16,Monday,KEELE STATION,MUSC,0,0,W,BD,5305
5/10/2021,18:03,Monday,CASTLE FRANK STATION,SUO,7,11,W,BD,5274
5/10/2021,18:17,Monday,ROSEDALE STATION,MUATC,3,8,N,YU,5686
5/10/2021,18:28,Monday,SHEPPARD WEST STATION,PUTDN,10,15,N,YU,6101
5/10/2021,19:08,Monday,PAPE STATION,SUO,0,0,W,BD,5026
5/10/2021,19:33,Monday,ST CLAIR WEST STATION,MUIS,19,25,S,YU,5676
5/10/2021,21:54,Monday,YONGE BD STATION,SUDP,0,0,W,BD,5054
5/10/2021,22:00,Monday,YONGE-UNIVERSITY AND B,MUO,0,0,,YU/BD,0
5/10/2021,23:00,Monday,FINCH WEST STATION,MUO,0,0,,YU,0
5/10/2021,23:10,Monday,EGLINTON WEST STATION,SUDP,0,0,N,YU,5566
5/10/2021,23:52,Monday,SUMMERHILL STATION,SUDP,0,0,N,YU,5441
5/10/2021,23:56,Monday,KIPLING STATION,TUO,7,14,E,BD,5054
5/11/2021,05:36,Tuesday,PIONEER VILLAGE STATIO,SUDP,0,0,,YU,0
5/11/2021,05:38,Tuesday,EGLINTON STATION,MUTO,4,0,N,YU,5576
5/11/2021,05:48,Tuesday,EGLINTON STATION,EUSC,4,8,N,YU,6111
5/11/2021,05:54,Tuesday,MAIN STREET STATION,SUDP,0,0,W,BD,0
5/11/2021,06:00,Tuesday,TORONTO TRANSIT COMMIS,MUO,0,0,,YU,0
5/11/2021,06:00,Tuesday,TORONTO TRANSIT COMMIS,MUO,0,0,,SHP,0
5/11/2021,06:00,Tuesday,TORONTO TRANSIT COMMIS,MRO,0,0,,SRT,0
5/11/2021,06:05,Tuesday,SHEPPARD WEST STATION,EUOE,3,6,N,YU,5801
5/11/2021,06:41,Tuesday,ST CLAIR STATION,SUO,0,0,N,YU,5666
5/11/2021,07:43,Tuesday,VAUGHAN MC STATION,MUTO,3,6,S,YU,5871
5/11/2021,08:09,Tuesday,DUNDAS WEST STATION,MUIS,0,0,,BD,0
5/11/2021,08:11,Tuesday,BLOOR STATION,SUAP,5,8,N,YU,5571
5/11/2021,08:32,Tuesday,CHESTER STATION,SUDP,3,7,W,BD,5182
5/11/2021,09:09,Tuesday,BLOOR STATION,SUAP,0,0,S,YU,5456
5/11/2021,09:32,Tuesday,OLD MILL STATION,MUPAA,3,7,E,BD,5060
5/11/2021,09:34,Tuesday,EGLINTON STATION,SUAE,0,0,,YU,0
5/11/2021,10:20,Tuesday,DUPONT STATION,TUO,3,6,S,YU,5751
5/11/2021,11:32,Tuesday,UNION STATION,MUDD,3,6,N,YU,5566
5/11/2021,12:43,Tuesday,KEELE STATION,TUOS,0,0,W,BD,5262
5/11/2021,13:35,Tuesday,MCCOWAN STATION,MRO,7,14,S,SRT,3015
5/11/2021,13:57,Tuesday,BATHURST STATION,SUDP,0,0,,BD,0
5/11/2021,14:23,Tuesday,OLD MILL STATION,MUIS,0,0,E,BD,0
5/11/2021,15:08,Tuesday,DAVISVILLE STATION,PUMEL,0,0,,YU,0
5/11/2021,15:30,Tuesday,CASTLE FRANK STATION,SUDP,3,7,E,BD,5040
5/11/2021,16:39,Tuesday,UNION STATION,PUMST,0,0,,YU,0
5/11/2021,16:41,Tuesday,KEELE STATION,MUSC,0,0,W,BD,5086
5/11/2021,17:22,Tuesday,BLOOR STATION,MUIS,0,0,S,YU,0
5/11/2021,18:00,Tuesday,ST GEORGE BD STATION,SUDP,4,8,W,BD,5161
5/11/2021,18:05,Tuesday,ST CLAIR WEST STATION,EUDO,15,18,S,YU,5751
5/11/2021,18:21,Tuesday,BAY STATION,MUIS,0,0,E,BD,5310
5/11/2021,20:46,Tuesday,BATHURST STATION,MUIR,9,16,W,BD,5204
5/11/2021,20:46,Tuesday,SCARBOROUGH CTR STATIO,MRO,7,14,N,SRT,3011
5/11/2021,21:59,Tuesday,ST GEORGE YUS STATION,MUIS,0,0,,YU,0
5/11/2021,22:00,Tuesday,YONGE-UNIVERSITY AND B,MUO,0,0,,YU/BD,0
5/11/2021,22:05,Tuesday,COXWELL STATION,SUDP,6,13,E,BD,5290
5/11/2021,23:20,Tuesday,EGLINTON STATION,MUPAA,0,0,N,YU,5951
5/11/2021,23:26,Tuesday,KIPLING STATION,SUDP,7,14,W,BD,5274
5/11/2021,23:37,Tuesday,DAVISVILLE YARD,MUO,0,0,,YU,0
5/11/2021,23:55,Tuesday,DUNDAS STATION,SUAE,0,0,N,YU,0
5/12/2021,00:17,Wednesday,ROSEDALE STATION,MUATC,5,12,S,YU,5656
5/12/2021,00:41,Wednesday,BAYVIEW STATION,EUSC,0,0,E,SHP,6176
5/12/2021,02:39,Wednesday,FINCH STATION,MUIS,0,0,,YU,0
5/12/2021,07:53,Wednesday,KIPLING STATION,MUSC,4,8,E,BD,5332
5/12/2021,07:59,Wednesday,VAUGHAN MC STATION,MUATC,9,12,N,YU,5711
5/12/2021,08:00,Wednesday,ROSEDALE STATION,MUSC,0,0,N,YU,5626
5/12/2021,08:16,Wednesday,BROADVIEW STATION,SUDP,3,7,W,BD,5114
5/12/2021,09:44,Wednesday,BROADVIEW STATION,SUO,8,12,E,BD,5328
5/12/2021,10:35,Wednesday,COXWELL STATION,SUAE,12,16,W,BD,5182
5/12/2021,10:38,Wednesday,YORK MILLS STATION,TUMVS,0,0,N,YU,5641
5/12/2021,10:39,Wednesday,OSSINGTON STATION,PUMEL,0,0,,BD,0
5/12/2021,12:03,Wednesday,ROSEDALE STATION,MUATC,3,6,N,YU,5571
5/12/2021,12:46,Wednesday,SHEPPARD-YONGE STATION,SUDP,5,10,E,SHP,6156
5/12/2021,13:02,Wednesday,CHESTER STATION,SUDP,4,8,W,BD,5359
5/12/2021,14:44,Wednesday,ROSEDALE STATION,MUSC,0,0,N,YU,5571
5/12/2021,18:50,Wednesday,SHERBOURNE STATION,MUIS,0,0,,BD,0
5/12/2021,20:03,Wednesday,KIPLING STATION,SUDP,14,21,W,BD,5337
5/12/2021,21:21,Wednesday,YONGE BD STATION,MUI,0,0,E,BD,5076
5/12/2021,22:00,Wednesday,YONGE-UNIVERSITY AND B,MUO,0,0,,YU/BD,0
5/12/2021,22:01,Wednesday,ST CLAIR WEST STATION,MUI,24,31,S,YU,5586
5/12/2021,22:29,Wednesday,BAYVIEW STATION,EUSC,0,0,W,SHP,6176
5/12/2021,22:45,Wednesday,KENNEDY BD STATION,MUI,7,14,W,BD,5287
5/12/2021,22:52,Wednesday,WOODBINE STATION,MUIS,0,0,,BD,0
5/12/2021,23:00,Wednesday,YONGE UNVERSITY SUBWAY,MUO,0,0,,YU,0
5/12/2021,23:08,Wednesday,KENNEDY BD STATION,SUO,0,0,,BD,0
5/12/2021,23:36,Wednesday,LAWRENCE STATION,SUDP,8,15,N,YU,5971
5/13/2021,00:55,Thursday,KIPLING STATION,EUDO,7,14,E,BD,5203
5/13/2021,01:08,Thursday,COXWELL STATION,MUIS,0,0,E,BD,0
5/13/2021,01:21,Thursday,EGLINTON STATION,TUCC,0,0,N,YU,0
5/13/2021,01:29,Thursday,KIPLING STATION,MUIS,0,0,,BD,0
5/13/2021,01:41,Thursday,ROSEDALE STATION,MUIS,0,0,,YU,0
5/13/2021,05:48,Thursday,DON MILLS STATION,MUIS,0,0,,SHP,0
5/13/2021,05:51,Thursday,SHERBOURNE STATION,TUSC,0,0,W,BD,5140
5/13/2021,07:34,Thursday,WILSON STATION,TUSUP,3,6,S,YU,5946
5/13/2021,07:38,Thursday,LAWRENCE STATION,MUIS,0,0,S,YU,0
5/13/2021,08:15,Thursday,BLOOR STATION,MUSC,0,0,N,YU,5771
5/13/2021,08:23,Thursday,SHEPPARD WEST STATION,MUPR1,191,194,N,YU,5566
5/13/2021,09:07,Thursday,KENNEDY BD STATION,MUI,0,0,W,BD,5160
5/13/2021,09:55,Thursday,ST GEORGE YUS STATION,MUNCA,0,0,,YU,0
5/13/2021,09:59,Thursday,DUNDAS STATION,MUIS,0,0,S,YU,0
5/13/2021,10:17,Thursday,DUNDAS WEST STATION,TUS,3,7,W,BD,5299
5/13/2021,10:56,Thursday,HIGH PARK STATION,TUS,3,7,E,BD,5201
5/13/2021,10:59,Thursday,QUEEN STATION,SUO,14,0,S,YU,5491
5/13/2021,11:35,Thursday,LAWRENCE WEST STATION,MUPAA,0,0,S,YU,5586
5/13/2021,11:56,Thursday,FINCH STATION,TUMVS,0,0,N,YU,5661
5/13/2021,12:25,Thursday,DUFFERIN STATION,SUPOL,7,11,E,BD,5214
5/13/2021,12:33,Thursday,DUFFERIN STATION,SUPOL,3,7,E,BD,5012
5/13/2021,12:40,Thursday,WARDEN STATION,EUSC,3,7,W,BD,5238
5/13/2021,14:22,Thursday,WOODBINE STATION,MUDD,9,13,W,BD,5287
5/13/2021,15:07,Thursday,ST CLAIR STATION,EUNT,7,10,S,YU,5891
5/13/2021,15:29,Thursday,WELLESLEY STATION,MUPAA,0,0,S,YU,5901
5/13/2021,16:01,Thursday,VAUGHAN MC STATION,MUPAA,0,0,S,YU,5666
5/13/2021,16:14,Thursday,SPADINA BD STATION,MUI,0,0,W,BD,0
5/13/2021,16:55,Thursday,SHERBOURNE STATION,MUIS,0,0,,BD,0
5/13/2021,16:58,Thursday,NORTH YORK CTR STATION,EUSC,0,0,N,YU,5496
5/13/2021,17:06,Thursday,COXWELL STATION,MUIS,0,0,,BD,0
5/13/2021,17:16,Thursday,VAUGHAN MC STATION,MUTO,4,7,S,YU,5821
5/13/2021,18:44,Thursday,EGLINTON STATION,PUMEL,0,0,,YU,0
5/13/2021,18:50,Thursday,VAUGHAN MC STATION,TUSUP,5,10,S,YU,5621
5/13/2021,20:05,Thursday,BAY STATION,SUDP,5,9,E,BD,5203
5/13/2021,22:00,Thursday,YONGE-UNIVERSITY/BLOOR,MUO,0,0,,YU/BD,0
5/13/2021,23:46,Thursday,MAIN STREET STATION,SUAE,5,12,W,BD,5114
5/14/2021,01:54,Friday,UNION STATION,SUUT,0,0,N,YU,0
5/14/2021,05:52,Friday,SHEPPARD-YONGE STATION,TUCC,0,0,W,SHP,6166
5/14/2021,06:00,Friday,TORONTO TRANSIT COMMIS,MUO,0,0,,YU,0
5/14/2021,06:00,Friday,TORONTO TRANSIT COMMIS,MUO,0,0,,SHP,0
5/14/2021,06:00,Friday,TORONTO TRANSIT COMMIS,MRO,0,0,,SRT,0
5/14/2021,06:18,Friday,SHEPPARD WEST STATION,MUO,6,9,N,YU,5511
5/14/2021,06:21,Friday,VAUGHAN MC STATION,EUBK,3,6,S,YU,5686
5/14/2021,06:47,Friday,KEELE STATION,PUMO,0,0,,BD,0
5/14/2021,07:06,Friday,ST CLAIR WEST STATION,MUTO,3,6,N,YU,5536
5/14/2021,07:17,Friday,RUNNYMEDE STATION,EUPI,10,14,W,BD,5271
5/14/2021,07:45,Friday,KIPLING STATION,EUCD,10,14,E,BD,5050
5/14/2021,08:09,Friday,BATHURST STATION,SUO,0,0,W,BD,5192
5/14/2021,08:37,Friday,SPADINA BD STATION,SUDP,6,10,W,BD,5114
5/14/2021,08:52,Friday,BLOOR STATION,SUDP,4,7,N,YU,5861
5/14/2021,09:08,Friday,KIPLING STATION,TUNIP,4,8,E,BD,5285
5/14/2021,10:51,Friday,KIPLING STATION,TUO,5,9,E,BD,5140
5/14/2021,11:47,Friday,JANE STATION,MUIRS,0,0,,BD,0
5/14/2021,13:14,Friday,ST CLAIR STATION,PUTIJ,0,0,N,YU,5821
5/14/2021,13:16,Friday,VAUGHAN MC STATION,MUCL,5,8,S,YU,5841
5/14/2021,14:07,Friday,NORTH YORK CTR STATION,EUSC,0,0,N,YU,5496
5/14/2021,14:37,Friday,WARDEN STATION,SUUT,0,0,W,BD,5074
5/14/2021,14:42,Friday,ROSEDALE STATION,PUTO,24,27,N,YU,5881
5/14/2021,14:42,Friday,WELLESLEY STATION,MUIS,0,0,,YU,0
5/14/2021,14:43,Friday,DUNDAS WEST STATION,MUIS,0,0,W,BD,5121
5/14/2021,14:56,Friday,EGLINTON STATION,TUCC,0,0,S,YU,5806
5/14/2021,14:57,Friday,KENNEDY BD STATION,SUDP,4,8,W,BD,5151
5/14/2021,15:20,Friday,QUEEN STATION,MUPAA,0,0,N,YU,6011
5/14/2021,15:23,Friday,WELLESLEY STATION,MUATC,5,8,S,YU,5576
5/14/2021,15:26,Friday,LAWRENCE STATION,TUSC,0,0,S,YU,5681
5/14/2021,15:43,Friday,BLOOR STATION,SUDP,0,0,S,YU,0
5/14/2021,16:05,Friday,YONGE BD STATION,MUIS,0,0,W,BD,5143
5/14/2021,16:24,Friday,EGLINTON WEST STATION,MUIR,3,6,N,YU,5781
5/14/2021,16:39,Friday,CASTLE FRANK STATION,MUIRS,0,0,,BD,0
5/14/2021,16:51,Friday,VAUGHAN MC STATION,MUNOA,3,6,S,YU,6011
5/14/2021,17:19,Friday,VAUGHAN MC STATION,MUTO,5,8,S,YU,5906
5/14/2021,17:37,Friday,COLLEGE STATION,MUPAA,0,0,S,YU,5866
5/14/2021,18:04,Friday,UNION STATION,MUTO,3,6,N,YU,5691
5/14/2021,19:06,Friday,QUEEN'S PARK STATION,SUDP,0,0,,YU,0
5/14/2021,19:21,Friday,NORTH YORK CTR STATION,EUSC,0,0,N,YU,5496
5/14/2021,20:02,Friday,VAUGHAN MC STATION,SUDP,0,0,,YU,0
5/14/2021,20:05,Friday,ST GEORGE BD STATION,EUSC,0,0,W,BD,5276
5/14/2021,20:22,Friday,COXWELL STATION,MUI,17,24,E,BD,5034
5/14/2021,20:34,Friday,BROADVIEW STATION,TUMVS,0,0,E,BD,5310
5/14/2021,20:39,Friday,MAIN STREET STATION,MUIS,0,0,,BD,0
5/14/2021,20:46,Friday,COLLEGE STATION,SUDP,0,0,N,YU,0
5/14/2021,21:47,Friday,ST GEORGE BD STATION,EUSC,0,0,W,BD,5276
5/14/2021,21:51,Friday,EGLINTON WEST STATION,MUSAN,7,14,S,YU,5656
5/14/2021,22:00,Friday,YONGE-UNIVERSITY AND B,MUO,0,0,,YU/BD,0
5/14/2021,22:46,Friday,CHESTER STATION,TUO,3,10,E,BD,5332
5/14/2021,23:04,Friday,KENNEDY BD STATION,TUO,7,14,W,BD,5203
5/14/2021,23:20,Friday,DON MILLS STATION,TUSC,0,0,E,SHP,6186
5/15/2021,00:08,Saturday,KENNEDY BD STATION,MUIR,6,12,W,BD,5247
5/15/2021,01:30,Saturday,LAWRENCE STATION,EUSC,0,0,N,YU,5496
5/15/2021,01:42,Saturday,ST GEORGE BD STATION,SUDP,10,16,E,BD,5026
5/15/2021,02:10,Saturday,DON MILLS STATION,EUBK,0,0,E,SHP,6166
5/15/2021,05:05,Saturday,SPADINA BD STATION,MUNCA,0,0,,,0
5/15/2021,05:52,Saturday,KIPLING STATION,EUOE,0,0,E,BD,5197
5/15/2021,06:10,Saturday,BAY STATION,SUAP,6,11,E,BD,5002
5/15/2021,06:15,Saturday,SPADINA BD STATION,MUIRS,0,0,,BD,0
5/15/2021,06:59,Saturday,YONGE BD STATION,SUDP,4,9,W,BD,5287
5/15/2021,08:51,Saturday,WELLESLEY STATION,SUDP,0,0,N,YU,0
5/15/2021,09:05,Saturday,SHEPPARD WEST STATION,EUDO,3,9,N,YU,5746
5/15/2021,09:28,Saturday,VAUGHAN MC STATION,EUCD,5,11,S,YU,5741
5/15/2021,09:53,Saturday,DON MILLS STATION,PUMEL,0,0,,SHP,0
5/15/2021,09:57,Saturday,VICTORIA PARK STATION,MUPAA,0,0,E,BD,5212
5/15/2021,10:23,Saturday,EGLINTON STATION,TUO,4,8,N,YU,5921
5/15/2021,12:14,Saturday,ISLINGTON STATION,TUSC,0,0,W,BD,5247
5/15/2021,12:20,Saturday,LAWRENCE WEST STATION,SUDP,26,30,S,YU,5741
5/15/2021,12:58,Saturday,FINCH STATION,TUO,4,8,S,YU,5696
5/15/2021,13:05,Saturday,FINCH STATION,MUDD,8,12,S,YU,5491
5/15/2021,13:10,Saturday,SPADINA BD STATION,SUROB,0,0,,BD,0
5/15/2021,13:15,Saturday,WILSON STATION,MUTO,4,8,N,YU,5686
5/15/2021,14:35,Saturday,DUFFERIN STATION,MUIS,0,0,,BD,0
5/15/2021,14:59,Saturday,COLLEGE STATION,MUIS,0,0,,YU,0
5/15/2021,15:05,Saturday,BLOOR STATION,MUPAA,0,0,N,YU,5911
5/15/2021,15:13,Saturday,GLENCAIRN STATION,TUOS,10,14,N,YU,5611
5/15/2021,15:20,Saturday,GLENCAIRN STATION,MUPAA,0,0,N,YU,5611
5/15/2021,15:34,Saturday,NORTH YORK CTR STATION,EUSC,0,0,N,YU,5496
5/15/2021,16:30,Saturday,FINCH WEST STATION,SUDP,0,0,,YU,0
5/15/2021,16:37,Saturday,ROSEDALE STATION,TUSC,0,0,N,YU,5616
5/15/2021,16:47,Saturday,ROSEDALE STATION,MUSC,0,0,N,YU,5666
5/15/2021,17:02,Saturday,WARDEN STATION,MUDD,9,13,E,BD,5303
5/15/2021,17:19,Saturday,DUNDAS STATION,MUNCA,0,0,,YU,0
5/15/2021,18:19,Saturday,KING STATION,SUDP,7,11,S,YU,5586
5/15/2021,18:39,Saturday,UNION STATION,MUIS,0,0,,YU,0
5/15/2021,19:17,Saturday,ROSEDALE STATION,MUSC,0,0,N,YU,5661
5/15/2021,19:47,Saturday,QUEEN'S PARK STATION,SUO,8,12,N,YU,6026
5/15/2021,20:37,Saturday,VAUGHAN MC STATION,EUATC,5,10,S,YU,6021
5/15/2021,20:42,Saturday,NORTH YORK CTR STATION,TUSC,0,0,N,YU,5496
5/15/2021,20:43,Saturday,LESLIE STATION,TUMVS,9,16,E,SHP,6151
5/15/2021,21:02,Saturday,OLD MILL STATION,TUOS,0,0,W,BD,5238
5/15/2021,21:35,Saturday,VAUGHAN MC STATION,MUI,7,14,S,YU,5701
5/15/2021,21:39,Saturday,UNION STATION,MUIR,5,10,N,YU,5941
5/15/2021,22:00,Saturday,YONGE-UNIVERSITY / BLO,MUO,0,0,,YU/BD,0
5/15/2021,23:03,Saturday,LAWRENCE STATION,EUSC,0,0,N,YU,5493
5/16/2021,00:04,Sunday,MAIN STREET STATION,MUIS,0,0,,BD,0
5/16/2021,00:37,Sunday,KENNEDY BD STATION,SUDP,23,27,W,BD,5353
5/16/2021,00:40,Sunday,KENNEDY SRT STATION,SRO,21,27,S,SRT,3016
5/16/2021,00:57,Sunday,MAIN STREET STATION,SUUT,3,7,E,BD,5214
5/16/2021,03:37,Sunday,PIONEER VILLAGE STATIO,MUIS,0,0,,YU,0
5/16/2021,07:39,Sunday,WILSON STATION,MUTO,3,0,S,YU,5931
5/16/2021,07:55,Sunday,SHEPPARD-YONGE STATION,PUOPO,0,0,E,SHP,6166
5/16/2021,08:00,Sunday,KIPLING - ISLIINGTON S,MUO,0,0,,BD,0
5/16/2021,08:40,Sunday,ROSEDALE STATION,MUATC,3,9,S,YU,5941
5/16/2021,09:40,Sunday,ROSEDALE STATION,MUSC,3,9,N,YU,5796
5/16/2021,09:44,Sunday,BLOOR STATION,SUDP,4,9,N,YU,5601
5/16/2021,10:09,Sunday,EGLINTON STATION,MUIR,11,16,S,YU,5721
5/16/2021,10:31,Sunday,DUFFERIN STATION,MUIS,6,10,E,BD,5332
5/16/2021,10:52,Sunday,BLOOR STATION,PUTO,7,13,S,YU,5781
5/16/2021,11:01,Sunday,BLOOR STATION,PUTO,3,9,S,YU,5926
5/16/2021,14:53,Sunday,YONGE BD STATION,MUI,6,10,E,BD,5033
5/16/2021,16:33,Sunday,ROYAL YORK STATION,PUMEL,0,0,,BD,0
5/16/2021,16:40,Sunday,YORK MILLS STATION,TUMVS,0,0,N,YU,5691
5/16/2021,17:51,Sunday,UNION STATION,MUPAA,0,0,N,YU,5961
5/16/2021,17:53,Sunday,ST GEORGE YUS STATION,SUDP,7,12,N,YU,5906
5/16/2021,18:14,Sunday,DUFFERIN STATION,EUTM,9,13,W,BD,5106
5/16/2021,18:16,Sunday,UNION STATION,SUSA,0,0,,YU,0
5/16/2021,18:28,Sunday,KING STATION,SUDP,0,0,,YU,0
5/16/2021,18:48,Sunday,DOWNSVIEW PARK STATION,SUAP,7,12,S,YU,5901
5/16/2021,20:43,Sunday,SPADINA YUS STATION,SUO,0,0,,YU,0
5/16/2021,21:32,Sunday,SPADINA YUS STATION,MUATC,5,12,S,YU,5691
5/16/2021,21:51,Sunday,DON MILLS STATION,PUSNT,0,0,E,SHP,6171
5/16/2021,21:55,Sunday,DON MILLS STATION,MUTO,5,10,W,SHP,6176
5/16/2021,22:00,Sunday,ST GEORGE BD STATION,SUO,0,0,E,BD,5331
5/16/2021,22:00,Sunday,ST GEORGE YUS STATION,SUO,0,0,N,YU,5671
5/16/2021,22:00,Sunday,YONGE-UNIVERSITY AND B,MUO,0,0,,YU/BD,0
5/16/2021,22:26,Sunday,SHEPPARD-YONGE STATION,TUMVS,0,0,W,SHP,6176
5/16/2021,23:19,Sunday,SHERBOURNE STATION,MUIR,3,7,E,BD,5033
5/16/2021,23:28,Sunday,MUSEUM STATION,SUDP,4,11,N,YU,5576
5/17/2021,01:26,Monday,MAIN STREET STATION,MUIR,0,0,E,BD,5294
5/17/2021,02:58,Monday,GREENWOOD CAR HOUSE,MUIE,0,0,,BD,0
5/17/2021,06:00,Monday,YONGE-UNIVERSITY SUBWA,MUO,0,0,,YU,0
5/17/2021,06:59,Monday,UNION STATION,MUATC,3,6,N,YU,5771
5/17/2021,07:10,Monday,EGLINTON STATION,PUSNT,0,0,S,YU,0
5/17/2021,07:17,Monday,ROSEDALE STATION,SUO,0,0,,YU,0
5/17/2021,08:13,Monday,NORTH YORK CTR STATION,SUDP,0,0,S,YU,0
5/17/2021,08:20,Monday,BAYVIEW STATION,PUCSC,12,17,W,SHP,6151
5/17/2021,09:30,Monday,KEELE STATION,TUS,5,9,W,BD,5250
5/17/2021,10:26,Monday,VICTORIA PARK STATION,SUDP,0,0,,BD,0
5/17/2021,10:27,Monday,UNION STATION,MUATC,3,6,N,YU,5766
5/17/2021,11:39,Monday,DUPONT STATION,SUEAS,17,22,N,YU,5856
5/17/2021,11:50,Monday,FINCH STATION,TUNIP,5,9,S,YU,5556
5/17/2021,11:55,Monday,SPADINA YUS STATION,SUAP,0,0,N,YU,0
5/17/2021,12:00,Monday,SPADINA BD STATION,SUPOL,9,13,E,BD,5216
5/17/2021,12:40,Monday,COXWELL STATION,EUPI,4,8,E,BD,5151
5/17/2021,13:04,Monday,FINCH STATION,TUNIP,4,8,S,YU,5726
5/17/2021,13:06,Monday,ST CLAIR WEST STATION,MUATC,5,10,S,YU,6061
5/17/2021,13:24,Monday,DAVISVILLE STATION,MUPAA,0,0,N,YU,5581
5/17/2021,13:28,Monday,KIPLING STATION,EUSC,0,0,E,BD,5222
5/17/2021,14:06,Monday,ST GEORGE BD STATION,EUDO,5,9,W,BD,5355
5/17/2021,14:38,Monday,ROYAL YORK STATION,EUSC,0,0,E,BD,5220
5/17/2021,14:53,Monday,GREENWOOD WYE,TUMVS,0,0,,BD,5069
5/17/2021,15:01,Monday,UNION STATION,MUATC,10,13,N,YU,5646
5/17/2021,15:13,Monday,ST CLAIR STATION,PUTIJ,3,6,N,YU,5726
5/17/2021,16:11,Monday,BROADVIEW STATION,SUDP,6,10,E,BD,5271
5/17/2021,16:19,Monday,ST CLAIR STATION,PUTIJ,5,8,N,YU,5991
5/17/2021,18:10,Monday,UNION STATION,SUUT,4,7,N,YU,5761
5/17/2021,18:18,Monday,ST CLAIR WEST STATION,PUMEL,0,0,,YU,0
5/17/2021,18:26,Monday,WELLESLEY STATION,SUAP,13,18,S,YU,5771
5/17/2021,19:28,Monday,PAPE STATION,MUD,5,12,E,BD,5310
5/17/2021,20:07,Monday,DAVISVILLE STATION,MUI,7,14,N,YU,5726
5/17/2021,20:31,Monday,SUMMERHILL STATION,SUDP,0,0,N,YU,5641
5/17/2021,21:59,Monday,UNION STATION,SUDP,0,0,N,YU,5731
5/17/2021,22:00,Monday,YONGE-UNIVERSITY AND B,MUO,0,0,,YU/BD,0
5/17/2021,22:54,Monday,BROADVIEW STATION,MUIS,0,0,,BD,0
5/17/2021,23:08,Monday,COLLEGE STATION,MUIR,0,0,N,YU,5796
5/17/2021,23:11,Monday,NORTH YORK CTR STATION,TUSC,0,0,S,YU,5811
5/17/2021,23:27,Monday,PAPE STATION,SUDP,3,10,E,BD,5218
5/18/2021,06:00,Tuesday,MUSEUM STATION TO OSGO,MUO,0,0,B,BD,0
5/18/2021,06:00,Tuesday,YONGE UNIVERSITY SUBWA,MUO,0,0,B,YU,0
5/18/2021,06:41,Tuesday,DON MILLS STATION,TUSC,0,0,W,SHP,6176
5/18/2021,07:35,Tuesday,UNION STATION,MUATC,4,8,N,YU,5766
5/18/2021,08:04,Tuesday,FINCH STATION,MUSC,4,8,N,YU,5721
5/18/2021,08:10,Tuesday,KIPLING STATION,MUIE,4,8,E,BD,5337
5/18/2021,09:57,Tuesday,YONGE BD STATION,MUO,10,14,W,BD,5276
5/18/2021,10:01,Tuesday,LAWRENCE WEST STATION,MUIS,0,0,,YU,0
5/18/2021,11:50,Tuesday,SCARBOROUGH RAPID TRAN,MRWEA,0,0,,SRT,0
5/18/2021,12:18,Tuesday,DONLANDS STATION,SUDP,0,0,W,BD,5135
5/18/2021,12:24,Tuesday,ROSEDALE STATION,SUAP,0,0,N,YU,5816
5/18/2021,13:41,Tuesday,FINCH WEST STATION,MUIS,0,0,,YU,0
5/18/2021,13:43,Tuesday,UNION STATION,EUAC,4,8,N,YU,5471
5/18/2021,13:54,Tuesday,ST CLAIR STATION,MUIE,0,0,,YU,0
5/18/2021,14:50,Tuesday,FINCH STATION,TUNIP,4,8,S,YU,5726
5/18/2021,14:55,Tuesday,BLOOR STATION,MUPLB,19,24,S,YU,5791
5/18/2021,15:29,Tuesday,ST CLAIR STATION,MUIRS,0,0,,YU,0
5/18/2021,16:02,Tuesday,ST GEORGE BD STATION,MUIRS,0,0,E,BD,0
5/18/2021,16:36,Tuesday,UNION STATION,SUDP,4,8,N,YU,5796
5/18/2021,17:31,Tuesday,FINCH STATION,EUSC,0,0,N,YU,5761
5/18/2021,18:02,Tuesday,WELLESLEY STATION,MUPAA,0,0,N,YU,5991
5/18/2021,18:45,Tuesday,MAIN STREET STATION,SUAP,0,0,,BD,0
5/18/2021,20:03,Tuesday,DUNDAS STATION,SUO,0,0,N,YU,5571
5/18/2021,20:15,Tuesday,VAUGHAN MC STATION,MUWR,0,0,,,0
5/18/2021,20:26,Tuesday,KENNEDY BD STATION,SUAP,0,0,,BD,0
5/18/2021,20:41,Tuesday,BLOOR STATION,SUDP,0,0,S,YU,0
5/18/2021,22:00,Tuesday,YONGE-UNIVERSITY AND B,MUO,0,0,,YU/BD,0
5/18/2021,22:01,Tuesday,LAWRENCE STATION,SUAP,5,12,N,YU,5496
5/18/2021,22:19,Tuesday,YORK MILLS STATION,SUDP,0,0,N,YU,5591
5/18/2021,23:08,Tuesday,VAUGHAN MC STATION,MUATC,0,0,S,YU,5026
5/18/2021,23:27,Tuesday,CHESTER STATION,SUDP,3,10,W,BD,5197
5/19/2021,00:45,Wednesday,KIPLING STATION,MUO,7,14,E,BD,5064
5/19/2021,02:36,Wednesday,FINCH WEST STATION,SUDP,0,0,,YU,0
5/19/2021,05:38,Wednesday,EGLINTON STATION,PUCSC,10,0,N,YU,5761
5/19/2021,06:00,Wednesday,SPADINA YUS STATION,SUDP,3,6,N,YU,6071
5/19/2021,06:00,Wednesday,YONGE- UNIVERSITY SUBW,MUO,0,0,,YU,0
5/19/2021,06:00,Wednesday,YONGE-UNIVERSITY SUBWA,MUO,0,0,,YU,0
5/19/2021,07:37,Wednesday,OLD MILL STATION,EUSC,0,0,W,BD,5197
5/19/2021,07:43,Wednesday,LANSDOWNE STATION,TUO,4,8,E,BD,5033
5/19/2021,09:52,Wednesday,YORK MILLS STATION,TUSC,0,0,N,YU,5731
5/19/2021,09:56,Wednesday,KIPLING STATION,EUDO,4,8,E,BD,5303
5/19/2021,10:05,Wednesday,COLLEGE STATION,SUDP,7,11,N,YU,5641
5/19/2021,10:11,Wednesday,DAVISVILLE STATION,MUSAN,4,8,S,YU,5766
5/19/2021,10:43,Wednesday,BLOOR STATION,SUDP,4,8,N,YU,5816
5/19/2021,11:55,Wednesday,BATHURST STATION,MUPAA,0,0,W,BD,5228
5/19/2021,12:20,Wednesday,SCARBOROUGH RAPID TRAN,MRWEA,0,0,,SRT,0
5/19/2021,12:39,Wednesday,SHERBOURNE STATION,MUPAA,3,7,E,BD,5101
5/19/2021,13:23,Wednesday,COXWELL STATION,MUPAA,3,7,E,BD,5026
5/19/2021,13:29,Wednesday,KENNEDY BD STATION,SUAE,4,8,W,BD,5085
5/19/2021,14:21,Wednesday,BLOOR STATION,SUDP,7,12,N,YU,5801
5/19/2021,14:23,Wednesday,BLOOR STATION,SUDP,0,0,N,YU,5801
5/19/2021,14:24,Wednesday,YONGE BD STATION,SUDP,0,0,W,BD,5075
5/19/2021,15:33,Wednesday,CASTLE FRANK STATION,SUUT,43,47,E,BD,5216
5/19/2021,15:45,Wednesday,EGLINTON STATION,MUPAA,0,0,S,YU,5926
5/19/2021,16:33,Wednesday,KEELE STATION,MUSC,0,0,W,BD,5307
5/19/2021,16:50,Wednesday,OSSINGTON STATION,MUD,5,9,W,BD,5305
5/19/2021,16:59,Wednesday,OSSINGTON STATION,SUDP,0,0,W,BD,5166
5/19/2021,17:10,Wednesday,YONGE BD STATION,MUSC,0,0,E,BD,5276
5/19/2021,18:00,Wednesday,SHEPPARD-YONGE STATION,TUCC,22,27,W,SHP,6186
5/19/2021,18:11,Wednesday,QUEEN'S QUAY STATION,PUMEL,0,0,,,0
5/19/2021,18:17,Wednesday,ST CLAIR STATION,MUPAA,5,10,N,YU,5616
5/19/2021,18:22,Wednesday,PAPE STATION,MUIS,0,0,,BD,0
5/19/2021,18:42,Wednesday,KIPLING STATION,SUO,0,0,E,BD,5026
5/19/2021,19:55,Wednesday,BLOOR STATION,MUIRS,0,0,,YU,0
5/19/2021,21:21,Wednesday,KEELE STATION,MUO,7,14,E,BD,5153
5/19/2021,21:26,Wednesday,SHERBOURNE STATION,SUDP,10,17,E,BD,5213
5/19/2021,21:49,Wednesday,ST ANDREW STATION,MUIRS,0,0,,YU,0
5/19/2021,21:57,Wednesday,PAPE STATION,SUDP,4,11,W,BD,5108
5/19/2021,22:00,Wednesday,YONGE-UNIVERSITY AND B,MUO,0,0,,YU/BD,0
5/19/2021,22:04,Wednesday,VAUGHAN MC STATION,PUSRA,13,20,N,YU,5716
5/19/2021,23:26,Wednesday,KENNEDY BD STATION,MUIR,7,14,W,BD,5085
5/20/2021,00:56,Thursday,KIPLING STATION,MUI,7,14,E,BD,5195
5/20/2021,02:19,Thursday,PIONEER VILLAGE STATIO,PUMEL,0,0,,YU,0
5/20/2021,05:28,Thursday,SHEPPARD-YONGE STATION,MUSC,0,0,E,SHP,6181
5/20/2021,05:48,Thursday,YORK MILLS STATION,PUSTS,0,0,S,YU,5576
5/20/2021,06:00,Thursday,YOONGE-UNIVERSITY SUBW,MUO,0,0,,YU,0
5/20/2021,06:34,Thursday,DON MILLS STATION,EUDO,5,10,W,SHP,6156
5/20/2021,06:46,Thursday,BATHURST STATION,EUDO,3,7,W,BD,5294
5/20/2021,08:28,Thursday,FINCH STATION,TUMVS,3,6,N,YU,5751
5/20/2021,08:55,Thursday,KENNEDY SRT STATION,ERDO,5,10,N,SRT,3005
5/20/2021,08:57,Thursday,MAIN STREET STATION,MUSC,0,0,W,BD,5297
5/20/2021,09:13,Thursday,MCCOWAN STATION,ERDO,5,10,N,SRT,3005
5/20/2021,09:44,Thursday,BESSARION STATION,PUOPO,5,10,E,SHP,6151
5/20/2021,10:14,Thursday,YORK MILLS STATION,MUIS,0,0,,YU,0
5/20/2021,10:57,Thursday,COLLEGE STATION,SUDP,6,9,S,YU,5611
5/20/2021,11:04,Thursday,EGLINTON WEST STATION,MUIRS,0,0,S,YU,0
5/20/2021,11:16,Thursday,ROSEDALE STATION,SUO,6,9,N,YU,5641
5/20/2021,11:41,Thursday,SHEPPARD STATION,PUSTS,4,7,N,YU,5641
5/20/2021,13:19,Thursday,SCARBOROUGH RAPID TRAN,MRWEA,0,0,,SRT,0
5/20/2021,13:42,Thursday,COLLEGE STATION,PUMEL,0,0,,YU,0
5/20/2021,14:07,Thursday,DUNDAS WEST STATION,MUIRS,0,0,,BD,0
5/20/2021,14:26,Thursday,COXWELL STATION,SUDP,4,8,W,BD,5204
5/20/2021,15:17,Thursday,SHEPPARD STATION,MUPAA,0,0,S,YU,5771
5/20/2021,15:32,Thursday,CHRISTIE STATION,MUIS,0,0,E,BD,0
5/20/2021,15:34,Thursday,CHRISTIE STATION,TUMVS,0,0,E,BD,5241
5/20/2021,15:43,Thursday,YONGE BD STATION,MUSC,0,0,E,BD,5241
5/20/2021,16:39,Thursday,PAPE STATION,SUDP,0,0,E,BD,5101
5/20/2021,17:36,Thursday,KIPLING STATION,MUPAA,0,0,W,BD,5085
5/20/2021,17:47,Thursday,DUFFERIN STATION,SUO,0,0,E,BD,5315
5/20/2021,18:57,Thursday,KENNEDY BD STATION,PUSI,25,32,E,BD,5284
5/20/2021,19:46,Thursday,KENNEDY BD STATION,PUSI,7,14,E,BD,5126
5/20/2021,20:17,Thursday,YORK MILLS STATION,TUSC,0,0,N,YU,5641
5/20/2021,20:32,Thursday,WELLESLEY STATION,SUDP,4,11,S,YU,5756
5/20/2021,20:55,Thursday,ST CLAIR STATION,PUMEL,0,0,,YU,0
5/20/2021,21:32,Thursday,MAIN STREET STATION,EUCD,5,12,W,BD,5294
5/20/2021,21:39,Thursday,EGLINTON STATION,MUIS,0,0,,YU,0
5/20/2021,22:00,Thursday,YONGE-UNIVERSITY AND B,MUO,0,0,,YU/BD,0
5/20/2021,22:16,Thursday,YONGE STATION,SUDP,7,14,E,BD,5075
5/21/2021,01:13,Friday,ST ANDREW STATION,MUPAA,5,12,S,YU,5761
5/21/2021,01:21,Friday,DUNDAS WEST STATION,MUIR,3,10,E,BD,5216
5/21/2021,02:25,Friday,KIPLING STATION,MUI,0,0,,BD,5108
5/21/2021,03:08,Friday,EGLINTON STATION,PUSNT,0,0,S,YU,5721
5/21/2021,06:00,Friday,YONGE UNIVERSITY LINE,MUO,0,0,,YU,0
5/21/2021,07:17,Friday,ST GEORGE YUS STATION,MUD,3,8,S,YU,6046
5/21/2021,07:18,Friday,OSSINGTON STATION,SUAP,0,0,W,BD,0
5/21/2021,08:20,Friday,ST GEORGE BD STATION,MUPAA,0,0,W,BD,5267
5/21/2021,09:00,Friday,VAUGHAN MC STATION,MUSAN,5,10,S,YU,5911
5/21/2021,09:03,Friday,GREENWOOD YARD,SUEAS,0,0,,BD,0
5/21/2021,09:52,Friday,ROSEDALE STATION,SUDP,10,14,S,YU,5756
5/21/2021,10:06,Friday,ROSEDALE STATION,SUDP,6,11,N,YU,5776
5/21/2021,10:06,Friday,SUMMERHILL STATION,TUMVS,0,0,S,YU,5811
5/21/2021,10:19,Friday,SUMMERHILL STATION,TUMVS,3,7,S,YU,5906
5/21/2021,10:51,Friday,SUMMERHILL STATION,SUDP,4,9,S,YU,5721
5/21/2021,11:10,Friday,SCARBOROUGH RAPID TRAN,MRWEA,0,0,,SRT,0
5/21/2021,11:33,Friday,COXWELL STATION,PUSO,3,7,W,BD,5187
5/21/2021,11:45,Friday,DUFFERIN STATION,MUDD,7,11,E,BD,5298
5/21/2021,11:53,Friday,NORTH YORK CTR STATION,MUPAA,0,0,S,YU,5576
5/21/2021,12:25,Friday,ST CLAIR WEST STATION,PUMST,0,0,N,YU,0
5/21/2021,12:40,Friday,BROADVIEW STATION,MUPAA,0,0,W,BD,5104
5/21/2021,12:48,Friday,ST ANDREW STATION,MUPAA,0,0,N,YU,5941
5/21/2021,13:02,Friday,PAPE STATION,MUI,9,13,W,BD,5315
5/21/2021,13:47,Friday,SHEPPARD WEST STATION,SUDP,0,0,,YU,0
5/21/2021,14:31,Friday,ST ANDREW STATION,MUSAN,5,10,N,YU,5576
5/21/2021,14:39,Friday,PIONEER VILLAGE STATIO,MUIRS,0,0,,YU,0
5/21/2021,14:56,Friday,BLOOR STATION,MUI,17,22,N,YU,5621
5/21/2021,14:56,Friday,BLOOR STATION,SUO,0,0,S,YU,5771
5/21/2021,14:56,Friday,HIGH PARK STATION,SUDP,18,22,W,BD,5284
5/21/2021,14:56,Friday,YONGE BD STATION,SUO,0,0,W,BD,5133
5/21/2021,15:58,Friday,MAIN STREET STATION,SUDP,0,0,W,BD,5267
5/21/2021,16:32,Friday,EGLINTON STATION,PUMEL,0,0,,YU,0
5/21/2021,17:05,Friday,ST GEORGE BD STATION,PUMEL,0,0,,BD,0
5/21/2021,17:18,Friday,DUNDAS STATION,MUIS,0,0,N,YU,0
5/21/2021,17:37,Friday,NORTH YORK CTR STATION,SUAP,3,6,S,YU,5736
5/21/2021,17:42,Friday,COLLEGE STATION,SUAP,0,0,N,YU,5966
5/21/2021,17:50,Friday,FINCH STATION,TUNIP,6,9,S,YU,5731
5/21/2021,17:59,Friday,YORK MILLS STATION,MUPAA,0,0,N,YU,5966
5/21/2021,18:01,Friday,BROADVIEW STATION,PUMEL,0,0,,BD,0
5/21/2021,18:17,Friday,DUNDAS WEST STATION,TUMVS,4,8,W,BD,5101
5/21/2021,19:39,Friday,DUNDAS STATION,SUDP,3,8,N,YU,5816
5/21/2021,20:47,Friday,VICTORIA PARK STATION,SUO,7,14,W,BD,5353
5/21/2021,20:52,Friday,YORK MILLS STATION,MUSC,0,0,N,YU,5571
5/21/2021,20:57,Friday,BAY STATION,SUUT,12,19,E,BD,5072
5/21/2021,21:09,Friday,LAWRENCE WEST STATION,SUO,0,0,N,YU,5741
5/21/2021,21:13,Friday,UNION STATION,MUPAA,0,0,N,YU,5961
5/21/2021,22:00,Friday,YONGE/UNIVERSITY AND B,MUO,0,0,,YU/BD,0
5/21/2021,22:18,Friday,DUNDAS STATION,MUPAA,5,12,S,YU,5766
5/21/2021,22:52,Friday,KEELE STATION,SUDP,0,0,,BD,0
5/22/2021,00:56,Saturday,OLD MILL STATION,EUNT,7,14,W,BD,5112
5/22/2021,06:00,Saturday,YONGE UNIVERSITY LINE,MUO,0,0,,YU,0
5/22/2021,06:32,Saturday,SHEPPARD-YONGE STATION,TUSC,0,0,E,SHP,6181
5/22/2021,09:25,Saturday,SCARBOROUGH CTR STATIO,PREL,0,0,,SRT,0
5/22/2021,10:18,Saturday,SCARBOROUGH RAPID TRAN,MRWEA,0,0,,SRT,0
5/22/2021,10:44,Saturday,ST ANDREW STATION,SUDP,8,14,N,YU,5776
5/22/2021,11:06,Saturday,FINCH STATION,TUNIP,0,0,S,YU,5996
5/22/2021,14:17,Saturday,ST GEORGE BD STATION,SUDP,3,4,W,BD,5108
5/22/2021,14:24,Saturday,ST ANDREW STATION,MUPAA,0,0,S,YU,5491
5/22/2021,14:40,Saturday,OLD MILL STATION,SUSA,0,0,,BD,0
5/22/2021,15:01,Saturday,DUNDAS WEST STATION,MUNCA,0,0,,BD,0
5/22/2021,15:05,Saturday,ST CLAIR STATION,MUPAA,0,0,N,YU,5616
5/22/2021,15:46,Saturday,WARDEN STATION,MUPAA,0,0,W,BD,5108
5/22/2021,17:15,Saturday,SHEPPARD STATION,PUTR,4,9,S,YU,5906
5/22/2021,17:18,Saturday,SHEPPARD STATION,PUTR,0,0,S,YU,5906
5/22/2021,17:44,Saturday,WELLESLEY STATION,MUIS,0,0,N,YU,0
5/22/2021,17:55,Saturday,ROYAL YORK STATION,SUUT,35,39,W,BD,5104
5/22/2021,18:26,Saturday,VICTORIA PARK STATION,PUSTS,15,19,W,BD,5119
5/22/2021,18:28,Saturday,WILSON CARHOUSE,PUMO,0,0,,YU,0
5/22/2021,18:31,Saturday,LANSDOWNE STATION,MUPAA,0,0,E,BD,5271
5/22/2021,18:48,Saturday,VICTORIA PARK STATION,PUSTS,5,10,,BD,0
5/22/2021,19:03,Saturday,OLD MILL STATION,MUSC,0,0,E,BD,5167
5/22/2021,19:19,Saturday,SCARBOROUGH CTR STATIO,SRUT,147,153,E,SRT,3021
5/22/2021,20:12,Saturday,DOWNSVIEW PARK STATION,MUPAA,0,0,N,YU,6036
5/22/2021,21:50,Saturday,COXWELL STATION,MUI,0,0,E,BD,5054
5/22/2021,22:00,Saturday,YONGE- UNIVERSITY SUBW,MUO,0,0,,YU/BD,0
5/22/2021,22:26,Saturday,PIONEER VILLAGE STATIO,SUO,0,0,,YU,0
5/22/2021,22:37,Saturday,EGLINTON STATION,MUIRS,0,0,,YU,0
5/23/2021,00:28,Sunday,KENNEDY SRT STATION,MRUI,0,0,S,SRT,3006
5/23/2021,00:32,Sunday,DAVISVILLE STATION,MUSAN,7,14,S,YU,5626
5/23/2021,01:02,Sunday,VICTORIA PARK STATION,PUMEL,0,0,,BD,0
5/23/2021,01:25,Sunday,MCCOWAN STATION,PRSL,3,9,N,SRT,3001
5/23/2021,01:27,Sunday,WARDEN STATION,MUD,0,0,E,BD,5275
5/23/2021,08:00,Sunday,YONGE UNIVERSTY SUBWAY,MUO,0,0,,YU,0
5/23/2021,08:16,Sunday,KEELE STATION,EUBK,4,8,W,BD,5267
5/23/2021,08:20,Sunday,ST ANDREW STATION,MUATC,5,11,S,YU,5796
5/23/2021,08:30,Sunday,ROYAL YORK STATION,EUCD,4,8,W,BD,5267
5/23/2021,08:31,Sunday,KIPLING STATION,EUBK,4,8,E,BD,5032
5/23/2021,08:54,Sunday,KEELE STATION,SUDP,7,11,W,BD,5065
5/23/2021,09:21,Sunday,SCARBOROUGH RAPID TRAN,MRWEA,0,0,,SRT,0
5/23/2021,10:15,Sunday,BROADVIEW STATION,MUIS,0,0,,BD,0
5/23/2021,10:44,Sunday,ST CLAIR WEST STATION,SUAP,9,15,S,YU,5821
5/23/2021,12:21,Sunday,BLOOR STATION,MUPAA,3,9,N,YU,5901
5/23/2021,12:54,Sunday,DONLANDS STATION,SUAP,15,19,W,BD,5119
5/23/2021,13:02,Sunday,QUEEN STATION,PUMST,0,0,,YU,0
5/23/2021,13:11,Sunday,LAWRENCE EAST STATION,SRAP,0,0,,SRT,0
5/23/2021,13:37,Sunday,QUEEN STATION,MUPAA,0,0,N,YU,5901
5/23/2021,14:21,Sunday,ST CLAIR STATION,TUOS,5,10,N,YU,5921
5/23/2021,14:36,Sunday,LAWRENCE STATION,MUIR,11,16,N,YU,5921
5/23/2021,15:22,Sunday,MAIN STREET STATION,SUDP,0,0,E,BD,5164
5/23/2021,16:38,Sunday,WELLESLEY STATION,MUPAA,0,0,N,YU,5796
5/23/2021,16:46,Sunday,DON MILLS STATION,SUUT,15,20,E,SHP,6156
5/23/2021,17:35,Sunday,KIPLING STATION,TUO,4,8,E,BD,5341
5/23/2021,18:17,Sunday,KENNEDY BD STATION,MUIRS,0,0,,BD,0
5/23/2021,18:43,Sunday,KENNEDY BD STATION,SUO,4,8,W,BD,5104
5/23/2021,18:51,Sunday,YONGE BD STATION,MUIRS,0,0,,BD,0
5/23/2021,22:00,Sunday,YONGE-UNIVERSITY AND B,MUO,0,0,,YU/BD,0
5/23/2021,22:07,Sunday,CHESTER STATION,SUUT,0,0,W,BD,5120
5/23/2021,22:20,Sunday,BROADVIEW STATION,SUUT,0,0,W,BD,5035
5/23/2021,22:57,Sunday,ST ANDREW STATION,SUDP,0,0,,YU,0
5/23/2021,23:19,Sunday,ST ANDREW STATION,SUDP,0,0,,,0
5/23/2021,23:54,Sunday,KENNEDY BD STATION,MUDD,3,7,W,BD,5200
5/24/2021,01:12,Monday,ROSEDALE STATION,MUATC,5,12,S,YU,6071
5/24/2021,01:25,Monday,KENNEDY TO KIPLING STA,TUS,4,8,W,BD,5306
5/24/2021,05:12,Monday,EGLINTON STATION,SUAE,0,0,,YU,0
5/24/2021,05:48,Monday,MCCOWAN STATION,PRSL,275,0,S,SRT,3014
5/24/2021,05:53,Monday,KENNEDY BD STATION,TUNOA,4,8,W,BD,5203
5/24/2021,06:00,Monday,BAY STATION,SUO,0,0,W,BD,5206
5/24/2021,06:00,Monday,YONGE UNIVERSITY SUBWA,MUO,0,0,,YU,0
5/24/2021,06:10,Monday,BAY STATION,SUO,14,0,E,BD,5214
5/24/2021,06:51,Monday,ROYAL YORK STATION,TUS,3,7,W,BD,5167
5/24/2021,07:08,Monday,QUEEN STATION,MUIRS,0,0,S,YU,0
5/24/2021,08:54,Monday,LESLIE STATION,TUO,9,14,E,SHP,6161
5/24/2021,08:57,Monday,DONLANDS STATION,TUO,3,7,W,BD,5060
5/24/2021,09:20,Monday,BROADVIEW STATION,MUSAN,4,8,E,BD,5015
5/24/2021,09:36,Monday,FINCH STATION,MUIR,5,11,S,YU,5806
5/24/2021,09:39,Monday,COXWELL STATION,TUNIP,5,9,E,BD,5328
5/24/2021,10:14,Monday,SPADINA BD STATION,MUPAA,0,0,W,BD,5337
5/24/2021,10:34,Monday,DUNDAS WEST STATION,MUIS,0,0,,BD,0
5/24/2021,10:41,Monday,KENNEDY BD STATION,MUDD,3,7,W,BD,5206
5/24/2021,11:58,Monday,BATHURST STATION,SUAP,0,0,E,BD,5159
5/24/2021,12:54,Monday,KENNEDY BD STATION,TUMVS,0,0,E,BD,5284
5/24/2021,13:13,Monday,UNION STATION,SUUT,0,0,N,YU,5496
5/24/2021,14:00,Monday,EGLINTON STATION,MUIRS,0,0,,YU,0
5/24/2021,14:36,Monday,JANE STATION,PUMEL,0,0,,BD,0
5/24/2021,16:20,Monday,BLOOR STATION,MUPAA,0,0,N,YU,6076
5/24/2021,17:38,Monday,SUMMERHILL STATION,EUNT,7,17,N,YU,5801
5/24/2021,18:47,Monday,BLOOR STATION,MUPAA,0,0,N,YU,6076
5/24/2021,18:48,Monday,SHERBOURNE STATION,MUPAA,0,0,E,BD,5180
5/24/2021,18:50,Monday,MCCOWAN STATION,ERTC,0,0,N,SRT,3019
5/24/2021,19:30,Monday,FINCH STATION,SUAP,0,0,,YU,0
5/24/2021,19:31,Monday,CHRISTIE STATION,TUSC,0,0,W,BD,5035
5/24/2021,19:51,Monday,BATHURST STATION,MUPAA,0,0,W,BD,5126
5/24/2021,20:04,Monday,FINCH STATION,MUIS,0,0,,YU,0
5/24/2021,20:14,Monday,FINCH STATION,SUAP,0,0,,YU,0
5/24/2021,20:29,Monday,BLOOR STATION,MUIS,0,0,S,YU,0
5/24/2021,20:36,Monday,YORK MILLS STATION,TUSC,0,0,N,YU,5949
5/24/2021,20:44,Monday,BLOOR STATION,MUPAA,5,12,N,YU,5616
5/24/2021,20:47,Monday,DUNDAS STATION,MUIS,0,0,N,YU,0
5/24/2021,21:16,Monday,SHERBOURNE STATION,MUPAA,3,7,W,BD,5060
5/24/2021,22:00,Monday,YONGE-UNIVERSITY AND B,MUO,0,0,,YU/BD,0
5/24/2021,22:24,Monday,VICTORIA PARK STATION,SUO,0,0,,BD,0
5/24/2021,23:06,Monday,BATHURST STATION,EUNT,5,9,W,BD,5060
5/25/2021,00:19,Tuesday,DUNDA WEST STATION,SUO,0,0,E,,0
5/25/2021,01:12,Tuesday,DUFFERIN STATION,MUDD,4,11,W,BD,5359
5/25/2021,06:00,Tuesday,YONGE-UNIVERSITY SUBWA,MUO,0,0,,YU,0
5/25/2021,06:06,Tuesday,SHEPPARD WEST STATION,TUNOA,5,10,N,YU,5971
5/25/2021,06:07,Tuesday,MCCOWAN STATION,MRCL,5,10,S,SRT,3022
5/25/2021,07:05,Tuesday,FINCH STATION,TUSC,0,0,S,YU,5791
5/25/2021,08:46,Tuesday,VICTORIA PARK STATION,TUMVS,5,9,W,BD,5133
5/25/2021,08:52,Tuesday,OLD MILL STATION,SUPOL,8,12,E,BD,5140
5/25/2021,08:53,Tuesday,COXWELL STATION,SUDP,10,14,W,BD,5271
5/25/2021,09:08,Tuesday,OLD MILL STATION,SUO,0,0,E,BD,5276
5/25/2021,09:23,Tuesday,ST GEORGE YUS STATION,EUPI,5,10,S,YU,6041
5/25/2021,10:45,Tuesday,OSSINGTON STATION,SUAP,14,18,W,BD,5136
5/25/2021,11:09,Tuesday,SCARBOROUGH RAPID TRAN,MRWEA,0,0,,SRT,0
5/25/2021,11:16,Tuesday,FINCH STATION,TUNIP,7,12,S,YU,5596
5/25/2021,11:35,Tuesday,SHEPPARD-YONGE STATION,TUSC,0,0,E,SHP,6171
5/25/2021,11:45,Tuesday,VAUGHAN MC STATION,TUNIP,5,10,S,YU,5831
5/25/2021,11:49,Tuesday,KEELE STATION,SUDP,0,0,E,BD,5076
5/25/2021,11:57,Tuesday,ST GEORGE YUS STATION,PUSSW,8,13,N,YU,5716
5/25/2021,12:08,Tuesday,UNION STATION,TUO,5,10,N,YU,5771
5/25/2021,12:17,Tuesday,DONLANDS STATION,EUDO,8,12,W,BD,5120
5/25/2021,13:23,Tuesday,MCCOWAN STATION,TRNCA,0,0,,SRT,0
5/25/2021,15:17,Tuesday,YORK MILLS STATION,EUSC,0,0,S,YU,5996
5/25/2021,15:23,Tuesday,BATHURST STATION,MUIS,0,0,W,BD,0
5/25/2021,15:33,Tuesday,WELLESLEY STATION,SUDP,0,0,,YU,0
5/25/2021,16:15,Tuesday,WILSON STATION,SUDP,0,0,,YU,0
5/25/2021,16:35,Tuesday,JANE STATION,MUPAA,3,7,W,BD,5208
5/25/2021,16:49,Tuesday,SHERBOURNE STATION,PUMST,0,0,W,BD,0
5/25/2021,18:09,Tuesday,PAPE STATION,SUUT,0,0,E,BD,5231
5/25/2021,18:42,Tuesday,YONGE BD STATION,SUDP,0,0,E,BD,5307
5/25/2021,18:51,Tuesday,DON MILLS STATION,TUO,7,12,E,SHP,6161
5/25/2021,19:52,Tuesday,CASTLE FRANK STATION,MUIS,0,0,,BD,0
5/25/2021,20:34,Tuesday,SHERBOURNE STATION,MUPAA,0,0,W,BD,5355
5/25/2021,20:40,Tuesday,DAVISVILLE STATION,SUDP,11,18,N,YU,5551
5/25/2021,20:42,Tuesday,BATHURST STATION,SUPOL,3,7,E,BD,5355
5/25/2021,21:28,Tuesday,NORTH YORK CTR STATION,MUPAA,0,0,N,YU,5816
5/25/2021,22:00,Tuesday,YONGE-UNIVERSITY AND B,MUO,0,0,,YU/BD,0
5/25/2021,22:27,Tuesday,BLOOR STATION,MUIRS,3,10,S,YU,5906
5/25/2021,23:02,Tuesday,BATHURST STATION,SUUT,3,10,W,BD,5104
5/25/2021,23:49,Tuesday,KIPLING STATION,MUIS,0,0,,BD,0
5/25/2021,23:58,Tuesday,WILSON STATION,MUPAA,0,0,N,YU,5681
5/26/2021,00:18,Wednesday,WILSON STATION,TUO,7,17,S,YU,5876
5/26/2021,01:31,Wednesday,BLOOR STATION,MUIS,0,0,S,YU,0
5/26/2021,06:00,Wednesday,TORONTO TRANSIT COMMIS,MUO,0,0,,YU,0
5/26/2021,06:00,Wednesday,TORONTO TRANSIT COMMIS,MUO,0,0,,SHP,0
5/26/2021,06:00,Wednesday,TORONTO TRANSIT COMMIS,MRO,0,0,,SRT,0
5/26/2021,06:00,Wednesday,YONGE- UNIVERSITY SUBW,MUO,0,0,,YU,0
5/26/2021,06:17,Wednesday,DONLANDS STATION,EUSC,0,0,W,BD,5268
5/26/2021,06:24,Wednesday,DUNDAS STATION,MUIS,0,0,S,YU,0
5/26/2021,07:03,Wednesday,EGLINTON STATION,SUSA,0,0,,YU,0
5/26/2021,07:13,Wednesday,YONGE BD STATION,MUPAA,0,0,W,BD,5140
5/26/2021,08:07,Wednesday,FINCH STATION,TUSUP,7,11,S,YU,5766
5/26/2021,10:01,Wednesday,PIONEER VILLAGE STATIO,EUDO,6,11,S,YU,6031
5/26/2021,11:17,Wednesday,KENNEDY BD STATION,TUNIP,3,7,W,BD,5353
5/26/2021,11:29,Wednesday,BLOOR STATION,MUIS,0,0,,YU,0
5/26/2021,13:23,Wednesday,SPADINA BD STATION,SUO,3,7,E,BD,5271
5/26/2021,14:01,Wednesday,WARDEN STATION,SUUT,6,10,E,BD,5026
5/26/2021,14:05,Wednesday,BLOOR STATION,MUIS,0,0,,YU,0
5/26/2021,14:46,Wednesday,FINCH STATION,TUSUP,8,12,S,YU,0
5/26/2021,14:49,Wednesday,MAIN STREET STATION,EUSC,0,0,W,BD,5268
5/26/2021,15:05,Wednesday,QUEEN STATION,MUPAA,0,0,N,YU,5921
5/26/2021,16:04,Wednesday,SPADINA BD STATION,MUIRS,0,0,,BD,0
5/26/2021,16:36,Wednesday,BLOOR STATION,MUIS,0,0,S,YU,0
5/26/2021,16:38,Wednesday,ST GEORGE YUS STATION,PUSSW,4,8,N,YU,5386
5/26/2021,16:53,Wednesday,COLLEGE STATION,MUIS,0,0,N,YU,0
5/26/2021,16:53,Wednesday,ISLINGTON STATION,MUSAN,3,7,E,BD,5266
5/26/2021,17:25,Wednesday,PIONEER VILLAGE STATIO,MUATC,5,10,N,YU,5981
5/26/2021,17:53,Wednesday,SHERBOURNE STATION,MUPAA,0,0,E,BD,5112
5/26/2021,18:06,Wednesday,SHEPPARD-YONGE STATION,SUDP,0,0,E,SHP,6166
5/26/2021,18:16,Wednesday,SCARBOROUGH CTR STATIO,MRUIR,0,0,,SRT,0
5/26/2021,18:29,Wednesday,ROSEDALE STATION,MUATC,7,11,S,YU,5811
5/26/2021,19:52,Wednesday,BLOOR STATION,MUPAA,0,0,N,YU,5751
5/26/2021,20:04,Wednesday,DUNDAS STATION,MUIR,4,11,S,YU,5816
5/26/2021,20:20,Wednesday,YONGE BD STATION,SUDP,5,12,W,BD,5355
5/26/2021,20:40,Wednesday,YONGE STATION,SUO,0,0,,BD,0
5/26/2021,21:24,Wednesday,MAIN STREET STATION,MUPAA,0,0,E,BD,5231
5/26/2021,21:40,Wednesday,FINCH STATION,TUNIP,5,12,S,YU,0
5/26/2021,21:40,Wednesday,KIPLING STATION,MUIS,0,0,,BD,0
5/26/2021,22:00,Wednesday,YONGE-UNIVERSITY AND B,MUO,0,0,,YU/BD,0
5/26/2021,22:01,Wednesday,KENNEDY SRT STATION,SRO,38,44,S,SRT,3022
5/26/2021,22:01,Wednesday,KENNEDY BD STATION,SUPOL,38,45,E,BD,5328
5/26/2021,22:49,Wednesday,BATHURST STATION,MUIS,0,0,,BD,0
5/26/2021,23:00,Wednesday,KENNEDY BD STATION,PUSSW,7,14,E,BD,5020
5/27/2021,00:06,Thursday,RUNNYMEDE STATION,MUIS,0,0,E,BD,0
5/27/2021,00:44,Thursday,BAY STATION,MUIS,0,0,,BD,0
5/27/2021,01:36,Thursday,VAUGHAN MC STATION,MUIS,0,0,,YU,0
5/27/2021,01:41,Thursday,KENNEDY BD STATION,SUAE,0,0,,BD,0
5/27/2021,05:40,Thursday,OSGOODE STATION,MUNCA,0,0,,YU,0
5/27/2021,05:40,Thursday,ST PATRICK STATION,MUNCA,0,0,,YU,0
5/27/2021,05:45,Thursday,FINCH STATION,TUNIP,4,8,S,YU,5491
5/27/2021,06:53,Thursday,YONGE BD STATION,MUPAA,0,0,W,BD,5176
5/27/2021,07:14,Thursday,SHERBOURNE STATION,MUPAA,0,0,E,BD,5353
5/27/2021,08:40,Thursday,CHRISTIE STATION,TUMVS,0,0,E,BD,5188
5/27/2021,09:42,Thursday,KEELE YARD,TUSC,0,0,E,BD,5276
5/27/2021,10:52,Thursday,DUPONT STATION,SUAP,0,0,,YU,0
5/27/2021,12:10,Thursday,KENNEDY BD STATION,PUMST,0,0,,BD,0
5/27/2021,13:08,Thursday,ROYAL YORK STATION,MUPR1,180,186,W,BD,5101
5/27/2021,13:18,Thursday,SHERBOURNE STATION,SUO,18,22,W,BD,5065
5/27/2021,13:42,Thursday,ST CLAIR WEST STATION,SUDP,5,8,S,YU,5596
5/27/2021,14:18,Thursday,QUEEN STATION,SUDP,5,8,N,YU,6046
5/27/2021,14:45,Thursday,FINCH STATION,TUNIP,3,6,S,YU,5746
5/27/2021,15:15,Thursday,BLOOR STATION,MUPAA,3,6,N,YU,5946
5/27/2021,15:19,Thursday,KIPLING STATION,TUMVS,0,0,W,BD,5224
5/27/2021,15:33,Thursday,QUEEN STATION,MUIRS,0,0,N,YU,5401
5/27/2021,15:44,Thursday,DUNDAS WEST STATION,MUIS,0,0,E,BD,0
5/27/2021,15:55,Thursday,ST CLAIR WEST STATION,MUPAA,0,0,N,YU,5386
5/27/2021,17:11,Thursday,KING STATION,PUMEL,0,0,N,YU,0
5/27/2021,17:21,Thursday,KENNEDY BD STATION,SUO,0,0,,BD,0
5/27/2021,17:29,Thursday,DON MILLS STATION,SUO,0,0,,SHP,0
5/27/2021,18:01,Thursday,BLOOR STATION,MUPAA,4,7,N,YU,5501
5/27/2021,18:14,Thursday,NORTH YORK CTR STATION,SUDP,0,0,S,YU,0
5/27/2021,18:24,Thursday,BLOOR STATION,SUUT,6,9,N,YU,5396
5/27/2021,18:31,Thursday,YORK MILLS STATION,TUMVS,5,8,S,YU,5871
5/27/2021,20:23,Thursday,SHERBOURNE STATION,MUPAA,4,11,E,BD,5095
5/27/2021,20:33,Thursday,LESLIE STATION,MUO,0,0,,SHP,0
5/27/2021,21:05,Thursday,ROYAL YORK STATION,SUO,6,13,E,BD,5112
5/27/2021,21:07,Thursday,KENNEDY BD STATION,SUO,0,0,W,BD,5286
5/27/2021,21:16,Thursday,SHEPPARD WEST STATION,MUIS,0,0,,YU,0
5/27/2021,21:59,Thursday,MCCOWAN STATION,ERDO,4,10,N,SRT,3021
5/27/2021,22:00,Thursday,YONGE-UNIVERSITY AND B,MUO,0,0,,YU/BD,0
5/27/2021,22:18,Thursday,PAPE STATION,MUIS,0,0,,BD,0
5/27/2021,22:53,Thursday,OLD MILL STATION,MUD,3,10,E,BD,5112
5/27/2021,23:12,Thursday,BROADVIEW STATION,SUAE,0,0,W,BD,5087
5/27/2021,23:15,Thursday,SHEPPARD WEST STATION,MUO,0,0,,YU,0
5/27/2021,23:28,Thursday,BAYVIEW STATION,MUSC,3,8,E,SHP,6181
5/27/2021,23:35,Thursday,KIPLING STATION,MUD,4,11,E,BD,5361
5/28/2021,00:31,Friday,FINCH STATION,MUIS,0,0,,YU,0
5/28/2021,02:54,Friday,FINCH STATION,SUO,0,0,,YU,0
5/28/2021,05:27,Friday,ST PATRICK STATION,MUNCA,0,0,,YU,0
5/28/2021,06:19,Friday,YONGE BD STATION,MUPAA,0,0,W,BD,5140
5/28/2021,06:40,Friday,ROSEDALE STATION,SUDP,0,0,,YU,0
5/28/2021,06:48,Friday,SHERBOURNE STATION,MUPAA,0,0,E,BD,5190
5/28/2021,07:25,Friday,WILSON STATION,TUNIP,3,6,S,YU,5881
5/28/2021,07:46,Friday,COXWELL STATION,SUDP,4,8,E,BD,5026
5/28/2021,08:03,Friday,DONLANDS STATION,PUMEL,0,0,,BD,0
5/28/2021,08:11,Friday,VICTORIA PARK STATION,MUSC,0,0,E,BD,5296
5/28/2021,08:42,Friday,CHESTER STATION,SUUT,0,0,W,BD,5331
5/28/2021,09:07,Friday,ISLINGTON STATION,MUO,0,0,E,BD,5275
5/28/2021,09:17,Friday,YONGE BD STATION,MUI,17,21,E,BD,5026
5/28/2021,09:50,Friday,MAIN STREET STATION,MUIRS,0,0,,BD,0
5/28/2021,09:55,Friday,ST GEORGE BD STATION,MUSC,0,0,W,BD,5354
5/28/2021,10:20,Friday,KENNEDY BD STATION,EUAC,4,8,W,BD,5029
5/28/2021,10:25,Friday,DAVISVILLE STATION,SUDP,7,12,S,YU,5981
5/28/2021,10:39,Friday,BAY STATION,MUPAA,0,0,W,BD,5060
5/28/2021,10:41,Friday,YONGE BD STATION,MUPAA,0,0,E,BD,5182
5/28/2021,11:05,Friday,SPADINA YUS STATION,MUPAA,5,10,N,YU,5976
5/28/2021,11:13,Friday,BLOOR STATION,MUPAA,3,6,N,YU,5716
5/28/2021,11:15,Friday,SHERBOURNE STATION,MUPAA,3,7,E,BD,5026
5/28/2021,12:44,Friday,UNION STATION,SUAP,0,0,S,YU,0
5/28/2021,12:48,Friday,VAUGHAN MC STATION,MUNOA,3,6,S,YU,5716
5/28/2021,12:58,Friday,ST PATRICK STATION,MUATC,8,11,N,YU,5586
5/28/2021,13:07,Friday,BLOOR STATION,MUPAA,3,6,N,YU,5446
5/28/2021,13:22,Friday,BLOOR STATION,SUDP,0,0,S,YU,5771
5/28/2021,13:41,Friday,FINCH STATION,MUSAN,3,6,S,YU,5826
5/28/2021,13:41,Friday,LANSDOWNE STATION,MUIR,6,10,E,BD,5361
5/28/2021,13:42,Friday,SPADINA BD STATION,MUIRS,0,0,W,BD,0
5/28/2021,13:44,Friday,ROYAL YORK STATION,PUEO,0,0,,BD,0
5/28/2021,13:53,Friday,BLOOR STATION,SUDP,0,0,S,YU,5771
5/28/2021,14:01,Friday,WILSON STATION,SUO,0,0,S,YU,5401
5/28/2021,14:10,Friday,VAUGHAN MC STATION,MUNOA,3,6,S,YU,0
5/28/2021,14:30,Friday,SHEPPARD STATION,MUTO,0,0,N,YU,5426
5/28/2021,14:33,Friday,KIPLING STATION,MUTO,4,8,E,BD,5328
5/28/2021,15:28,Friday,ST GEORGE YUS STATION,MUPAA,0,0,S,YU,5771
5/28/2021,15:56,Friday,KIPLING STATION,TUMVS,0,0,W,BD,5331
5/28/2021,16:10,Friday,VAUGHAN MC STATION,MUSAN,3,6,N,YU,5812
5/28/2021,16:40,Friday,ST CLAIR STATION,EUDO,6,9,S,YU,5806
5/28/2021,16:56,Friday,GREENWOOD STATION,SUAE,16,20,E,BD,5114
5/28/2021,17:06,Friday,VAUGHAN MC STATION,SUDP,0,0,,YU,0
5/28/2021,17:09,Friday,DUNDAS STATION,SUDP,0,0,S,YU,5626
5/28/2021,19:38,Friday,QUEEN STATION,SUDP,4,9,S,YU,5826
5/28/2021,19:44,Friday,YONGE BD STATION,MUIRS,0,0,,BD,0
5/28/2021,19:47,Friday,OSGOODE STATION,SUUT,14,19,N,YU,5826
5/28/2021,19:51,Friday,CHRISTIE STATION,MUD,4,10,W,BD,5065
5/28/2021,20:10,Friday,OLD MILL STATION,TUOS,3,10,E,BD,5190
5/28/2021,20:21,Friday,FINCH STATION,MUNCA,0,0,,YU,0
5/28/2021,21:07,Friday,ISLINGTON STATION,MUPAA,0,0,W,BD,5069
5/28/2021,22:00,Friday,YONGE/UNIVERSITY AND B,MUO,0,0,,YU/BD,0
5/28/2021,22:47,Friday,SHERBOURNE STATION,MUD,0,0,W,BD,5135
5/28/2021,22:54,Friday,SPADINA BD STATION,MUD,0,0,W,BD,5135
5/28/2021,23:23,Friday,YORK MILLS STATION,MUIS,0,0,,YU,0
5/28/2021,23:27,Friday,SPADINA YUS STATION,SUDP,7,14,N,YU,5566
5/29/2021,00:41,Saturday,HIGHWAY 407 STATION,MUATC,9,17,S,YU,5906
5/29/2021,01:06,Saturday,WARDEN STATION,PUSTS,0,0,W,BD,5180
5/29/2021,02:04,Saturday,FINCH STATION,MUI,0,0,S,YU,5771
5/29/2021,05:15,Saturday,KENNEDY BD STATION,MUNCA,0,0,,BD,0
5/29/2021,06:00,Saturday,YONGE UNIVERSITY SUBWA,MUO,0,0,,YU,0
5/29/2021,09:10,Saturday,CHRISTIE STATION,SUUT,0,0,W,BD,5353
5/29/2021,09:22,Saturday,KING STATION,MUATC,6,12,S,YU,5956
5/29/2021,09:53,Saturday,ST GEORGE BD STATION,SUO,3,8,E,BD,5112
5/29/2021,10:10,Saturday,VICTORIA PARK STATION,MUIRS,0,0,W,BD,5069
5/29/2021,10:18,Saturday,ST CLAIR WEST STATION,MUIS,0,0,,YU,0
5/29/2021,10:27,Saturday,SHERBOURNE STATION,MUIS,0,0,W,BD,0
5/29/2021,13:36,Saturday,MAIN STREET STATION,SUBT,35,39,W,BD,5044
5/29/2021,14:09,Saturday,EGLINTON STATION,MUATC,4,10,S,YU,5781
5/29/2021,15:11,Saturday,LESLIE STATION,TUSC,0,0,W,SHP,6146
5/29/2021,16:10,Saturday,YONGE BD STATION,SUDP,4,8,E,BD,5190
5/29/2021,17:44,Saturday,MAIN STREET STATION,MUD,5,9,W,BD,5331
5/29/2021,18:48,Saturday,BATHURST STATION,MUIS,0,0,W,BD,0
5/29/2021,19:24,Saturday,UNION STATION,PUTDN,7,13,N,YU,5886
5/29/2021,19:33,Saturday,SHEPPARD WEST STATION,MUIS,0,0,,YU,0
5/29/2021,19:38,Saturday,YONGE BD STATION,MUPAA,4,8,E,BD,5188
5/29/2021,20:30,Saturday,HIGH PARK STATION,SUPOL,7,12,E,BD,5026
5/29/2021,21:59,Saturday,EGLINTON WEST STATION,MUIS,0,0,,YU,0
5/29/2021,22:00,Saturday,YONGE-UNIVERSITY AND B,MUO,0,0,,YU/BD,0
5/29/2021,23:44,Saturday,DUNDAS STATION,MUIS,0,0,N,YU,0
5/29/2021,23:49,Saturday,BATHURST STATION,SUSA,10,16,W,BD,5353
5/30/2021,01:30,Sunday,LESLIE STATION,PUEO,3,8,E,SHP,6161
5/30/2021,01:41,Sunday,BAY STATION,MUIRS,0,0,,BD,0
5/30/2021,01:45,Sunday,KENNEDY BD STATION,SUAP,0,0,,BD,0
5/30/2021,01:47,Sunday,CHRISTIE STATION,MUIR,9,13,W,BD,5331
5/30/2021,01:59,Sunday,OSSINGTON STATION,MUIR,4,8,W,BD,5331
5/30/2021,07:39,Sunday,YONGE-UNIVERSITY SUBWA,MUO,0,0,,YU,0
5/30/2021,09:54,Sunday,MCCOWAN STATION,ERTC,12,18,N,SRT,3027
5/30/2021,11:14,Sunday,ST ANDREW STATION,SUAP,4,10,S,YU,5656
5/30/2021,11:19,Sunday,ST ANDREW STATION,SUDP,4,10,N,YU,5721
5/30/2021,13:20,Sunday,LAWRENCE WEST STATION,EUDO,10,16,N,YU,5836
5/30/2021,13:45,Sunday,KENNEDY SRT STATION,PRSA,38,43,N,SRT,3015
5/30/2021,13:56,Sunday,YONGE BD STATION,MUIS,0,0,,BD,0
5/30/2021,14:08,Sunday,WILSON STATION,PUSSW,4,9,S,YU,5866
5/30/2021,14:41,Sunday,OLD MILL STATION,MUFS,9,13,E,BD,5076
5/30/2021,14:50,Sunday,OLD MILL STATION,SUAP,0,0,E,BD,5076
5/30/2021,15:36,Sunday,BROADVIEW STATION,PUMEL,0,0,,BD,0
5/30/2021,15:49,Sunday,BATHURST STATION,SUO,5,9,W,BD,5170
5/30/2021,16:26,Sunday,LAWRENCE WEST STATION,SUO,3,8,N,YU,5791
5/30/2021,17:29,Sunday,CHRISTIE STATION,MUIRS,0,0,,BD,0
5/30/2021,19:44,Sunday,OLD MILL STATION,MUPLB,70,75,E,BD,5058
5/30/2021,22:00,Sunday,YONGE-UNIVERSITY AND B,MUO,0,0,,YU/BD,0
5/30/2021,22:01,Sunday,RUNNYMEDE STATION,MUIR,13,18,E,BD,5275
5/30/2021,23:32,Sunday,SHERBOURNE STATION,MUIS,0,0,E,BD,0
5/31/2021,00:06,Monday,ROYAL YORK STATION,SUDP,3,10,W,BD,5301
5/31/2021,01:21,Monday,CHRISTIE STATION,MUIS,0,0,,BD,0
5/31/2021,02:14,Monday,DUFFERIN STATION,SUDP,0,0,,BD,0
5/31/2021,02:17,Monday,VICTORIA PARK STATION,MUIS,0,0,,BD,0
5/31/2021,05:52,Monday,LAWRENCE STATION,EUTL,5,10,N,YU,5546
5/31/2021,05:54,Monday,GREENWOOD STATION,MUO,4,9,E,BD,5213
5/31/2021,06:23,Monday,SHERBOURNE STATION,MUPAA,0,0,E,BD,5004
5/31/2021,06:40,Monday,KENNEDY SRT STATION,ERDO,0,0,N,SRT,3027
5/31/2021,06:43,Monday,KENNEDY SRT STATION,MRO,7,12,N,SRT,3015
5/31/2021,06:57,Monday,FINCH STATION,MUSC,0,0,S,YU,5971
5/31/2021,07:07,Monday,DUFFERIN STATION,SUDP,3,7,E,BD,5367
5/31/2021,07:14,Monday,MAIN STREET STATION,MUTO,4,8,E,BD,5245
5/31/2021,07:57,Monday,YONGE BD STATION,MUPAA,3,7,W,BD,5176
5/31/2021,08:09,Monday,YONGE BD STATION,MUPAA,3,7,W,BD,5035
5/31/2021,08:11,Monday,SHERBOURNE STATION,MUPAA,3,7,E,BD,5246
5/31/2021,08:37,Monday,QUEEN STATION,EUDO,3,6,N,YU,6031
5/31/2021,08:51,Monday,KENNEDY BD STATION,PUSNT,3,7,W,BD,5051
5/31/2021,09:12,Monday,BATHURST STATION,MUPAA,0,0,W,BD,5251
5/31/2021,09:18,Monday,YONGE BD STATION,MUPAA,3,7,E,BD,5055
5/31/2021,09:19,Monday,SPADINA BD STATION,TUO,4,8,W,BD,5051
5/31/2021,09:28,Monday,SHERBOURNE STATION,MUPAA,3,7,E,BD,5110
5/31/2021,09:32,Monday,YONGE BD STATION,MUPAA,0,0,W,BD,5180
5/31/2021,09:36,Monday,WELLESLEY STATION,MUPAA,0,0,S,YU,5691
5/31/2021,09:37,Monday,CASTLE FRANK STATION,MUIS,0,0,,BD,0
5/31/2021,10:14,Monday,SPADINA BD STATION,MUPAA,0,0,E,BD,5361
5/31/2021,10:56,Monday,SHEPPARD-YONGE STATION,MUPAA,0,0,E,SHP,6161
5/31/2021,10:57,Monday,UNION STATION,SUDP,3,6,N,YU,5876
5/31/2021,11:07,Monday,ROSEDALE STATION,MUSC,3,6,N,YU,5436
5/31/2021,12:06,Monday,LAWRENCE STATION,EUSC,0,0,N,YU,5911
5/31/2021,12:54,Monday,WELLESLEY STATION,MUIS,0,0,N,YU,0
5/31/2021,13:32,Monday,KIPLING STATION,SUUT,3,7,W,BD,5035
5/31/2021,13:41,Monday,DUNDAS WEST STATION,MUIRS,0,0,,BD,0
5/31/2021,14:01,Monday,MAIN STREET STATION,SUAP,0,0,E,BD,5367
5/31/2021,14:34,Monday,FINCH STATION,MUTO,3,6,S,YU,5791
5/31/2021,14:57,Monday,DON MILLS STATION,SUAE,0,0,,SHP,0
5/31/2021,15:11,Monday,ROSEDALE STATION,MUSC,0,0,N,YU,5436
5/31/2021,15:22,Monday,YONGE BD STATION,MUPAA,0,0,W,BD,5205
5/31/2021,16:33,Monday,DONLANDS STATION,SUDP,17,21,W,BD,5166
5/31/2021,17:01,Monday,DAVISVILLE STATION,MUIR,3,6,N,YU,5886
5/31/2021,18:05,Monday,SHERBOURNE STATION,MUPAA,0,0,E,BD,5161
5/31/2021,18:25,Monday,VICTORIA PARK STATION,SUROB,0,0,,BD,0
5/31/2021,18:42,Monday,ROYAL YORK STATION,MUIR,0,0,W,BD,5186
5/31/2021,18:52,Monday,VICTORIA PARK STATION,MUIRS,0,0,,BD,0
5/31/2021,19:21,Monday,KING STATION,MUPAA,0,0,S,YU,5676
5/31/2021,19:54,Monday,GREENWOOD STATION,PUTDN,11,18,W,BD,5186
5/31/2021,20:25,Monday,EGLINTON WEST STATION,MUPAA,0,0,S,YU,5601
5/31/2021,20:38,Monday,EGLINTON WEST STATION,SUUT,9,14,N,YU,5971
5/31/2021,20:46,Monday,KIPLING STATION,MUIS,0,0,,BD,0
5/31/2021,21:23,Monday,VICTORIA PARK STATION,SUDP,3,10,W,BD,5178
5/31/2021,21:28,Monday,SHEPPARD WEST STATION,SUSA,18,25,S,YU,5976
5/31/2021,21:31,Monday,CHRISTIE STATION,MUIS,0,0,E,BD,0
5/31/2021,22:00,Monday,YONGE-UNIVERSITY AND B,MUO,0,0,,YU/BD,0
5/31/2021,22:32,Monday,HIGH PARK STATION,MUI,13,20,E,BD,5246
