Date,Time,Day,Station,Code,Min Delay,Min Gap,Bound,Line,Vehicle
5/1/2020,01:20,Friday,QUEEN ALBERT,SUCOL,0,0,N,YU,5671
5/1/2020,02:16,Friday,KENNEDY BD STATION,MUI,0,0,E,BD,5070
5/1/2020,05:14,Friday,WILSON STATION,MUNOA,4,8,S,YU,0
5/1/2020,05:16,Friday,WILSON STATION,MUNOA,4,8,S,YU,0
5/1/2020,05:52,Friday,GREENWOOD STATION,MUNOA,3,5,E,BD,0
5/1/2020,05:54,Friday,KENNEDY BD STATION,MUNOA,5,10,W,BD,0
5/1/2020,06:00,Friday,DAVISVILLE STATION,MUNOA,4,8,N,YU,0
5/1/2020,06:01,Friday,WILSON STATION,MUNOA,4,8,S,YU,0
5/1/2020,06:11,Friday,SHERBOURNE STATION,PUSNT,0,0,,BD,0
5/1/2020,06:13,Friday,WELLESLEY STATION,SUUT,0,0,S,YU,6096
5/1/2020,06:24,Friday,CHRISTIE STATION,SUDP,0,0,W,BD,5089
5/1/2020,06:24,Friday,SHEPPARD WEST STATION,MUNOA,4,8,N,YU,0
5/1/2020,06:29,Friday,DONLANDS STATION,MUNOA,3,5,W,BD,0
5/1/2020,06:32,Friday,DAVISVILLE STATION,MUNOA,4,8,N,YU,0
5/1/2020,06:33,Friday,GREENWOOD STATION,MUNOA,3,5,E,BD,0
5/1/2020,06:33,Friday,ST CLAIR WEST STATION,MUNCA,0,0,,YU,0
5/1/2020,06:38,Friday,GREENWOOD STATION,MUNOA,3,5,E,BD,0
5/1/2020,06:57,Friday,GREENWOOD STATION,MUNOA,3,5,E,BD,0
5/1/2020,07:08,Friday,WILSON STATION,MUNOA,4,8,S,YU,0
5/1/2020,07:11,Friday,GREENWOOD STATION,MUNOA,3,5,E,BD,0
5/1/2020,07:39,Friday,WILSON STATION,MUNOA,4,8,S,YU,0
5/1/2020,07:39,Friday,WILSON STATION,MUNOA,4,8,S,YU,0
5/1/2020,07:52,Friday,YONGE BD STATION,EUSC,0,0,W,BD,5256
5/1/2020,08:01,Friday,BLOOR STATION,MUIR,0,0,S,YU,5486
5/1/2020,08:07,Friday,KEELE STATION,EUSC,0,0,W,BD,5256
5/1/2020,10:15,Friday,PAPE STATION,SUDP,0,0,,BD,0
5/1/2020,11:11,Friday,OSSINGTON STATION,SUDP,5,8,E,BD,5152
5/1/2020,11:35,Friday,DAVISVILLE STATION,SUDP,0,0,,YU,0
5/1/2020,11:46,Friday,KENNEDY SRT STATION,PRSA,18,23,N,SRT,3014
5/1/2020,14:04,Friday,SPADINA STATION YUS,EUBK,34,38,S,YU,5406
5/1/2020,14:18,Friday,COXWELL STATION,MUNOA,3,5,E,BD,0
5/1/2020,14:28,Friday,COXWELL STATION,MUNOA,3,5,E,BD,0
5/1/2020,14:48,Friday,COXWELL STATION,MUNOA,3,5,E,BD,0
5/1/2020,15:14,Friday,ST PATRICK STATION,MUPAA,3,6,S,YU,5751
5/1/2020,15:24,Friday,DONLANDS STATION,MUNOA,5,10,W,BD,0
5/1/2020,16:10,Friday,WELLESLEY STATION,MUIS,0,0,N,YU,0
5/1/2020,17:10,Friday,COXWELL STATION,SUDP,3,5,E,BD,5050
5/1/2020,17:38,Friday,YORK MILLS STATION,TUSC,0,0,S,YU,5991
5/1/2020,18:12,Friday,YORK MILLS STATION,TUSC,0,0,S,YU,5586
5/1/2020,19:09,Friday,YONGE BD STATION,MUIRS,0,0,,BD,0
5/1/2020,20:00,Friday,SHEPPARD STATION,EUO,5,8,S,YU,5786
5/1/2020,20:18,Friday,ISLINGTON STATION,EUPI,3,6,W,BD,5259
5/1/2020,20:34,Friday,NORTH YORK CTR STATION,SUDP,3,6,S,YU,6086
5/1/2020,21:10,Friday,SHEPPARD-YONGE STATION,TUSC,3,9,E,SHP,6196
5/1/2020,21:42,Friday,GREENWOOD STATION,PUMST,0,0,,BD,0
5/1/2020,22:00,Friday,YONGE-UNIVERSITY AND B,MUO,0,0,,YU/BD,0
5/1/2020,23:00,Friday,DOWNSVIEW PARK STATION,MUATC,3,6,S,YU,5751
5/1/2020,23:30,Friday,MIDLAND STATION,SRUT,8,12,S,SRT,3009
5/1/2020,23:33,Friday,FINCH STATION,TUMVS,0,0,N,YU,5471
5/1/2020,23:49,Friday,COLLEGE STATION,SUAP,7,13,S,YU,5676
5/2/2020,00:35,Saturday,KENNEDY BD STATION,SUDP,6,12,W,BD,5097
5/2/2020,01:36,Saturday,KIPLING STATION,MUI,0,0,,BD,5369
5/2/2020,05:57,Saturday,ST PATRICK STATION,MUNOA,5,10,S,YU,0
5/2/2020,05:58,Saturday,EGLINTON STATION,MUNOA,5,10,N,YU,0
5/2/2020,06:00,Saturday,GREENWOOD STATION,MUNOA,5,10,E,BD,0
5/2/2020,06:01,Saturday,KEELE STATION,MUNOA,5,10,W,BD,0
5/2/2020,06:08,Saturday,EGLINTON STATION,MUNOA,5,10,N,YU,0
5/2/2020,06:12,Saturday,DAVISVILLE STATION,PUSTS,0,0,S,YU,6001
5/2/2020,06:19,Saturday,VICTORIA PARK STATION,SUDP,0,0,,BD,8496
5/2/2020,06:31,Saturday,SHEPPARD WEST STATION,MUNOA,5,10,N,YU,0
5/2/2020,07:52,Saturday,KENNEDY BD STATION,MUSAN,3,8,W,BD,5198
5/2/2020,08:00,Saturday,QUEEN STATION,MUSC,0,0,N,YU,6006
5/2/2020,08:40,Saturday,ISLINGTON STATION,TUMVS,3,8,W,BD,5198
5/2/2020,08:47,Saturday,KIPLING STATION,TUO,5,10,W,BD,5079
5/2/2020,09:44,Saturday,ELLESMERE STATION,SRDP,0,0,,SRT,0
5/2/2020,11:03,Saturday,WILSON STATION,MUNOA,5,10,S,YU,0
5/2/2020,11:08,Saturday,EGLINTON STATION,MUNOA,5,10,N,YU,0
5/2/2020,11:18,Saturday,WILSON STATION,MUNOA,5,10,S,YU,0
5/2/2020,11:24,Saturday,ISLINGTON STATION,PUMST,0,0,,BD,0
5/2/2020,11:29,Saturday,WILSON STATION,MUNOA,5,10,S,YU,0
5/2/2020,11:36,Saturday,DAVISVILLE STATION,PUTDN,5,10,N,YU,5501
5/2/2020,12:58,Saturday,WILSON STATION,TUNIP,3,6,S,YU,5776
5/2/2020,14:32,Saturday,BLOOR STATION,SUAE,0,0,N,YU,5846
5/2/2020,14:46,Saturday,COXWELL STATION,MUNOA,5,10,E,BD,0
5/2/2020,15:53,Saturday,BLOOR STATION,SUDP,3,6,S,YU,5541
5/2/2020,16:04,Saturday,BLOOR STATION,MUSC,0,0,S,YU,5876
5/2/2020,16:48,Saturday,LANSDOWNE STATION,MUPAA,6,10,W,BD,5340
5/2/2020,17:15,Saturday,LAWRENCE STATION,MUIR,13,16,S,YU,5526
5/2/2020,19:14,Saturday,RUNNYMEDE STATION,MUIS,0,0,,BD,0
5/2/2020,22:00,Saturday,YONGE-UNIVERSITY AND B,MUO,0,0,,YU/BD,0
5/2/2020,22:15,Saturday,DON MILLS STATION,SUAE,10,16,W,SHP,6191
5/2/2020,22:15,Saturday,SHERBOURNE STATION,SUUT,8,14,E,BD,5298
5/3/2020,00:14,Sunday,DON MILLS STATION,TUOPO,4,10,W,SHP,6161
5/3/2020,00:14,Sunday,WOODBINE STATION,SUAP,9,14,W,BD,5369
5/3/2020,01:00,Sunday,WARDEN STATION,MUPAA,0,0,E,BD,5097
5/3/2020,01:21,Sunday,WOODBINE STATION,SUDP,10,15,W,BD,5139
5/3/2020,01:46,Sunday,PIONEER VILLAGE STATIO,SUDP,0,0,,YU,0
5/3/2020,04:00,Sunday,MAIN STREET STATION,MUIS,0,0,,BD,0
5/3/2020,07:57,Sunday,DAVISVILLE STATION,MUNOA,5,10,S,YU,0
5/3/2020,08:00,Sunday,YONGE-UNIVERSITY LINE,MUO,0,0,,YU,0
5/3/2020,08:19,Sunday,KENNEDY BD STATION,MUNOA,10,15,W,BD,0
5/3/2020,08:22,Sunday,EGLINTON STATION,MUNOA,5,10,N,YU,0
5/3/2020,08:22,Sunday,EGLINTON STATION,MUNOA,5,10,N,YU,0
5/3/2020,08:31,Sunday,GREENWOOD STATION,MUNOA,5,10,E,BD,0
5/3/2020,10:27,Sunday,COXWELL STATION,MUNOA,5,10,W,BD,0
5/3/2020,10:42,Sunday,WILSON STATION,MUNOA,5,10,S,YU,0
5/3/2020,11:22,Sunday,WILSON STATION,MUNOA,5,10,S,YU,0
5/3/2020,11:37,Sunday,KENNEDY BD STATION,SUDP,0,0,,BD,0
5/3/2020,11:57,Sunday,WILSON STATION,MUNOA,5,10,S,YU,0
5/3/2020,12:02,Sunday,KEELE STATION,MUSC,0,0,W,BD,5270
5/3/2020,12:09,Sunday,WELLESLEY STATION,EUDO,0,0,N,YU,5786
5/3/2020,14:35,Sunday,SHEPPARD-YONGE STATION,MUNCA,0,0,,SHP,0
5/3/2020,15:04,Sunday,QUEEN STATION,MUIS,0,0,S,YU,0
5/3/2020,17:10,Sunday,ST PATRICK STATION,MUNCA,0,0,,YU,0
5/3/2020,17:18,Sunday,FINCH WEST STATION,MUSAN,5,10,S,YU,5971
5/3/2020,18:38,Sunday,DUFFERIN STATION,MUIS,0,0,,BD,0
5/3/2020,20:41,Sunday,KIPLING STATION,MUIS,0,0,,BD,0
5/3/2020,22:00,Sunday,YONGE-UNIVERSITY AND B,MUO,0,0,,YU/BD,0
5/3/2020,23:41,Sunday,VICTORIA PARK STATION,PUTDN,54,59,W,BD,5029
5/4/2020,00:18,Monday,FINCH STATION,MUIS,0,0,,YU,0
5/4/2020,05:18,Monday,WILSON STATION,MUNOA,3,5,S,YU,0
5/4/2020,05:26,Monday,BROADVIEW STATION,PUTOE,0,0,E,BD,0
5/4/2020,05:28,Monday,WILSON STATION,MUNOA,3,5,S,YU,0
5/4/2020,05:38,Monday,FINCH STATION,TUSC,0,0,S,YU,5651
5/4/2020,05:42,Monday,GREENWOOD STATION,MUNOA,3,5,E,BD,0
5/4/2020,05:46,Monday,DAVISVILLE STATION,PUTO,44,0,S,YU,5616
5/4/2020,05:50,Monday,FINCH STATION,SUG,4,8,S,YU,5581
5/4/2020,05:54,Monday,DONLANDS STATION,MUNOA,5,10,W,BD,0
5/4/2020,05:57,Monday,MCCOWAN STATION,ERTB,10,15,S,SRT,3026
5/4/2020,06:01,Monday,WILSON STATION,MUNOA,3,5,S,YU,0
5/4/2020,06:02,Monday,EGLINTON STATION,MUNOA,3,5,N,YU,0
5/4/2020,06:29,Monday,DONLANDS STATION,MUNOA,3,5,W,BD,0
5/4/2020,06:29,Monday,WILSON STATION,MUNOA,3,5,S,YU,0
5/4/2020,06:33,Monday,GREENWOOD STATION,MUNOA,3,5,E,BD,0
5/4/2020,06:34,Monday,EGLINTON STATION,MUNOA,3,5,N,YU,0
5/4/2020,06:36,Monday,QUEEN'S PARK STATION,MUIS,0,0,,YU,0
5/4/2020,06:38,Monday,GREENWOOD STATION,MUNOA,3,5,E,BD,0
5/4/2020,06:57,Monday,GREENWOOD STATION,MUNOA,3,5,E,BD,0
5/4/2020,07:04,Monday,GREENWOOD STATION,EUME,3,5,E,BD,5132
5/4/2020,07:10,Monday,WILSON STATION,MUNOA,3,5,S,YU,0
5/4/2020,07:11,Monday,GREENWOOD STATION,MUNOA,3,5,E,BD,0
5/4/2020,07:38,Monday,WILSON STATION,MUNOA,3,5,S,YU,0
5/4/2020,07:59,Monday,DAVISVILLE STATION,PUSTS,0,0,S,YU,5526
5/4/2020,09:04,Monday,KIPLING STATION,TUNIP,3,5,W,BD,5258
5/4/2020,09:13,Monday,OLD MILL STATION,PUSNT,0,0,W,BD,5249
5/4/2020,09:26,Monday,KENNEDY BD STATION,TUSC,0,0,W,BD,5152
5/4/2020,10:02,Monday,ISLINGTON STATION,PUSWZ,4,7,E,BD,5276
5/4/2020,12:00,Monday,YORK MILLS STATION,SUDP,0,0,S,YU,5481
5/4/2020,12:03,Monday,YORK MILLS STATION,TUSC,0,0,S,YU,5836
5/4/2020,12:19,Monday,OSSINGTON STATION,MUIRS,0,0,E,BD,0
5/4/2020,12:41,Monday,GREENWOOD YARD,MUODC,0,0,,BD,0
5/4/2020,12:58,Monday,VAUGHAN MC STATION,MUNOA,3,5,S,YU,0
5/4/2020,14:13,Monday,FINCH STATION,MUNOA,3,6,S,YU,0
5/4/2020,14:37,Monday,ST GEORGE BD STATION,MUIRS,0,0,,BD,0
5/4/2020,15:22,Monday,SHEPPARD-YONGE STATION,PUMEL,0,0,,SHP,0
5/4/2020,15:55,Monday,WILSON STATION,MUNOA,3,5,S,YU,0
5/4/2020,16:00,Monday,BLOOR STATION,MUIS,0,0,,YU,0
5/4/2020,16:00,Monday,ST CLAIR STATION,MUIS,0,0,,YU,0
5/4/2020,16:16,Monday,ISLINGTON STATION,MUIS,0,0,,BD,0
5/4/2020,16:52,Monday,LANSDOWNE STATION,EUNT,11,13,W,BD,5178
5/4/2020,16:56,Monday,COXWELL STATION,PUMST,0,0,,BD,0
5/4/2020,17:03,Monday,WILSON STATION,MUNOA,3,5,S,YU,0
5/4/2020,17:11,Monday,VAUGHAN MC STATION,MUNOA,3,5,S,YU,0
5/4/2020,17:26,Monday,LAWRENCE STATION,EUSC,0,0,S,YU,5646
5/4/2020,17:27,Monday,COXWELL STATION,MUCL,5,8,W,BD,5260
5/4/2020,18:14,Monday,WARDEN STATION,SUUT,11,13,W,BD,5161
5/4/2020,18:16,Monday,KEELE STATION,MUIS,0,0,W,BD,0
5/4/2020,18:35,Monday,WARDEN STATION,SUDP,0,0,E,BD,5038
5/4/2020,19:00,Monday,VAUGHAN MC STATION,MUNOA,3,5,S,YU,0
5/4/2020,20:59,Monday,DAVISVILLE STATION,MUIS,0,0,S,YU,0
5/4/2020,21:35,Monday,ROYAL YORK STATION,SUG,4,8,E,BD,5289
5/4/2020,22:00,Monday,YONGE-UNIVERSITY AND B,MUO,0,0,,YU/BD,0
5/4/2020,22:00,Monday,YONGE-UNIVERSITY AND B,MUO,0,0,,YU/BD,0
5/4/2020,22:03,Monday,DUNDAS WEST STATION,SUEAS,10,14,E,BD,5314
5/4/2020,23:10,Monday,DUNDAS STATION,MUIS,0,0,S,YU,0
5/4/2020,23:11,Monday,SHEPPARD WEST STATION,MUIR,0,0,S,YU,5626
5/5/2020,01:59,Tuesday,DAVISVILLE STATION,EUVE,8,14,N,YU,5846
5/5/2020,02:21,Tuesday,LAWRENCE STATION,PUSTS,0,0,N,YU,0
5/5/2020,02:48,Tuesday,COXWELL STATION,MUNOA,3,5,E,BD,0
5/5/2020,05:16,Tuesday,WILSON STATION,MUNOA,3,5,S,YU,0
5/5/2020,05:18,Tuesday,WILSON STATION,MUNOA,3,5,S,YU,0
5/5/2020,05:52,Tuesday,GREENWOOD STATION,MUNOA,3,5,E,BD,0
5/5/2020,05:54,Tuesday,KENNEDY BD STATION,MUNOA,5,10,W,BD,0
5/5/2020,05:59,Tuesday,UNION STATION,MUNOA,5,9,N,YU,0
5/5/2020,06:01,Tuesday,WILSON STATION,MUNOA,3,5,S,YU,0
5/5/2020,06:02,Tuesday,EGLINTON STATION,MUNOA,3,5,N,YU,0
5/5/2020,06:14,Tuesday,DONLANDS STATION,MUNOA,0,0,W,BD,0
5/5/2020,06:29,Tuesday,DONLANDS STATION,MUNOA,3,5,W,YU,0
5/5/2020,06:29,Tuesday,WILSON STATION,MUNOA,3,5,S,BD,0
5/5/2020,06:33,Tuesday,GREENWOOD STATION,MUNOA,3,5,E,BD,0
5/5/2020,06:34,Tuesday,EGLINTON STATION,MUNOA,3,5,N,YU,0
5/5/2020,06:38,Tuesday,GREENWOOD STATION,MUNOA,3,5,E,BD,0
5/5/2020,06:57,Tuesday,GREENWOOD STATION,MUNOA,3,5,E,BD,0
5/5/2020,07:10,Tuesday,WILSON STATION,MUNOA,3,5,S,YU,0
5/5/2020,07:11,Tuesday,GREENWOOD STATION,MUNOA,3,5,E,BD,0
5/5/2020,07:38,Tuesday,WILSON STATION,MUNOA,3,5,S,YU,0
5/5/2020,09:20,Tuesday,UNION STATION,TUO,3,5,N,YU,5606
5/5/2020,10:04,Tuesday,FINCH STATION,MUIS,0,0,,YU,0
5/5/2020,11:52,Tuesday,FINCH STATION,EUBK,3,6,S,YU,5631
5/5/2020,12:45,Tuesday,DUNDAS STATION,EUSC,3,6,N,YU,5676
5/5/2020,12:51,Tuesday,COLLEGE STATION,EUSC,3,6,N,YU,5676
5/5/2020,13:29,Tuesday,COXWELL STATION,TUNIP,5,8,W,BD,5139
5/5/2020,14:04,Tuesday,WILSON YARD,PUTOE,0,0,,YU,0
5/5/2020,14:18,Tuesday,COXWELL STATION,MUNOA,3,5,E,BD,0
5/5/2020,14:25,Tuesday,WILSON STATION,MUNOA,3,6,S,YU,0
5/5/2020,14:28,Tuesday,COXWELL STATION,MUNOA,3,5,E,BD,0
5/5/2020,14:35,Tuesday,COXWELL STATION,MUSAN,3,6,E,BD,5108
5/5/2020,14:36,Tuesday,LAWRENCE STATION,EUSC,0,0,N,YU,5846
5/5/2020,15:24,Tuesday,DONLANDS STATION,MUNOA,3,8,W,BD,0
5/5/2020,17:13,Tuesday,CASTLE FRANK STATION,EUDO,15,17,E,BD,5000
5/5/2020,17:23,Tuesday,FINCH STATION,EUSC,3,6,N,YU,5761
5/5/2020,18:47,Tuesday,WARDEN STATION,MUDD,0,0,W,BD,5082
5/5/2020,19:30,Tuesday,ISLINGTON STATION,MUIRS,0,0,,BD,0
5/5/2020,19:47,Tuesday,DON MILLS STATION,PUMO,0,0,W,SHP,6161
5/5/2020,21:38,Tuesday,WILSON STATION,SUDP,27,32,S,YU,6026
5/5/2020,22:00,Tuesday,YONGE-UNIVERSITY AND B,MUO,0,0,,YU,0
5/5/2020,22:00,Tuesday,YONGE-UNIVERSITY/BLOOR,MUO,0,0,,YU/BD,0
5/5/2020,23:00,Tuesday,KIPLING TO JANE STATIO,MUO,0,0,,YU,0
5/5/2020,23:48,Tuesday,YORK MILLS STATION,MUIS,0,0,,YU,0
5/6/2020,01:03,Wednesday,QUEEN STATION,MUSC,0,0,N,YU,5741
5/6/2020,01:17,Wednesday,ST CLAIR STATION,SUUT,0,0,S,YU,5791
5/6/2020,01:49,Wednesday,COLLEGE STATION,MUIS,0,0,,YU,0
5/6/2020,05:16,Wednesday,WILSON STATION,MUNOA,3,5,S,YU,0
5/6/2020,05:18,Wednesday,WILSON STATION,MUNOA,3,5,S,YU,0
5/6/2020,05:31,Wednesday,EGLINTON STATION,TUSC,0,0,N,YU,5741
5/6/2020,05:52,Wednesday,GREENWOOD STATION,MUNOA,3,5,E,BD,0
5/6/2020,05:54,Wednesday,KENNEDY BD STATION,MUNOA,5,10,E,BD,0
5/6/2020,05:59,Wednesday,UNION STATION,MUNOA,5,9,N,YU,0
5/6/2020,06:01,Wednesday,WILSON STATION,MUNOA,3,5,S,YU,0
5/6/2020,06:02,Wednesday,EGLINTON STATION,MUNOA,3,5,N,YU,0
5/6/2020,06:17,Wednesday,OSGOODE STATION,MUNCA,0,0,,YU,0
5/6/2020,06:29,Wednesday,DONLANDS STATION,MUNOA,3,5,W,BD,0
5/6/2020,06:29,Wednesday,WILSON STATION,MUNOA,3,5,S,YU,0
5/6/2020,06:33,Wednesday,GREENWOOD STATION,MUNOA,3,5,E,BD,0
5/6/2020,06:34,Wednesday,EGLINTON STATION,MUNOA,3,5,N,YU,0
5/6/2020,06:38,Wednesday,GREENWOOD STATION,MUNOA,3,5,E,BD,0
5/6/2020,06:57,Wednesday,GREENWOOD STATION,MUNOA,3,5,E,BD,0
5/6/2020,07:05,Wednesday,KENNEDY SRT STATION,SRO,0,0,,SRT,0
5/6/2020,07:10,Wednesday,WILSON STATION,MUNOA,3,5,S,YU,0
5/6/2020,07:11,Wednesday,GREENWOOD STATION,MUNOA,3,5,E,BD,0
5/6/2020,07:38,Wednesday,WILSON STATION,MUNOA,3,5,S,YU,0
5/6/2020,07:50,Wednesday,FINCH STATION,TUSC,6,8,S,YU,5676
5/6/2020,07:54,Wednesday,KENNEDY BD STATION,PUSRA,3,5,W,BD,5103
5/6/2020,08:01,Wednesday,ST CLAIR STATION,PUCSC,0,0,S,YU,5381
5/6/2020,08:07,Wednesday,GREENWOOD STATION,MUNCA,0,0,,BD,0
5/6/2020,09:02,Wednesday,YORK MILLS STATION,MUSC,0,0,N,YU,6036
5/6/2020,10:09,Wednesday,SHEPPARD STATION,SUAP,0,0,,YU,0
5/6/2020,11:28,Wednesday,ROSEDALE STATION,TUOS,0,0,S,YU,5571
5/6/2020,12:21,Wednesday,NORTH YORK CTR STATION,MUIS,8,11,S,YU,5751
5/6/2020,14:18,Wednesday,COXWELL STATION,MUNOA,3,5,E,BD,0
5/6/2020,14:28,Wednesday,COXWELL STATION,MUNOA,3,5,E,BD,0
5/6/2020,14:45,Wednesday,YONGE BD STATION,MUD,3,5,W,BD,5204
5/6/2020,14:48,Wednesday,COXWELL STATION,MUNOA,3,5,E,BD,0
5/6/2020,15:19,Wednesday,WILSON STATION,MUATC,3,5,S,YU,6066
5/6/2020,15:24,Wednesday,DONLANDS STATION,MUNOA,5,10,W,BD,0
5/6/2020,15:24,Wednesday,DONLANDS STATION,EUSC,0,0,W,BD,5208
5/6/2020,15:55,Wednesday,WILSON STATION,MUNOA,3,5,S,YU,0
5/6/2020,17:01,Wednesday,KING STATION,SUUT,20,23,S,YU,5766
5/6/2020,17:03,Wednesday,SCARBOROUGH CTR STATIO,PREL,0,0,,SRT,0
5/6/2020,17:03,Wednesday,WILSON STATION,MUNOA,3,5,S,YU,0
5/6/2020,17:25,Wednesday,DUFFERIN STATION,SUAP,0,0,,BD,0
5/6/2020,17:33,Wednesday,KENNEDY BD STATION,MUIR,3,5,W,BD,5349
5/6/2020,18:11,Wednesday,NORTH YORK CTR STATION,TUSC,9,12,N,YU,5736
5/6/2020,18:34,Wednesday,ROYAL YORK STATION,PUMEL,0,0,,BD,0
5/6/2020,19:48,Wednesday,SHEPPARD STATION,MUIR,5,8,N,YU,6026
5/6/2020,19:55,Wednesday,DAVISVILLE STATION,EUSC,0,0,N,YU,6011
5/6/2020,20:02,Wednesday,DAVISVILLE STATION,PUTR,0,0,S,YU,5541
5/6/2020,20:10,Wednesday,DAVISVILLE STATION,PUTR,0,0,S,YU,6001
5/6/2020,20:13,Wednesday,DAVISVILLE STATION,PUTR,0,0,S,YU,5516
5/6/2020,20:14,Wednesday,BROADVIEW STATION,SUDP,9,13,E,BD,5198
5/6/2020,21:07,Wednesday,PIONEER VILLAGE STATIO,MUIS,0,0,,35 JANE,3330
5/6/2020,21:26,Wednesday,YORK MILLS STATION,TUSC,0,0,N,YU,5411
5/6/2020,21:39,Wednesday,DUFFERIN STATION,SUDP,3,7,W,BD,5308
5/6/2020,21:53,Wednesday,DAVISVILLE STATION,PUMEL,0,0,,YU,0
5/6/2020,22:00,Wednesday,YONGE-UNIVERSITY & BLO,MUO,0,0,,YU/BD,0
5/6/2020,22:05,Wednesday,OSSINGTON STATION,MUPAA,3,7,E,BD,5203
5/6/2020,22:52,Wednesday,SHEPPARD-YONGE STATION,TUMVS,0,0,E,SHP,6161
5/6/2020,23:59,Wednesday,JANE STATION,TUO,4,9,W,BD,5033
5/6/2020,23:59,Wednesday,VAUGHAN MC STATION,SUDP,0,0,,YU,0
5/7/2020,01:55,Thursday,VAUGHAN MC STATION,MUIS,0,0,,YU,0
5/7/2020,05:14,Thursday,ST CLAIR STATION,MUNOA,3,5,S,YU,0
5/7/2020,05:16,Thursday,ST CLAIR STATION,MUNOA,3,5,S,YU,0
5/7/2020,05:52,Thursday,GREENWOOD STATION,MUNOA,3,5,E,BD,0
5/7/2020,05:54,Thursday,KENNEDY BD STATION,MUNOA,5,10,W,BD,0
5/7/2020,05:57,Thursday,EGLINTON STATION,PUTO,9,13,N,YU,5531
5/7/2020,06:00,Thursday,ST CLAIR STATION,MUNOA,3,5,S,YU,0
5/7/2020,06:01,Thursday,WILSON STATION,MUNOA,3,5,S,YU,0
5/7/2020,06:13,Thursday,WILSON STATION,MUNOA,3,5,S,YU,0
5/7/2020,06:26,Thursday,SHEPPARD WEST STATION,MUNOA,4,8,N,YU,0
5/7/2020,06:27,Thursday,ST CLAIR STATION,MUNOA,3,5,S,YU,0
5/7/2020,06:28,Thursday,SHEPPARD WEST STATION,MUNOA,4,8,N,YU,0
5/7/2020,06:29,Thursday,DONLANDS STATION,MUNOA,3,5,W,BD,0
5/7/2020,06:33,Thursday,GREENWOOD STATION,MUNOA,3,5,E,BD,0
5/7/2020,06:37,Thursday,EGLINTON STATION,MUNOA,4,8,N,YU,0
5/7/2020,06:38,Thursday,GREENWOOD STATION,MUNOA,3,5,E,BD,0
5/7/2020,06:57,Thursday,GREENWOOD STATION,MUNOA,3,5,E,BD,0
5/7/2020,07:09,Thursday,WILSON STATION,MUNOA,3,5,S,YU,0
5/7/2020,07:11,Thursday,GREENWOOD STATION,MUNOA,3,5,E,BD,0
5/7/2020,07:34,Thursday,MAIN STREET STATION,MUIR,3,5,E,BD,5319
5/7/2020,07:39,Thursday,WILSON STATION,MUNOA,3,5,S,YU,0
5/7/2020,07:47,Thursday,SPADINA BD STATION,MUIRS,0,0,,BD,0
5/7/2020,08:30,Thursday,PAPE STATION,EUAC,3,5,E,BD,5307
5/7/2020,10:49,Thursday,KEELE STATION,PUSO,5,8,E,BD,5113
5/7/2020,11:42,Thursday,KIPLING STATION,SUDP,3,5,E,BD,5267
5/7/2020,12:26,Thursday,DAVISVILLE STATION,PUSTS,4,7,S,YU,5591
5/7/2020,12:30,Thursday,ST GEORGE YUS STATION,SUDP,3,6,N,YU,5791
5/7/2020,14:12,Thursday,VICTORIA PARK STATION,PUSNT,0,0,W,BD,5295
5/7/2020,14:19,Thursday,COXWELL STATION,MUNOA,3,5,E,BD,0
5/7/2020,14:28,Thursday,COXWELL STATION,MUNOA,3,5,E,BD,0
5/7/2020,14:48,Thursday,COXWELL STATION,MUNOA,3,5,E,BD,0
5/7/2020,15:24,Thursday,DONLANDS STATION,MUNOA,5,10,W,BD,0
5/7/2020,15:58,Thursday,QUEEN STATION,MUATC,3,5,S,YU,5871
5/7/2020,15:58,Thursday,UNION STATION,SUO,0,0,,YU,0
5/7/2020,16:38,Thursday,SHERBOURNE STATION,SUDP,0,0,,BD,0
5/7/2020,16:50,Thursday,VICTORIA PARK STATION,MUIS,0,0,,BD,0
5/7/2020,17:15,Thursday,YORKDALE STATION,MUIRS,0,0,,YU,0
5/7/2020,17:16,Thursday,GLENCAIRN STATION,MUIR,18,20,N,YU,5651
5/7/2020,17:28,Thursday,KENNEDY BD STATION,SUDP,4,8,W,BD,5198
5/7/2020,17:52,Thursday,EGLINTON STATION,SUAP,0,0,,YU,0
5/7/2020,18:06,Thursday,DAVISVILLE STATION,PUSTS,0,0,S,YU,5491
5/7/2020,20:11,Thursday,LANSDOWNE STATION,SUDP,0,0,W,BD,5335
5/7/2020,20:26,Thursday,ST GEORGE YUS STATION,MUATC,6,8,S,YU,5601
5/7/2020,21:22,Thursday,SPADINA BD STATION,MUIRS,0,0,E,BD,0
5/7/2020,21:33,Thursday,SHEPPARD STATION,SUDP,0,0,N,YU,5711
5/7/2020,22:00,Thursday,YONGE-UNIVERSITY AND B,MUO,0,0,,YU/BD,0
5/8/2020,00:32,Friday,EGLINTON STATION,SUDP,6,11,S,YU,5773
5/8/2020,05:14,Friday,WILSON STATION,MUNOA,4,8,S,YU,0
5/8/2020,05:16,Friday,WILSON STATION,MUNOA,4,8,S,YU,0
5/8/2020,05:43,Friday,LESLIE STATION,TUO,7,12,E,SHP,6186
5/8/2020,05:52,Friday,GREENWOOD STATION,MUNOA,3,5,E,BD,0
5/8/2020,05:54,Friday,KENNEDY BD STATION,MUNOA,5,10,W,BD,0
5/8/2020,06:00,Friday,DAVISVILLE STATION,MUNOA,4,8,N,YU,0
5/8/2020,06:01,Friday,WILSON STATION,MUNOA,4,8,S,YU,0
5/8/2020,06:08,Friday,SUMMERHILL STATION,MUO,110,115,S,YU,5516
5/8/2020,06:11,Friday,WILSON STATION,MUNOA,4,8,S,YU,0
5/8/2020,06:24,Friday,SHEPPARD WEST STATION,MUNOA,4,8,S,YU,0
5/8/2020,06:27,Friday,WILSON STATION,MUNOA,4,8,S,YU,0
5/8/2020,06:29,Friday,DONLANDS STATION,MUNOA,3,5,W,BD,0
5/8/2020,06:32,Friday,DAVISVILLE STATION,MUNOA,4,8,N,YU,0
5/8/2020,06:33,Friday,GREENWOOD STATION,MUNOA,3,5,E,BD,0
5/8/2020,06:38,Friday,GREENWOOD STATION,MUNOA,3,5,E,BD,0
5/8/2020,06:57,Friday,GREENWOOD STATION,MUNOA,3,5,E,BD,0
5/8/2020,07:08,Friday,WILSON STATION,MUNOA,4,8,S,YU,0
5/8/2020,07:11,Friday,GREENWOOD STATION,MUNOA,3,5,E,BD,0
5/8/2020,07:39,Friday,WILSON STATION,MUNOA,4,8,S,YU,0
5/8/2020,08:25,Friday,DON MILLS STATION,MUSAN,10,15,W,SHP,6161
5/8/2020,08:44,Friday,WARDEN STATION,MUDD,3,5,W,BD,5067
5/8/2020,08:46,Friday,DUPONT STATION,PUMO,0,0,,YU,0
5/8/2020,09:02,Friday,QUEEN STATION,MUATC,6,9,S,YU,6016
5/8/2020,09:20,Friday,ISLINGTON STATION,PUMEL,0,0,,BD,0
5/8/2020,10:24,Friday,HIGH PARK STATION,MUPAA,5,8,E,BD,5019
5/8/2020,10:47,Friday,COLLEGE STATION,TUOS,0,0,N,YU,7011
5/8/2020,12:03,Friday,BLOOR STATION,MUSC,0,0,S,YU,5966
5/8/2020,12:37,Friday,BLOOR STATION,MUIS,0,0,,YU,0
5/8/2020,14:18,Friday,COXWELL STATION,MUNOA,3,5,E,BD,0
5/8/2020,14:28,Friday,COXWELL STATION,MUNOA,3,5,E,BD,0
5/8/2020,14:48,Friday,COXWELL STATION,MUNOA,3,5,E,BD,0
5/8/2020,15:00,Friday,SHEPPARD STATION,EUSC,0,0,N,YU,5766
5/8/2020,15:24,Friday,DONLANDS STATION,MUNOA,3,5,W,BD,0
5/8/2020,15:30,Friday,VICTORIA PARK STATION,SUDP,0,0,,BD,0
5/8/2020,16:16,Friday,ST CLAIR STATION,MUO,446,473,N,YU,5621
5/8/2020,16:44,Friday,DON MILLS STATION,TUMVS,0,0,E,SHP,6196
5/8/2020,16:58,Friday,SPADINA BD STATION,SUROB,0,0,W,BD,0
5/8/2020,18:08,Friday,BLOOR STATION,MUIS,0,0,N,YU,0
5/8/2020,18:58,Friday,SPADINA YUS STATION,SUDP,5,7,N,YU,5761
5/8/2020,19:37,Friday,ST GEORGE YUS STATION,SUDP,4,6,N,YU,5946
5/8/2020,19:38,Friday,WELLESLEY STATION,MUIS,0,0,,YU,0
5/8/2020,20:01,Friday,CHESTER STATION,SUDP,5,8,W,BD,5205
5/8/2020,20:06,Friday,OSSINGTON STATION,TUCC,0,0,E,BD,5068
5/8/2020,22:00,Friday,YONGE-UNIVERSITY AND B,MUO,0,0,,YU / BD,0
5/9/2020,00:12,Saturday,ST CLAIR STATION,MUIS,0,0,,YU,0
5/9/2020,01:32,Saturday,BLOOR STATION,PUTO,10,15,N,YU,5751
5/9/2020,01:35,Saturday,WELLESLEY STATION,MUIS,0,0,,YU,0
5/9/2020,02:32,Saturday,SHEPPARD-YONGE STATION,TUMVS,0,0,W,SHP,6191
5/9/2020,05:46,Saturday,EGLINTON STATION,TUNOA,5,0,N,YU,0
5/9/2020,05:51,Saturday,DAVISVILLE STATION,MUNOA,5,10,N,YU,0
5/9/2020,05:57,Saturday,GREENWOOD STATION,MUNOA,4,8,E,BD,0
5/9/2020,05:57,Saturday,ST PATRICK STATION,MUNOA,10,0,S,YU,0
5/9/2020,06:01,Saturday,KEELE STATION,MUNOA,4,8,W,BD,0
5/9/2020,06:06,Saturday,DAVISVILLE STATION,MUNOA,5,10,N,YU,0
5/9/2020,06:33,Saturday,SHEPPARD WEST STATION,MUNOA,5,10,N,YU,0
5/9/2020,08:09,Saturday,COLLEGE STATION,MUPAA,0,0,S,YU,5711
5/9/2020,09:19,Saturday,OLD MILL STATION,MUI,18,23,E,BD,5120
5/9/2020,09:36,Saturday,DUNDAS STATION,SUDP,0,0,N,YU,6061
5/9/2020,10:29,Saturday,BROADVIEW STATION,SUDP,3,8,E,BD,5104
5/9/2020,10:56,Saturday,BROADVIEW STATION,SUUT,44,49,W,BD,5342
5/9/2020,11:05,Saturday,WILSON STATION,MUNOA,4,8,S,YU,0
5/9/2020,11:08,Saturday,DAVISVILLE STATION,MUNOA,4,8,N,YU,0
5/9/2020,11:20,Saturday,WILSON STATION,MUNOA,4,8,S,YU,0
5/9/2020,11:31,Saturday,WILSON STATION,MUNOA,4,8,S,YU,0
5/9/2020,12:11,Saturday,SPADINA YUS STATION,MUI,13,18,N,YU,5626
5/9/2020,12:29,Saturday,EGLINTON STATION,SUDP,17,20,S,YU,5956
5/9/2020,13:37,Saturday,LAWRENCE WEST STATION,SUDP,0,0,S,YU,5831
5/9/2020,13:49,Saturday,WARDEN STATION,SUDP,0,0,E,BD,5182
5/9/2020,14:02,Saturday,VICTORIA PARK STATION,MUIS,0,0,,BD,0
5/9/2020,14:44,Saturday,QUEEN STATION,MUO,26,30,N,YU,5491
5/9/2020,15:32,Saturday,VAUGHAN MC STATION,TUNOA,3,5,S,YU,0
5/9/2020,15:33,Saturday,OSGOODE STATION,SUDP,0,0,S,YU,5666
5/9/2020,16:06,Saturday,EGLINTON WEST STATION,MUPAA,0,0,N,YU,5681
5/9/2020,16:40,Saturday,ST GEORGE BD STATION,PUTDN,25,30,W,BD,5237
5/9/2020,17:29,Saturday,HIGH PARK STATION,SUDP,4,8,W,BD,5067
5/9/2020,17:46,Saturday,ROYAL YORK STATION,MUPAA,0,0,E,BD,5351
5/9/2020,18:00,Saturday,VAUGHAN MC STATION,TUNOA,3,5,S,YU,0
5/9/2020,18:17,Saturday,BLOOR STATION,MUPAA,4,7,N,YU,5546
5/9/2020,18:53,Saturday,FINCH STATION,MUSC,3,6,S,YU,5741
5/9/2020,20:13,Saturday,QUEEN'S PARK STATION,SUDP,4,9,N,YU,5436
5/9/2020,22:00,Saturday,YONGE-UNIVERSITY AND B,MUO,0,0,,YU / BD,0
5/9/2020,23:40,Saturday,BLOOR TO EGLINTON,MUO,0,0,S,YU,5661
5/10/2020,00:19,Sunday,GREENWOOD CARHOUSE,MUIE,0,0,,BD,0
5/10/2020,01:45,Sunday,MAIN STREET STATION,SUAE,0,0,,BD,0
5/10/2020,07:42,Sunday,DONLANDS STATION,EUME,0,0,W,BD,5205
5/10/2020,07:46,Sunday,DAVISVILLE YARD,PUSWZ,0,0,,YU,86
5/10/2020,08:00,Sunday,YONGE-UNIVERSITY LINE,MUO,0,0,,YU,0
5/10/2020,08:03,Sunday,FINCH STATION,TUSC,0,0,S,YU,5741
5/10/2020,09:58,Sunday,VAUGHAN MC STATION,TUNIP,3,8,S,YU,5466
5/10/2020,10:03,Sunday,BLOOR STATION,SUO,3,8,S,YU,5921
5/10/2020,10:09,Sunday,KIPLING STATION,TUMVS,0,0,W,BD,5257
5/10/2020,12:55,Sunday,WILSON STATION,MUIS,0,0,,YU,0
5/10/2020,14:01,Sunday,FINCH STATION,SUAP,3,9,S,YU,5761
5/10/2020,14:33,Sunday,YORKDALE STATION,SUDP,3,8,S,YU,5451
5/10/2020,15:24,Sunday,YONGE BD STATION,PUMEL,0,0,,BD,0
5/10/2020,17:14,Sunday,MCCOWAN STATION,TRNIP,0,0,W,SRT,3010
5/10/2020,17:15,Sunday,SHERBOURNE STATION,TUNCA,0,0,,BD,0
5/10/2020,18:12,Sunday,DUFFERIN STATION,MUD,3,7,E,BD,5120
5/10/2020,18:34,Sunday,ST GEORGE YUS STATION,MUI,5,10,S,YU,5576
5/10/2020,19:09,Sunday,LAWRENCE AND YONGE,MUIS,0,0,N,YU,0
5/10/2020,19:13,Sunday,ST GEORGE BD STATION,SUDP,7,11,W,BD,5028
5/10/2020,19:53,Sunday,NORTH YORK CTR STATION,EUSC,0,0,N,YU,5766
5/10/2020,20:29,Sunday,LAWRENCE STATION,MUSC,0,0,S,YU,5741
5/10/2020,20:50,Sunday,BLOOR STATION,SUDP,3,8,N,YU,6136
5/10/2020,21:50,Sunday,WELLESLEY STATION,MUIRS,0,0,N,YU,0
5/10/2020,22:00,Sunday,YONGE- UNIVERSITY AND,MUO,0,0,,YU/BD,0
5/10/2020,22:07,Sunday,SHEPPARD-YONGE STATION,TUSC,0,0,E,SHP,6191
5/10/2020,22:54,Sunday,YORK UNIVERSITY STATIO,SUDP,3,8,N,YU,5551
5/10/2020,23:46,Sunday,SHEPPARD STATION,EUSC,0,0,N,YU,5766
5/11/2020,00:20,Monday,ST CLAIR STATION,MUO,5,11,N,YU,5576
5/11/2020,00:48,Monday,LAWRENCE WEST STATION,MUPAA,0,0,N,YU,5676
5/11/2020,01:13,Monday,BAYVIEW STATION,MUSC,0,0,W,SHP,6156
5/11/2020,02:34,Monday,KENNEDY BD STATION,SUG,0,0,,BD,5115
5/11/2020,05:37,Monday,FINCH STATION,TUSC,0,0,S,YU,6101
5/11/2020,06:04,Monday,YORK MILLS STATION,EUNT,3,8,N,YU,5511
5/11/2020,06:07,Monday,EGLINTON STATION,TUNIP,5,10,N,YU,5486
5/11/2020,06:11,Monday,WILSON STATION,TUNIP,4,7,S,YU,5786
5/11/2020,06:12,Monday,WILSON STATION,TUNIP,4,8,S,YU,6056
5/11/2020,06:26,Monday,JANE STATION,SUO,0,0,,BD,0
5/11/2020,06:38,Monday,FINCH STATION,EUSC,3,8,S,YU,5676
5/11/2020,06:40,Monday,COLLEGE STATION,MUPAA,3,8,N,YU,5911
5/11/2020,06:55,Monday,ST CLAIR STATION,EUDO,5,8,S,YU,5676
5/11/2020,07:30,Monday,DAVISVILLE STATION,EUO,3,6,S,YU,5846
5/11/2020,10:09,Monday,VICTORIA PARK STATION,SUCOL,0,0,E,BD,5120
5/11/2020,13:58,Monday,VAUGHAN MC STATION,MUIS,0,0,,YU,0
5/11/2020,14:46,Monday,ST GEORGE BD STATION,MUIS,0,0,,BD,0
5/11/2020,15:24,Monday,BLOOR STATION,SUDP,3,6,S,YU,5481
5/11/2020,15:46,Monday,KING STATION,MUIS,0,0,S,YU,6116
5/11/2020,15:46,Monday,SHEPPARD WEST STATION,MUSAN,3,6,S,YU,5831
5/11/2020,16:35,Monday,ROSEDALE STATION,MUSAN,3,5,S,YU,5876
5/11/2020,17:45,Monday,ST GEORGE BD STATION,PUMEL,0,0,,BD,0
5/11/2020,18:08,Monday,LAWRENCE STATION,MUSC,3,6,S,YU,5866
5/11/2020,20:30,Monday,DUNDAS STATION,SUAP,7,10,S,YU,6031
5/11/2020,22:00,Monday,YONGE-UNIVERSITY AND B,MUO,0,0,,YU/BD,0
5/11/2020,22:57,Monday,ST CLAIR STATION,MUSC,0,0,S,YU,6031
5/11/2020,23:00,Monday,QUEEN STATION,MUIRS,0,0,,YU,0
5/11/2020,23:00,Monday,ST CLAIR TO UNION STAT,MUO,0,0,N,YU,5516
5/12/2020,00:03,Tuesday,ST GEORGE YUS STATION,SUDP,5,10,N,YU,5571
5/12/2020,00:10,Tuesday,DON MILLS STATION,TUSC,0,0,E,SHP,6186
5/12/2020,00:42,Tuesday,FINCH STATION,MUI,5,10,S,YU,5636
5/12/2020,00:58,Tuesday,YONGE STATION,SUDP,0,0,E,BD,5129
5/12/2020,01:02,Tuesday,EGLINTON STATION,MUIS,0,0,,YU,0
5/12/2020,01:31,Tuesday,BROADVIEW STATION,SUUT,0,0,E,BD,5287
5/12/2020,02:12,Tuesday,KIPLING STATION,MUIS,0,0,,BD,0
5/12/2020,05:55,Tuesday,EGLINTON STATION,MUO,5,10,N,YU,5771
5/12/2020,05:59,Tuesday,CHRISTIE STATION,TUMVS,0,0,E,BD,5181
5/12/2020,07:08,Tuesday,ROSEDALE STATION,PUSTC,8,11,N,YU,5801
5/12/2020,07:13,Tuesday,FINCH STATION,MUSC,0,0,S,YU,5586
5/12/2020,07:20,Tuesday,BLOOR STATION,TUSC,8,11,N,YU,5801
5/12/2020,07:43,Tuesday,BLOOR STATION,PUSTC,0,0,N,YU,5966
5/12/2020,07:52,Tuesday,LAWRENCE STATION,MUSC,0,0,N,YU,5816
5/12/2020,09:15,Tuesday,BLOOR STATION,PUSTC,3,6,N,YU,5521
5/12/2020,09:43,Tuesday,FINCH STATION,MUPAA,0,0,N,YU,5521
5/12/2020,10:12,Tuesday,SHEPPARD STATION,MUPAA,0,0,S,YU,5911
5/12/2020,10:45,Tuesday,BROADVIEW STATION,PUSWZ,5,8,E,BD,5059
5/12/2020,11:27,Tuesday,ROSEDALE STATION,SUO,4,7,N,YU,5861
5/12/2020,15:54,Tuesday,WARDEN STATION,SUAP,3,6,E,BD,5059
5/12/2020,15:56,Tuesday,WARDEN STATION,SUAP,0,0,W,BD,5314
5/12/2020,16:15,Tuesday,SPADINA BD STATION,PUMEL,0,0,,BD,0
5/12/2020,16:59,Tuesday,DUNDAS STATION,EUSC,0,0,N,YU,5871
5/12/2020,17:45,Tuesday,DUNDAS WEST STATION,MUIRS,0,0,E,BD,0
5/12/2020,18:27,Tuesday,LAWRENCE STATION,MUSC,0,0,N,YU,5746
5/12/2020,18:35,Tuesday,EGLINTON STATION,MUIS,0,0,,YU,0
5/12/2020,18:53,Tuesday,ST GEORGE BD STATION,MUIS,0,0,,BD,0
5/12/2020,19:24,Tuesday,WELLESLEY STATION,MUIS,0,0,,YU,0
5/12/2020,20:46,Tuesday,NORTH YORK CTR STATION,MUSC,0,0,N,YU,5631
5/12/2020,21:07,Tuesday,BLOOR STATION,MUPAA,0,0,S,YU,5561
5/12/2020,21:18,Tuesday,ST ANDREW STATION,MUPAA,0,0,N,YU,5561
5/12/2020,22:00,Tuesday,YONGE-UNIVERSITY AND B,MUO,0,0,,YU/BD,0
5/12/2020,23:02,Tuesday,SPADINA BD STATION,SUDP,4,10,W,BD,5314
5/12/2020,23:26,Tuesday,SPADINA BD STATION,MUD,3,9,E,BD,5275
5/13/2020,00:07,Wednesday,BAYVIEW STATION,MUSC,0,0,W,SHP,6156
5/13/2020,01:50,Wednesday,YONGE BD STATION,SUUT,0,0,W,BD,5110
5/13/2020,06:23,Wednesday,DONLANDS STATION,PUSTS,50,55,E,BD,5236
5/13/2020,08:04,Wednesday,FINCH STATION,TUSC,6,9,S,YU,5676
5/13/2020,08:12,Wednesday,SPADINA YUS STATION,MUPAA,0,0,S,YU,5791
5/13/2020,09:21,Wednesday,SHEPPARD WEST STATION,MUPLC,0,0,,YU,0
5/13/2020,09:50,Wednesday,ROYAL YORK STATION,EUDO,6,9,E,BD,5316
5/13/2020,11:06,Wednesday,FINCH STATION,PUMEL,0,0,,YU,0
5/13/2020,14:26,Wednesday,DAVISVILLE STATION,PUSTS,0,0,N,YU,6016
5/13/2020,14:33,Wednesday,DUNDAS WEST STATION,MUIRS,0,0,W,BD,0
5/13/2020,15:03,Wednesday,WELLESLEY STATION,MUI,29,32,N,YU,5681
5/13/2020,15:35,Wednesday,DAVISVILLE STATION,PUSTS,0,0,N,YU,6021
5/13/2020,15:52,Wednesday,SHEPPARD-YONGE STATION,MUIS,0,0,,SHP,0
5/13/2020,16:24,Wednesday,SHEPPARD STATION,SUAP,3,6,N,YU,5841
5/13/2020,16:25,Wednesday,SHERBOURNE STATION,MUSAN,4,7,E,BD,5166
5/13/2020,16:56,Wednesday,YONGE BD STATION,MUIS,0,0,,BD,0
5/13/2020,17:35,Wednesday,BAY STATION,SUAE,0,0,,BD,0
5/13/2020,18:13,Wednesday,BAY STATION,MUNCA,0,0,,BD,0
5/13/2020,19:19,Wednesday,BLOOR STATION,MUIS,0,0,,YU,0
5/13/2020,19:47,Wednesday,QUEEN STATION,MUO,3,6,N,YU,5966
5/13/2020,20:12,Wednesday,KENNEDY SRT STATION,ERTC,5,10,N,SRT,3015
5/13/2020,20:57,Wednesday,OSSINGTON STATION,MUIE,0,0,,BD,0
5/13/2020,21:06,Wednesday,KENNEDY SRT STATION,ERTC,9,14,N,SRT,3015
5/13/2020,21:30,Wednesday,NORTH YORK CTR STATION,MUIS,0,0,,YU,0
5/13/2020,21:34,Wednesday,EGLINTON STATION,EUSC,0,0,N,YU,5406
5/13/2020,22:00,Wednesday,YONGE-UNIVERSITY AND B,MUO,0,0,,YU/BD,0
5/13/2020,22:04,Wednesday,DUNDAS STATION,SUPOL,3,8,N,YU,5826
5/13/2020,22:12,Wednesday,OSSINGTON STATION,MUNCA,0,0,,BD,0
5/13/2020,22:23,Wednesday,WARDEN STATION,MUIRS,0,0,,BD,0
5/13/2020,23:03,Wednesday,KENNEDY BD STATION,TUCC,0,0,E,BD,5074
5/14/2020,00:09,Thursday,YORKDALE STATION,SUUT,8,13,S,YU,5861
5/14/2020,00:26,Thursday,UNION STATION,MUIS,0,0,,YU,0
5/14/2020,02:13,Thursday,ROYAL YORK STATION,MUIS,0,0,,BD,0
5/14/2020,05:31,Thursday,YORK MILLS STATION,TUMVS,0,0,S,YU,0
5/14/2020,07:05,Thursday,QUEEN'S PARK STATION,SUDP,0,0,N,YU,5696
5/14/2020,07:30,Thursday,BROADVIEW STATION,MUTO,3,6,E,BD,5307
5/14/2020,07:35,Thursday,BROADVIEW STATION,MUSC,0,0,E,BD,5307
5/14/2020,09:15,Thursday,CHRISTIE STATION,MUSC,0,0,W,BD,5314
5/14/2020,11:06,Thursday,VICTORIA PARK STATION,PUSTS,0,0,W,BD,5332
5/14/2020,11:46,Thursday,YONGE - SHEPPARD (LEAV,MUTD,5,10,E,SHP,6151
5/14/2020,12:29,Thursday,KENNEDY BD STATION,MUSAN,3,6,W,BD,5264
5/14/2020,12:47,Thursday,DAVISVILLE STATION,SUUT,3,6,S,YU,5996
5/14/2020,14:02,Thursday,FINCH STATION,TUNIP,3,6,S,YU,5831
5/14/2020,14:53,Thursday,OSSINGTON STATION,SUAP,0,0,,BD,0
5/14/2020,15:58,Thursday,BROADVIEW STATION,MUIRS,0,0,,BD,0
5/14/2020,16:49,Thursday,DAVISVILLE STATION,TUOS,0,0,N,YU,5861
5/14/2020,17:24,Thursday,OSSINGTON STATION,MUIS,0,0,,BD,0
5/14/2020,17:49,Thursday,SHEPPARD WEST STATION,MUIS,0,0,,YU,0
5/14/2020,17:53,Thursday,FINCH STATION,MUSC,0,0,N,YU,5551
5/14/2020,17:55,Thursday,EGLINTON STATION,TUMVS,7,10,N,YU,5386
5/14/2020,18:00,Thursday,SHERBOURNE STATION,SUO,4,7,W,BD,5028
5/14/2020,18:05,Thursday,SHERBOURNE STATION,SUO,0,0,W,BD,5332
5/14/2020,19:05,Thursday,DUNDAS STATION,TUOS,4,7,N,YU,6111
5/14/2020,20:17,Thursday,CHRISTIE STATION,SUAP,5,11,W,BD,5080
5/14/2020,21:22,Thursday,DONLANDS STATION,MUIS,0,0,,BD,0
5/14/2020,22:00,Thursday,YONGE-UNIVERSITY AND B,MUO,0,0,,YU/BD,0
5/14/2020,23:11,Thursday,FINCH STATION,MUSC,0,0,S,YU,5911
5/14/2020,23:21,Thursday,FINCH WEST STATION,SUDP,4,9,N,YU,6101
5/15/2020,00:08,Friday,SPADINA BD STATION,MUIS,0,0,,BD,0
5/15/2020,00:42,Friday,WARDEN STATION,MUIS,0,0,,BD,0
5/15/2020,03:19,Friday,BLOOR INTERLOCKING,MUIE,0,0,,YU,0
5/15/2020,06:07,Friday,MCCOWAN STATION,ERTC,5,11,S,SRT,3008
5/15/2020,06:31,Friday,FINCH STATION,MUSC,0,0,S,YU,5381
5/15/2020,07:13,Friday,EGLINTON STATION,MUSC,3,6,S,YU,5971
5/15/2020,07:49,Friday,FINCH STATION,TUSC,0,0,N,YU,5941
5/15/2020,07:58,Friday,WILSON YARD,PUMO,0,0,,YU,0
5/15/2020,08:05,Friday,SPADINA BD STATION,SUDP,13,16,W,BD,5152
5/15/2020,08:37,Friday,YORK MILLS STATION,MUSC,0,0,N,YU,5761
5/15/2020,08:38,Friday,BLOOR STATION,SUCOL,0,0,S,YU,5526
5/15/2020,08:40,Friday,YONGE BD STATION,SUCOL,0,0,E,BD,5108
5/15/2020,08:59,Friday,RUNNYMEDE STATION,MUSC,0,0,W,BD,5048
5/15/2020,09:45,Friday,DON MILLS STATION,TUSC,0,0,W,SHP,6156
5/15/2020,10:15,Friday,VICTORIA PARK STATION,TUMVS,0,0,W,BD,5048
5/15/2020,10:53,Friday,SHEPPARD STATION,PUMST,0,0,,SHP,0
5/15/2020,13:46,Friday,OLD MILL STATION,MUSC,0,0,E,BD,5316
5/15/2020,14:23,Friday,FINCH WEST STATION,MUPAA,0,0,N,YU,5641
5/15/2020,14:48,Friday,HIGH PARK STATION,MUIRS,0,0,E,BD,5284
5/15/2020,15:06,Friday,PAPE STATION,SUO,0,0,,BD,0
5/15/2020,15:32,Friday,KIPLING STATION,TUNIP,7,10,E,BD,5123
5/15/2020,15:33,Friday,WELLESLEY STATION,SUDP,6,9,N,YU,6121
5/15/2020,15:36,Friday,JANE STATION,TUO,3,6,E,BD,5123
5/15/2020,17:56,Friday,SCARBOROUGH CTR STATIO,PREL,0,0,,SRT,0
5/15/2020,20:50,Friday,YONGE BD STATION,SUDP,3,9,E,BD,5123
5/15/2020,21:32,Friday,VAUGHAN MC STATION,MUIS,0,0,,YU,0
5/15/2020,21:34,Friday,KIPLING STATION,MUIS,0,0,E,BD,5058
5/15/2020,21:52,Friday,ST CLAIR STATION,MUIS,0,0,,YU,0
5/15/2020,22:00,Friday,YONGE-UNIVERSITY AND B,MUO,0,0,,YU,0
5/15/2020,22:26,Friday,VAUGHAN MC STATION,PUMEL,0,0,,YU,0
5/16/2020,00:13,Saturday,YORK MILLS STATION,TUSC,5,10,N,YU,6121
5/16/2020,00:33,Saturday,EGLINTON STATION,MUPAA,0,0,N,YU,5801
5/16/2020,00:39,Saturday,YONGE BD STATION,MUIRS,0,0,,YU,0
5/16/2020,00:50,Saturday,ST PATRICK STATION,MUIRS,0,0,,BD,0
5/16/2020,01:51,Saturday,ST CLAIR STATION,MUO,3,5,N,YU,6041
5/16/2020,01:51,Saturday,ST CLAIR STATION,MUO,3,5,N,YU,6041
5/16/2020,02:03,Saturday,VAUGHAN MC STATION,MUIS,0,0,,YU,0
5/16/2020,06:19,Saturday,BLOOR STATION,MUPAA,0,0,N,YU,5706
5/16/2020,10:45,Saturday,EGLINTON STATION,SUSA,0,0,,YU,0
5/16/2020,11:13,Saturday,ROYAL YORK STATION,TUSC,0,0,E,YU,5209
5/16/2020,12:01,Saturday,DUFFERIN STATION,SUDP,0,0,,BD,0
5/16/2020,12:36,Saturday,ST CLAIR STATION,EUSC,8,13,S,BD,5811
5/16/2020,13:02,Saturday,ROYAL YORK STATION,TUSC,0,0,E,YU,5209
5/16/2020,13:19,Saturday,ST GEORGE BD STATION,TUMVS,5,9,E,BD,5209
5/16/2020,13:30,Saturday,KEELE STATION,MUNCA,0,0,,BD,0
5/16/2020,13:51,Saturday,COLLEGE STATION,MUPR1,12,17,N,BD,5621
5/16/2020,15:04,Saturday,YORK MILLS STATION,MUSC,0,0,S,YU,5636
5/16/2020,16:56,Saturday,QUEEN STATION,SUDP,7,11,S,YU,5851
5/16/2020,17:14,Saturday,FINCH WEST STATION,MUIRS,0,0,,YU,0
5/16/2020,17:32,Saturday,KIPLING STATION,MUIS,0,0,,YU,0
5/16/2020,18:00,Saturday,KENNEDY BD STATION,MUIS,0,0,,BD,0
5/16/2020,18:23,Saturday,DAVISVILLE STATION,MUNCA,0,0,,BD,0
5/16/2020,19:30,Saturday,NORTH YORK CTR STATION,SUCOL,0,0,S,YU,5541
5/16/2020,20:02,Saturday,HIGH PARK STATION,SUROB,5,10,W,YU,5161
5/16/2020,20:10,Saturday,VAUGHAN MC STATION,SUDP,0,0,,BD,0
5/16/2020,20:45,Saturday,KENNEDY BD STATION,PUMST,0,0,,YU,0
5/16/2020,21:08,Saturday,FINCH STATION,SUAP,0,0,,BD,0
5/16/2020,22:00,Saturday,YONGE-UNIVERSITY AND B,MUO,0,0,,YU,0
5/16/2020,22:27,Saturday,RUNNYMEDE STATION,MUIRS,0,0,W,YU/BD,0
5/16/2020,22:57,Saturday,KIPLING STATION,MUIS,0,0,,BD,0
5/17/2020,01:32,Sunday,YORK MILLS STATION,TUSC,0,0,S,YU,5701
5/17/2020,08:00,Sunday,TORONTO TRANSIT COMMIS,MUO,0,0,,YU/BD,0
5/17/2020,08:00,Sunday,TORONTO TRANSIT COMMIS,MUO,0,0,,SHP,0
5/17/2020,08:00,Sunday,TORONTO TRANSIT COMMIS,MRO,0,0,,SRT,0
5/17/2020,08:08,Sunday,DAVISVILLE STATION,MUSC,0,0,N,YU,5846
5/17/2020,08:40,Sunday,JANE STATION,SUSA,0,0,,BD,0
5/17/2020,10:43,Sunday,CHRISTIE STATION,SUDP,4,8,W,BD,5307
5/17/2020,11:52,Sunday,ISLINGTON STATION,MUD,4,8,W,BD,5118
5/17/2020,12:05,Sunday,BATHURST STATION,PUMEL,0,0,,BD,0
5/17/2020,13:06,Sunday,SHEPPARD STATION,SUDP,3,7,S,YU,5416
5/17/2020,13:27,Sunday,YORK MILLS STATION,TUOS,3,7,S,YU,6126
5/17/2020,14:02,Sunday,DAVISVILLE STATION,PUSTS,0,0,S,YU,5666
5/17/2020,14:03,Sunday,BAY STATION,SUDP,3,7,W,BD,5080
5/17/2020,16:00,Sunday,SHERBOURNE STATION,SUO,3,7,W,BD,5307
5/17/2020,16:17,Sunday,OSSINGTON STATION,MUPAA,0,0,E,BD,5175
5/17/2020,16:52,Sunday,YORK MILLS STATION,SUDP,3,7,N,YU,6016
5/17/2020,17:41,Sunday,EGLINTON STATION,MUPAA,0,0,N,YU,5411
5/17/2020,18:24,Sunday,SHEPPARD-YONGE STATION,PUMEL,0,0,,SHP,0
5/17/2020,18:43,Sunday,OLD MILL STATION,TUMVS,3,7,W,BD,5247
5/17/2020,19:12,Sunday,QUEEN STATION,SUEAS,13,18,S,YU,5666
5/17/2020,19:26,Sunday,FINCH STATION,MUSC,0,0,,YU,5596
5/17/2020,20:21,Sunday,OLD MILL STATION,TUMVS,0,0,W,BD,5044
5/17/2020,20:21,Sunday,ST GEORGE YUS STATION,SUUT,3,8,N,YU,5756
5/17/2020,20:24,Sunday,LAWRENCE STATION,EUSC,0,0,N,YU,5846
5/17/2020,21:50,Sunday,KIPLING STATION,TUO,3,7,W,BD,5044
5/17/2020,21:55,Sunday,JANE STATION,SUDP,0,0,,BD,0
5/17/2020,22:00,Sunday,YONGE-UNIVERSITY AND B,MUO,0,0,,YU/BD,0
5/17/2020,22:02,Sunday,ST ANDREW STATION,SUDP,0,0,S,YU,5436
5/17/2020,22:41,Sunday,KIPLING STATION,MUPAA,3,7,E,BD,5175
5/18/2020,01:35,Monday,COLLEGE STATION,PUSNT,0,0,S,YU,5061
5/18/2020,02:16,Monday,SHEPPARD-YONGE STATION,TUMVS,0,0,W,SHP,6166
5/18/2020,06:05,Monday,VICTORIA PARK STATION,MUSC,0,0,E,BD,5017
5/18/2020,06:07,Monday,ROSEDALE STATION,PUSNT,0,0,N,YU,5976
5/18/2020,07:41,Monday,LAWRENCE STATION,SUDP,4,9,N,YU,5786
5/18/2020,07:54,Monday,YORK MILLS STATION,MUPAA,3,8,N,YU,6016
5/18/2020,08:19,Monday,BLOOR STATION,SUO,0,0,,YU,0
5/18/2020,08:32,Monday,MAIN STREET STATION,SUO,0,0,,BD,0
5/18/2020,10:37,Monday,EGLINTON STATION,MUCL,4,8,N,YU,5801
5/18/2020,11:13,Monday,EGLINTON STATION,MUSC,0,0,N,YU,5876
5/18/2020,13:22,Monday,DUNDAS WEST STATION,TUMVS,0,0,W,BD,5210
5/18/2020,13:48,Monday,LAWRENCE STATION,SUUT,6,10,S,YU,5756
5/18/2020,14:45,Monday,FINCH STATION,EUBO,4,8,S,YU,5916
5/18/2020,15:04,Monday,COLLEGE STATION,TUMVS,0,0,S,YU,6026
5/18/2020,15:41,Monday,CASTLE FRANK STATION,SUDP,9,13,E,BD,5332
5/18/2020,16:05,Monday,KIPLING STATION,SUAE,0,0,,BD,0
5/18/2020,16:18,Monday,KENNEDY BD STATION,MUSC,0,0,E,BD,5172
5/18/2020,16:27,Monday,KENNEDY SRT STATION,SRUT,14,20,N,SRT,3017
5/18/2020,16:59,Monday,MCCOWAN STATION,ERNT,10,15,N,SRT,3008
5/18/2020,18:23,Monday,CASTLE FRANK STATION,TUOS,5,9,E,BD,5180
5/18/2020,20:11,Monday,SHEPPARD-YONGE STATION,TUSC,0,0,E,SHP,6161
5/18/2020,20:59,Monday,BESSARION STATION,MUDD,3,8,E,SHP,6161
5/18/2020,21:20,Monday,JANE STATION,MUIS,0,0,,BD,3341
5/18/2020,22:00,Monday,YONGE-UNIVERSITY AND B,MUO,0,0,,YU/BD,0
5/19/2020,01:01,Tuesday,KENNEDY TO MCCOWAN,ERPR,5,10,N,SRT,3027
5/19/2020,05:24,Tuesday,DON MILLS STATION,PUSO,4,0,W,SHP,6176
5/19/2020,05:31,Tuesday,EGLINTON STATION,SUCOL,0,0,,YU,0
5/19/2020,05:46,Tuesday,KEELE STATION,MUSC,0,0,W,BD,5013
5/19/2020,05:55,Tuesday,CHRISTIE STATION,TUMVS,9,0,W,BD,5232
5/19/2020,05:55,Tuesday,ST GEORGE BD STATION,TUMVS,0,0,W,BD,5232
5/19/2020,05:56,Tuesday,DAVISVILLE STATION,PUTR,0,0,S,YU,5636
5/19/2020,06:31,Tuesday,FINCH STATION,TUSC,0,0,N,YU,5556
5/19/2020,07:12,Tuesday,KENNEDY BD STATION,EUBK,3,5,W,BD,5145
5/19/2020,08:39,Tuesday,KIPLING STATION,SUDP,3,6,E,BD,5126
5/19/2020,08:51,Tuesday,RUNNYMEDE STATION,SUDP,14,17,E,BD,5351
5/19/2020,09:53,Tuesday,LESLIE STATION,TUSC,5,11,W,SHP,6166
5/19/2020,09:57,Tuesday,BLOOR STATION,MUIRS,0,0,,YU,0
5/19/2020,12:01,Tuesday,ROSEDALE STATION,PUSTC,5,8,N,YU,6131
5/19/2020,12:06,Tuesday,WELLESLEY STATION,SUDP,3,6,S,YU,5446
5/19/2020,13:21,Tuesday,ROSEDALE STATION,PUSWZ,3,6,N,YU,5921
5/19/2020,15:20,Tuesday,SHERBOURNE STATION,SUDP,13,16,W,BD,5139
5/19/2020,15:25,Tuesday,OLD MILL STATION,PUSRA,6,9,E,BD,5349
5/19/2020,17:48,Tuesday,COXWELL STATION,TUMVS,4,7,E,BD,5299
5/19/2020,18:34,Tuesday,COLLEGE STATION,TUOS,0,0,S,YU,5776
5/19/2020,18:38,Tuesday,FINCH WEST STATION,EUATC,39,42,S,YU,5941
5/19/2020,18:47,Tuesday,FINCH STATION,MUIS,0,0,,YU,0
5/19/2020,19:12,Tuesday,SUMMERHILL STATION,PUTDN,5,8,N,YU,5631
5/19/2020,20:32,Tuesday,SHEPPARD-YONGE STATION,SUDP,3,8,W,SHP,5191
5/19/2020,21:25,Tuesday,YORK MILLS STATION,SUROB,0,0,,YU,0
5/19/2020,22:00,Tuesday,YONGE-UNIVERSITY AND B,MUO,0,0,,YU/BD,0
5/19/2020,22:33,Tuesday,BAY STATION,SUDP,0,0,,BD,0
5/19/2020,23:55,Tuesday,EGLINTON STATION,MUIS,0,0,S,YU,0
5/20/2020,00:10,Wednesday,SHEPPARD-YONGE STATION,TUSC,0,0,E,SHP,6161
5/20/2020,01:01,Wednesday,CHESTER STATION,TUOS,0,0,E,BD,5034
5/20/2020,01:50,Wednesday,BLOOR STATION,MUIS,0,0,,YU,0
5/20/2020,05:38,Wednesday,EGLINTON STATION,MUO,5,0,N,YU,5771
5/20/2020,05:42,Wednesday,WILSON STATION,SUDP,6,0,S,YU,5751
5/20/2020,07:20,Wednesday,FINCH WEST STATION,MUPAA,0,0,N,YU,5911
5/20/2020,07:20,Wednesday,YORK UNIVERSITY STATIO,EUBK,4,7,S,YU,6121
5/20/2020,07:42,Wednesday,KENNEDY SRT STATION,ERTC,5,10,N,SRT,3015
5/20/2020,07:59,Wednesday,MCCOWAN STATION,ERCD,5,10,N,SRT,3015
5/20/2020,08:33,Wednesday,BROADVIEW STATION,SUDP,4,7,E,BD,5229
5/20/2020,08:45,Wednesday,COXWELL STATION,MUIS,0,0,E,BD,5210
5/20/2020,09:45,Wednesday,WILSON CAR HOUSE,MUO,0,0,,YU,0
5/20/2020,10:55,Wednesday,COXWELL TO KENNEDY STA,TUS,3,6,E,BD,5228
5/20/2020,11:45,Wednesday,YORK UNIVERSITY STATIO,EUBK,4,7,N,YU,5951
5/20/2020,12:17,Wednesday,SPADINA STATION YUS,MUIS,0,0,,YU,0
5/20/2020,12:40,Wednesday,VAUGHAN MC STATION,MUCL,0,0,S,YU,0
5/20/2020,14:13,Wednesday,BAY STATION,MUIS,0,0,,BD,0
5/20/2020,15:00,Wednesday,HIGH PARK STATION,PUMST,0,0,,BD,0
5/20/2020,15:17,Wednesday,VAUGHAN MC STATION,MUATC,0,0,S,YU,5661
5/20/2020,15:45,Wednesday,ROSEDALE STATION,EUSC,6,9,S,YU,5431
5/20/2020,15:55,Wednesday,ST ANDREW STATION,SUO,3,6,N,YU,6096
5/20/2020,15:57,Wednesday,PAPE STATION,PUMEL,0,0,,BD,0
5/20/2020,16:47,Wednesday,OLD MILL STATION,MUPR1,116,119,E,BD,5267
5/20/2020,16:57,Wednesday,VICTORIA PARK STATION,TUMVS,5,8,W,BD,5284
5/20/2020,17:04,Wednesday,WOODBINE STATION,MUO,3,6,W,BD,5284
5/20/2020,17:10,Wednesday,FINCH STATION,TUO,3,6,S,YU,6051
5/20/2020,17:22,Wednesday,ISLINGTON STATION,SUAP,0,0,,,0
5/20/2020,17:37,Wednesday,VAUGHAN MC STATION,MUIS,0,0,,YU,0
5/20/2020,17:47,Wednesday,YONGE BD STATION,TUS,6,9,E,BD,5135
5/20/2020,18:22,Wednesday,VICTORIA PARK STATION,PUSTC,3,6,E,BD,5105
5/20/2020,18:23,Wednesday,UNION STATION,MUPAA,0,0,S,YU,5591
5/20/2020,18:39,Wednesday,GLENCAIRN STATION,SUAP,6,9,N,YU,6046
5/20/2020,20:06,Wednesday,KIPLING STATION,MUPAA,0,0,W,BD,5175
5/20/2020,20:42,Wednesday,WARDEN STATION,MUPAA,3,9,W,BD,5068
5/20/2020,21:05,Wednesday,VAUGHAN MC STATION,MUO,6,11,S,YU,6021
5/20/2020,22:00,Wednesday,YONGE-UNIVERSITY & BLO,MUO,0,0,,YU/BD,0
5/20/2020,23:04,Wednesday,DUFFERIN STATION,SUO,0,0,W,,0
5/21/2020,00:01,Thursday,WARDEN STATION,EUNT,6,12,W,BD,5031
5/21/2020,01:49,Thursday,DON MILLS STATION,TUMVS,0,0,E,SHP,6186
5/21/2020,02:16,Thursday,SHEPPARD WEST STATION,SUDP,0,0,,YU,0
5/21/2020,03:24,Thursday,SHERBOURNE STATION,PUEO,0,0,,BD,0
5/21/2020,04:44,Thursday,HIGH PARK STATION,SUCOL,0,0,,BD,0
5/21/2020,05:38,Thursday,KENNEDY BD STATION,EUBK,5,10,W,BD,5242
5/21/2020,07:19,Thursday,QUEEN STATION,MUSC,0,0,N,YU,6021
5/21/2020,07:34,Thursday,KENNEDY SRT STATION,SRO,4,9,N,SRT,3025
5/21/2020,08:34,Thursday,UNION STATION,MUTO,4,7,N,YU,5431
5/21/2020,09:44,Thursday,BROADVIEW STATION,SUDP,4,7,E,BD,5082
5/21/2020,09:49,Thursday,QUEEN STATION,MUATC,8,11,S,YU,6061
5/21/2020,10:49,Thursday,ROSEDALE STATION,MUPLB,17,20,N,YU,6041
5/21/2020,11:26,Thursday,EGLINTON STATION,MUATC,12,15,N,YU,5746
5/21/2020,12:20,Thursday,DAVISVILLE CARHOUSE,MUIE,0,0,,YU,0
5/21/2020,12:46,Thursday,DON MILLS STATION,SUAP,3,8,W,SHP,6166
5/21/2020,13:01,Thursday,KENNEDY SRT STATION,SRUT,10,15,S,SRT,3014
5/21/2020,13:25,Thursday,UNION STATION,SUO,18,21,N,YU,5481
5/21/2020,13:46,Thursday,DUNDAS STATION,MUPAA,0,0,S,YU,5446
5/21/2020,14:09,Thursday,WARDEN STATION,MUPAA,0,0,W,BD,5123
5/21/2020,14:52,Thursday,YORK MILLS STATION,TUSC,0,0,S,YU,5696
5/21/2020,15:59,Thursday,SHEPPARD WEST STATION,PUMEL,0,0,,YU,0
5/21/2020,17:58,Thursday,KEELE STATION,PUSTS,5,8,E,BD,5133
5/21/2020,18:00,Thursday,VICTORIA PARK STATION,SUCOL,0,0,W,BD,5280
5/21/2020,18:35,Thursday,MAIN STREET STATION,MUIS,0,0,W,BD,0
5/21/2020,18:46,Thursday,ST GEORGE BD STATION,EUDO,3,6,E,BD,5044
5/21/2020,19:02,Thursday,SPADINA BD STATION,MUIRS,3,6,W,BD,5351
5/21/2020,19:36,Thursday,SPADINA YUS STATION,MUPAA,0,0,N,YU,5431
5/21/2020,20:01,Thursday,QUEEN STATION,EUATC,5,8,S,YU,5721
5/21/2020,20:04,Thursday,VAUGHAN MC STATION,MUO,17,20,S,YU,6001
5/21/2020,20:55,Thursday,QUEEN STATION,SUUT,5,10,N,YU,5686
5/21/2020,21:45,Thursday,PAPE STATION,MUSAN,6,12,E,BD,5187
5/21/2020,22:00,Thursday,YONGE-UNIVERSITY/BLOOR,MUO,0,0,,YU/BD,0
5/21/2020,22:33,Thursday,SPADINA YUS STATION,SUO,0,0,N,YU,6006
5/21/2020,22:35,Thursday,SPADINA BD STATION,SUAP,0,0,E,BD,5245
5/21/2020,22:41,Thursday,DUFFERIN STATION,MUIS,0,0,E,BD,0
5/21/2020,22:56,Thursday,ISLINGTON STATION,TUMVS,0,0,W,BD,5245
5/21/2020,23:29,Thursday,BATHURST STATION,MUIS,0,0,,BD,0
5/21/2020,23:55,Thursday,SHEPPARD WEST STATION,SUDP,0,0,N,YU,5701
5/22/2020,01:23,Friday,LESLIE STATION,MUSC,0,0,W,SHP,6146
5/22/2020,05:30,Friday,BROADVIEW STATION,PUTOE,0,0,E,BD,0
5/22/2020,05:38,Friday,EGLINTON STATION,PUTWZ,13,17,N,YU,5846
5/22/2020,05:38,Friday,YORK MILLS STATION,PUTWZ,16,20,N,YU,6061
5/22/2020,05:44,Friday,EGLINTON STATION,PUTWZ,17,21,S,YU,5976
5/22/2020,07:02,Friday,LAWRENCE STATION,MUSC,0,0,N,YU,5406
5/22/2020,07:17,Friday,CHESTER STATION,EUPI,11,14,E,BD,5188
5/22/2020,07:19,Friday,ROYAL YORK STATION,EUSC,0,0,E,BD,5213
5/22/2020,08:12,Friday,DAVISVILLE STATION,PUSI,6,9,S,YU,6041
5/22/2020,09:02,Friday,ROYAL YORK STATION,EUSC,0,0,E,BD,5213
5/22/2020,09:24,Friday,DOWNSVIEW PARK STATION,TUCC,8,11,N,YU,5686
5/22/2020,09:38,Friday,UNION STATION,SUO,0,0,,YU,0
5/22/2020,10:57,Friday,EGLINTON STATION,PUSWZ,5,9,N,YU,6466
5/22/2020,11:04,Friday,ROYAL YORK STATION,MUSC,0,0,W,BD,5222
5/22/2020,11:14,Friday,KENNEDY SRT STATION,ERDB,6,12,N,SRT,3026
5/22/2020,11:55,Friday,KENNEDY SRT STATION,MRO,3,9,N,SRT,3011
5/22/2020,13:00,Friday,RUNNYMEDE STATION,TUS,4,7,E,BD,5168
5/22/2020,13:55,Friday,COXWELL STATION,TUOS,0,0,W,BD,5197
5/22/2020,16:17,Friday,SHEPPARD STATION,SUUT,10,13,N,YU,5716
5/22/2020,16:49,Friday,ISLINGTON STATION,TUMVS,0,0,E,BD,5175
5/22/2020,16:50,Friday,SHEPPARD STATION,MUO,11,14,S,YU,5761
5/22/2020,17:11,Friday,WELLESLEY STATION,TUOS,3,6,S,YU,5996
5/22/2020,17:14,Friday,DUNDAS WEST STATION,TUMVS,0,0,W,BD,5245
5/22/2020,17:16,Friday,LAWRENCE EAST STATION,TRNCA,0,0,,SRT,0
5/22/2020,17:40,Friday,EGLINTON STATION,PUSTS,0,0,S,YU,5951
5/22/2020,18:10,Friday,KENNEDY BD STATION,MUIS,0,0,,BD,0
5/22/2020,19:51,Friday,VAUGHAN MC STATION,EUNT,3,6,S,YU,5621
5/22/2020,20:15,Friday,KIPLING STATION,PUMEL,0,0,,BD,0
5/22/2020,20:19,Friday,KIPLING STATION,MUIS,0,0,,BD,0
5/22/2020,20:22,Friday,KIPLING STATION,MUIS,0,0,,BD,0
5/22/2020,20:51,Friday,CHESTER STATION,MUIS,0,0,,BD,0
5/22/2020,20:53,Friday,UNION STATION,SUDP,9,12,S,YU,5605
5/22/2020,21:58,Friday,DUNDAS WEST STATION,MUIS,0,0,E,BD,5175
5/22/2020,21:58,Friday,FINCH WEST STATION,SUPOL,7,12,S,YU,5606
5/22/2020,22:00,Friday,YONGE-UNIVERSITY AND B,MUO,0,0,,YU/BD,0
5/22/2020,22:35,Friday,VAUGHAN MC STATION,SUDP,0,0,N,YU,6066
5/23/2020,00:26,Saturday,MIDLAND STATION,ERDO,0,0,N,SRT,3003
5/23/2020,00:53,Saturday,ELLESMERE STATION,ERCD,0,0,N,SRT,3003
5/23/2020,01:08,Saturday,DUFFERIN STATION,SUAE,0,0,,BD,0
5/23/2020,01:35,Saturday,WILSON STATION,MUI,0,0,S,YU,6046
5/23/2020,02:10,Saturday,LESLIE STATION,MUSC,0,0,W,SHP,6167
5/23/2020,05:25,Saturday,ISLINGTON STATION,MUNCA,0,0,,BD,0
5/23/2020,06:00,Saturday,EGLINTON TO KING STATI,MUO,0,0,,YU,0
5/23/2020,06:57,Saturday,KENNEDY SRT STATION,ERLV,32,38,N,SRT,3000
5/23/2020,08:54,Saturday,EGLINTON STATION,PUSWZ,14,21,S,YU,5401
5/23/2020,10:34,Saturday,KEELE STATION,MUPAA,0,0,W,BD,5113
5/23/2020,10:47,Saturday,GREENWOOD YARD,PUSSW,4,8,E,BD,5126
5/23/2020,12:09,Saturday,COXWELL STATION,PUSSW,4,8,E,BD,5351
5/23/2020,12:14,Saturday,WARDEN STATION,MUDD,10,14,E,BD,5254
5/23/2020,12:18,Saturday,UNION AND KENNEDY STAT,MUO,0,0,,YU,0
5/23/2020,12:57,Saturday,MAIN STREET STATION,MUIS,0,0,W,BD,0
5/23/2020,13:05,Saturday,COXWELL STATION,PUSSW,4,8,E,BD,5200
5/23/2020,13:09,Saturday,COXWELL STATION,PUSSW,4,8,E,BD,5254
5/23/2020,13:31,Saturday,EGLINTON STATION,MUIS,0,0,,YU,0
5/23/2020,13:31,Saturday,YONGE BD STATION,TUSC,0,0,E,BD,5093
5/23/2020,14:04,Saturday,KENNEDY BD STATION,TUMVS,0,0,E,BD,5247
5/23/2020,15:46,Saturday,KIPLING STATION,TUMVS,0,0,W,BD,5049
5/23/2020,16:16,Saturday,LAWRENCE STATION,MUPR1,130,135,S,YU,5536
5/23/2020,17:40,Saturday,ISLINGTON STATION,SUDP,0,0,,BD,0
5/23/2020,19:26,Saturday,EGLINTON STATION,PUSTS,0,0,S,YU,5401
5/23/2020,20:02,Saturday,VICTORIA PARK STATION,MUPAA,0,0,E,BD,5308
5/23/2020,20:33,Saturday,EGLINTON STATION,SUDP,0,0,,YU,0
5/23/2020,20:53,Saturday,DUFFERIN STATION,SUAE,0,0,,BD,0
5/23/2020,22:00,Saturday,YONGE/UNIVERSITY AND B,MUO,0,0,,YU/BD,0
5/23/2020,22:39,Saturday,KING STATION,PUMEL,0,0,N,YU,0
5/24/2020,05:21,Sunday,KIPLING STATION,MUPLC,0,0,,BD,0
5/24/2020,07:50,Sunday,KEELE STATION,EUOE,13,0,,BD,0
5/24/2020,07:51,Sunday,KIPLING STATION,SUG,5,10,E,BD,5332
5/24/2020,07:56,Sunday,GREENWOOD YARD,MUNOA,5,10,,BD,0
5/24/2020,07:58,Sunday,ST CLAIR STATION,PUSSW,12,0,S,YU,5841
5/24/2020,08:00,Sunday,YONGE-UNIVERSITY LINE,MUO,0,0,,YU,0
5/24/2020,08:25,Sunday,GREENWOOD YARD,MUIE,0,0,,BD,0
5/24/2020,11:13,Sunday,DUFFERIN STATION,SUDP,4,8,W,BD,5280
5/24/2020,15:42,Sunday,KIPLING STATION,SUDP,4,8,E,BD,5263
5/24/2020,16:11,Sunday,MCCOWAN STATION,MRWEA,0,0,,SRT,0
5/24/2020,16:12,Sunday,EGLINTON STATION,MUSC,0,0,S,YU,5806
5/24/2020,16:59,Sunday,LESLIE STATION,TUSC,6,13,W,SHP,6146
5/24/2020,17:02,Sunday,LESLIE STATION,TUMVS,3,8,W,SHP,6196
5/24/2020,17:21,Sunday,ST CLAIR WEST STATION,SUDP,0,0,N,YU,5381
5/24/2020,17:49,Sunday,ST ANDREW STATION,MUIR,7,13,S,YU,5831
5/24/2020,18:12,Sunday,LAWRENCE EAST STATION,ERDO,6,11,S,SRT,3008
5/24/2020,20:50,Sunday,VAUGHAN MC STATION,TUNIP,5,10,S,YU,5386
5/24/2020,21:31,Sunday,BLOOR STATION,PUMST,0,0,,YU,0
5/24/2020,21:48,Sunday,BLOOR STATION,PUMEL,0,0,,YU,0
5/24/2020,22:00,Sunday,YONGE-UNIVERISTY AND B,MUO,0,0,,YU/BD,0
5/24/2020,23:00,Sunday,BLOOR STATION,MUSC,0,0,N,YU,5901
5/24/2020,23:41,Sunday,OSGOODE STATION,MUIS,0,0,,YU,0
5/25/2020,00:41,Monday,CHRISTIE STATION,SUDP,3,9,E,BD,5257
5/25/2020,01:43,Monday,SHEPPARD WEST STATION,MUI,0,0,S,YU,0
5/25/2020,05:32,Monday,YORK MILLS STATION,EUYRD,10,0,N,YU,6051
5/25/2020,07:06,Monday,QUEEN STATION,MUSC,0,0,N,YU,6021
5/25/2020,07:07,Monday,WELLESLEY STATION,PUTS,0,0,S,YU,6096
5/25/2020,07:15,Monday,JANE STATION,TUSC,0,0,W,BD,5299
5/25/2020,07:43,Monday,MAIN STREET STATION,MUPAA,0,0,W,BD,5133
5/25/2020,07:48,Monday,FINCH STATION,TUSC,0,0,S,YU,5676
5/25/2020,08:33,Monday,EGLINTON STATION,PUSNT,0,0,S,YU,6111
5/25/2020,08:39,Monday,DUNDAS STATION,MUIS,0,0,,YU,0
5/25/2020,09:26,Monday,YORK UNIVERSITY STATIO,EUDO,3,6,S,YU,6066
5/25/2020,10:14,Monday,SHEPPARD STATION,MUSC,0,0,N,YU,5751
5/25/2020,10:43,Monday,DAVISVILLE STATION,MUI,7,10,N,YU,5921
5/25/2020,10:47,Monday,KENNEDY SRT STATION,ERDB,3,8,N,SRT,3013
5/25/2020,10:57,Monday,EGLINTON STATION,PUSO,36,39,N,YU,5761
5/25/2020,11:04,Monday,ST CLAIR WEST STATION,MUATC,4,7,S,YU,6101
5/25/2020,11:37,Monday,NORTH YORK CTR STATION,TUSC,0,0,S,YU,5431
5/25/2020,12:49,Monday,DAVISVILLE STATION,PUTDN,17,20,S,YU,5731
5/25/2020,13:12,Monday,SCARBOROUGH RAPID TRAN,MRWEA,0,0,B,SRT,0
5/25/2020,14:04,Monday,DUNDAS STATION,PUTR,5,8,S,YU,6056
5/25/2020,14:06,Monday,COLLEGE STATION,TUMVS,5,8,S,YU,6011
5/25/2020,14:32,Monday,DUNDAS STATION,SUO,5,8,S,YU,5926
5/25/2020,14:42,Monday,DUPONT STATION,MUIS,0,0,,YU,0
5/25/2020,14:50,Monday,PAPE STATION,EUBK,3,6,E,BD,5317
5/25/2020,16:17,Monday,COLLEGE STATION,TUO,7,10,S,YU,5791
5/25/2020,16:32,Monday,WILSON YARD,MUODC,0,0,,YU,5626
5/25/2020,16:47,Monday,VAUGHAN MC STATION,MUTO,3,6,S,YU,5861
5/25/2020,17:01,Monday,CASTLE FRANK STATION,MUIS,0,0,W,BD,0
5/25/2020,19:10,Monday,ST GEORGE BD STATION,MUIS,0,0,E,BD,5190
5/25/2020,20:22,Monday,BLOOR STATION,EUSC,0,0,S,YU,5431
5/25/2020,20:29,Monday,VICTORIA PARK STATION,MUIS,0,0,,BD,0
5/25/2020,22:00,Monday,YONGE-UNIVERSITY AND B,MUO,0,0,,YU/BD,0
5/25/2020,22:21,Monday,NORTH YORK CTR STATION,TUSC,0,0,S,YU,5906
5/25/2020,23:00,Monday,BLOOR TO LAWRENCE STAT,MUO,0,0,,YU,0
5/26/2020,00:41,Tuesday,COLLEGE STATION,MUPAA,0,0,S,YU,5911
5/26/2020,02:39,Tuesday,SHEPPARD STATION,SUDP,0,0,,YU,0
5/26/2020,05:30,Tuesday,MCCOWAN STATION,MRWEA,0,0,,SRT,0
5/26/2020,06:02,Tuesday,SHEPPARD WEST STATION,TUNIP,5,10,N,YU,5776
5/26/2020,06:26,Tuesday,SUMMERHILL STATION,PUSTC,0,0,S,YU,6026
5/26/2020,06:40,Tuesday,KING STATION,EUDO,5,8,S,YU,5841
5/26/2020,07:17,Tuesday,FINCH STATION,MUSC,0,0,S,YU,5876
5/26/2020,07:47,Tuesday,ST CLAIR WEST STATION,SUAE,0,0,,YU,0
5/26/2020,08:16,Tuesday,NORTH YORK CTR STATION,MUTD,0,0,S,YU,5556
5/26/2020,08:35,Tuesday,BATHURST STATION,MUI,7,10,E,BD,5284
5/26/2020,09:32,Tuesday,VAUGHAN MC STATION,MUPAA,0,0,S,YU,5761
5/26/2020,10:03,Tuesday,SUMMERHILL STATION,PUSTC,0,0,S,YU,5576
5/26/2020,10:55,Tuesday,KENNEDY SRT STATION,ERDO,6,11,N,SRT,3007
5/26/2020,10:59,Tuesday,SUMMERHILL STATION,PUSTC,0,0,S,YU,5701
5/26/2020,11:02,Tuesday,NORTH YORK CTR STATION,TUSC,0,0,S,YU,5766
5/26/2020,11:41,Tuesday,COXWELL STATION,SUDP,4,7,E,BD,5141
5/26/2020,11:42,Tuesday,BLOOR STATION,MUO,3,6,S,YU,5756
5/26/2020,13:05,Tuesday,EGLINTON STATION,MUI,0,0,,YU,0
5/26/2020,13:05,Tuesday,ST GEORGE BD STATION,EUPI,5,8,W,BD,5097
5/26/2020,13:16,Tuesday,WARDEN STATION,MUPAA,0,0,E,BD,5156
5/26/2020,13:43,Tuesday,LAWRENCE WEST STATION,EUDO,0,0,S,YU,6091
5/26/2020,14:05,Tuesday,COXWELL STATION,EUCD,5,8,E,BD,5278
5/26/2020,14:06,Tuesday,PAPE STATION,SUDP,3,6,W,BD,5252
5/26/2020,14:11,Tuesday,SUMMERHILL STATION,PUSTC,3,6,S,YU,5506
5/26/2020,14:11,Tuesday,SUMMERHILL STATION,PUSTC,0,0,S,YU,5506
5/26/2020,14:23,Tuesday,KENNEDY BD STATION,EUCD,3,6,W,BD,5097
5/26/2020,14:36,Tuesday,LAWRENCE WEST STATION,MUATC,0,0,S,YU,5696
5/26/2020,16:07,Tuesday,YORKDALE STATION,MUATC,0,0,S,YU,6131
5/26/2020,16:28,Tuesday,SUMMERHILL STATION,PUSTC,0,0,S,YU,6041
5/26/2020,16:33,Tuesday,YORK UNIVERSITY STATIO,MUO,0,0,,YU,0
5/26/2020,16:41,Tuesday,SHEPPARD STATION,MUIS,0,0,,YU,0
5/26/2020,16:49,Tuesday,DAVISVILLE STATION,MUPAA,4,8,S,YU,5506
5/26/2020,19:59,Tuesday,LAWRENCE STATION,SUUT,37,40,S,YU,5721
5/26/2020,20:46,Tuesday,FINCH STATION,TUMVS,0,0,N,YU,6091
5/26/2020,21:32,Tuesday,YORK MILLS STATION,TUMVS,5,8,N,YU,5556
5/26/2020,22:00,Tuesday,YONGE-UNIVERSITY AND B,MUO,0,0,,YU/BD,0
5/26/2020,22:01,Tuesday,MAIN STREET STATION,SUDP,12,18,W,BD,5203
5/26/2020,22:49,Tuesday,OLD MILL STATION,TUMVS,0,0,W,BD,5212
5/26/2020,23:00,Tuesday,LAWRENCE STATION,MUO,0,0,,YU,0
5/26/2020,23:47,Tuesday,YORKDALE STATION,MUI,27,32,N,YU,5651
5/27/2020,00:40,Wednesday,ST PATRICK STATION,MUIS,0,0,,YU,0
5/27/2020,01:11,Wednesday,KEELE STATION,SUO,3,9,E,BD,5242
5/27/2020,01:17,Wednesday,BATHURST STATION,SUEAS,10,16,E,BD,5225
5/27/2020,05:30,Wednesday,SCARBOROUGH RAPID TRAN,MRWEA,0,0,,SRT,0
5/27/2020,05:52,Wednesday,YONGE AND BLOOR,SUAE,0,0,,YU,0
5/27/2020,05:54,Wednesday,UNION STATION,PUSAC,15,0,N,YU,5976
5/27/2020,05:55,Wednesday,ST GEORGE BD STATION,EUME,8,0,W,BD,5068
5/27/2020,06:29,Wednesday,LAWRENCE STATION,MUSC,0,0,N,YU,5976
5/27/2020,06:48,Wednesday,DUNDAS STATION,MUSC,0,0,N,YU,5671
5/27/2020,07:13,Wednesday,QUEEN STATION,PUTR,0,0,S,YU,5806
5/27/2020,07:22,Wednesday,QUEEN STATION,PUTR,3,6,S,YU,5811
5/27/2020,08:40,Wednesday,YORK MILLS STATION,EUSC,0,0,S,YU,5666
5/27/2020,09:43,Wednesday,DUNDAS WEST STATION,TUMVS,0,0,W,BD,5280
5/27/2020,10:11,Wednesday,GLENCAIRN STATION,EUDO,6,9,S,YU,6016
5/27/2020,10:30,Wednesday,DON MILLS STATION,MUTD,0,0,E,SHP,6186
5/27/2020,10:56,Wednesday,SUMMERHILL STATION,TUOS,4,7,S,YU,6091
5/27/2020,10:58,Wednesday,EGLINTON STATION,TUNIP,4,7,N,YU,6131
5/27/2020,12:34,Wednesday,SHERBOURNE STATION,PUTTC,3,6,W,BD,5141
5/27/2020,12:55,Wednesday,SPADINA YUS STATION,SUDP,4,7,S,YU,5451
5/27/2020,13:03,Wednesday,DUNDAS STATION,TUO,4,7,N,YU,5441
5/27/2020,13:12,Wednesday,SHERBOURNE STATION,SUDP,3,6,W,BD,5128
5/27/2020,13:15,Wednesday,EGLINTON WEST STATION,MUD,4,7,N,YU,5416
5/27/2020,13:25,Wednesday,ST GEORGE BD STATION,MUI,5,8,W,BD,5034
5/27/2020,13:42,Wednesday,BLOOR STATION,MUPAA,0,0,S,YU,5701
5/27/2020,13:46,Wednesday,BAY STATION,MUIS,0,0,,BD,0
5/27/2020,14:32,Wednesday,SPADINA BD STATION,MUIRS,0,0,,BD,0
5/27/2020,16:13,Wednesday,FINCH STATION,MUTO,4,7,S,YU,5561
5/27/2020,16:15,Wednesday,NORTH YORK CTR STATION,TUSC,0,0,S,YU,5561
5/27/2020,17:01,Wednesday,GLENCAIRN STATION,EUDO,4,8,S,YU,6091
5/27/2020,17:01,Wednesday,NORTH YORK CTR STATION,TUSC,0,0,S,YU,5731
5/27/2020,17:28,Wednesday,RUNNYMEDE STATION,SUDP,3,6,E,BD,5225
5/27/2020,19:29,Wednesday,MCCOWAN STATION,TRO,9,14,S,SRT,3017
5/27/2020,20:16,Wednesday,KENNEDY BD STATION,MUIR,6,12,E,BD,5235
5/27/2020,20:40,Wednesday,VICTORIA PARK STATION,SUDP,3,9,E,BD,5257
5/27/2020,21:02,Wednesday,KENNEDY BD STATION,MUIS,0,0,,BD,0
5/27/2020,22:00,Wednesday,YONGE-UNIVERSITY AND B,MUO,0,0,,YU/BD,0
5/27/2020,22:25,Wednesday,LESLIE STATION,TUSC,0,0,W,SHP,6166
5/27/2020,23:00,Wednesday,LAWRENCE TO BLOOR STAT,MUO,0,0,,YU,0
5/27/2020,23:26,Wednesday,QUEEN'S PARK STATION,MUPLB,4,9,S,YU,5956
5/28/2020,00:40,Thursday,VAUGHAN MC STATION,PUMO,0,0,,YU,0
5/28/2020,00:55,Thursday,SPADINA BD STATION,MUPAA,0,0,W,BD,5200
5/28/2020,02:27,Thursday,KIPLING STATION,SUDP,0,0,,BD,0
5/28/2020,04:06,Thursday,FINCH STATION,PUMO,0,0,,YU,0
5/28/2020,05:30,Thursday,DONLANDS STATION,EUSC,0,0,W,BD,5257
5/28/2020,06:03,Thursday,MCCOWAN STATION,MRO,9,14,S,SRT,3000
5/28/2020,06:41,Thursday,MIDLAND STATION,ERDO,5,10,S,SRT,3014
5/28/2020,07:21,Thursday,QUEEN STATION,MUSC,0,0,N,YU,6021
5/28/2020,07:27,Thursday,FINCH STATION,MUSC,0,0,S,YU,5741
5/28/2020,07:54,Thursday,VAUGHAN MC STATION,MUTO,3,6,S,YU,5431
5/28/2020,08:24,Thursday,EGLINTON STATION,MUIS,0,0,,YU,0
5/28/2020,08:29,Thursday,LESLIE STATION,TUSC,0,0,W,SHP,6181
5/28/2020,10:18,Thursday,ST GEORGE YUS STATION,SUO,0,0,,YU,0
5/28/2020,10:40,Thursday,MCCOWAN STATION,ERWA,3,8,N,SRT,3027
5/28/2020,10:44,Thursday,DUNDAS WEST STATION,MUIR,0,0,W,BD,5126
5/28/2020,11:03,Thursday,SHEPPARD STATION,PUCSC,0,0,N,YU,5991
5/28/2020,11:07,Thursday,SHEPPARD STATION,PUCSC,0,0,N,YU,5771
5/28/2020,11:48,Thursday,CHRISTIE STATION,PUMEL,0,0,,BD,0
5/28/2020,12:51,Thursday,VAUGHAN MC STATION,MUTO,4,7,S,YU,5861
5/28/2020,13:42,Thursday,SHEPPARD STATION,TUO,3,6,N,YU,5751
5/28/2020,14:19,Thursday,SCARBOROUGH CTR STATIO,MRUI,0,0,,SRT,0
5/28/2020,15:12,Thursday,SHEPPARD STATION,PUCSC,0,0,N,YU,5696
5/28/2020,15:57,Thursday,CASTLE FRANK STATION,MUIR,3,6,E,BD,5227
5/28/2020,16:53,Thursday,EGLINTON STATION,EUSC,0,0,N,YU,5406
5/28/2020,17:04,Thursday,WARDEN STATION,SUDP,0,0,,BD,0
5/28/2020,17:17,Thursday,COXWELL STATION,TUNIP,3,6,W,BD,5114
5/28/2020,17:31,Thursday,SUMMERHILL STATION,SUCOL,0,0,S,YU,5616
5/28/2020,17:57,Thursday,COLLEGE STATION,SUUT,0,0,N,YU,5546
5/28/2020,18:31,Thursday,LAWRENCE WEST STATION,MUATC,3,6,S,YU,5861
5/28/2020,18:50,Thursday,QUEEN STATION,EUATC,16,19,S,YU,5446
5/28/2020,19:33,Thursday,SHEPPARD WEST STATION,PUMEL,0,0,,YU,0
5/28/2020,19:36,Thursday,UNION STATION,EUECD,8,11,S,YU,5976
5/28/2020,20:07,Thursday,WELLESLEY STATION,SUAP,0,0,N,YU,5696
5/28/2020,20:57,Thursday,BATHURST STATION,TUOS,6,12,W,BD,5093
5/28/2020,21:32,Thursday,LAWRENCE EAST STATION,MRTO,7,10,N,SRT,3025
5/28/2020,21:46,Thursday,SHEPPARD STATION,MUI,4,8,N,YU,5771
5/28/2020,22:00,Thursday,YONGE-UNIVERSITY AND B,MUO,0,0,,YU/BD,0
5/28/2020,22:14,Thursday,SHEPPARD STATION,SUPOL,5,9,S,YU,5476
5/28/2020,22:55,Thursday,ISLINGTON STATION,MUIS,0,0,,BD,0
5/28/2020,23:00,Thursday,BLOOR TO LAWRENCE STAT,MUO,0,0,,YU,0
5/28/2020,23:09,Thursday,SUMMERHILL STATION,PUTR,0,0,S,YU,5971
5/29/2020,01:48,Friday,CHESTER STATION,SUEAS,10,16,W,BD,5286
5/29/2020,05:44,Friday,EGLINTON STATION,PUTWZ,6,0,S,YU,5446
5/29/2020,05:52,Friday,QUEEN STATION,MUSC,0,0,N,YU,6111
5/29/2020,06:01,Friday,BATHURST STATION,SUDP,3,7,W,BD,5335
5/29/2020,06:05,Friday,SHEPPARD STATION,PUCSC,0,0,N,YU,5846
5/29/2020,06:07,Friday,MCCOWAN STATION,ERTC,5,10,S,SRT,3000
5/29/2020,06:17,Friday,SHEPPARD STATION,PUCSC,0,0,N,YU,5546
5/29/2020,06:45,Friday,YORK MILLS STATION,PUTR,3,6,N,YU,5916
5/29/2020,07:00,Friday,FINCH STATION,EUDO,3,6,S,YU,5781
5/29/2020,07:24,Friday,MCCOWAN STATION,MRO,14,19,S,SRT,3024
5/29/2020,07:57,Friday,YORK MILLS STATION,PUTR,23,27,N,YU,5626
5/29/2020,07:58,Friday,QUEEN STATION,MUSC,0,0,N,YU,6041
5/29/2020,08:02,Friday,DOWNSVIEW PARK STATION,SUCOL,0,0,N,YU,5781
5/29/2020,08:21,Friday,DAVISVILLE STATION,EUSC,0,0,S,YU,5486
5/29/2020,08:48,Friday,SUMMERHILL STATION,PUTR,0,0,S,YU,5856
5/29/2020,09:22,Friday,SUMMERHILL STATION,PUTR,0,0,S,YU,6096
5/29/2020,09:24,Friday,DONLANDS STATION,EUSC,0,0,W,BD,5223
5/29/2020,09:30,Friday,UNION STATION,MUATC,4,7,N,YU,5916
5/29/2020,12:26,Friday,KEELE STATION,TUMVS,0,0,W,BD,5329
5/29/2020,13:13,Friday,EGLINTON STATION,TUSUP,0,0,N,YU,5846
5/29/2020,13:57,Friday,GLENCAIRN STATION,EUDO,12,15,N,YU,5831
5/29/2020,14:06,Friday,ST CLAIR STATION,SUAE,0,0,,YU,0
5/29/2020,14:21,Friday,KIPLING STATION,SUO,0,0,,BD,0
5/29/2020,14:30,Friday,EGLINTON STATION,EUBK,9,12,N,YU,5956
5/29/2020,14:52,Friday,BLOOR STATION,SUDP,3,6,S,YU,5741
5/29/2020,15:18,Friday,SUMMERHILL STATION,PUTR,0,0,S,YU,5466
5/29/2020,15:44,Friday,SUMMERHILL STATION,PUSI,0,0,S,YU,5451
5/29/2020,16:08,Friday,COLLEGE STATION,SUDP,6,9,N,YU,6041
5/29/2020,16:42,Friday,BLOOR STATION,SUDP,5,8,N,YU,5501
5/29/2020,16:56,Friday,UNION STATION,EUDO,5,8,N,YU,5381
5/29/2020,17:07,Friday,CASTLE FRANK STATION,MUPAA,0,0,E,BD,5197
5/29/2020,17:31,Friday,KENNEDY BD STATION,MUFS,0,0,,BD,0
5/29/2020,18:50,Friday,KIPLING STATION,TUNIP,3,6,E,BD,5131
5/29/2020,19:00,Friday,WARDEN STATION,TUMVS,0,0,E,BD,5225
5/29/2020,20:30,Friday,PAPE STATION,MUIR,0,0,E,BD,5197
5/29/2020,22:00,Friday,YONGE-UNIVERSITY AND B,MUO,0,0,,YU/BD,0
5/30/2020,00:29,Saturday,EGLINTON STATION,PUSTS,0,0,N,YU,5906
5/30/2020,02:00,Saturday,CHRISTIE STATION,SUDP,0,0,E,BD,0
5/30/2020,05:13,Saturday,BATHURST STATION,MUIS,0,0,,BD,1205
5/30/2020,05:46,Saturday,SHEPPARD-YONGE STATION,TUSC,0,0,E,SHP,6141
5/30/2020,06:00,Saturday,FINCH TO EGLINTON,MUO,0,0,,YU,0
5/30/2020,07:20,Saturday,ST CLAIR WEST STATION,MUPAA,3,8,N,YU,5816
5/30/2020,08:13,Saturday,EGLINTON STATION,EUDO,8,13,S,YU,5781
5/30/2020,09:07,Saturday,LESLIE STATION,MUSC,0,0,W,SHP,6161
5/30/2020,10:00,Saturday,DUFFERIN STATION,SUDP,3,6,W,BD,5030
5/30/2020,11:40,Saturday,VAUGHAN MC STATION,SUDP,0,0,,YU,0
5/30/2020,11:45,Saturday,ST GEORGE BD STATION,SUAP,0,0,,BD,0
5/30/2020,14:48,Saturday,ROSEDALE STATION,MUPLB,6,12,S,YU,6036
5/30/2020,15:39,Saturday,ROSEDALE STATION,MUIR,6,12,S,YU,5736
5/30/2020,17:15,Saturday,EGLINTON WEST STATION,MUNCA,0,0,,YU,0
5/30/2020,17:20,Saturday,KENNEDY BD STATION,MUSAN,4,8,W,BD,5329
5/30/2020,17:59,Saturday,DUFFERIN STATION,MUNCA,0,0,,BD,0
5/30/2020,19:43,Saturday,KIPLING STATION,SUDP,0,0,,BD,0
5/30/2020,20:47,Saturday,YORK MILLS STATION,SUDP,0,0,,YU,0
5/30/2020,22:00,Saturday,YONGE-UNIVERSITY AND B,MUO,0,0,,YU/BD,0
5/30/2020,22:33,Saturday,SPADINA YUS STATION,MUIS,0,0,,YU,0
5/30/2020,23:39,Saturday,YONGE BD STATION,MUIRS,0,0,E,BD,0
5/31/2020,01:04,Sunday,VAUGHAN MC STATION,MUATC,9,14,S,YU,5411
5/31/2020,01:28,Sunday,DUFFERIN STATION,MUIS,0,0,,BD,0
5/31/2020,01:28,Sunday,EGLINTON STATION,SUDP,0,0,N,YU,5966
5/31/2020,01:40,Sunday,SHEPPARD WEST STATION,MUI,0,0,S,YU,5991
5/31/2020,03:42,Sunday,SHEPPARD WEST STATION,PUMO,0,0,,YU,0
5/31/2020,08:00,Sunday,BLOOR DANFORTH SUBWAY,MUO,0,0,,BD,0
5/31/2020,08:00,Sunday,FINCH TO EGLINTON,MUO,0,0,,YU,0
5/31/2020,08:00,Sunday,YONGE-UNIVERSITY LINE,MUO,0,0,,YU,0
5/31/2020,09:15,Sunday,ISLINGTON STATION,SUDP,0,0,,BD,0
5/31/2020,09:26,Sunday,KENNEDY BD STATION,MUIS,0,0,,BD,0
5/31/2020,10:14,Sunday,GREENWOOD STATION,EUSC,0,0,E,BD,5317
5/31/2020,10:26,Sunday,QUEEN STATION,EUYRD,8,14,S,YU,5911
5/31/2020,11:43,Sunday,EGLINTON STATION,MUIS,0,0,,YU,0
5/31/2020,11:55,Sunday,KENNEDY BD STATION,MUIS,0,0,,BD,0
5/31/2020,13:05,Sunday,KENNEDY BD STATION,MUIS,0,0,,BD,0
5/31/2020,13:09,Sunday,FINCH WEST STATION,MUIS,0,0,,YU,0
5/31/2020,14:13,Sunday,SHEPPARD-YONGE STATION,TUSC,0,0,W,SHP,3196
5/31/2020,14:16,Sunday,DUNDAS STATION,SUDP,0,0,S,YU,0
5/31/2020,14:50,Sunday,QUEEN'S PARK STATION,EUDO,6,12,N,YU,5741
5/31/2020,17:05,Sunday,PIONEER VILLAGE STATIO,SUO,0,0,,YU,0
5/31/2020,17:36,Sunday,WILSON YARD,PUTO,0,0,,YU,0
5/31/2020,18:04,Sunday,DUFFERIN STATION,MUPAA,3,7,W,BD,5139
5/31/2020,18:10,Sunday,HIGH PARK STATION,MUD,7,11,E,BD,5230
5/31/2020,18:41,Sunday,DUNDAS STATION,SUDP,0,0,S,YU,0
5/31/2020,19:38,Sunday,KIPLING STATION,TUMVS,0,0,E,BD,5288
5/31/2020,20:54,Sunday,VICTORIA PARK STATION,MUPAA,0,0,W,BD,5202
5/31/2020,21:16,Sunday,KENNEDY SRT STATION,ERTC,14,20,N,SRT,3027
5/31/2020,22:00,Sunday,YONGE-UNIVERSITY AND B,MUO,0,0,,YU/BD,0
5/31/2020,22:07,Sunday,OLD MILL STATION,EUDO,9,13,E,BD,5182
5/31/2020,22:26,Sunday,YONGE BD STATION,MUIS,0,0,,BD,0
5/31/2020,22:52,Sunday,WOODBINE STATION,MUPLC,0,0,W,BD,5008
