Date,Time,Day,Station,Code,Min Delay,Min Gap,Bound,Line,Vehicle
11/1/2020,00:45,Sunday,WARDEN STATION,SUO,14,19,E,BD,5286
11/1/2020,01:24,Sunday,KENNEDY BD STATION,SUDP,0,0,,BD,0
11/1/2020,01:44,Sunday,BLOOR STATION,MUPAA,10,15,N,YU,5626
11/1/2020,01:55,Sunday,BLOOR STATION,TUO,17,22,S,YU,5621
11/1/2020,07:29,Sunday,DUNDAS WEST STATION,MUNCA,0,0,,BD,0
11/1/2020,08:00,Sunday,TORONTO TRANSIT COMMIS,MUO,0,0,,SHP,0
11/1/2020,08:00,Sunday,TORONTO TRANSIT COMMIS,MRO,0,0,,SRT,0
11/1/2020,08:00,Sunday,TORONTO TRANSIT CONTRO,MUO,0,0,,YU,0
11/1/2020,08:00,Sunday,YONGE-UNIVERSITY SUBWA,MUO,0,0,,YU,0
11/1/2020,08:19,Sunday,SHEPPARD WEST STATION,MUATC,9,14,N,YU,5456
11/1/2020,08:21,Sunday,GREENWOOD STATION,TUSC,0,0,E,BD,5346
11/1/2020,08:40,Sunday,YONGE BD STATION,MUIS,0,0,,BD,0
11/1/2020,09:06,Sunday,DUNDAS WEST STATION,MUSC,0,0,E,BD,5050
11/1/2020,09:07,Sunday,SHEPPARD-YONGE STATION,MUTO,4,9,E,SHP,6186
11/1/2020,09:21,Sunday,SHEPPARD-YONGE STATION,PUEO,3,8,E,SHP,6186
11/1/2020,10:17,Sunday,EGLINTON STATION,EUSC,0,0,N,YU,6001
11/1/2020,10:23,Sunday,ST GEORGE BD STATION,PUSNT,4,8,E,BD,5073
11/1/2020,10:26,Sunday,ST ANDREW STATION,SUAE,0,0,S,YU,5701
11/1/2020,10:33,Sunday,SHEPPARD WEST STATION,MUATC,5,10,S,YU,5451
11/1/2020,10:47,Sunday,ST PATRICK STATION,SUO,6,11,N,YU,5761
11/1/2020,10:56,Sunday,EGLINTON STATION,EUSC,0,0,N,YU,6001
11/1/2020,10:59,Sunday,BLOOR STATION,MUIS,0,0,S,YU,0
11/1/2020,11:05,Sunday,YONGE BD STATION,MUSC,0,0,E,BD,5050
11/1/2020,12:23,Sunday,MCCOWAN STATION,ERPR,6,12,S,SRT,3000
11/1/2020,12:48,Sunday,ST CLAIR WEST STATION,PUMO,0,0,,YU,0
11/1/2020,14:27,Sunday,PIONEER VILLAGE STATIO,MUIRS,0,0,,YU,0
11/1/2020,14:53,Sunday,DUNDAS STATION,MUIRS,0,0,,YU,0
11/1/2020,15:10,Sunday,EGLINTON STATION,MUSC,0,0,S,YU,6081
11/1/2020,15:21,Sunday,KENNEDY BD STATION,MUIS,0,0,,BD,0
11/1/2020,15:32,Sunday,ST GEORGE BD STATION,TUMVS,7,11,W,BD,5054
11/1/2020,15:45,Sunday,BATHURST STATION,MUSC,0,0,W,BD,5111
11/1/2020,16:19,Sunday,BLOOR STATION,SUDP,0,0,,YU,0
11/1/2020,16:26,Sunday,WOODBINE STATION,MUIRS,0,0,E,BD,0
11/1/2020,16:59,Sunday,MAIN STREET STATION,MUIRS,0,0,W,BD,5069
11/1/2020,17:22,Sunday,FINCH STATION,TUSC,0,0,S,YU,6081
11/1/2020,17:30,Sunday,KEELE STATION,TUMVS,0,0,E,BD,5320
11/1/2020,17:36,Sunday,VAUGHAN MC STATION,TUNOA,5,10,S,YU,0
11/1/2020,18:16,Sunday,FINCH STATION,TUNOA,6,12,S,YU,0
11/1/2020,18:24,Sunday,DUFFERIN STATION,MUIRS,0,0,E,BD,0
11/1/2020,18:30,Sunday,BLOOR STATION,MUIS,0,0,S,YU,0
11/1/2020,19:17,Sunday,KIPLING STATION,SUDP,4,8,E,BD,5208
11/1/2020,19:30,Sunday,VAUGHAN MC STATION,TUNOA,5,10,,YU,0
11/1/2020,19:30,Sunday,VAUGHAN MC STATION,TUNOA,5,10,,YU,0
11/1/2020,19:30,Sunday,VAUGHAN MC STATION,TUNOA,5,10,,YU,0
11/1/2020,19:30,Sunday,VAUGHAN MC STATION,TUNOA,5,10,,YU,0
11/1/2020,19:30,Sunday,VAUGHAN MC STATION,TUNOA,5,10,,YU,0
11/1/2020,19:30,Sunday,VAUGHAN MC STATION,TUNOA,5,10,,YU,0
11/1/2020,19:30,Sunday,VAUGHAN MC STATION,TUNOA,5,10,0,YU,0
11/1/2020,19:30,Sunday,VAUGHAN MC STATION,TUNOA,5,10,,YU,0
11/1/2020,20:03,Sunday,ROSEDALE STATION,TUOS,5,10,N,YU,5511
11/1/2020,20:11,Sunday,HIGH PARK STATION,SUAP,0,0,W,BD,5161
11/1/2020,20:20,Sunday,EGLINTON STATION,EUTR,6,12,N,YU,5511
11/1/2020,20:38,Sunday,EGLINTON STATION,MUIS,0,0,S,YU,0
11/1/2020,20:38,Sunday,OSSINGTON STATION,MUNCA,0,0,,BD,0
11/1/2020,22:00,Sunday,YONGE-UNIVERSITY AND B,MUO,0,0,,YU/BD,0
11/1/2020,22:05,Sunday,GREENWOOD STATION,TUOS,0,0,W,BD,5069
11/1/2020,22:12,Sunday,PIONEER VILLAGE STATIO,MUIS,0,0,,YU,0
11/2/2020,00:41,Monday,UNION STATION,SUO,5,10,N,YU,5446
11/2/2020,01:10,Monday,WELLESLEY STATION,MUPAA,0,0,N,YU,5511
11/2/2020,01:12,Monday,VICTORIA PARK STATION,PUTDN,7,13,W,BD,5069
11/2/2020,02:05,Monday,KENNEDY BD STATION,MUIS,0,0,,BD,0
11/2/2020,02:07,Monday,VAUGHAN MC STATION,MUIS,0,0,,YU,0
11/2/2020,02:22,Monday,ST CLAIR WEST STATION,SUDP,0,0,S,YU,0
11/2/2020,05:45,Monday,GREENWOOD YARD,TUSC,0,0,E,BD,5346
11/2/2020,05:48,Monday,WILSON STATION,EUNEA,5,8,S,YU,5391
11/2/2020,06:22,Monday,QUEEN STATION,TUSC,0,0,N,YU,5391
11/2/2020,06:39,Monday,DUPONT STATION,MUATC,3,6,S,YU,5791
11/2/2020,07:02,Monday,SCARBOROUGH RAPID TRAN,MRO,4,9,N,SRT,3023
11/2/2020,07:18,Monday,DUPONT STATION,MUATC,3,6,S,YU,5506
11/2/2020,09:20,Monday,QUEEN STATION,MUIS,0,0,N,YU,0
11/2/2020,09:57,Monday,EGLINTON STATION,TUMVS,4,7,N,YU,5906
11/2/2020,10:14,Monday,KENNEDY BD STATION,SUDP,0,0,,BD,0
11/2/2020,10:41,Monday,WARDEN STATION,MUPLB,11,14,W,BD,5124
11/2/2020,11:07,Monday,VICTORIA PARK STATION,MUPLB,22,25,E,BD,5351
11/2/2020,12:10,Monday,FINCH STATION,MUIRS,0,0,,YU,0
11/2/2020,12:15,Monday,QUEEN STATION,MUATC,7,10,S,YU,5836
11/2/2020,15:13,Monday,DON MILLS STATION,PUMO,0,0,,SHP,0
11/2/2020,15:22,Monday,HIGHWAY 407 STATION,MUIS,0,0,,YU,0
11/2/2020,16:33,Monday,BAY STATION,EUDO,4,7,W,BD,5220
11/2/2020,17:43,Monday,PAPE STATION,MUIR,6,9,W,BD,5124
11/2/2020,18:17,Monday,KENNEDY BD STATION,SUAP,0,0,E,BD,5343
11/2/2020,18:23,Monday,KEELE STATION,MUSC,0,0,W,BD,5279
11/2/2020,18:43,Monday,COXWELL STATION,EUBK,0,0,E,BD,5121
11/2/2020,19:00,Monday,KENNEDY BD STATION,MUSAN,5,10,W,BD,5124
11/2/2020,20:12,Monday,YONGE BD STATION,SUDP,0,0,W,BD,5296
11/2/2020,20:35,Monday,GREENWOOD STATION,MUSAN,4,10,E,BD,5120
11/2/2020,20:44,Monday,COXWELL STATION,TUO,4,10,E,BD,5120
11/2/2020,21:26,Monday,YONGE BD STATION,SUUT,4,10,W,BD,5124
11/2/2020,22:00,Monday,YONGE-UNIVERSITY AND B,MUO,0,0,,YU/BD,0
11/2/2020,22:55,Monday,ST PATRICK STATION,SUAP,4,9,N,YU,5631
11/2/2020,23:23,Monday,EGLINTON STATION,PUTO,9,14,N,YU,5416
11/2/2020,23:47,Monday,BLOOR STATION,MUIS,0,0,,YU,0
11/2/2020,23:50,Monday,EGLINTON STATION,SUAE,0,0,S,YU,0
11/3/2020,00:48,Tuesday,BROADVIEW STATION,MUIS,0,0,,BD,0
11/3/2020,01:29,Tuesday,FINCH STATION,SUDP,0,0,,YU,0
11/3/2020,01:57,Tuesday,FINCH STATION,SUAE,0,0,,YU,0
11/3/2020,02:04,Tuesday,VAUGHAN MC STATION,SUO,0,0,,YU,0
11/3/2020,02:35,Tuesday,HIGHWAY 407 STATION,SUO,0,0,,YU,0
11/3/2020,05:06,Tuesday,DAVISVILLE YARD (APPRO,PUTIS,0,0,S,YU,0
11/3/2020,06:00,Tuesday,TORONTO TRANSIT COMMIS,MUO,0,0,,YU,0
11/3/2020,06:00,Tuesday,TORONTO TRANSIT COMMIS,MUO,0,0,,SHP,0
11/3/2020,06:00,Tuesday,TORONTO TRANSIT COMMIS,MRO,0,0,,SRT,0
11/3/2020,07:39,Tuesday,OSGOODE STATION,MUATC,3,6,N,YU,5426
11/3/2020,07:57,Tuesday,BROADVIEW STATION,TUSC,4,7,W,BD,5073
11/3/2020,08:07,Tuesday,WILSON STATION,MUO,3,6,N,YU,5426
11/3/2020,08:46,Tuesday,WARDEN STATION,MUTO,3,6,W,BD,5020
11/3/2020,08:54,Tuesday,BLOOR STATION,MUIRS,0,0,S,YU,0
11/3/2020,10:09,Tuesday,JANE STATION,PUMEL,0,0,,BD,0
11/3/2020,12:37,Tuesday,OSGOODE STATION,MUPR1,133,136,S,YU,5946
11/3/2020,12:51,Tuesday,BLOOR STATION,TUCC,0,0,N,YU,6126
11/3/2020,13:03,Tuesday,YONGE BD STATION,MUSC,0,0,E,BD,5208
11/3/2020,13:22,Tuesday,DAVISVILLE STATION,MUO,5,8,S,YU,5386
11/3/2020,13:28,Tuesday,SHEPPARD-YONGE STATION,TUSC,0,0,W,SHP,6181
11/3/2020,14:18,Tuesday,ROSEDALE STATION,MUNCA,0,0,,YU,0
11/3/2020,15:00,Tuesday,WARDEN STATION,MUTO,5,8,W,BD,5306
11/3/2020,15:24,Tuesday,CASTLE FRANK STATION,MUIR,10,13,E,BD,5154
11/3/2020,15:27,Tuesday,WILSON STATION,MUATC,4,7,S,YU,6046
11/3/2020,15:50,Tuesday,FINCH STATION,EUDO,6,9,S,YU,5836
11/3/2020,16:01,Tuesday,DONLANDS STATION,SUO,3,6,E,BD,5352
11/3/2020,16:47,Tuesday,HIGHWAY 407 STATION,SUROB,3,6,N,YU,5911
11/3/2020,16:53,Tuesday,KIPLING STATION,MUIRS,0,0,,BD,0
11/3/2020,17:29,Tuesday,JANE STATION,PUMEL,0,0,,BD,0
11/3/2020,18:34,Tuesday,KING STATION,MUIRS,0,0,,YU,0
11/3/2020,18:39,Tuesday,BLOOR STATION,MUIS,0,0,N,YU,0
11/3/2020,18:51,Tuesday,KEELE STATION,MUSC,0,0,W,BD,5346
11/3/2020,19:43,Tuesday,WELLESLEY STATION,MUIS,0,0,,YU,0
11/3/2020,19:44,Tuesday,DUNDAS STATION,MUIRS,0,0,,YU,0
11/3/2020,20:10,Tuesday,WARDEN STATION,MUDD,5,11,E,BD,5063
11/3/2020,20:16,Tuesday,SHEPPARD WEST STATION,MUIS,0,0,,YU,0
11/3/2020,20:21,Tuesday,WARDEN STATION,MUIRS,0,0,,BD,0
11/3/2020,20:24,Tuesday,BLOOR STATION,MUIS,0,0,,YU,0
11/3/2020,21:10,Tuesday,LESLIE STATION,SUDP,0,0,W,SHP,6166
11/3/2020,21:35,Tuesday,SHEPPARD WEST STATION,MUO,0,0,S,YU,5676
11/3/2020,22:00,Tuesday,YONGE-UNIVERSITY AND B,MUO,0,0,,YU/BD,0
11/3/2020,22:32,Tuesday,OLD MILL STATION,MUIS,0,0,,BD,0
11/3/2020,22:54,Tuesday,KIPLING STATION,MUPAA,0,0,W,BD,5301
11/3/2020,23:40,Tuesday,DUNDAS STATION,MUIS,0,0,N,YU,0
11/4/2020,05:51,Wednesday,EGLINTON STATION,SUO,0,0,,YU,0
11/4/2020,06:02,Wednesday,DAVISVILLE STATION,EUSC,3,7,S,YU,5471
11/4/2020,06:06,Wednesday,BATHURST STATION,PUCSC,0,0,W,BD,5108
11/4/2020,07:17,Wednesday,SHEPPARD-YONGE STATION,MUSC,0,0,W,SHP,6146
11/4/2020,07:32,Wednesday,QUEEN STATION,MUATC,3,6,S,YU,5466
11/4/2020,07:35,Wednesday,DUNDAS STATION,MUPAA,3,6,N,YU,5651
11/4/2020,07:49,Wednesday,EGLINTON STATION,MUSC,0,0,N,YU,5391
11/4/2020,08:14,Wednesday,MCCOWAN STATION,MRTO,5,10,S,SRT,3018
11/4/2020,08:37,Wednesday,KENNEDY BD STATION,MUO,0,0,,BD,0
11/4/2020,08:38,Wednesday,SHERBOURNE STATION,MUPAA,0,0,E,BD,5227
11/4/2020,08:56,Wednesday,ST GEORGE YUS STATION,SUUT,6,9,N,YU,5451
11/4/2020,09:16,Wednesday,NORTH YORK CTR STATION,TUMVS,0,0,N,YU,6101
11/4/2020,10:14,Wednesday,VAUGHAN MC STATION,TUO,4,7,S,YU,5636
11/4/2020,11:00,Wednesday,SHEPPARD-YONGE STATION,MUO,0,0,,SHP,0
11/4/2020,11:04,Wednesday,VICTORIA PARK STATION,SUO,0,0,,BD,0
11/4/2020,11:48,Wednesday,BAY STATION,MUIR,0,0,W,BD,5154
11/4/2020,11:57,Wednesday,WOODBINE STATION,PUMEL,0,0,,BD,0
11/4/2020,13:02,Wednesday,QUEEN STATION,MUSC,4,7,N,YU,5711
11/4/2020,14:03,Wednesday,YONGE BD STATION,PUMEL,0,0,,BD,0
11/4/2020,14:42,Wednesday,BESSARION STATION,MUDD,8,13,E,SHP,6166
11/4/2020,14:48,Wednesday,MCCOWAN STATION,MRO,5,10,S,SRT,3018
11/4/2020,15:39,Wednesday,QUEEN STATION,MUSC,0,0,N,YU,5711
11/4/2020,16:08,Wednesday,QUEEN'S PARK STATION,MUIS,0,0,,YU,0
11/4/2020,16:32,Wednesday,KENNEDY BD STATION,MUTO,3,6,,BD,5222
11/4/2020,16:53,Wednesday,KENNEDY BD STATION,MUI,3,6,W,BD,5300
11/4/2020,17:12,Wednesday,BLOOR STATION,MUIS,0,0,S,YU,0
11/4/2020,17:19,Wednesday,EGLINTON STATION,MUIRS,0,0,,YU,0
11/4/2020,17:38,Wednesday,LAWRENCE EAST STATION,MRUI,0,0,,SRT,0
11/4/2020,18:17,Wednesday,ST GEORGE BD STATION,MUIS,0,0,,BD,0
11/4/2020,20:05,Wednesday,MAIN STREET STATION,SUSA,4,10,W,BD,5343
11/4/2020,20:19,Wednesday,EGLINTON STATION,TUO,5,8,S,YU,5866
11/4/2020,20:22,Wednesday,WARDEN STATION,TUCC,0,0,W,BD,5146
11/4/2020,21:45,Wednesday,WILSON STATION,TUNOA,5,10,N,YU,0
11/4/2020,22:00,Wednesday,YONGE-UNIVERSITY AND B,MUO,0,0,,YU/BD,0
11/4/2020,23:29,Wednesday,YORKDALE STATION,MUIRS,0,0,S,YU,0
11/4/2020,23:43,Wednesday,EGLINTON STATION,MUIRS,0,0,,YU,0
11/5/2020,02:03,Thursday,VICTORIA PARK STATION,SUUT,11,17,W,BD,5108
11/5/2020,05:29,Thursday,PAPE STATION,PUTOE,0,0,E,BD,81
11/5/2020,05:58,Thursday,VAUGHAN MC STATION,TUATC,3,6,S,YU,5606
11/5/2020,06:06,Thursday,WILSON STATION,MUO,3,6,S,YU,6071
11/5/2020,06:07,Thursday,QUEEN'S PARK STATION,EUBK,3,6,S,YU,5831
11/5/2020,06:16,Thursday,COXWELL STATION,MUIS,0,0,,BD,0
11/5/2020,06:28,Thursday,SHEPPARD WEST STATION,EUDO,9,12,N,YU,6111
11/5/2020,06:33,Thursday,LAWRENCE STATION,MUPAA,0,0,S,YU,5706
11/5/2020,06:48,Thursday,QUEEN STATION,TUSC,0,0,N,YU,5391
11/5/2020,07:06,Thursday,DAVISVILLE STATION,MUSC,0,0,S,YU,5441
11/5/2020,07:28,Thursday,FINCH STATION,SUO,0,0,,YU,0
11/5/2020,09:36,Thursday,COXWELL STATION,TUNIP,6,9,W,BD,5167
11/5/2020,09:56,Thursday,DAVISVILLE STATION,MUSC,0,0,S,YU,6011
11/5/2020,11:09,Thursday,BLOOR STATION,SUAP,0,0,,YU,0
11/5/2020,11:21,Thursday,VAUGHAN MC STATION,MUATC,3,6,,YU,5906
11/5/2020,11:36,Thursday,DUNDAS STATION,MUIRS,0,0,,YU,0
11/5/2020,12:00,Thursday,BROADVIEW STATION,MUSAN,3,6,W,BD,5146
11/5/2020,12:02,Thursday,VAUGHAN MC STATION,MUIR,3,6,S,YU,5871
11/5/2020,12:21,Thursday,DUPONT STATION,MUPAA,0,0,N,YU,5801
11/5/2020,12:23,Thursday,VAUGHAN MC STATION,MUNOA,3,6,S,YU,0
11/5/2020,12:31,Thursday,GREENWOOD STATION,EUCA,3,6,W,BD,5193
11/5/2020,12:34,Thursday,VAUGHAN MC STATION,MUNOA,3,6,S,YU,0
11/5/2020,13:35,Thursday,ST GEORGE YUS STATION,MUPAA,0,0,N,YU,5716
11/5/2020,13:38,Thursday,WARDEN STATION,SUUT,3,6,W,BD,5146
11/5/2020,13:42,Thursday,CASTLE FRANK STATION,SUDP,0,0,,BD,0
11/5/2020,14:20,Thursday,BROADVIEW STATION,SUAP,0,0,E,BD,5000
11/5/2020,15:19,Thursday,ST GEORGE YUS STATION,SUDP,10,13,N,YU,6136
11/5/2020,15:21,Thursday,ST GEORGE BD STATION,SUDP,0,0,W,BD,5338
11/5/2020,16:04,Thursday,MAIN STREET STATION,MUPAA,0,0,E,BD,5121
11/5/2020,16:56,Thursday,OLD MILL STATION,MUI,24,27,W,BD,5124
11/5/2020,17:07,Thursday,KIPLING STATION,TUCC,0,0,E,BD,5302
11/5/2020,17:11,Thursday,ST PATRICK STATION,MUO,0,0,N,YU,5991
11/5/2020,17:36,Thursday,YORK MILLS STATION,SUDP,0,0,N,YU,5861
11/5/2020,18:05,Thursday,FINCH STATION,MUNOA,3,6,S,YU,0
11/5/2020,19:03,Thursday,FINCH STATION,MUIS,0,0,,YU,0
11/5/2020,19:36,Thursday,MCCOWAN STATION,ERNEA,5,10,N,SRT,3027
11/5/2020,19:42,Thursday,DUFFERIN STATION,MUIRS,0,0,,BD,0
11/5/2020,20:46,Thursday,ISLINGTON STATION,MUPAA,0,0,W,BD,5124
11/5/2020,20:47,Thursday,HIGH PARK STATION,MUIS,0,0,,BD,0
11/5/2020,21:07,Thursday,OLD MILL STATION,TUMVS,6,12,W,BD,5111
11/5/2020,22:00,Thursday,YONGE-UNIVERSITY AND B,MUO,0,0,,YU/BD,0
11/5/2020,22:28,Thursday,DAVISVILLE STATION,MUPAA,0,0,S,YU,6001
11/5/2020,22:40,Thursday,BATHURST STATION,SUUT,23,29,W,BD,5183
11/6/2020,00:05,Friday,YONGE-UNIVERSITY AND B,MUO,0,0,,YU/BD,0
11/6/2020,00:45,Friday,SCARBOROUGH CTR STATIO,SRO,7,12,S,SRT,3010
11/6/2020,02:12,Friday,UNION STATION,SUO,0,0,,YU,0
11/6/2020,05:33,Friday,QUEEN STATION,MUSC,0,0,N,YU,6116
11/6/2020,05:52,Friday,ROYAL YORK STATION,PUTWZ,8,0,W,BD,5124
11/6/2020,05:55,Friday,NORTH YORK CTR STATION,EUOE,7,11,N,YU,5831
11/6/2020,06:00,Friday,KENNEDY BD STATION,PUSSW,0,0,E,BD,5270
11/6/2020,06:04,Friday,WILSON STATION,MUATC,4,8,S,YU,5991
11/6/2020,06:05,Friday,KENNEDY BD STATION,TUO,3,6,,BD,5370
11/6/2020,06:17,Friday,KENNEDY BD STATION,PUSSW,17,22,E,BD,5128
11/6/2020,07:05,Friday,YONGE BD STATION,PUMST,0,0,,BD,0
11/6/2020,07:33,Friday,DUNDAS STATION,TUSC,0,0,N,YU,5391
11/6/2020,08:16,Friday,KING STATION,MUSC,0,0,N,YU,6116
11/6/2020,09:11,Friday,QUEEN STATION,TUMVS,3,6,S,YU,5421
11/6/2020,11:34,Friday,OLD MILL STATION,SUDP,3,6,E,BD,5352
11/6/2020,12:05,Friday,VAUGHAN MC STATION,MUNOA,3,6,S,YU,0
11/6/2020,13:28,Friday,WELLESLEY STATION,PUMEL,0,0,,YU,0
11/6/2020,13:43,Friday,YORK MILLS STATION,TUSC,0,0,N,YU,5756
11/6/2020,13:50,Friday,SHEPPARD STATION,EUPI,3,6,N,YU,5506
11/6/2020,13:52,Friday,DUNDAS WEST STATION,EUCA,3,6,W,BD,5314
11/6/2020,14:35,Friday,VAUGHAN MC STATION,MUIRS,0,0,N,YU,5526
11/6/2020,14:46,Friday,VAUGHAN MC STATION,TUNOA,3,6,N,YU,5526
11/6/2020,15:19,Friday,BLOOR STATION,MUDD,4,7,N,YU,5551
11/6/2020,15:27,Friday,LANSDOWNE STATION,MUIS,0,0,,BD,0
11/6/2020,16:07,Friday,YORK MILLS STATION,MUIS,0,0,,YU,0
11/6/2020,17:06,Friday,ST. CLAIR WEST STATION,EUBK,4,7,S,YU,5741
11/6/2020,17:33,Friday,BLOOR STATION,MUIR,3,6,S,YU,5896
11/6/2020,17:40,Friday,UNION STATION,SUDP,0,0,,YU,0
11/6/2020,17:41,Friday,ST CLAIR STATION,EUCD,3,6,N,YU,5741
11/6/2020,18:12,Friday,SHEPPARD WEST STATION,MUATC,3,6,N,YU,5896
11/6/2020,18:36,Friday,KEELE STATION,MUSC,0,0,W,BD,5105
11/6/2020,18:45,Friday,YORKDALE STATION,MUIS,0,0,,YU,0
11/6/2020,19:36,Friday,SHERBOURNE STATION,MUIRS,0,0,,BD,0
11/6/2020,19:39,Friday,WELLESLEY STATION,PUMST,0,0,S,YU,0
11/6/2020,19:52,Friday,ELLESMERE STATION,MRPAA,3,8,N,SRT,3001
11/6/2020,21:12,Friday,KIPLING STATION,TUCC,0,0,W,BD,5124
11/6/2020,21:56,Friday,VAUGHAN MC STATION,TUNIP,4,9,S,YU,5936
11/6/2020,22:50,Friday,FINCH WEST STATION,SUUT,4,9,N,YU,6011
11/6/2020,23:41,Friday,WARDEN STATION,TUO,5,11,W,BD,5146
11/7/2020,01:54,Saturday,KIPLING STATION,MUIS,0,0,,BD,0
11/7/2020,06:20,Saturday,VAUGHAN MC STATION,TUNOA,8,13,S,YU,0
11/7/2020,08:35,Saturday,WILSON STATION,SUDP,11,16,S,YU,5856
11/7/2020,08:59,Saturday,QUEEN STATION,MUATC,3,8,S,YU,5106
11/7/2020,09:25,Saturday,YONGE BD STATION,SUAP,0,0,,BD,0
11/7/2020,11:30,Saturday,SHEPPARD-YONGE STATION,TUSC,0,0,E,SHP,6151
11/7/2020,13:01,Saturday,SHEPPARD WEST STATION,SUAP,0,0,,YU,0
11/7/2020,13:35,Saturday,LAWRENCE WEST STATION,SUROB,0,0,N,YU,5701
11/7/2020,13:49,Saturday,FICNH STATION,EUPI,5,10,N,YU,5506
11/7/2020,14:13,Saturday,KENNEDY SRT STATION,SRAP,0,0,N,SRT,3015
11/7/2020,14:21,Saturday,QUEEN STATION,MUATC,5,10,S,YU,6121
11/7/2020,14:52,Saturday,LAWRENCE STATION,SUAP,0,0,,YU,0
11/7/2020,15:14,Saturday,WARDEN STATION,MUIS,0,0,,BD,0
11/7/2020,15:21,Saturday,YORK MILLS STATION,EUCD,5,10,S,YU,5746
11/7/2020,15:22,Saturday,WARDEN STATION,MUPAA,3,7,E,BD,5307
11/7/2020,15:46,Saturday,BLOOR STATION,SUDP,4,9,S,YU,5761
11/7/2020,16:02,Saturday,ST CLAIR STATION,TUO,5,10,S,YU,5681
11/7/2020,16:21,Saturday,KIPLING STATION,PUSTS,4,8,W,BD,5316
11/7/2020,16:33,Saturday,VAUGHAN MC STATION,TUNOA,5,10,S,YU,6021
11/7/2020,16:56,Saturday,KIPLING STATION,PUSTS,0,0,W,BD,5346
11/7/2020,17:03,Saturday,VAUGHAN MC STATION,TUNOA,5,10,S,YU,6061
11/7/2020,17:56,Saturday,KIPLING STATION,PUSTS,0,0,W,BD,5006
11/7/2020,19:08,Saturday,SHEPPARD WEST STATION,MUIS,0,0,,YU,0
11/7/2020,19:45,Saturday,VAUGHAN MC STATION,MUATC,5,10,S,YU,5496
11/7/2020,20:08,Saturday,ST CLAIR WEST STATION,MUIS,0,0,,YU,0
11/7/2020,20:25,Saturday,COXWELL STATION,MUIS,0,0,,BD,0
11/7/2020,20:33,Saturday,WOODBINE STATION,MUPAA,0,0,W,BD,5171
11/7/2020,20:52,Saturday,ST GEORGE BD STATION,MUD,4,9,E,BD,5112
11/7/2020,21:05,Saturday,SHERBOURNE STATION,MUPAA,0,0,E,BD,5172
11/7/2020,21:30,Saturday,BAY STATION,MUPAA,3,9,W,BD,5284
11/7/2020,21:34,Saturday,ST GEORGE BD STATION,MUPAA,6,12,W,BD,5284
11/7/2020,22:00,Saturday,YONGE-UNIVERSITY AND B,MUO,0,0,,YU/BD,0
11/7/2020,22:05,Saturday,LAWRENCE WEST STATION,MUIS,0,0,S,YU,0
11/7/2020,23:01,Saturday,ST CLAIR STATION,SUDP,0,0,N,,0
11/7/2020,23:06,Saturday,MAIN STREET STATION,SUO,0,0,,BD,0
11/8/2020,00:16,Sunday,WARDEN STATION,SUAP,0,0,,BD,0
11/8/2020,00:40,Sunday,KENNEDY BD STATION,PUCSC,4,9,E,BD,5352
11/8/2020,02:12,Sunday,BATHURST STATION,SUO,0,0,,BD,0
11/8/2020,08:00,Sunday,ST CLAIR WEST TO ST AN,MUO,0,0,,YU,0
11/8/2020,08:09,Sunday,KIPLING STATION,MUTO,5,10,E,BD,0
11/8/2020,08:35,Sunday,PIONEER VILLAGE STATIO,EUDO,3,8,N,YU,6056
11/8/2020,08:56,Sunday,VAUGHAN MC STATION,MUATC,4,9,S,YU,5496
11/8/2020,09:32,Sunday,DUNDAS STATION,MUPAA,3,8,S,YU,5886
11/8/2020,10:26,Sunday,ISLINGTON STATION,PUSTS,5,9,W,BD,5211
11/8/2020,10:56,Sunday,WARDEN STATION,SUDP,3,8,W,BD,5024
11/8/2020,12:57,Sunday,FINCH STATION,TUNIP,5,10,S,YU,5681
11/8/2020,14:13,Sunday,YORK MILLS STATION,MUSC,0,0,S,YU,5761
11/8/2020,15:33,Sunday,OLD MILL STATION,MUIR,16,20,E,BD,5352
11/8/2020,16:35,Sunday,FINCH STATION,TUNOA,5,10,S,YU,5001
11/8/2020,16:56,Sunday,COXWELL STATION,MUTO,3,7,W,BD,5070
11/8/2020,17:41,Sunday,SHEPPARD WEST STATION,MUATC,10,16,S,YU,5891
11/8/2020,17:51,Sunday,WELLESLEY STATION,SUO,0,0,N,YU,5381
11/8/2020,18:20,Sunday,UNION STATION,SUDP,5,10,N,YU,6131
11/8/2020,18:38,Sunday,ST ANDREW STATION,MUIS,0,0,,YU,0
11/8/2020,18:39,Sunday,LAWRENCE STATION,MUIS,0,0,,YU,0
11/8/2020,18:55,Sunday,DUNDAS STATION,PUMEL,0,0,N,YU,0
11/8/2020,19:09,Sunday,FINCH STATION,TUNOA,6,12,S,YU,6001
11/8/2020,19:15,Sunday,SHEPPARD-YONGE STATION,PUOPO,4,9,E,SHP,6166
11/8/2020,19:27,Sunday,KENNEDY BD STATION,MUIS,0,0,,BD,0
11/8/2020,19:49,Sunday,VAUGHAN MC STATION,TUNIP,4,10,S,YU,5841
11/8/2020,20:37,Sunday,GREENWOOD YARD,SUG,0,0,,BD,0
11/8/2020,21:43,Sunday,SHEPPARD-YONGE STATION,EUME,6,11,E,SHP,6171
11/8/2020,21:50,Sunday,KEELE STATION,MUIS,0,0,,BD,0
11/8/2020,21:51,Sunday,BAYVIEW STATION,TUMVS,3,8,W,SHP,6186
11/8/2020,22:00,Sunday,YONGE-UNIVERSITY & BLO,MUO,0,0,,YU/BD,0
11/8/2020,22:04,Sunday,SHEPPARD-YONGE STATION,EUYRD,0,0,E,SHP,6151
11/8/2020,22:12,Sunday,SHEPPARD-YONGE STATION,TUCC,0,0,W,SHP,6161
11/8/2020,22:50,Sunday,KING STATION,MUIS,0,0,N,YU,6136
11/8/2020,22:57,Sunday,WELLESLEY STATION,MUPAA,0,0,S,YU,5961
11/8/2020,23:49,Sunday,SHEPPARD-YONGE STATION,MUIRS,0,0,,SHP,0
11/8/2020,23:53,Sunday,KIPLING STATION,MUIS,0,0,,BD,0
11/9/2020,01:15,Monday,ST ANDREW STATION,MUATC,3,9,N,YU,5866
11/9/2020,02:13,Monday,VAUGHAN MC STATION,MUI,0,0,S,YU,6071
11/9/2020,02:18,Monday,RUNNYMEDE STATION,MUIE,0,0,,BD,0
11/9/2020,07:05,Monday,QUEEN STATION,MUSC,3,6,N,YU,6111
11/9/2020,07:14,Monday,QUEEN STATION,TUSC,0,0,N,YU,5391
11/9/2020,07:37,Monday,ST CLAIR WEST STATION,SUO,0,0,,YU,0
11/9/2020,09:17,Monday,ISLINGTON STATION,TUSC,0,0,W,BD,5105
11/9/2020,10:49,Monday,VICTORIA PARK STATION,MUPAA,0,0,W,BD,5006
11/9/2020,12:13,Monday,VICTORIA PARK STATION,SUO,0,0,,BD,8536
11/9/2020,13:05,Monday,VAUGHAN MC STATION,MUNOA,3,6,S,YU,0
11/9/2020,13:17,Monday,VAUGHAN MC STATION,MUNOA,3,6,S,YU,0
11/9/2020,13:26,Monday,VAUGHAN MC STATION,MUNOA,3,6,S,YU,0
11/9/2020,13:36,Monday,QUEEN STATION,MUIRS,0,0,,YU,0
11/9/2020,14:05,Monday,VAUGHAN MC STATION,MUNOA,3,6,S,YU,0
11/9/2020,14:06,Monday,BLOOR STATION,MUSC,0,0,N,YU,5861
11/9/2020,15:28,Monday,KENNEDY BD STATION,SUDP,3,6,W,BD,5084
11/9/2020,15:42,Monday,KENNEDY BD STATION,SUDP,3,6,W,BD,5211
11/9/2020,16:05,Monday,BLOOR STATION,MUIR,6,9,S,YU,5546
11/9/2020,16:13,Monday,BROADVIEW STATION,SUDP,7,10,E,BD,5274
11/9/2020,16:24,Monday,ST GEORGE BD STATION,SUDP,0,0,W,BD,5196
11/9/2020,16:31,Monday,PAPE STATION,MUIS,0,0,,BD,0
11/9/2020,16:40,Monday,BESSARION STATION,TUMVS,5,10,E,SHP,6156
11/9/2020,16:43,Monday,VAUGHAN MC STATION,EUDO,3,6,S,YU,5976
11/9/2020,17:05,Monday,DON MILLS STATION,TUO,9,14,W,SHP,6191
11/9/2020,17:30,Monday,UNION STATION,EUCD,3,6,N,YU,5976
11/9/2020,17:37,Monday,COLLEGE STATION,EUCD,3,6,N,YU,5976
11/9/2020,18:21,Monday,LESLIE STATION,MUSC,3,8,E,SHP,6171
11/9/2020,18:23,Monday,FINCH STATION,SUDP,0,0,,YU,0
11/9/2020,18:24,Monday,ISLINGTON STATION,SUSA,0,0,,BD,0
11/9/2020,18:44,Monday,VAUGHAN MC STATION,TUNIP,3,6,S,YU,5886
11/9/2020,19:24,Monday,KIPLING STATION,PUEO,24,30,W,BD,5270
11/9/2020,19:32,Monday,MCCOWAN STATION,ERTC,8,13,S,SRT,3018
11/9/2020,20:02,Monday,DONLANDS STATION,MUO,0,0,W,BD,5077
11/9/2020,20:17,Monday,EGLINTON STATION,SUDP,17,20,N,YU,6079
11/9/2020,21:08,Monday,FINCH STATION,SUO,0,0,,YU,0
11/9/2020,22:00,Monday,YONGE-UNIVERSITY AND B,MUO,0,0,,YU/BD,0
11/9/2020,22:18,Monday,KIPLING STATION,PUEO,3,9,E,BD,5371
11/9/2020,22:22,Monday,VAUGHAN MC STATION,MUNOA,5,10,S,YU,0
11/9/2020,22:49,Monday,VAUGHAN MC STATION,TUNOA,5,10,S,YU,0
11/9/2020,23:06,Monday,PAPE STATION,MUIS,0,0,,BD,0
11/10/2020,00:41,Tuesday,BLOOR STATION,MUIS,0,0,S,YU,0
11/10/2020,01:32,Tuesday,SHEPPARD WEST STATION,SUAE,0,0,S,YU,5861
11/10/2020,01:43,Tuesday,SCARBOROUGH CTR STATIO,SRO,0,0,,SRT,0
11/10/2020,06:00,Tuesday,CHESTER STATION,EUDO,5,8,W,BD,5070
11/10/2020,06:43,Tuesday,LAWRENCE WEST STATION,SUDP,9,12,S,YU,6006
11/10/2020,07:04,Tuesday,ST CLAIR WEST STATION,MUIS,0,0,,YU,0
11/10/2020,07:12,Tuesday,GLENCAIRN STATION,MUIRS,0,0,,YU,0
11/10/2020,07:47,Tuesday,SHEPPARD WEST STATION,MUATC,5,8,N,YU,5891
11/10/2020,08:03,Tuesday,VAUGHAN MC STATION,MUTO,3,6,S,YU,5506
11/10/2020,08:10,Tuesday,VAUGHAN MC STATION,TUNIP,3,6,S,YU,5426
11/10/2020,09:00,Tuesday,ROSEDALE STATION,TUOS,0,0,S,YU,5971
11/10/2020,09:25,Tuesday,VAUGHAN MC STATION,MUCL,5,10,S,YU,6086
11/10/2020,09:28,Tuesday,FINCH STATION,MUSC,0,0,S,YU,5891
11/10/2020,10:47,Tuesday,JANE STATION,MUIS,0,0,,BD,1134
11/10/2020,11:22,Tuesday,YORK MILLS STATION,TUSC,0,0,S,YU,5626
11/10/2020,11:41,Tuesday,BLOOR STATION,PUTIJ,3,6,N,YU,5426
11/10/2020,12:16,Tuesday,VAUGHAN MC STATION,MUNOA,3,6,S,YU,0
11/10/2020,13:24,Tuesday,DUNDAS STATION,MUNCA,0,0,E,YU,0
11/10/2020,13:42,Tuesday,CHESTER STATION,SUDP,0,0,E,BD,5165
11/10/2020,14:12,Tuesday,LANSDOWNE STATION,MUD,3,6,W,BD,5063
11/10/2020,14:43,Tuesday,OLD MILL STATION,MUPAA,3,6,W,BD,5318
11/10/2020,15:47,Tuesday,KEELE STATION,MUSC,0,0,E,BD,5130
11/10/2020,15:48,Tuesday,KENNEDY BD STATION,MUPAA,0,0,,BD,5362
11/10/2020,15:50,Tuesday,WELLESLEY STATION,PUMEL,0,0,,YU,0
11/10/2020,15:58,Tuesday,DUNDAS STATION,SUDP,0,0,N,YU,5621
11/10/2020,16:32,Tuesday,YONGE BD STATION,SUAP,0,0,E,BD,5172
11/10/2020,16:35,Tuesday,YORK MILLS STATION,MUSC,0,0,S,YU,5811
11/10/2020,16:37,Tuesday,KEELE STATION,PUSTS,0,0,W,BD,5307
11/10/2020,17:42,Tuesday,KIPLING STATION,MUIRS,0,0,,BD,0
11/10/2020,17:55,Tuesday,DONLANDS STATION,PUMEL,0,0,,BD,0
11/10/2020,18:07,Tuesday,VAUGHAN MC STATION,MUCL,3,6,S,YU,0
11/10/2020,18:54,Tuesday,DAVISVILLE STATION,PUMST,0,0,S,YU,0
11/10/2020,20:43,Tuesday,GREENWOOD STATION,MUIS,0,0,,BD,0
11/10/2020,21:33,Tuesday,ROYAL YORK STATION,PUMEL,0,0,,BD,0
11/10/2020,22:00,Tuesday,YONGE UNIVERSITY AND B,MUO,0,0,,YU/BD,0
11/10/2020,22:10,Tuesday,YORK MILLS STATION,MUIRS,0,0,S,YU,6096
11/10/2020,22:48,Tuesday,MCCOWAN STATION,ERPR,5,10,S,SRT,3014
11/10/2020,22:51,Tuesday,BLOOR STATION,MUIS,0,0,S,YU,0
11/10/2020,22:58,Tuesday,WELLESLEY STATION,MUIS,0,0,,YU,0
11/10/2020,23:57,Tuesday,EGLINTON WEST STATION,SUO,0,0,S,YU,0
11/11/2020,00:00,Wednesday,DON MILLS STATION,MUSC,0,0,E,SHP,6171
11/11/2020,00:33,Wednesday,ISLINGTON STATION,TUMVS,0,0,W,BD,5343
11/11/2020,00:45,Wednesday,DUNDAS WEST STATION,MUO,6,12,E,BD,5247
11/11/2020,05:26,Wednesday,WOODBINE STATION,PUSSW,34,0,W,BD,5080
11/11/2020,05:40,Wednesday,ROSEDALE STATION,MUIS,0,0,,YU,0
11/11/2020,06:15,Wednesday,WOODBINE STATION,PUTR,0,0,E,BD,5142
11/11/2020,06:38,Wednesday,WOODBINE STATION,PUTR,34,37,E,BD,5265
11/11/2020,07:42,Wednesday,VAUGHAN MC STATION,TUNIP,3,6,S,YU,5811
11/11/2020,08:11,Wednesday,VICTORIA PARK STATION,TUMVS,3,6,E,BD,5286
11/11/2020,09:38,Wednesday,SHERBOURNE STATION,MUPAA,0,0,W,BD,5330
11/11/2020,09:57,Wednesday,BESSARION STATION,PUOPO,5,10,W,SHP,6181
11/11/2020,10:45,Wednesday,KIPLING STATION TO COX,TUS,5,8,W,BD,5196
11/11/2020,10:46,Wednesday,OSSINGTON STATION,TUSC,0,0,W,BD,5295
11/11/2020,11:03,Wednesday,EGLINTON STATION,SUDP,3,6,N,YU,5411
11/11/2020,11:45,Wednesday,SHERBOURNE STATION,MUNCA,0,0,,BD,0
11/11/2020,12:12,Wednesday,DUNDAS STATION,SUAP,0,0,,YU,0
11/11/2020,12:22,Wednesday,BROADVIEW STATION,PUMEL,0,0,,BD,0
11/11/2020,12:48,Wednesday,ST CLAIR STATION,MUPR1,105,109,S,YU,5861
11/11/2020,13:12,Wednesday,EGLINTON STATION,MUO,0,0,N,YU,5641
11/11/2020,13:52,Wednesday,GREENWOOD STATION,MUPAA,0,0,W,BD,5239
11/11/2020,14:25,Wednesday,DUNDAS STATION,MUIRS,0,0,,YU,0
11/11/2020,14:27,Wednesday,SHEPPARD-YONGE STATION,PUEO,0,0,W,SHP,6191
11/11/2020,16:23,Wednesday,PAPE STATION,PUMST,0,0,,BD,0
11/11/2020,16:28,Wednesday,VAUGHAN MC STATION,TUO,3,6,S,YU,0
11/11/2020,16:30,Wednesday,CHESTER STATION,MUPAA,3,6,E,BD,5054
11/11/2020,16:51,Wednesday,DOWNSVIEW PARK STATION,MUPAA,0,0,S,YU,5951
11/11/2020,17:03,Wednesday,VAUGHAN MC STATION,MUNOA,3,6,S,YU,0
11/11/2020,17:19,Wednesday,UNION STATION,SUDP,0,0,,YU,0
11/11/2020,17:29,Wednesday,ST GEORGE BD STATION,MUNCA,0,0,,BD,0
11/11/2020,17:34,Wednesday,VAUGHAN MC STATION,MUTO,3,6,S,YU,5496
11/11/2020,17:38,Wednesday,VAUGHAN MC STATION,MUNOA,3,6,S,YU,0
11/11/2020,19:59,Wednesday,LAWRENCE EAST STATION,MRUI,0,0,,SRT,0
11/11/2020,20:05,Wednesday,COXWELL STATION,MUIRS,0,0,,BD,0
11/11/2020,20:18,Wednesday,COLLEGE STATION,MUPAA,4,7,N,YU,5851
11/11/2020,20:47,Wednesday,YORK MILLS STATION,MUO,0,0,,YU,0
11/11/2020,20:51,Wednesday,SHEPPARD-YONGE STATION,MUIS,0,0,,SHP,0
11/11/2020,21:18,Wednesday,CHESTER STATION,MUIR,6,12,W,BD,5279
11/11/2020,21:39,Wednesday,SHEPPARD WEST STATION,MUPAA,0,0,N,YU,5521
11/11/2020,22:00,Wednesday,YONGE-UNIVERSITY AND B,MUO,0,0,,YU/BD,0
11/11/2020,22:26,Wednesday,SPADINA BD STATION,MUIRS,0,0,E,BD,5355
11/11/2020,22:53,Wednesday,BLOOR STATION,MUPAA,0,0,N,YU,5976
11/11/2020,23:00,Wednesday,YONGE UNIVERSITY LINE,MUO,0,0,,YU,0
11/11/2020,23:03,Wednesday,YONGE BD STATION,MUIRS,0,0,W,BD,0
11/11/2020,23:08,Wednesday,SHEPPARD STATION,PUCSC,5,10,S,YU,5901
11/11/2020,23:28,Wednesday,FINCH STATION,MUIS,0,0,,YU,0
11/12/2020,00:32,Thursday,CASTLE FRANK STATION,MUIS,0,0,,BD,0
11/12/2020,02:11,Thursday,VAUGHAN MC STATION,MUIRS,0,0,,YU,0
11/12/2020,03:58,Thursday,SHEPPARD STATION,PUCSC,0,0,S,YU,0
11/12/2020,04:47,Thursday,WILSON STATION,MUO,0,0,S,YU,0
11/12/2020,05:17,Thursday,ISLINGTON STATION,MUNCA,0,0,,BD,0
11/12/2020,05:55,Thursday,CHRISTIE STATION,EUVE,6,0,W,BD,5093
11/12/2020,06:37,Thursday,MAIN STREET STATION,SUDP,5,8,W,BD,5239
11/12/2020,07:13,Thursday,WOODBINE STATION,PUTR,0,0,E,BD,5307
11/12/2020,07:37,Thursday,YORK MILLS STATION,TUOS,5,8,N,YU,6071
11/12/2020,07:39,Thursday,EGLINTON STATION,SUAE,5,8,S,YU,5626
11/12/2020,08:07,Thursday,OSSINGTON STATION,TUSC,0,0,E,BD,5247
11/12/2020,08:46,Thursday,OSSINGTON STATION,PUMEL,0,0,,BD,0
11/12/2020,09:50,Thursday,KENNEDY BD STATION,EUNT,3,6,W,BD,5177
11/12/2020,10:02,Thursday,LINE 1,PUSRA,0,0,,YU,0
11/12/2020,10:05,Thursday,LINE 4,PUSRA,0,0,,SHP,0
11/12/2020,10:10,Thursday,LINE 2 (BD),PUSRA,0,0,,BD,0
11/12/2020,10:13,Thursday,KENNEDY BD STATION,SUAP,0,0,,BD,0
11/12/2020,10:31,Thursday,VAUGHAN MC STATION,MUNOA,3,6,S,YU,0
11/12/2020,10:38,Thursday,SHEPPARD-YONGE STATION,PUSO,5,10,E,SHP,6156
11/12/2020,11:05,Thursday,WOODBINE STATION,PUTR,0,0,E,BD,5063
11/12/2020,11:41,Thursday,SHEPPARD STATION,PUMEL,0,0,,YU,0
11/12/2020,11:46,Thursday,VAUGHAN MC STATION,MUCL,3,6,S,YU,0
11/12/2020,11:52,Thursday,DUFFERIN STATION,SUO,0,0,,BD,0
11/12/2020,12:52,Thursday,MCCOWAN STATION,ERPR,5,10,S,SRT,3027
11/12/2020,13:09,Thursday,VAUGHAN MC STATION,MUNOA,3,6,S,YU,0
11/12/2020,13:44,Thursday,VAUGHAN MC STATION,MUNOA,3,6,S,YU,0
11/12/2020,13:47,Thursday,ST CLAIR STATION,SUDP,0,0,N,YU,6041
11/12/2020,14:04,Thursday,EGLINTON STATION,SUDP,3,6,N,YU,6136
11/12/2020,14:11,Thursday,VAUGHAN MC STATION,MUNOA,3,6,S,YU,0
11/12/2020,14:19,Thursday,WOODBINE STATION,MUSC,0,0,W,BD,5302
11/12/2020,14:29,Thursday,COLLEGE STATION,SUSA,0,0,S,YU,6106
11/12/2020,14:39,Thursday,DUNDAS STATION,SUDP,4,7,S,YU,6046
11/12/2020,16:00,Thursday,WILSON STATION,MUPAA,0,0,N,YU,5666
11/12/2020,16:06,Thursday,BLOOR STATION,SUSA,0,0,S,YU,0
11/12/2020,16:12,Thursday,KENNEDY BD STATION,MUPAA,0,0,W,BD,5313
11/12/2020,16:13,Thursday,COLLEGE STATION,SUO,3,6,S,YU,5391
11/12/2020,16:26,Thursday,ST GEORGE BD STATION,SUO,3,6,E,BD,5089
11/12/2020,16:53,Thursday,VAUGHAN MC STATION,MUNOA,3,6,S,YU,0
11/12/2020,16:56,Thursday,VAUGHAN MC STATION,TUNOA,3,6,S,YU,0
11/12/2020,17:06,Thursday,BLOOR STATION,PUMEL,0,0,,YU,0
11/12/2020,17:25,Thursday,VAUGHAN MC STATION,TUNIP,3,6,S,YU,5981
11/12/2020,17:52,Thursday,NORTH YORK CTR STATION,SUDP,0,0,S,YU,6081
11/12/2020,18:05,Thursday,LAWRENCE WEST STATION,PUMEL,0,0,,YU,0
11/12/2020,18:18,Thursday,VAUGHAN MC STATION,MUCL,3,6,S,YU,0
11/12/2020,19:00,Thursday,VAUGHAN MC STATION,MUNOA,3,6,S,YU,0
11/12/2020,19:37,Thursday,SHEPPARD STATION,PUSTS,0,0,N,YU,6006
11/12/2020,19:41,Thursday,SHEPPARD STATION,PUSTS,0,0,N,YU,5426
11/12/2020,19:44,Thursday,DUNDAS STATION,SUDP,4,7,S,YU,6066
11/12/2020,19:55,Thursday,LAWRENCE STATION,SUDP,0,0,,YU,0
11/12/2020,20:57,Thursday,COXWELL STATION,SUDP,0,0,E,BD,5330
11/12/2020,21:45,Thursday,HIGH PARK STATION,SUDP,0,0,W,BD,5309
11/12/2020,21:51,Thursday,NORTH YORK CTR STATION,PUMEL,0,0,,YU,0
11/12/2020,22:00,Thursday,KENNEDY SRT STATION,SRO,3,10,S,SRT,3018
11/12/2020,22:00,Thursday,YONGE-UNIVERSITY AND B,MUO,0,0,,YU/BD,0
11/12/2020,22:13,Thursday,NORTH YORK CTR STATION,EUVE,36,41,N,YU,6086
11/12/2020,22:17,Thursday,LAWRENCE STATION,EUVE,43,49,N,YU,0
11/12/2020,22:29,Thursday,EGLINTON STATION,PUTR,14,19,N,YU,5801
11/12/2020,22:34,Thursday,CASTLE FRANK STATION,MUIS,0,0,,BD,0
11/12/2020,23:00,Thursday,SHEPPARD - EGLINTON ST,MUO,0,0,,YU,0
11/12/2020,23:10,Thursday,SHEPPARD STATION,PUCSC,197,202,S,YU,6001
11/12/2020,23:48,Thursday,FINCH STATION,SUO,0,0,,YU,0
11/13/2020,01:11,Friday,CHRISTIE STATION,MUIS,0,0,W,BD,0
11/13/2020,01:33,Friday,MCCOWAN STATION,ERTC,5,10,S,SRT,3011
11/13/2020,05:32,Friday,DAVISVILLE STATION,MUSC,0,0,N,YU,6121
11/13/2020,05:38,Friday,GREENWOOD YARD,MUSC,13,0,W,BD,5072
11/13/2020,05:44,Friday,UNION STATION,SUO,0,0,,YU,0
11/13/2020,05:44,Friday,YONGE BD STATION,SUEAS,0,0,,BD,0
11/13/2020,05:45,Friday,BATHURST STATION,SUDP,0,0,,BD,4591
11/13/2020,06:00,Friday,TORONTO TRANSIT COMMIS,MUO,0,0,,YU,0
11/13/2020,06:00,Friday,TORONTO TRANSIT COMMIS,MUO,0,0,,SHP,0
11/13/2020,06:00,Friday,TORONTO TRANSIT COMMIS,MRO,0,0,,SRT,0
11/13/2020,06:05,Friday,EGLINTON STATION,MUNOA,5,10,N,YU,0
11/13/2020,06:41,Friday,GREENWOOD STATION,MUSC,0,0,E,BD,5279
11/13/2020,06:53,Friday,CHRISTIE STATION,MUPAA,7,10,W,BD,5165
11/13/2020,06:58,Friday,ROYAL YORK STATION,TUSC,0,0,E,BD,5351
11/13/2020,07:17,Friday,KIPLING STATION,PUMO,0,0,,BD,0
11/13/2020,08:05,Friday,WOODBINE STATION,MUSC,0,0,W,BD,5284
11/13/2020,08:22,Friday,ST GEORGE YUS STATION,SUUT,8,10,N,YU,5491
11/13/2020,08:52,Friday,HIGH PARK STATION,MUNCA,0,0,,BD,0
11/13/2020,09:15,Friday,CASTLE FRANK STATION,EUME,10,13,W,BD,5263
11/13/2020,09:51,Friday,OSSINGTON STATION,MUPR1,139,142,E,BD,5112
11/13/2020,10:28,Friday,YONGE BD STATION,MUSC,0,0,E,BD,5310
11/13/2020,10:45,Friday,VAUGHAN MC STATION,MUTO,3,6,S,YU,6041
11/13/2020,10:50,Friday,WARDEN STATION,TUO,0,0,E,BD,5310
11/13/2020,12:03,Friday,BLOOR STATION,SUDP,5,8,N,YU,5886
11/13/2020,12:14,Friday,LANSDOWNE STATION,MUO,3,6,W,BD,5077
11/13/2020,13:12,Friday,VAUGHAN MC STATION,MUNOA,3,6,S,YU,0
11/13/2020,13:15,Friday,SPADINA BD STATION,MUPAA,0,0,E,BD,5177
11/13/2020,13:45,Friday,VAUGHAN MC STATION,MUNOA,3,6,S,YU,0
11/13/2020,13:56,Friday,SHEPPARD-YONGE STATION,MUNOA,0,0,E,SHP,6186
11/13/2020,14:07,Friday,VAUGHAN MC STATION,MUNOA,3,6,S,YU,0
11/13/2020,15:08,Friday,YONGE BD STATION,SUUT,7,10,W,BD,5082
11/13/2020,15:46,Friday,LAWRENCE EAST STATION,MRPAA,0,0,N,SRT,3021
11/13/2020,16:02,Friday,YORK MILLS STATION,TUSUP,0,0,S,YU,5491
11/13/2020,16:16,Friday,WARDEN STATION,MUTO,6,9,W,BD,5163
11/13/2020,16:19,Friday,BATHURST STATION,SUDP,9,12,W,BD,5006
11/13/2020,16:39,Friday,KENNEDY SRT STATION,SRDP,0,0,S,SRT,3014
11/13/2020,16:42,Friday,ST GEORGE BD STATION,SUDP,3,6,W,BD,5163
11/13/2020,16:43,Friday,VAUGHAN MC STATION,MUNOA,3,6,S,YU,0
11/13/2020,17:02,Friday,WARDEN STATION,MUTO,4,7,E,BD,5132
11/13/2020,17:57,Friday,BAY STATION,MUIS,0,0,,BD,0
11/13/2020,18:00,Friday,QUEEN STATION,EUATC,4,7,S,YU,6046
11/13/2020,18:37,Friday,EGLINTON STATION,MUPAA,3,6,N,YU,5636
11/13/2020,20:14,Friday,FINCH STATION,TUSC,0,0,N,YU,5966
11/13/2020,20:32,Friday,ST GEORGE BD STATION,MUIS,0,0,,BD,0
11/13/2020,20:39,Friday,DAVISVILLE STATION,EUOE,6,9,S,YU,6156
11/13/2020,21:03,Friday,WARDEN STATION,TUO,6,12,W,BD,5284
11/13/2020,21:08,Friday,DONLANDS STATION,MUIRS,0,0,,BD,0
11/13/2020,21:13,Friday,YONGE BD STATION,MUIS,0,0,N,BD,0
11/13/2020,21:31,Friday,SPADINA BD STATION,MUPR1,129,135,E,BD,5142
11/13/2020,22:00,Friday,YONGE-UNIVERSITY AND B,MUO,0,0,,YU/BD,0
11/13/2020,22:07,Friday,SPADINA YUS STATION,MUO,0,0,N,YU,5456
11/13/2020,23:59,Friday,KING STATION,MUI,14,20,S,YU,5396
11/14/2020,00:25,Saturday,KENNEDY BD STATION,MUIR,3,9,W,BD,5071
11/14/2020,01:52,Saturday,WILSON STATION,MUTO,4,9,N,YU,5886
11/14/2020,02:41,Saturday,VAUGHAN MC STATION,SUAE,0,0,,YU,0
11/14/2020,04:33,Saturday,PAPE STATION,MUIE,0,0,,BD,0
11/14/2020,06:00,Saturday,YONGE-UNIVERSITY SUBWA,MUO,0,0,,YU,0
11/14/2020,10:20,Saturday,COXWELL STATION,SUDP,0,0,W,BD,5077
11/14/2020,10:27,Saturday,ST CLAIR STATION,SUO,0,0,S,YU,0
11/14/2020,10:37,Saturday,WILSON STATION,TUOS,4,9,N,YU,5456
11/14/2020,11:21,Saturday,KEELE STATION,MUI,0,0,W,BD,5170
11/14/2020,11:26,Saturday,ST CLAIR STATION,PUMST,0,0,,YU,0
11/14/2020,12:17,Saturday,FINCH WEST STATION,MUATC,4,9,N,YU,5861
11/14/2020,13:16,Saturday,ST CLAIR STATION,TUMVS,10,14,N,YU,5501
11/14/2020,13:34,Saturday,CASTLE FRANK STATION,PUEO,4,8,E,BD,5125
11/14/2020,13:34,Saturday,ST GEORGE BD STATION,PUEO,8,12,W,BD,5332
11/14/2020,14:16,Saturday,SUMMERHILL STATION,TUOS,3,6,S,YU,6016
11/14/2020,14:57,Saturday,KENNEDY BD STATION,SUDP,0,0,W,BD,5270
11/14/2020,15:22,Saturday,FINCH WEST STATION,SUEAS,15,20,N,YU,5416
11/14/2020,15:41,Saturday,ST CLAIR WEST STATION,MUTO,3,8,S,YU,6111
11/14/2020,16:23,Saturday,FINCH WEST STATION,MUATC,3,8,N,YU,5861
11/14/2020,16:40,Saturday,DUNDAS WEST STATION,MUIS,0,0,,BD,0
11/14/2020,16:55,Saturday,ST CLAIR WEST STATION,SUAP,0,0,N,YU,5461
11/14/2020,17:11,Saturday,UNION STATION,MUIS,0,0,,YU,0
11/14/2020,18:25,Saturday,FINCH WEST STATION,TUNOA,5,10,N,YU,5506
11/14/2020,18:35,Saturday,WILSON STATION,TUNOA,5,10,N,YU,5866
11/14/2020,18:42,Saturday,WILSON STATION,TUNOA,5,10,N,YU,5816
11/14/2020,21:49,Saturday,DUNDAS STATION,SUUT,10,15,S,YU,6121
11/14/2020,22:00,Saturday,YONGE-UNIVERSITY AND B,MUO,0,0,,YU/BD,0
11/14/2020,23:04,Saturday,OSGOODE STATION,SUEAS,12,18,S,YU,6106
11/14/2020,23:17,Saturday,COLLEGE STATION,MUIR,6,11,S,YU,6016
11/15/2020,00:31,Sunday,ROSEDALE STATION,TUOS,4,9,S,YU,5686
11/15/2020,01:03,Sunday,DUPONT STATION,MUPAA,4,8,N,YU,5786
11/15/2020,01:53,Sunday,SPADINA YUS STATION,PUTDN,14,18,N,YU,5476
11/15/2020,01:55,Sunday,WILSON CARHOUSE,SUG,0,0,,YU,5935
11/15/2020,01:59,Sunday,MUSEUM STATION,MUPAA,0,0,N,YU,5421
11/15/2020,08:00,Sunday,YONGE-UNIVERSITY SUBWA,MUO,0,0,,YU,0
11/15/2020,08:03,Sunday,SHEPPARD WEST STATION,MUATC,3,8,N,YU,5456
11/15/2020,08:21,Sunday,ROSEDALE STATION,TUOS,0,0,S,YU,5461
11/15/2020,08:50,Sunday,PAPE STATION,EUNT,4,8,E,BD,5343
11/15/2020,10:01,Sunday,ST CLAIR STATION,SUAE,0,0,,YU,0
11/15/2020,10:24,Sunday,WARDEN STATION,MUSC,0,0,W,BD,5211
11/15/2020,10:49,Sunday,ST CLAIR STATION,SUDP,5,10,N,YU,6041
11/15/2020,12:10,Sunday,KENNEDY BD STATION,MUSAN,4,8,W,BD,5105
11/15/2020,12:45,Sunday,ST CLAIR STATION,MUIS,0,0,,YU,0
11/15/2020,14:00,Sunday,BLOOR VIADUCT,SUUT,17,21,W,BD,5071
11/15/2020,14:18,Sunday,VAUGHAN MC STATION,TUSUP,6,10,S,YU,5576
11/15/2020,14:20,Sunday,QUEEN STATION,MUIRS,0,0,,YU,0
11/15/2020,14:53,Sunday,HIGH PARK STATION,MUTO,3,7,E,BD,5330
11/15/2020,14:54,Sunday,WARDEN STATION,SUDP,0,0,W,BD,5371
11/15/2020,15:06,Sunday,JANE STATION,SUDP,0,0,,BD,0
11/15/2020,15:11,Sunday,QUEEN STATION,MUPAA,0,0,S,YU,5641
11/15/2020,15:14,Sunday,LESLIE STATION,PUEO,4,9,E,SHP,6186
11/15/2020,15:50,Sunday,VAUGHAN MC STATION,MUSAN,4,8,S,YU,5521
11/15/2020,16:23,Sunday,ROYAL YORK STATION,PUMST,0,0,,BD,8041
11/15/2020,16:49,Sunday,SPADINA BD STATION,SUAP,0,0,E,BD,5080
11/15/2020,16:49,Sunday,SPADINA YUS STATION,SUAE,0,0,S,YU,6111
11/15/2020,17:43,Sunday,BROADVIEW STATION,MUIS,0,0,,BD,0
11/15/2020,18:15,Sunday,COXWELL STATION,TUNOA,4,8,W,BD,5014
11/15/2020,18:54,Sunday,ROSEDALE STATION,TUOS,5,10,S,YU,5461
11/15/2020,19:05,Sunday,ROSEDALE STATION,TUOS,4,9,S,YU,5631
11/15/2020,19:31,Sunday,BROADVIEW STATION,MUPAA,0,0,E,BD,5014
11/15/2020,19:37,Sunday,ROSEDALE STATION,TUOS,0,0,N,YU,5916
11/15/2020,19:56,Sunday,ROSEDALE STATION,TUOS,4,9,S,YU,5814
11/15/2020,19:58,Sunday,WARDEN STATION,TUMVS,0,0,E,BD,5277
11/15/2020,20:27,Sunday,KENNEDY BD STATION,TUMVS,4,8,W,BD,5084
11/15/2020,20:30,Sunday,SHERBOURNE STATION,MUDD,6,10,E,BD,5192
11/15/2020,20:32,Sunday,DAVISVILLE STATION,MUSC,0,0,S,YU,5491
11/15/2020,20:48,Sunday,COLLEGE STATION,SUDP,6,11,S,YU,5491
11/15/2020,20:53,Sunday,KENNEDY SRT STATION,MRTO,14,19,S,SRT,3007
11/15/2020,21:05,Sunday,SCARBOROUGH CTR STATIO,MRO,0,0,,SRT,0
11/15/2020,21:38,Sunday,LAWRENCE EAST STATION,MRO,0,0,S,SRT,3006
11/15/2020,22:00,Sunday,YONGE-UNIVERSITY & BLO,MUO,0,0,,YU/BD,0
11/15/2020,22:02,Sunday,SUMMERHILL STATION,TUOS,0,0,N,YU,5781
11/15/2020,22:35,Sunday,ST GEORGE BD STATION,MUIS,0,0,,BD,0
11/15/2020,22:46,Sunday,ELLESMERE STATION,MRO,13,18,S,SRT,3018
11/15/2020,23:04,Sunday,JANE STATION,MUIRS,0,0,E,BD,0
11/15/2020,23:28,Sunday,BLOOR STATION,MUIS,0,0,N,YU,0
11/15/2020,23:35,Sunday,COXWELL STATION,MUO,5,10,W,BD,5084
11/15/2020,23:45,Sunday,LESLIE STATION,PUMEL,0,0,,SHP,0
11/16/2020,05:55,Monday,FINCH STATION,SUG,4,8,N,YU,5656
11/16/2020,06:15,Monday,ST CLAIR WEST STATION,MUIS,0,0,S,YU,5496
11/16/2020,06:32,Monday,DAVISVILLE STATION,TUOS,0,0,S,YU,5461
11/16/2020,06:45,Monday,KENNEDY BD STATION,MUSAN,3,6,W,BD,5284
11/16/2020,06:52,Monday,ROSEDALE STATION,TUOS,0,0,S,YU,5676
11/16/2020,07:09,Monday,DAVISVILLE STATION,EUSC,0,0,S,YU,5881
11/16/2020,07:41,Monday,DAVISVILLE STATION,TUOS,0,0,S,YU,6001
11/16/2020,07:41,Monday,KIPLING STATION,MUSAN,3,6,E,BD,5358
11/16/2020,07:43,Monday,QUEEN STATION,MUIS,0,0,S,YU,0
11/16/2020,07:45,Monday,DAVISVILLE STATION,MUPLB,5,8,S,YU,6076
11/16/2020,08:00,Monday,QUEEN STATION,TUMVS,4,7,S,YU,6001
11/16/2020,08:40,Monday,KENNEDY BD STATION,MUSAN,3,6,W,BD,5132
11/16/2020,09:23,Monday,MIDLAND STATION,MRTO,7,12,S,SRT,3022
11/16/2020,09:38,Monday,YORK MILLS STATION,TUMVS,3,6,S,YU,6101
11/16/2020,10:03,Monday,KING STATION,MUPAA,3,6,S,YU,6101
11/16/2020,10:11,Monday,QUEEN STATION,SUDP,3,6,N,YU,5831
11/16/2020,10:19,Monday,EGLINTON STATION,PUTD,3,6,N,YU,5591
11/16/2020,12:09,Monday,VAUGHAN MC STATION,MUNOA,3,6,S,YU,0
11/16/2020,12:45,Monday,KIPLING STATION,MUTO,5,8,E,BD,5358
11/16/2020,13:06,Monday,FINCH WEST STATION,MUPAA,0,0,N,YU,6036
11/16/2020,13:13,Monday,KEELE STATION,PUSTS,4,7,E,BD,5236
11/16/2020,14:36,Monday,LAWRENCE EAST STATION,SRAP,0,0,N,SRT,3025
11/16/2020,14:58,Monday,KENNEDY BD STATION,MUTO,3,6,W,BD,5313
11/16/2020,15:14,Monday,ISLINGTON STATION,TUMVS,0,0,E,BD,5353
11/16/2020,15:18,Monday,ROYAL YORK STATION,TUO,4,7,E,BD,5353
11/16/2020,15:20,Monday,ST CLAIR STATION,TUOS,0,0,S,YU,5816
11/16/2020,15:34,Monday,BLOOR STATION,MUPAA,0,0,N,YU,6116
11/16/2020,16:18,Monday,OSSINGTON STATION,SUDP,0,0,W,BD,5058
11/16/2020,16:21,Monday,VAUGHAN MC STATION,TUNOA,3,6,S,YU,0
11/16/2020,17:16,Monday,DUFFERIN STATION,MUIS,0,0,,BD,0
11/16/2020,17:45,Monday,DUNDAS STATION,SUDP,4,7,S,YU,6036
11/16/2020,17:56,Monday,VAUGHAN MC STATION,TUNOA,3,6,S,YU,0
11/16/2020,18:00,Monday,KEELE STATION,MUIR,0,0,E,BD,5358
11/16/2020,18:46,Monday,WELLESLEY STATION,SUUT,0,0,N,YU,5906
11/16/2020,18:53,Monday,NORTH YORK CTR STATION,TUSC,0,0,N,YU,5576
11/16/2020,19:04,Monday,EGLINTON WEST STATION,MUPLB,36,41,N,YU,6071
11/16/2020,19:51,Monday,KENNEDY SRT STATION,ERDO,5,10,N,SRT,3001
11/16/2020,19:53,Monday,ISLINGTON STATION,PUSWZ,6,12,E,BD,5366
11/16/2020,20:16,Monday,ST GEORGE BD STATION,SUUT,3,9,E,BD,5014
11/16/2020,20:52,Monday,YONGE BD STATION,MUPAA,4,10,E,BD,5194
11/16/2020,21:36,Monday,FINCH STATION,SUO,0,0,,YU,0
11/16/2020,21:55,Monday,KEELE STATION,MUIRS,0,0,,BD,0
11/16/2020,22:00,Monday,YONGE-UNIVERSITY AND B,MUO,0,0,,YU/BD,0
11/16/2020,23:38,Monday,RUNNYMEDE STATION,MUIS,0,0,E,,0
11/17/2020,01:48,Tuesday,ST ANDREW STATION,TUCC,4,9,N,YU,5966
11/17/2020,02:45,Tuesday,KIPLING STATION,PUTOE,0,0,W,BD,0
11/17/2020,05:45,Tuesday,FINCH STATION,EUDO,4,8,,YU,5836
11/17/2020,05:57,Tuesday,DONLANDS STATION,TUO,0,0,W,BD,5321
11/17/2020,06:03,Tuesday,WILSON STATION,EUYRD,3,6,S,YU,5811
11/17/2020,06:47,Tuesday,QUEEN STATION,MUPAA,0,0,S,YU,6131
11/17/2020,07:50,Tuesday,WELLESLEY STATION,PUEO,0,0,N,YU,5781
11/17/2020,09:26,Tuesday,FINCH STATION,TUSC,0,0,N,YU,6051
11/17/2020,10:09,Tuesday,EGLINTON STATION,SUDP,3,6,S,YU,6096
11/17/2020,10:26,Tuesday,ROSEDALE STATION,TUOS,0,0,S,YU,5461
11/17/2020,10:46,Tuesday,SCARBOROUGH RAPID TRAN,PRO,0,0,,SRT,0
11/17/2020,10:49,Tuesday,DUNDAS WEST STATION,MUIS,0,0,,BD,0
11/17/2020,11:01,Tuesday,YONGE BD STATION,EUDO,8,11,W,BD,5130
11/17/2020,11:10,Tuesday,BLOOR STATION,MUPAA,5,8,N,YU,5791
11/17/2020,12:12,Tuesday,VAUGHAN MC STATION,MUNOA,3,6,,YU,5846
11/17/2020,12:14,Tuesday,LAWRENCE WEST STATION,MUIS,0,0,,YU,0
11/17/2020,14:07,Tuesday,VAUGHAN MC STATION,MUNOA,3,6,S,YU,0
11/17/2020,14:33,Tuesday,SPADINA BD STATION,MUIS,0,0,W,BD,0
11/17/2020,14:36,Tuesday,LAWRENCE EAST STATION,MRUI,0,0,,SRT,0
11/17/2020,15:21,Tuesday,DAVISVILLE STATION,SUDP,3,6,N,YU,5086
11/17/2020,16:32,Tuesday,LAWRENCE STATION,SUAP,12,15,S,YU,5786
11/17/2020,16:38,Tuesday,OLD MILL STATION,TUOS,3,6,E,BD,5015
11/17/2020,16:49,Tuesday,VAUGHAN MC STATION,MUO,3,6,S,YU,5441
11/17/2020,17:10,Tuesday,BLOOR STATION,MUIS,0,0,,YU,0
11/17/2020,17:34,Tuesday,BLOOR STATION,SUAP,0,0,,YU,0
11/17/2020,17:35,Tuesday,ISLINGTON STATION,PUSTC,0,0,E,BD,5266
11/17/2020,18:43,Tuesday,SHERBOURNE STATION,MUIS,0,0,E,BD,0
11/17/2020,20:01,Tuesday,SHEPPARD WEST STATION,MUTO,4,7,S,YU,5576
11/17/2020,20:15,Tuesday,EGLINTON STATION,EUSC,0,0,N,YU,5526
11/17/2020,20:22,Tuesday,ST GEORGE BD STATION,SUSA,0,0,E,BD,0
11/17/2020,20:38,Tuesday,ROYAL YORK STATION,MUIR,9,15,E,BD,5049
11/17/2020,21:32,Tuesday,ST ANDREW STATION,SUO,3,8,N,YU,5931
11/17/2020,22:00,Tuesday,YONGE-UNIVERSITY AND B,MUO,0,0,,YU/BD,0
11/18/2020,01:04,Wednesday,DUFFERIN STATION,MUIS,0,0,,BD,0
11/18/2020,01:28,Wednesday,SHEPPARD WEST STATION,MUIS,0,0,,YU,0
11/18/2020,02:33,Wednesday,VAUGHAN MC STATION,MUIS,0,0,,YU,0
11/18/2020,05:32,Wednesday,FINCH STATION,TUSC,0,0,S,YU,5986
11/18/2020,06:36,Wednesday,PAPE STATION,MUDD,3,6,W,BD,5018
11/18/2020,06:50,Wednesday,NORTH YORK CTR STATION,EUTRD,4,7,S,YU,5971
11/18/2020,07:20,Wednesday,QUEEN STATION,MUSC,0,0,N,YU,6111
11/18/2020,08:32,Wednesday,YONGE BD STATION,MUIRS,0,0,W,BD,0
11/18/2020,09:18,Wednesday,DAVISVILLE STATION,MUPAA,4,7,N,YU,5831
11/18/2020,10:05,Wednesday,WARDEN STATION,PUSTS,3,6,W,BD,5263
11/18/2020,10:28,Wednesday,QUEEN STATION,TUS,4,7,S,YU,5521
11/18/2020,10:40,Wednesday,MIDLAND STATION,MRO,0,0,N,SRT,0
11/18/2020,10:50,Wednesday,ST GEORGE YUS STATION,MUPAA,0,0,N,YU,6076
11/18/2020,11:47,Wednesday,EGLINTON WEST STATION,SUUT,22,25,N,YU,5986
11/18/2020,12:16,Wednesday,EGLINTON WEST STATION,MUO,3,6,S,YU,5391
11/18/2020,12:58,Wednesday,VAUGHAN MC STATION,MUNOA,3,6,S,YU,0
11/18/2020,15:27,Wednesday,DUNDAS STATION,MUPAA,0,0,S,YU,5926
11/18/2020,15:33,Wednesday,BAYVIEW STATION,MUIS,0,0,,SHP,0
11/18/2020,16:33,Wednesday,DUFFERIN STATION,MUIRS,0,0,E,BD,0
11/18/2020,16:35,Wednesday,BROADVIEW STATION,TUMVS,3,6,W,BD,5105
11/18/2020,16:35,Wednesday,ST CLAIR WEST STATION,MUIS,0,0,,YU,0
11/18/2020,16:55,Wednesday,CHRISTIE STATION,TUMVS,0,0,E,BD,5163
11/18/2020,17:45,Wednesday,VAUGHAN MC STATION,MUNOA,3,6,S,YU,0
11/18/2020,17:56,Wednesday,OSGOODE STATION,MUATC,0,0,N,YU,5896
11/18/2020,18:20,Wednesday,VAUGHAN MC STATION,MUNOA,3,6,S,YU,0
11/18/2020,18:51,Wednesday,ST CLAIR STATION,MUSC,0,0,S,YU,5456
11/18/2020,19:04,Wednesday,BROADVIEW STATION,MUPAA,3,6,W,BD,5135
11/18/2020,19:10,Wednesday,COXWELL STATION,MUIS,0,0,,BD,0
11/18/2020,19:42,Wednesday,MAIN STREET STATION,MUDD,3,6,E,BD,5303
11/18/2020,19:51,Wednesday,DUFFERIN STATION,MUD,0,0,E,BD,5279
11/18/2020,19:59,Wednesday,PAPE STATION,SUAP,7,10,E,BD,5152
11/18/2020,20:08,Wednesday,KENNEDY BD STATION,TUMVS,0,0,W,BD,5075
11/18/2020,20:32,Wednesday,DUFFERIN STATION,SUDP,5,11,E,BD,5309
11/18/2020,21:25,Wednesday,UNION STATION,PUTO,7,12,N,YU,6081
11/18/2020,21:32,Wednesday,BLOOR STATION,SUDP,0,0,N,YU,5671
11/18/2020,21:33,Wednesday,MCCOWAN STATION,SRDP,6,12,S,SRT,3014
11/18/2020,21:44,Wednesday,WARDEN STATION,MUPAA,3,9,E,BD,5130
11/18/2020,21:52,Wednesday,SHEPPARD STATION,PUCSC,0,0,S,YU,76
11/18/2020,21:53,Wednesday,WARDEN STATION,MUO,6,12,W,BD,5006
11/18/2020,22:00,Wednesday,QUEEN STATION,SUROB,0,0,,YU,0
11/18/2020,22:00,Wednesday,YONGE-UNIVERSITY AND B,MUO,0,0,,YU/BD,0
11/18/2020,22:50,Wednesday,ST CLAIR WEST TO VMC S,PUTO,9,14,N,YU,5506
11/18/2020,22:52,Wednesday,BAY STATION,MUIRS,0,0,,BD,0
11/18/2020,22:55,Wednesday,BLOOR TO MUSUEM STATIO,PUTO,7,12,S,YU,5651
11/18/2020,23:03,Wednesday,OLD MILL STATION,MUI,14,19,W,BD,5170
11/18/2020,23:10,Wednesday,HIGHWAY 407 STATION,MUO,6,11,N,YU,5506
11/18/2020,23:10,Wednesday,MCCOWAN STATION,ERTB,6,12,S,SRT,3018
11/19/2020,00:09,Thursday,CHRISTIE STATION,TUMVS,0,0,E,BD,5260
11/19/2020,00:11,Thursday,QUEEN STATION,MUPAA,0,0,N,YU,5986
11/19/2020,01:10,Thursday,DON MILLS STATION,TUSC,0,0,W,SHP,6166
11/19/2020,01:58,Thursday,BAY STATION,SUUT,3,0,W,BD,5263
11/19/2020,04:19,Thursday,YONGE BD STATION,MUPLC,0,0,W,BD,0
11/19/2020,05:35,Thursday,YORK UNIVERSITY STATIO,PUMO,0,0,,YU,0
11/19/2020,05:41,Thursday,WARDEN STATION,MUPAA,0,0,W,BD,5330
11/19/2020,06:07,Thursday,YONGE BD STATION,EUDO,5,11,W,BD,5161
11/19/2020,06:08,Thursday,CHRISTIE STATION,MUPAA,0,0,W,BD,5330
11/19/2020,07:19,Thursday,GREENWOOD YARD,EUYRD,3,6,E,BD,5151
11/19/2020,07:25,Thursday,BATHURST STATION,MUPAA,0,0,W,BD,5071
11/19/2020,08:16,Thursday,FINCH STATION,TUSC,3,6,S,YU,6096
11/19/2020,08:17,Thursday,ST CLAIR WEST STATION,MUATC,4,7,N,YU,5696
11/19/2020,08:23,Thursday,KEELE STATION,PUSTS,4,7,E,BD,5170
11/19/2020,09:09,Thursday,QUEEN STATION,TUMVS,3,6,S,YU,5681
11/19/2020,10:41,Thursday,COXWELL STATION,TUSC,0,0,E,BD,5239
11/19/2020,11:01,Thursday,SHEPPARD WEST STATION,MUTO,5,8,S,YU,6066
11/19/2020,11:12,Thursday,ROSEDALE STATION,PUTIJ,3,6,N,YU,5451
11/19/2020,11:16,Thursday,CHRISTIE STATION,EUNT,0,0,W,BD,5051
11/19/2020,11:26,Thursday,WELLESLEY STATION,SUAP,3,6,S,YU,5941
11/19/2020,12:17,Thursday,ROSEDALE STATION,MUO,8,11,N,YU,5446
11/19/2020,12:20,Thursday,VAUGHAN MC STATION,MUNOA,3,6,S,YU,0
11/19/2020,12:44,Thursday,KENNEDY BD STATION,SUROB,0,0,,BD,0
11/19/2020,13:17,Thursday,GREENWOOD YARD,MUO,0,0,,BD,0
11/19/2020,13:33,Thursday,VAUGHAN MC STATION,MUNOA,3,6,S,YU,0
11/19/2020,13:41,Thursday,EGLINTON STATION,EUSC,0,0,S,YU,5931
11/19/2020,13:44,Thursday,EGLINTON WEST STATION,MUNCA,0,0,,YU,0
11/19/2020,13:58,Thursday,YORK MILLS STATION,TUSC,0,0,S,YU,5981
11/19/2020,14:52,Thursday,YONGE BD STATION,SUDP,4,7,E,BD,5152
11/19/2020,15:33,Thursday,LESLIE STATION,TUSC,0,0,W,SHP,6181
11/19/2020,16:01,Thursday,DUNDAS STATION,SUDP,0,0,N,YU,0
11/19/2020,17:28,Thursday,ST ANDREW STATION,PUMEL,0,0,,YU,0
11/19/2020,17:34,Thursday,ROYAL YORK STATION,TUS,4,7,E,BD,5289
11/19/2020,18:10,Thursday,DONLANDS STATION,MUD,0,0,W,BD,5135
11/19/2020,18:19,Thursday,BAY STATION,SUUT,6,9,E,BD,5303
11/19/2020,18:36,Thursday,GREENWOOD STATION,TUO,3,6,E,BD,5130
11/19/2020,18:44,Thursday,BROADVIEW STATION,SUPOL,5,8,W,BD,5321
11/19/2020,19:00,Thursday,DAVISVILLE STATION,SUO,3,6,N,YU,5676
11/19/2020,19:06,Thursday,SHEPPARD-YONGE STATION,MUWR,0,0,E,SHP,6161
11/19/2020,21:08,Thursday,QUEEN STATION,SUDP,8,11,S,YU,5426
11/19/2020,21:41,Thursday,SPADINA YUS STATION,PUEO,0,0,N,YU,0
11/19/2020,21:51,Thursday,EGLINTON WEST STATION,MUATC,0,0,N,YU,6021
11/19/2020,22:00,Thursday,YONGE-UNIVERSITY AND B,MUO,0,0,,YU/BD,0
11/19/2020,22:45,Thursday,EGLINTON STATION,MUIS,0,0,,YU,0
11/19/2020,23:59,Thursday,WOODBINE STATION,MUIS,0,0,W,BD,5263
11/20/2020,00:24,Friday,BROADVIEW STATION,SUAE,0,0,W,BD,5021
11/20/2020,00:39,Friday,FINCH STATION,MUPAA,0,0,N,YU,6121
11/20/2020,05:28,Friday,EGLINTON STATION,SUO,0,0,,YU,0
11/20/2020,06:02,Friday,KIPLING STATION,MUIS,0,0,,BD,0
11/20/2020,06:57,Friday,QUEEN STATION,SUDP,6,9,S,YU,5471
11/20/2020,07:06,Friday,FINCH STATION,MUSC,0,0,S,YU,5801
11/20/2020,07:07,Friday,ST CLAIR STATION,MUSC,0,0,S,YU,5386
11/20/2020,08:09,Friday,SHEPPARD-YONGE STATION,MUSC,0,0,E,SHP,6161
11/20/2020,09:13,Friday,KIPLING STATION,PUTTC,3,6,E,BD,5004
11/20/2020,09:47,Friday,FINCH STATION,MUSC,0,0,,YU,5801
11/20/2020,10:18,Friday,WARDEN STATION,SUUT,0,0,W,BD,5211
11/20/2020,11:38,Friday,BAY STATION,SUAE,0,0,,BD,0
11/20/2020,11:43,Friday,BLOOR STATION,MUIS,0,0,S,YU,0
11/20/2020,11:46,Friday,MCCOWAN STATION,SRUT,8,13,S,SRT,3024
11/20/2020,11:53,Friday,BATHURST STATION,PUMEL,0,0,,BD,0
11/20/2020,11:59,Friday,ST CLAIR STATION,SUAP,0,0,,YU,0
11/20/2020,13:38,Friday,BLOOR STATION,SUDP,0,0,N,YU,5411
11/20/2020,13:42,Friday,YONGE BD STATION,SUO,0,0,E,BD,5074
11/20/2020,14:03,Friday,DUFFERIN STATION,MUIR,0,0,E,BD,0
11/20/2020,14:29,Friday,COLLEGE STATION,MUIRS,0,0,,YU,0
11/20/2020,15:02,Friday,WARDEN STATION,MUIS,0,0,,BD,0
11/20/2020,15:34,Friday,SUMMERHILL STATION,SUDP,3,6,N,YU,5986
11/20/2020,15:54,Friday,FINCH STATION,PUCSC,3,6,N,YU,5976
11/20/2020,16:06,Friday,WARDEN STATION,MUIS,0,0,E,BD,0
11/20/2020,16:17,Friday,ISLINGTON STATION,EUNT,7,10,W,BD,5369
11/20/2020,18:00,Friday,DUNDAS STATION,MUIS,0,0,,YU,0
11/20/2020,19:42,Friday,SHEPPARD WEST STATION,MUIR,0,0,S,YU,5796
11/20/2020,19:43,Friday,DAVISVILLE STATION,PUTD,8,11,S,YU,6001
11/20/2020,19:46,Friday,COXWELL STATION,MUIS,0,0,E,BD,0
11/20/2020,20:09,Friday,LAWRENCE STATION,SUDP,4,7,N,YU,5381
11/20/2020,20:19,Friday,ST GEORGE BD STATION,SUAP,3,6,E,BD,5192
11/20/2020,21:19,Friday,NORTH YORK CTR STATION,SUAP,19,24,N,YU,6071
11/20/2020,21:22,Friday,SHEPPARD STATION,TUMVS,0,0,N,YU,5986
11/20/2020,21:28,Friday,VICTORIA PARK STATION,MUIRS,0,0,,BD,0
11/20/2020,21:43,Friday,WELLESLEY STATION,SUO,0,0,N,YU,0
11/20/2020,22:00,Friday,YONGE-UNIVERSITY AND B,MUO,0,0,,YUS/DB,0
11/20/2020,23:17,Friday,COXWELL STATION,MUI,17,23,W,BD,5361
11/20/2020,23:39,Friday,YONGE BD STATION,SUDP,0,0,,BD,0
11/21/2020,00:38,Saturday,ROSEDALE STATION,MUSC,3,8,N,YU,5661
11/21/2020,00:47,Saturday,KENNEDY BD STATION,MUIS,0,0,,BD,0
11/21/2020,00:53,Saturday,FINCH STATION,MUNOA,5,10,S,YU,0
11/21/2020,01:54,Saturday,SHEPPARD WEST STATION,MUIS,0,0,,YU,0
11/21/2020,01:54,Saturday,VAUGHAN MC STATION,MUIS,0,0,,YU,0
11/21/2020,01:55,Saturday,VICTORIA PARK STATION,PUMST,0,0,W,BD,0
11/21/2020,02:16,Saturday,WILSON STATION,MUPAA,0,0,N,YU,5926
11/21/2020,05:55,Saturday,UNION STATION,MUATC,76,0,S,YU,5466
11/21/2020,06:00,Saturday,YONGE-UNIVERSITY LINE,MUO,0,0,,YU,0
11/21/2020,06:28,Saturday,WARDEN STATION,EULV,19,24,E,BD,5279
11/21/2020,06:52,Saturday,ST CLAIR WEST STATION,EUDO,3,8,N,YU,6051
11/21/2020,08:13,Saturday,OSGOODE STATION,MUNCA,0,0,,YU,0
11/21/2020,08:38,Saturday,ST GEORGE YUS STATION,MUIS,0,0,,YU,0
11/21/2020,09:23,Saturday,CHRISTIE STATION,MUPAA,3,8,E,BD,5295
11/21/2020,10:00,Saturday,VAUGHAN MC STATION,EUBO,5,10,S,YU,5611
11/21/2020,10:13,Saturday,SHERBOURNE STATION,MUNCA,0,0,,BD,0
11/21/2020,10:47,Saturday,VAUGHAN MC STATION,MUCL,15,20,S,YU,5656
11/21/2020,11:11,Saturday,ST GEORGE BD STATION,SUO,0,0,W,BD,5074
11/21/2020,11:14,Saturday,ST GEORGE YUS STATION,SUO,0,0,N,YU,5666
11/21/2020,11:21,Saturday,DUNCAN SHOP,MUIE,0,0,,,0
11/21/2020,11:25,Saturday,DUNDAS WEST STATION,MUIRS,0,0,,BD,0
11/21/2020,12:13,Saturday,WOODBINE STATION,SUO,0,0,W,BD,5031
11/21/2020,12:30,Saturday,PAPE STATION,MUIS,0,0,,BD,0
11/21/2020,12:31,Saturday,COXWELL STATION,SUDP,3,7,W,BD,5263
11/21/2020,12:43,Saturday,WILSON STATION,MUNOA,3,6,S,YU,0
11/21/2020,12:55,Saturday,WARDEN STATION,MUSAN,4,8,W,BD,5246
11/21/2020,13:00,Saturday,EGLINTON STATION,PUMEL,0,0,,YU,0
11/21/2020,13:51,Saturday,PAPE STATION,MUNCA,0,0,,BD,0
11/21/2020,13:53,Saturday,ISLINGTON STATION,SUPOL,24,28,W,BD,5092
11/21/2020,14:09,Saturday,VAUGHAN MC STATION,TUNOA,3,6,S,YU,0
11/21/2020,15:26,Saturday,VICTORIA PARK STATION,TUMVS,0,0,W,BD,5021
11/21/2020,15:28,Saturday,WOODBINE STATION,SUUT,10,14,E,BD,5105
11/21/2020,15:31,Saturday,KENNEDY BD STATION,TUMVS,0,0,E,BD,5274
11/21/2020,16:38,Saturday,FINCH STATION,TUO,3,6,S,YU,6046
11/21/2020,16:42,Saturday,YORK MILLS STATION,MUNCA,0,0,,YU,0
11/21/2020,17:08,Saturday,OSSINGTON STATION,SUDP,5,9,E,BD,5289
11/21/2020,17:27,Saturday,BAYVIEW STATION,SUAP,0,0,E,SHP,0
11/21/2020,17:45,Saturday,EGLINTON STATION,SUAP,5,8,N,YU,5576
11/21/2020,17:54,Saturday,COLLEGE STATION,SUDP,0,0,N,YU,0
11/21/2020,18:03,Saturday,FINCH WEST STATION,SUDP,0,0,,YU,0
11/21/2020,18:28,Saturday,KING STATION,MUPAA,0,0,N,YU,5451
11/21/2020,18:35,Saturday,YORK MILLS STATION,MUSC,0,0,S,YU,5651
11/21/2020,19:14,Saturday,VAUGHAN MC STATION,TUNOA,3,6,S,YU,0
11/21/2020,19:17,Saturday,VAUGHAN MC STATION,TUNOA,5,10,S,YU,0
11/21/2020,19:21,Saturday,VAUGHAN MC STATION,TUNOA,3,6,S,YU,0
11/21/2020,19:24,Saturday,VAUGHAN MC STATION,TUNOA,5,10,S,YU,0
11/21/2020,19:29,Saturday,VAUGHAN MC STATION,TUNOA,3,6,S,YU,0
11/21/2020,19:37,Saturday,EGLINTON STATION,SUAP,0,0,S,YU,6126
11/21/2020,20:20,Saturday,MAIN STREET STATION,SUDP,0,0,W,BD,5309
11/21/2020,21:19,Saturday,KENNEDY SRT STATION,MRTO,0,0,N,SRT,3011
11/21/2020,21:25,Saturday,CHRISTIE STATION,TUMVS,4,9,E,BD,5338
11/21/2020,21:41,Saturday,DONLANDS STATION,MUIS,0,0,,BD,0
11/21/2020,21:51,Saturday,VAUGHAN MC STATION,TUNOA,5,7,S,YU,0
11/21/2020,22:00,Saturday,YONGE-UNIVERSITY AND B,MUO,0,0,,YU/BD,0
11/21/2020,22:16,Saturday,YONGE BD STATION,SUDP,0,0,E,BD,5274
11/21/2020,22:17,Saturday,BLOOR STATION,SUDP,0,0,N,YU,5596
11/22/2020,00:05,Sunday,BLOOR STATION,SUDP,5,10,N,YU,5621
11/22/2020,00:38,Sunday,BLOOR STATION,SUDP,3,8,N,YU,5521
11/22/2020,00:40,Sunday,BLOOR STATION,SUUT,7,12,N,YU,5991
11/22/2020,01:16,Sunday,EGLINTON WEST STATION,MUIR,11,16,N,YU,5441
11/22/2020,08:09,Sunday,GREENWOOD STATION,TUNIP,3,7,E,BD,5089
11/22/2020,08:47,Sunday,ROSEDALE STATION,TUSC,3,8,N,YU,6076
11/22/2020,09:17,Sunday,ROYAL YORK STATION,MUPR1,96,100,E,BD,5042
11/22/2020,09:23,Sunday,GREENWOOD STATION,EUNT,4,8,W,BD,5209
11/22/2020,09:24,Sunday,QUEEN STATION,MUIRS,0,0,N,YU,0
11/22/2020,09:52,Sunday,QUEEN STATION,MUIRS,0,0,,YU,0
11/22/2020,10:03,Sunday,OSGOODE STATION,TUS,5,10,S,YU,5796
11/22/2020,10:30,Sunday,SHEPPARD WEST STATION,MUATC,4,8,S,YU,5546
11/22/2020,10:48,Sunday,VAUGHAN MC STATION,MUSAN,0,0,S,YU,5471
11/22/2020,10:51,Sunday,EGLINTON STATION,MUPAA,0,0,S,YU,5791
11/22/2020,11:03,Sunday,QUEEN STATION,SUDP,6,9,S,YU,5386
11/22/2020,11:06,Sunday,OLD MILL STATION,EUSC,0,0,E,BD,5170
11/22/2020,11:13,Sunday,ST ANDREW STATION,SUDP,0,0,,YU,0
11/22/2020,12:31,Sunday,YORK MILLS STATION,EUTRD,8,12,S,YU,6046
11/22/2020,12:51,Sunday,COLLEGE STATION,SUDP,3,7,N,YU,5656
11/22/2020,12:59,Sunday,YORK MILLS STATION,TUOS,4,8,N,YU,5641
11/22/2020,13:07,Sunday,YONGE BD STATION,SUAP,0,0,,BD,0
11/22/2020,14:45,Sunday,FINCH STATION,MUI,4,8,S,YU,5616
11/22/2020,15:22,Sunday,ST CLAIR WEST STATION,SUDP,26,30,N,YU,5781
11/22/2020,15:33,Sunday,KENNEDY BD STATION,TUMVS,0,0,E,BD,5164
11/22/2020,15:55,Sunday,COLLEGE STATION,SUDP,3,7,S,YU,5466
11/22/2020,15:55,Sunday,MCCOWAN STATION,PRSP,139,145,S,SRT,3014
11/22/2020,16:20,Sunday,HIGH PARK STATION,SUDP,0,0,E,BD,5089
11/22/2020,16:41,Sunday,WELLESLEY STATION,SUDP,0,0,N,YU,6076
11/22/2020,16:53,Sunday,BLOOR STATION,PUMST,0,0,,YU,0
11/22/2020,18:07,Sunday,DUNDAS STATION,SUDP,3,7,S,YU,5781
11/22/2020,18:45,Sunday,YORK MILLS STATION,EUSC,0,0,S,YU,5651
11/22/2020,18:52,Sunday,EGLINTON STATION,PUSNT,5,9,S,YU,5651
11/22/2020,19:14,Sunday,BROADVIEW STATION,MUIS,0,0,,BD,0
11/22/2020,19:42,Sunday,CASTLE FRANK STATION,MUD,5,9,E,BD,5263
11/22/2020,19:48,Sunday,KEELE STATION,MUSC,0,0,W,BD,5024
11/22/2020,20:25,Sunday,EGLINTON TO DAVISVILLE,TUCC,9,14,S,YU,5946
11/22/2020,20:31,Sunday,WILSON GARAGE,MUO,0,0,,YU,0
11/22/2020,20:36,Sunday,MCCOWAN STATION,ERNEA,6,12,S,SRT,3007
11/22/2020,20:58,Sunday,ST CLAIR STATION,MUATC,3,7,S,YU,5696
11/22/2020,21:24,Sunday,OSGOODE STATION,MUD,4,9,S,YU,5446
11/22/2020,22:00,Sunday,YONGE-UNIVERSITY AND B,MUO,0,0,,YU/BD,0
11/22/2020,22:08,Sunday,YONGE BD STATION,SUAP,0,0,W,BD,5072
11/22/2020,22:17,Sunday,BLOOR STATION,SUO,0,0,N,YU,5521
11/22/2020,22:58,Sunday,KEELE STATION,MUSC,0,0,W,BD,5177
11/22/2020,23:14,Sunday,ROSEDALE STATION,EUSC,7,12,N,YU,5596
11/22/2020,23:15,Sunday,EGLINTON WEST STATION,MUO,0,0,N,YU,5501
11/22/2020,23:24,Sunday,DUNDAS WEST STATION,MUPAA,5,9,E,BD,5164
11/22/2020,23:36,Sunday,BROADVIEW STATION,SUO,0,0,W,BD,5049
11/23/2020,00:16,Monday,ST CLAIR WEST STATION,MUIRS,0,0,,YU,0
11/23/2020,01:16,Monday,CASTLE FRANK STATION,SUDP,10,16,W,BD,5239
11/23/2020,01:45,Monday,SHEPPARD WEST STATION,SUAP,0,0,S,YU,5463
11/23/2020,02:09,Monday,DUFFERIN STATION,SUDP,0,0,,BD,0
11/23/2020,04:35,Monday,YONGE BD STATION,PUTD,0,0,W,BD,0
11/23/2020,05:30,Monday,MAIN STREET STATION,SUDP,0,0,,BD,0
11/23/2020,05:45,Monday,MCCOWAN YARD,PRSL,49,0,S,SRT,3000
11/23/2020,05:48,Monday,EGLINTON STATION,MUTO,4,9,N,YU,5521
11/23/2020,06:23,Monday,OLD MILL STATION,MUWEA,7,12,W,BD,5196
11/23/2020,06:32,Monday,KENNEDY BD STATION,MUTO,4,8,W,BD,5211
11/23/2020,06:40,Monday,ISLINGTON STATION,MUTO,4,9,E,BD,5038
11/23/2020,06:55,Monday,FINCH STATION,MUSC,0,0,S,YU,6001
11/23/2020,07:03,Monday,CHRISTIE STATION,TUSC,0,0,W,BD,5174
11/23/2020,07:09,Monday,SUMMERHILL STATION,TUSC,3,6,N,YU,5076
11/23/2020,07:43,Monday,ROSEDALE STATION,MUSC,0,0,N,YU,6011
11/23/2020,08:07,Monday,CHESTER STATION,EUCD,10,13,W,BD,5196
11/23/2020,09:30,Monday,OLD MILL STATION,MUTD,3,6,E,BD,5283
11/23/2020,09:31,Monday,ISLINGTON STATION,TUMVS,0,0,E,BD,5274
11/23/2020,09:52,Monday,ISLINGTON STATION,TUSC,0,0,W,BD,5266
11/23/2020,10:20,Monday,DAVISVILLE STATION,MUPLB,24,27,N,YU,5906
11/23/2020,10:30,Monday,FINCH STATION,EUSC,0,0,N,YU,5556
11/23/2020,10:43,Monday,EGLINTON STATION,SUAE,0,0,,YU,0
11/23/2020,10:52,Monday,DAVISVILLE STATION,MUPLB,9,12,S,YU,5396
11/23/2020,11:15,Monday,DAVISVILLE STATION,PUSO,15,18,S,YU,5386
11/23/2020,11:34,Monday,DUNDAS STATION,MUPAA,0,0,S,YU,5386
11/23/2020,11:44,Monday,ISLINGTON STATION,TUMVS,0,0,W,BD,5135
11/23/2020,11:55,Monday,EGLINTON STATION,TUMVS,6,9,S,YU,5396
11/23/2020,11:56,Monday,YORK MILLS STATION,TUSC,0,0,N,YU,5681
11/23/2020,12:26,Monday,GLENCAIRN STATION,SUDP,5,8,S,YU,6126
11/23/2020,13:46,Monday,VAUGHAN MC STATION,TUNIP,3,6,S,YU,5696
11/23/2020,14:30,Monday,UNION TO ST ANDREW,MUIS,0,0,N,YU,0
11/23/2020,16:36,Monday,KIPLING STATION,MUIS,0,0,,BD,0
11/23/2020,17:05,Monday,BROADVIEW STATION,MUIS,0,0,,BD,0
11/23/2020,17:19,Monday,MAIN STREET STATION,SUO,3,6,W,BD,5128
11/23/2020,18:04,Monday,CHRISTIE STATION,MUPAA,0,0,W,BD,5161
11/23/2020,18:04,Monday,WELLESLEY STATION,MUPAA,0,0,N,YU,5596
11/23/2020,18:09,Monday,BATHURST STATION,MUPAA,3,6,W,BD,5018
11/23/2020,18:43,Monday,YONGE BD STATION,SUUT,7,10,E,BD,5020
11/23/2020,20:02,Monday,LAWRENCE WEST STATION,MUIS,0,0,,YU,0
11/23/2020,20:23,Monday,UNION STATION,MUIS,0,0,,YU,0
11/23/2020,20:26,Monday,QUEEN STATION,SUO,0,0,S,YU,0
11/23/2020,21:42,Monday,SHEPPARD-YONGE TAIL TR,PUTOE,0,0,W,SHP,0
11/23/2020,22:00,Monday,YONGE-UNIVERSITY AND B,MUO,0,0,,YU/BD,0
11/23/2020,22:28,Monday,EGLINTON STATION,EUSC,0,0,S,YU,5651
11/23/2020,23:06,Monday,DUNDAS WEST STATION,MUIS,0,0,,BD,0
11/23/2020,23:30,Monday,SPADINA BD STATION,SUUT,0,0,W,BD,5151
11/24/2020,00:16,Tuesday,WELLESLEY STATION,SUDP,0,0,S,YU,0
11/24/2020,05:58,Tuesday,GREENWOOD YARD,TUMVS,0,0,E,BD,5164
11/24/2020,05:59,Tuesday,GREENWOOD YARD,MUIE,0,0,,BD,0
11/24/2020,06:08,Tuesday,SHEPPARD-YONGE STATION,MUIR,0,0,W,SHP,6171
11/24/2020,06:38,Tuesday,ROSEDALE STATION,MUATC,6,9,S,YU,5671
11/24/2020,06:42,Tuesday,FINCH STATION,PUTD,3,6,S,YU,5546
11/24/2020,06:47,Tuesday,KENNEDY BD STATION,MUPAA,0,0,W,BD,5174
11/24/2020,07:04,Tuesday,FINCH STATION,TUSC,0,0,S,YU,5651
11/24/2020,07:17,Tuesday,WILSON STATION,SUO,3,6,S,YU,5691
11/24/2020,07:43,Tuesday,FINCH STATION,MUSC,0,0,S,YU,5441
11/24/2020,08:02,Tuesday,OSGOODE STATION,SUDP,0,0,S,YU,5956
11/24/2020,08:03,Tuesday,QUEEN STATION,MUATC,0,0,N,YU,6081
11/24/2020,09:57,Tuesday,DUFFERIN STATION,SUAE,0,0,E,BD,0
11/24/2020,09:57,Tuesday,ST ANDREW STATION,PUTDN,28,31,S,YU,5971
11/24/2020,10:33,Tuesday,DUNDAS STATION,SUDP,0,0,S,YU,5516
11/24/2020,11:00,Tuesday,FINCH STATION,EUSC,0,0,N,YU,5451
11/24/2020,11:11,Tuesday,MCCOWAN STATION,PRSP,5,11,,SRT,3025
11/24/2020,11:22,Tuesday,KENNEDY SRT STATION,MRPLB,12,18,N,SRT,3007
11/24/2020,12:13,Tuesday,KIPLING STATION,MUTO,5,8,W,BD,5015
11/24/2020,12:15,Tuesday,KING STATION,MUIS,0,0,S,YU,0
11/24/2020,12:43,Tuesday,DONLANDS STATION,EUDO,3,6,W,BD,5010
11/24/2020,12:52,Tuesday,BROADVIEW STATION,EUCD,3,6,W,BD,5010
11/24/2020,14:31,Tuesday,WELLESLEY STATION,PUMEL,0,0,,YU,0
11/24/2020,14:36,Tuesday,FINCH STATION,TUSC,0,0,S,YU,5726
11/24/2020,14:49,Tuesday,DUNDAS STATION,MUPAA,0,0,N,YU,5461
11/24/2020,15:50,Tuesday,SHEPPARD STATION,SUAP,0,0,,YU,5392
11/24/2020,15:54,Tuesday,LESLIE STATION,TUSC,0,0,W,SHP,6146
11/24/2020,17:20,Tuesday,DONLANDS STATION,SUDP,3,6,E,BD,5205
11/24/2020,19:44,Tuesday,ST CLAIR WEST STATION,MUTO,0,0,N,YU,5501
11/24/2020,20:35,Tuesday,SHEPPARD-YONGE STATION,TUSC,3,8,E,SHP,6181
11/24/2020,21:36,Tuesday,VICTORIA PARK STATION,SUUT,0,0,W,BD,5246
11/24/2020,22:00,Tuesday,YONGE-UNIVERSITY AND B,MUO,0,0,,YU/BD,0
11/24/2020,23:41,Tuesday,KENNEDY BD STATION,MUIS,0,0,,BD,0
11/25/2020,01:49,Wednesday,SHEPPARD-YONGE STATION,TUSC,0,0,W,SHP,6171
11/25/2020,02:38,Wednesday,VAUGHAN MC STATION,SUDP,0,0,,YU,0
11/25/2020,05:07,Wednesday,WARDEN STATION,SUDP,0,0,,BD,0
11/25/2020,07:16,Wednesday,COLLEGE STATION,SUO,0,0,N,YU,6036
11/25/2020,07:54,Wednesday,NORTH YORK CTR STATION,SUDP,4,7,S,YU,6031
11/25/2020,07:55,Wednesday,SHEPPARD STATION,SUAE,0,0,,YU,0
11/25/2020,08:44,Wednesday,FINCH STATION,MUTO,3,6,S,YU,5616
11/25/2020,09:19,Wednesday,ST GEORGE BD STATION,SUDP,5,8,W,BD,5354
11/25/2020,09:38,Wednesday,KENNEDY BD STATION,SUDP,3,6,W,BD,5163
11/25/2020,09:48,Wednesday,KENNEDY SRT STATION,PRSA,14,19,N,SRT,3000
11/25/2020,09:56,Wednesday,FINCH STATION,MUTO,3,6,S,YU,5781
11/25/2020,11:14,Wednesday,WILSON STATION,MUPAA,0,0,S,YU,6126
11/25/2020,11:15,Wednesday,BROADVIEW STATION,PUMST,0,0,E,BD,0
11/25/2020,11:42,Wednesday,DUNDAS STATION,SUAP,0,0,,YU,0
11/25/2020,11:51,Wednesday,BLOOR STATION,MUATC,3,6,N,YU,6121
11/25/2020,12:17,Wednesday,FINCH WEST STATION,SUO,0,0,S,YU,6116
11/25/2020,12:28,Wednesday,LAWRENCE STATION,MUPAA,0,0,S,YU,6126
11/25/2020,12:50,Wednesday,YORK MILLS STATION,TUSC,0,0,N,YU,6131
11/25/2020,13:01,Wednesday,KEELE STATION,EUSC,0,0,W,BD,5196
11/25/2020,13:43,Wednesday,DUNDAS STATION,MUIS,0,0,,YU,0
11/25/2020,14:02,Wednesday,KENNEDY BD STATION,TUSC,0,0,E,BD,5205
11/25/2020,14:03,Wednesday,WILSON STATION,MUATC,0,0,S,YU,5421
11/25/2020,14:10,Wednesday,EGLINTON WEST STATION,MUPAA,0,0,N,YU,5726
11/25/2020,14:29,Wednesday,FINCH STATION,TUO,5,8,S,YU,5836
11/25/2020,15:11,Wednesday,KENNEDY SRT STATION,SRUT,9,14,N,SRT,3027
11/25/2020,15:24,Wednesday,BAYVIEW STATION,PUMEL,0,0,,SHP,0
11/25/2020,16:08,Wednesday,CHESTER STATION,MUD,10,13,W,BD,5196
11/25/2020,17:14,Wednesday,VAUGHAN MC STATION,MUCL,3,6,S,YU,6021
11/25/2020,18:00,Wednesday,DUPONT STATION,SUDP,0,0,N,YU,5976
11/25/2020,18:00,Wednesday,VICTORIA PARK STATION,MUDD,4,7,W,BD,5298
11/25/2020,18:11,Wednesday,QUEEN STATION,MUIS,0,0,S,YU,0
11/25/2020,18:40,Wednesday,ROSEDALE STATION,MUPAA,4,7,N,YU,5461
11/25/2020,19:28,Wednesday,KEELE STATION,TUO,0,0,W,BD,5246
11/25/2020,19:41,Wednesday,DUNDAS STATION,SUUT,3,6,S,YU,6106
11/25/2020,20:27,Wednesday,FINCH STATION,SUDP,0,0,S,YU,6076
11/25/2020,21:32,Wednesday,BLOOR STATION,SUDP,7,12,N,YU,5526
11/25/2020,22:00,Wednesday,YONGE-UNIVERSITY AND B,MUO,0,0,,YU/BD,0
11/26/2020,01:43,Thursday,KENNEDY BD STATION,PUMEL,0,0,,,0
11/26/2020,04:15,Thursday,LYTTON EMERGENCY EXIT,MUIE,0,0,,YU,0
11/26/2020,05:39,Thursday,YORK MILLS STATION,SUDP,0,0,S,YU,5671
11/26/2020,05:50,Thursday,LAWRENCE WEST STATION,EUPI,5,0,S,YU,5651
11/26/2020,06:12,Thursday,DOWNSVIEW PARK STATION,EUDO,3,6,S,YU,6041
11/26/2020,06:26,Thursday,FINCH STATION,SUAP,0,0,,YU,0
11/26/2020,06:48,Thursday,GREENWOOD STATION,EUDO,3,6,E,BD,5205
11/26/2020,07:06,Thursday,VAUGHAN MC STATION,MUPAA,0,0,N,YU,5966
11/26/2020,07:16,Thursday,MCCOWAN YARD,SRO,0,0,,SRT,3014
11/26/2020,07:21,Thursday,KEELE STATION,MUSC,0,0,W,BD,5174
11/26/2020,07:51,Thursday,CHRISTIE STATION,MUIR,5,8,E,BD,5354
11/26/2020,07:53,Thursday,KING STATION,MUPAA,0,0,S,YU,5841
11/26/2020,08:03,Thursday,CHRISTIE STATION,MUPAA,0,0,W,BD,5127
11/26/2020,10:39,Thursday,BLOOR STATION,SUDP,4,7,S,YU,5576
11/26/2020,11:35,Thursday,SPADINA YUS STATION,MUIRS,0,0,N,YU,0
11/26/2020,12:45,Thursday,DUNDAS STATION,MUIR,0,0,S,YU,6031
11/26/2020,13:18,Thursday,HIGH PARK STATION,TUMVS,0,0,W,BD,5130
11/26/2020,13:35,Thursday,VAUGHAN MC STATION,TUNIP,4,7,S,YU,6036
11/26/2020,13:46,Thursday,ISLINGTON STATION,MUPAA,0,0,W,BD,5092
11/26/2020,13:52,Thursday,YONGE BD STATION,MUSC,0,0,E,BD,5320
11/26/2020,14:06,Thursday,UNION STATION,SUDP,0,0,N,YU,5671
11/26/2020,14:14,Thursday,WARDEN STATION,TUMVS,3,6,E,BD,5263
11/26/2020,15:08,Thursday,UNION STATION,MUIS,0,0,N,YU,0
11/26/2020,15:28,Thursday,KEELE STATION,MUDD,5,8,E,BD,5051
11/26/2020,15:31,Thursday,BROADVIEW STATION,MUDD,5,8,W,BD,5074
11/26/2020,15:52,Thursday,FINCH STATION,MUTO,3,6,S,YU,5781
11/26/2020,15:55,Thursday,KIPLING STATION,MUIR,3,6,E,BD,5192
11/26/2020,16:16,Thursday,YORK MILLS STATION,TUSC,0,0,N,YU,5986
11/26/2020,16:20,Thursday,BESSARION STATION,MUIS,0,0,,SHP,0
11/26/2020,16:52,Thursday,ROYAL YORK STATION,MUIRS,0,0,,BD,0
11/26/2020,17:40,Thursday,SPADINA BD STATION,SUDP,0,0,,BD,0
11/26/2020,17:44,Thursday,ST GEORGE YUS STATION,SUAP,0,0,,YU,0
11/26/2020,18:11,Thursday,PAPE STATION,EUBK,3,6,W,BD,5071
11/26/2020,18:46,Thursday,KIPLING STATION,MUTO,3,6,E,BD,5323
11/26/2020,19:42,Thursday,ST PATRICK STATION,PUMST,0,0,,YU,0
11/26/2020,21:39,Thursday,WARDEN STATION,SUEAS,5,10,W,BD,5033
11/26/2020,22:00,Thursday,YONGE-UNIVERSITY AND B,MUO,0,0,,YU/BD,0
11/26/2020,22:21,Thursday,ROSEDALE STATION,TUMVS,0,0,S,YU,5726
11/27/2020,00:31,Friday,LAWRENCE STATION,SUDP,0,0,S,YU,5526
11/27/2020,01:20,Friday,FINCH STATION,MUIS,0,0,,YU,0
11/27/2020,02:33,Friday,KIPLING STATION,SUDP,0,0,,,0
11/27/2020,03:16,Friday,KENNEDY SRT STATION,SRDP,0,0,,SRT,0
11/27/2020,07:18,Friday,KENNEDY BD STATION,SUROB,0,0,,BD,0
11/27/2020,07:42,Friday,ROSEDALE STATION,MUSC,3,6,N,YU,5661
11/27/2020,07:49,Friday,ROSEDALE STATION,MUSC,3,6,N,YU,5451
11/27/2020,08:10,Friday,MCCOWAN STATION,ERPR,5,10,S,SRT,3028
11/27/2020,08:53,Friday,RUNNYMEDE STATION,MUIS,0,0,,BD,0
11/27/2020,09:10,Friday,BLOOR STATION,MUIRS,0,0,,YU,0
11/27/2020,09:17,Friday,VAUGHAN MC STATION,TUNIP,4,7,S,YU,5576
11/27/2020,10:16,Friday,OSSINGTON STATION,EUDO,14,17,W,BD,5117
11/27/2020,10:22,Friday,ROSEDALE STATION,MUSC,0,0,N,YU,5661
11/27/2020,10:51,Friday,EGLINTON STATION,EUSC,0,0,N,YU,5646
11/27/2020,11:23,Friday,COLLEGE STATION,PUTO,0,0,S,YU,5526
11/27/2020,11:30,Friday,COLLEGE STATION,PUTO,5,8,S,YU,6046
11/27/2020,12:05,Friday,ST PATRICK STATION,PUMEL,0,0,,YU,0
11/27/2020,12:38,Friday,OSSINGTON STATION,MUO,3,6,E,BD,5323
11/27/2020,12:47,Friday,SHEPPARD WEST STATION,MUTO,4,7,S,YU,5736
11/27/2020,12:53,Friday,LESLIE STATION,MUIS,0,0,,SHP,0
11/27/2020,13:38,Friday,WILSON STATION,MUI,0,0,S,YU,5766
11/27/2020,14:07,Friday,FINCH STATION,MUSC,0,0,N,YU,5786
11/27/2020,14:22,Friday,FINCH STATION,MUIS,0,0,,YU,0
11/27/2020,14:51,Friday,DUNDAS WEST STATION,SUAP,0,0,W,BD,5127
11/27/2020,15:10,Friday,FINCH STATION,MUTO,3,6,S,YU,6001
11/27/2020,15:17,Friday,DUNDAS STATION,SUO,0,0,,YU,0
11/27/2020,15:26,Friday,WOODBINE STATION,PUMEL,7,10,W,BD,5250
11/27/2020,15:35,Friday,WARDEN STATION,TUMVS,5,8,W,BD,5358
11/27/2020,15:39,Friday,ST PATRICK STATION,MUIRS,0,0,,YU,0
11/27/2020,15:55,Friday,LANSDOWNE STATION,SUDP,3,6,E,BD,5295
11/27/2020,17:26,Friday,FINCH STATION,MUTO,3,6,S,YU,5761
11/27/2020,17:37,Friday,BATHURST STATION,SUDP,0,0,E,BD,5130
11/27/2020,17:50,Friday,DUNDAS STATION,MUPAA,0,0,S,YU,5761
11/27/2020,18:23,Friday,KEELE STATION,MUSC,3,6,W,BD,5127
11/27/2020,18:45,Friday,KIPLING STATION,MUTO,3,6,E,BD,5042
11/27/2020,19:06,Friday,SPADINA YUS STATION,SUDP,5,8,S,YU,6061
11/27/2020,20:17,Friday,DAVISVILLE STATION,SUDP,5,8,S,YU,5766
11/27/2020,20:32,Friday,ST CLAIR STATION,MUIR,0,0,N,YU,5501
11/27/2020,20:36,Friday,FINCH STATION,MUSC,3,6,S,YU,5421
11/27/2020,21:15,Friday,SPADINA BD STATION,MUIRS,5,11,W,BD,5310
11/27/2020,21:19,Friday,SHEPPARD STATION,MUIS,0,0,N,YU,0
11/27/2020,21:48,Friday,LANSDOWNE STATION,SUDP,14,20,E,BD,5153
11/27/2020,22:00,Friday,YONGE-UNIVERSITY AND B,MUO,0,0,,YU/BD,0
11/27/2020,22:06,Friday,SHEPPARD STATION,MUNCA,0,0,,YU,0
11/27/2020,22:41,Friday,DUNDAS STATION,MUPAA,3,8,N,YU,5421
11/27/2020,23:04,Friday,QUEEN STATION,SUO,0,0,N,YU,6066
11/27/2020,23:09,Friday,FINCH STATION,MUNOA,5,10,N,YU,6126
11/27/2020,23:10,Friday,BLOOR STATION,MUIS,0,0,N,YU,0
11/28/2020,01:03,Saturday,FINCH STATION,MUIS,0,0,,YU,0
11/28/2020,05:02,Saturday,FINCH STATION,SUUT,29,0,S,YU,0
11/28/2020,05:37,Saturday,FINCH STATION,SUG,0,0,,YU,6121
11/28/2020,05:53,Saturday,KENNEDY BD STATION,TUO,5,10,W,BD,5016
11/28/2020,05:58,Saturday,WARDEN STATION,MUPAA,4,9,W,BD,5021
11/28/2020,06:00,Saturday,YONGE-UNIVERSITY LINE,MUO,0,0,,YU,0
11/28/2020,06:10,Saturday,FINCH STATION,TUSC,0,0,S,YU,5506
11/28/2020,06:10,Saturday,YORK MILLS STATION,MUSC,0,0,S,YU,5796
11/28/2020,06:35,Saturday,SCARBOROUGH CTR STATIO,ERAC,5,10,N,SRT,3022
11/28/2020,06:38,Saturday,DAVISVILLE STATION,PUSI,144,149,S,YU,5876
11/28/2020,07:02,Saturday,OLD MILL STATION,MUIS,0,0,W,BD,0
11/28/2020,08:46,Saturday,BLOOR STATION,MUATC,5,8,S,YU,5551
11/28/2020,09:29,Saturday,FINCH STATION,SUDP,5,8,S,YU,5651
11/28/2020,11:12,Saturday,BLOOR STATION,TUO,5,8,N,YU,5696
11/28/2020,12:21,Saturday,LAWRENCE STATION,MUPAA,18,24,N,YU,5656
11/28/2020,12:56,Saturday,QUEEN STATION,MUPAA,0,0,N,YU,5556
11/28/2020,13:23,Saturday,DAVISVILLE STATION,PUSI,62,67,S,YU,5461
11/28/2020,13:38,Saturday,ST CLAIR STATION,SUUT,42,47,N,YU,5696
11/28/2020,14:42,Saturday,BROADVIEW STATION,SUDP,0,0,W,BD,5033
11/28/2020,14:46,Saturday,QUEEN STATION,MUPAA,0,0,S,YU,5876
11/28/2020,15:19,Saturday,FINCH STATION,SUDP,5,10,S,YU,5841
11/28/2020,15:43,Saturday,ROYAL YORK STATION,MUIS,0,0,E,BD,0
11/28/2020,15:45,Saturday,ST GEORGE BD STATION,MUD,0,0,W,BD,5196
11/28/2020,15:50,Saturday,FINCH STATION,TUO,7,12,S,YU,5841
11/28/2020,16:46,Saturday,COXWELL STATION,SUAP,0,0,,BD,0
11/28/2020,16:51,Saturday,COLLEGE STATION,MUPAA,3,8,N,YU,5496
11/28/2020,17:17,Saturday,VAUGHAN MC STATION,TUNOA,5,10,S,YU,0
11/28/2020,17:18,Saturday,MCCOWAN STATION,PRSW,71,77,N,SRT,3002
11/28/2020,17:34,Saturday,BLOOR STATION,MUPAA,3,8,S,YU,6086
11/28/2020,17:47,Saturday,ST GEORGE BD STATION,SUDP,3,7,E,BD,5055
11/28/2020,18:15,Saturday,VAUGHAN MC STATION,TUNOA,5,10,S,YU,0
11/28/2020,18:19,Saturday,VAUGHAN MC STATION,TUNOA,5,10,S,YU,0
11/28/2020,18:34,Saturday,LAWRENCE WEST STATION,MUPAA,0,0,N,YU,6116
11/28/2020,20:08,Saturday,BLOOR STATION,MUPAA,0,0,S,YU,5411
11/28/2020,21:52,Saturday,PAPE STATION,MUSC,0,0,W,BD,5168
11/28/2020,22:00,Saturday,YONGE-UNIVERSITY AND B,MUO,0,0,,YU/BD,0
11/28/2020,22:17,Saturday,BLOOR STATION,SUDP,0,0,S,YU,6051
11/28/2020,22:44,Saturday,QUEEN STATION,SUDP,3,8,S,YU,5576
11/28/2020,23:47,Saturday,WARDEN STATION,MUD,3,9,W,BD,5292
11/28/2020,23:59,Saturday,ST CLAIR STATION,MUIS,0,0,N,YU,0
11/29/2020,01:41,Sunday,LEAVING SHEPPARD-YONGE,TUSC,0,0,E,SHP,6141
11/29/2020,02:12,Sunday,FINCH STATION,EUSC,0,0,N,YU,5791
11/29/2020,02:27,Sunday,SHEPPARD-YONGE STATION,TUSC,0,0,W,SHP,6161
11/29/2020,02:34,Sunday,VAUGHAN MC STATION,MUIS,0,0,,YU,0
11/29/2020,08:00,Sunday,YONGE-UNIVERSITY SUBWA,MUO,0,0,,YU,0
11/29/2020,08:25,Sunday,GREENWOOD STATION,MUSC,0,0,E,BD,5250
11/29/2020,08:33,Sunday,SHEPPARD WEST STATION,MUATC,5,13,N,YU,5726
11/29/2020,09:11,Sunday,SHEPPARD WEST STATION,MUTO,0,0,S,YU,5611
11/29/2020,09:41,Sunday,ST CLAIR STATION,MUSC,6,11,S,YU,5681
11/29/2020,10:44,Sunday,MUSEUM STATION,MUIRS,0,0,,YU,0
11/29/2020,11:15,Sunday,WILSON STATION,EUDO,5,10,N,YU,5466
11/29/2020,11:44,Sunday,PAPE STATION,MUIS,0,0,,BD,0
11/29/2020,13:26,Sunday,YORK MILLS STATION,MUIRS,0,0,,YU,0
11/29/2020,14:26,Sunday,WELLESLEY STATION,MUIS,0,0,N,YU,0
11/29/2020,14:51,Sunday,BROADVIEW STATION,EUAL,4,8,W,BD,5049
11/29/2020,15:10,Sunday,DON MILLS STATION,MUSC,0,0,W,SHP,6196
11/29/2020,15:12,Sunday,FINCH STATION,SUDP,5,10,S,YU,5651
11/29/2020,15:47,Sunday,ROSEDALE STATION,TUMVS,3,8,S,YU,5741
11/29/2020,16:58,Sunday,COLLEGE STATION,MUPAA,6,11,S,YU,5736
11/29/2020,17:06,Sunday,COLLEGE STATION,SUDP,3,8,S,YU,5911
11/29/2020,17:12,Sunday,EGLINTON WEST STATION,SUDP,4,9,N,YU,5601
11/29/2020,18:10,Sunday,ISLINGTON STATION,MUSAN,3,7,E,BD,5266
11/29/2020,18:23,Sunday,LANSDOWNE STATION,MUSAN,3,7,W,BD,5109
11/29/2020,18:29,Sunday,KEELE STATION,MUSC,0,0,W,BD,5166
11/29/2020,18:38,Sunday,WOODBINE STATION,MUO,7,11,W,BD,5352
11/29/2020,21:34,Sunday,ST CLAIR STATION,SUUT,7,13,S,YU,6041
11/29/2020,22:00,Sunday,YONGE-UNIVERSITY AND B,MUO,0,0,,YU/BD,0
11/29/2020,23:26,Sunday,BLOOR STATION,MUPAA,3,9,N,YU,5511
11/30/2020,05:09,Monday,SHEPPARD STATION,PUTOE,0,0,S,YU,0
11/30/2020,05:50,Monday,FINCH STATION,SUG,5,10,S,YU,0
11/30/2020,05:54,Monday,DONLANDS STATION,TUO,4,8,W,BD,5149
11/30/2020,06:05,Monday,WOODBINE STATION,MUIS,0,0,,BD,0
11/30/2020,06:11,Monday,KENNEDY SRT STATION,MRTO,12,17,S,SRT,3010
11/30/2020,06:50,Monday,SPADINA BD STATION,MUI,5,10,E,BD,5314
11/30/2020,07:09,Monday,VICTORIA PARK STATION,MUDD,4,9,E,BD,5348
11/30/2020,07:16,Monday,ISLINGTON STATION,MUSC,3,6,E,BD,5274
11/30/2020,09:01,Monday,MCCOWAN STATION,MRTO,5,10,,SRT,3025
11/30/2020,09:07,Monday,EGLINTON STATION,EUSC,4,7,N,YU,5646
11/30/2020,09:29,Monday,PAPE STATION,MUIR,4,7,E,BD,5274
11/30/2020,09:35,Monday,DONLANDS STATION,TUOS,5,8,W,BD,5153
11/30/2020,09:44,Monday,GREENWOOD STATION,TUSC,0,0,W,BD,5051
11/30/2020,09:59,Monday,QUEEN STATION,MUPAA,0,0,N,YU,6026
11/30/2020,10:42,Monday,ROSEDALE STATION,MUPAA,3,6,S,YU,5571
11/30/2020,11:00,Monday,ISLINGTON STATION,SUUT,3,6,E,BD,5124
11/30/2020,11:25,Monday,COXWELL STATION,SUDP,3,6,E,BD,5192
11/30/2020,11:31,Monday,EGLINTON WEST STATION,SUDP,0,0,N,YU,5811
11/30/2020,12:08,Monday,VAUGHAN MC STATION,MUTO,5,8,S,YU,5621
11/30/2020,12:22,Monday,KIPLING STATION TO KEN,TUS,4,7,E,BD,5344
11/30/2020,13:09,Monday,FINCH WEST STATION,MUIRS,0,0,,YU,0
11/30/2020,13:32,Monday,SHEPPARD-YONGE STATION,TUMVS,0,0,W,SHP,6186
11/30/2020,13:46,Monday,WARDEN STATION,SUDP,0,0,,BD,0
11/30/2020,14:36,Monday,NORTH YORK CTR STATION,TUSC,0,0,N,YU,5646
11/30/2020,15:17,Monday,ST GEORGE BD STATION,MUDD,3,6,W,BD,5128
11/30/2020,15:26,Monday,YORK MILLS STATION,SUDP,0,0,N,YU,5576
11/30/2020,16:10,Monday,WELLESLEY STATION,MUIS,0,0,,YU,0
11/30/2020,16:14,Monday,EGLINTON STATION,PUMEL,0,0,,YU,0
11/30/2020,16:17,Monday,KIPLING STATION,MUIS,0,0,,BD,0
11/30/2020,17:48,Monday,DUNDAS STATION,MFO,0,0,S,YU,0
11/30/2020,18:49,Monday,ST GEORGE BD STATION,SUDP,7,10,W,BD,5371
11/30/2020,18:52,Monday,VAUGHAN MC STATION,MUNOA,3,6,S,YU,6041
11/30/2020,18:59,Monday,ST GEORGE TO BAY STATI,SUUT,24,28,W,BD,5137
11/30/2020,19:08,Monday,KEELE STATION,MUPAA,0,0,W,BD,5341
11/30/2020,19:58,Monday,BLOOR STATION,MUIS,0,0,,YU,0
11/30/2020,20:39,Monday,LAWRENCE WEST STATION,SUDP,4,9,S,YU,5891
11/30/2020,21:15,Monday,PAPE STATION,MUIS,0,0,,BD,0
11/30/2020,22:00,Monday,YONGE-UNIVERSITY AND B,MUO,0,0,,YU/BD,0
11/30/2020,22:58,Monday,KEELE STATION,SUBT,25,31,W,BD,5042
11/30/2020,23:09,Monday,BATHURST STATION,SUUT,0,0,E,BD,0
