Date,Time,Day,Station,Code,Min Delay,Min Gap,Bound,Line,Vehicle
10/1/2019,00:08,Tuesday,ST GEORGE BD STATION,PUTWZ,5,10,W,BD,5227
10/1/2019,02:25,Tuesday,FINCH STATION,MUIE,0,0,,YU,0
10/1/2019,04:54,Tuesday,DAVISVILLE CARHOUSE,MUIE,0,0,,YU,0
10/1/2019,04:55,Tuesday,DON MILLS STATION,PUMO,0,0,,SHP,0
10/1/2019,05:34,Tuesday,WELLESLEY STATION,MUO,0,0,,YU,0
10/1/2019,05:43,Tuesday,GREENWOOD STATION,TUO,5,0,E,BD,5072
10/1/2019,05:53,Tuesday,BAY STATION,TUSC,0,0,W,BD,5043
10/1/2019,06:11,Tuesday,WILSON STATION,TUNIP,3,8,S,YU,5511
10/1/2019,06:35,Tuesday,DONLANDS STATION,EUYRD,3,5,W,BD,5245
10/1/2019,06:53,Tuesday,KENNEDY BD STATION,MUD,4,6,W,BD,5105
10/1/2019,06:55,Tuesday,WILSON STATION,EUNT,3,7,S,YU,5491
10/1/2019,07:31,Tuesday,KENNEDY BD STATION,MUSC,0,0,W,BD,5128
10/1/2019,07:49,Tuesday,DONLANDS STATION,MUIRS,0,0,,BD,0
10/1/2019,07:58,Tuesday,KENNEDY BD STATION,EUBO,3,5,W,BD,5177
10/1/2019,08:02,Tuesday,COLLEGE STATION,MUIS,0,0,,YU,0
10/1/2019,08:12,Tuesday,QUEEN'S PARK STATION,MUATC,5,7,S,YU,5811
10/1/2019,08:27,Tuesday,KIPLING STATION,PUSNT,3,5,E,BD,5294
10/1/2019,08:31,Tuesday,ISLINGTON STATION,MUDD,5,7,W,BD,5285
10/1/2019,08:41,Tuesday,COXWELL STATION,MUIR,4,6,W,BD,5151
10/1/2019,08:46,Tuesday,SPADINA YUS STATION,MUIRS,0,0,,YU,0
10/1/2019,08:52,Tuesday,SUMMERHILL STATION,MUIR,0,0,S,YU,6071
10/1/2019,08:57,Tuesday,ROSEDALE STATION,TUO,3,5,N,YU,5651
10/1/2019,09:04,Tuesday,MUSEUM STATION,MUIR,0,0,S,YU,5941
10/1/2019,09:12,Tuesday,EGLINTON STATION,SUAP,0,0,,YU,0
10/1/2019,09:48,Tuesday,CASTLE FRANK STATION,MUIS,0,0,,BD,0
10/1/2019,11:52,Tuesday,YONGE BD STATION,SUDP,3,6,E,BD,5243
10/1/2019,12:47,Tuesday,OSSINGTON STATION,MUIS,0,0,,BD,0
10/1/2019,12:52,Tuesday,COLLEGE STATION,MUSC,0,0,N,YU,6001
10/1/2019,13:27,Tuesday,UNION TO FINCH STATION,MUTD,4,7,N,YU,5736
10/1/2019,13:35,Tuesday,ISLINGTON STATION,TUSC,0,0,W,BD,5211
10/1/2019,13:36,Tuesday,ST PATRICK STATION,TUSC,0,0,S,YU,5881
10/1/2019,13:42,Tuesday,CHRISTIE STATION,TUO,0,0,W,BD,5200
10/1/2019,14:16,Tuesday,SUMMERHILL STATION,EUNT,0,0,N,YU,5951
10/1/2019,14:21,Tuesday,LAWRENCE WEST STATION,MUIS,0,0,,YU,0
10/1/2019,14:26,Tuesday,SHEPPARD STATION,MUTO,0,0,N,YU,6043
10/1/2019,14:38,Tuesday,WILSON CARHOUSE,MUO,0,0,,YU,0
10/1/2019,15:23,Tuesday,KIPLING STATION,MUSC,0,0,E,BD,5114
10/1/2019,15:56,Tuesday,BLOOR DANFORTH SUBWAY,MUWEA,0,0,,BD,0
10/1/2019,16:02,Tuesday,SHEPPARD STATION,MUPAA,0,0,N,YU,5576
10/1/2019,16:09,Tuesday,QUEEN STATION,SUO,17,19,N,YU,5466
10/1/2019,16:20,Tuesday,ST PATRICK STATION,TUSC,0,0,S,YU,5881
10/1/2019,16:45,Tuesday,WELLESLEY STATION,TUMVS,0,0,S,YU,5481
10/1/2019,16:50,Tuesday,DUNDAS STATION,MUTO,4,6,S,YU,5481
10/1/2019,16:55,Tuesday,BLOOR STATION,MUIS,0,0,N,YU,0
10/1/2019,17:01,Tuesday,EGLINTON WEST STATION,EUDO,3,5,S,YU,5936
10/1/2019,17:18,Tuesday,BLOOR STATION,MUPAA,0,0,N,YU,5511
10/1/2019,17:28,Tuesday,KING STATION,PUMST,0,0,,YU,0
10/1/2019,17:37,Tuesday,ST GEORGE BD STATION,MUPAA,3,5,W,BD,5062
10/1/2019,18:12,Tuesday,ELLESMERE STATION,MRPAA,0,0,N,SRT,3001
10/1/2019,18:16,Tuesday,MAIN STREET STATION,MUIR,10,13,W,BD,5007
10/1/2019,18:17,Tuesday,ROYAL YORK STATION,MUDD,5,7,W,BD,5188
10/1/2019,18:29,Tuesday,BROADVIEW STATION,TUMVS,0,0,E,BD,5178
10/1/2019,19:02,Tuesday,YONGE BD STATION,SUDP,4,6,E,BD,5368
10/1/2019,19:48,Tuesday,DUNDAS STATION,MUD,8,11,S,YU,5391
10/1/2019,20:48,Tuesday,BLOOR STATION,MUSC,0,0,N,YU,5861
10/1/2019,21:41,Tuesday,HIGH PARK STATION,MUD,0,0,W,BD,5231
10/1/2019,22:00,Tuesday,YUS/BD/SHEPPARD SUBWAY,MUO,0,0,,YU/BD,0
10/1/2019,22:21,Tuesday,WILSON STATION,PUTWZ,7,12,N,YU,5631
10/1/2019,22:56,Tuesday,COXWELL STATION,SUDP,8,13,E,BD,5140
10/1/2019,23:05,Tuesday,ST GEORGE STATION TO G,MUO,0,0,,BD,0
10/1/2019,23:14,Tuesday,BATHURST STATION,MUTO,5,10,E,BD,5024
10/1/2019,23:15,Tuesday,KENNEDY BD STATION,SUPOL,5,10,W,BD,5140
10/2/2019,00:23,Wednesday,ST GEORGE BD STATION,PUTWZ,9,14,E,BD,5195
10/2/2019,00:30,Wednesday,OLD MILL STATION,TUMVS,0,0,W,BD,5105
10/2/2019,00:39,Wednesday,KIPLING STATION,TUO,5,10,E,BD,5105
10/2/2019,00:55,Wednesday,GREENWOOD STATION,MUO,20,25,E,BD,5177
10/2/2019,02:49,Wednesday,BLOOR DANFORTH SUBWAY,SUAE,0,0,,,0
10/2/2019,03:40,Wednesday,KENNEDY BD STATION,PUTO,0,0,W,BD,0
10/2/2019,05:58,Wednesday,YONGE BD STATION,MUPLB,11,15,W,BD,5127
10/2/2019,06:21,Wednesday,VICTORIA PARK STATION,MUSC,0,0,E,BD,5342
10/2/2019,06:33,Wednesday,MCCOWAN STATION,ERTC,5,10,S,SRT,3018
10/2/2019,07:45,Wednesday,CASTLE FRANK STATION,MUIR,4,6,W,BD,5231
10/2/2019,08:00,Wednesday,DUPONT STATION,MUI,6,8,S,YU,5696
10/2/2019,08:34,Wednesday,LAWRENCE STATION,MUIR,0,0,S,YU,5776
10/2/2019,08:58,Wednesday,COLLEGE STATION,SUAP,3,5,S,YU,5651
10/2/2019,09:06,Wednesday,CHESTER TO WARDEN,MUTD,3,5,E,BD,5180
10/2/2019,09:21,Wednesday,MCCOWAN STATION,ERTC,5,10,S,SRT,3013
10/2/2019,09:32,Wednesday,BAYVIEW STATION,PUMO,0,0,,SHP,0
10/2/2019,09:56,Wednesday,YORK UNIVERSITY STATIO,PUMEL,0,0,,YU,0
10/2/2019,10:30,Wednesday,QUEEN STATION,MUIR,0,0,,YU,0
10/2/2019,10:54,Wednesday,FINCH STATION,TUSC,0,0,N,YU,6031
10/2/2019,10:54,Wednesday,ROSEDALE STATION,MUPAA,5,8,N,YU,6016
10/2/2019,11:00,Wednesday,RUNNYMEDE STATION,EUPI,7,10,W,BD,5243
10/2/2019,11:05,Wednesday,SHEPPARD-YONGE STATION,TUO,3,8,E,SHP,6146
10/2/2019,11:31,Wednesday,ST ANDREW STATION,MUPAA,0,0,S,YU,5751
10/2/2019,11:41,Wednesday,ROSEDALE STATION,EUDO,4,7,S,YU,5591
10/2/2019,12:00,Wednesday,GLENCAIRN STATION,MUIRS,0,0,S,YU,0
10/2/2019,12:40,Wednesday,MCCOWAN STATION,ERWS,5,10,N,SRT,3013
10/2/2019,12:45,Wednesday,KEELE STATION,MUIR,4,7,W,BD,5023
10/2/2019,13:33,Wednesday,SPADINA YUS STATION,SUDP,7,10,N,YU,6071
10/2/2019,13:56,Wednesday,SPADINA BD STATION,SUSA,0,0,,BD,0
10/2/2019,14:26,Wednesday,ST PATRICK STATION,MUSC,0,0,S,YU,5706
10/2/2019,15:10,Wednesday,DUNDAS STATION,MUIS,0,0,N,YU,0
10/2/2019,16:13,Wednesday,JANE STATION,MUIR,3,5,E,BD,5195
10/2/2019,16:23,Wednesday,DUNDAS STATION,MUDD,10,12,S,YU,5431
10/2/2019,16:45,Wednesday,ISLINGTON STATION,SUCOL,0,0,E,BD,5253
10/2/2019,16:59,Wednesday,ST CLAIR WEST STATION,MUIS,0,0,,YU,0
10/2/2019,17:10,Wednesday,LAWRENCE WEST STATION,PUSIO,4,6,S,YU,5886
10/2/2019,17:17,Wednesday,ST PATRICK STATION,MUATC,0,0,S,YU,5931
10/2/2019,17:36,Wednesday,FINCH STATION,TUSC,0,0,N,YU,5891
10/2/2019,18:01,Wednesday,ISLINGTON STATION,MUDD,4,6,E,BD,5084
10/2/2019,18:28,Wednesday,SCARBOROUGH CENTRE STA,MRUI,0,0,,SRT,0
10/2/2019,18:41,Wednesday,ST GEORGE YUS STATION,SUDP,0,0,,YU,0
10/2/2019,18:47,Wednesday,KING STATION,EUSC,0,0,S,YU,5881
10/2/2019,19:25,Wednesday,LAWRENCE STATION,MUIRS,0,0,,YU,0
10/2/2019,20:21,Wednesday,COXWELL STATION,SUAP,0,0,W,22 COXWELL,3103
10/2/2019,20:49,Wednesday,BROADVIEW STATION,TUMVS,3,6,E,BD,5253
10/2/2019,22:15,Wednesday,ST GEORGE BD STATION,SUDP,0,0,E,BD,5336
10/2/2019,22:53,Wednesday,ST ANDREW STATION,SUO,29,34,S,YU,6056
10/2/2019,23:03,Wednesday,ST GEORGE TO GREENWOOD,MUO,0,0,,BD,0
10/2/2019,23:35,Wednesday,ST GEORGE BD STATION,SUDP,4,8,E,BD,5195
10/3/2019,02:35,Thursday,KENNEDY BD STATION,MUIRS,0,0,,BD,0
10/3/2019,02:38,Thursday,WILSON NORTH HOSTLER,EUOE,0,0,S,YU,6041
10/3/2019,03:14,Thursday,ISLINGTON TO PRINCE ED,PUSTP,0,0,E,YU,0
10/3/2019,06:41,Thursday,GREENWOOD STATION,EUYRD,5,7,E,BD,5156
10/3/2019,07:24,Thursday,SHEPPARD-YONGE STATION,MUTO,0,0,W,SHP,6191
10/3/2019,07:48,Thursday,LAWRENCE STATION,EUSC,0,0,N,YU,5976
10/3/2019,09:08,Thursday,KIPLING STATION,TUSC,0,0,W,BD,5024
10/3/2019,09:20,Thursday,EGLINTON STATION,MUIS,0,0,,YU,0
10/3/2019,09:35,Thursday,DUNDAS WEST STATION,MUSC,0,0,E,BD,5018
10/3/2019,09:43,Thursday,SHEPPARD STATION,TUSC,0,0,N,YU,5721
10/3/2019,10:18,Thursday,BATHURST STATION,PUMEL,0,0,,BD,0
10/3/2019,10:58,Thursday,FINCH WEST STATION,MUATC,0,0,S,YU,5466
10/3/2019,11:26,Thursday,YORK MILLS STATION,MUIS,0,0,,YU,0
10/3/2019,11:43,Thursday,ST CLAIR STATION,SUUT,28,32,S,YU,6036
10/3/2019,12:29,Thursday,YONGE SHEPPARD SATATIO,MUTO,0,0,E,SHP,6171
10/3/2019,13:00,Thursday,BLOOR DANFORTH SUBWAY,MUWEA,0,0,,BD,0
10/3/2019,13:24,Thursday,PIONEER VILLAGE STATIO,PUMEL,0,0,,,0
10/3/2019,13:42,Thursday,ST CLAIR WEST STATION,MUTO,5,8,S,YU,5611
10/3/2019,13:45,Thursday,VAUGHAN MC STATION,MUO,3,6,S,YU,5826
10/3/2019,13:50,Thursday,SHEPPARD STATION,MUTO,0,0,N,YU,5981
10/3/2019,13:56,Thursday,OSGOODE STATION,PUMST,0,0,,YU,0
10/3/2019,14:08,Thursday,DAVISVILLE STATION,TUMVS,0,0,N,YU,5616
10/3/2019,14:19,Thursday,ST GEORGE YUS STATION,SUBT,10,13,N,YU,6106
10/3/2019,14:20,Thursday,ST GEORGE BD STATION,SUBT,12,15,E,BD,5202
10/3/2019,14:28,Thursday,WILSON STATION,MUIS,0,0,,YU,0
10/3/2019,14:29,Thursday,ST GEORGE YUS STATION,MUSC,0,0,S,YU,5926
10/3/2019,14:31,Thursday,ISLINGTON STATION,SUAP,4,7,E,BD,5195
10/3/2019,14:42,Thursday,ST CLAIR WEST STATION,MUTO,4,7,N,YU,6101
10/3/2019,16:14,Thursday,EGLINTON WEST STATION,MUPAA,0,0,N,YU,6111
10/3/2019,16:31,Thursday,ISLINGTON STATION,MUSC,0,0,E,BD,5258
10/3/2019,16:43,Thursday,WARDEN STATION,PUSTC,3,5,E,BD,5168
10/3/2019,16:47,Thursday,YORK UNIVERSITY STATIO,MUI,6,8,S,YU,5651
10/3/2019,16:59,Thursday,BLOOR STATION,EUSC,0,0,S,YU,5881
10/3/2019,16:59,Thursday,PIONEER VILLAGE STATIO,MUIS,0,0,,YU,0
10/3/2019,17:14,Thursday,ST ANDREW STATION,MUPAA,3,5,N,YU,6106
10/3/2019,17:18,Thursday,ROSEDALE STATION,SUDP,0,0,,YU,0
10/3/2019,17:29,Thursday,ST GEORGE YUS STATION,MUIR,3,5,N,YU,5216
10/3/2019,17:31,Thursday,OSGOODE STATION,PUSRA,6,8,S,YU,5676
10/3/2019,17:39,Thursday,WARDEN STATION,MUPAA,3,5,E,BD,5152
10/3/2019,18:00,Thursday,ST ANDREW STATION,TUMVS,6,8,N,YU,6036
10/3/2019,18:10,Thursday,QUEEN'S PARK STATION,PUMST,0,0,,YU,0
10/3/2019,18:11,Thursday,MUSEUM STATION,MUATC,0,0,S,YU,5766
10/3/2019,18:35,Thursday,FINCH STATION,MUIS,0,0,,YU,0
10/3/2019,19:06,Thursday,ROYAL YORK STATION,SUDP,3,6,W,BD,5117
10/3/2019,19:15,Thursday,ST CLAIR STATION,MUSC,0,0,S,YU,5426
10/3/2019,19:29,Thursday,DAVISVILLE STATION,MUIS,0,0,,YU,0
10/3/2019,20:08,Thursday,BLOOR STATION,MUIR,7,10,N,YU,5536
10/3/2019,21:14,Thursday,VAUGHAN MC STATION,MUPAA,0,0,S,YU,5931
10/3/2019,21:37,Thursday,DOWNSVIEW PARK STATION,MUIS,0,0,,YU,0
10/3/2019,22:00,Thursday,YUS/BD/SHEPPARD SUBWAY,MUO,0,0,,YU/BD,0
10/3/2019,22:49,Thursday,QUEEN'S PARK STATION,MUATC,6,11,S,YU,5926
10/3/2019,22:55,Thursday,DUNDAS WEST STATION,MUIS,0,0,W,BD,5097
10/3/2019,23:00,Thursday,BLOOR DANFORTH SUBWAY,MUO,0,0,,BD,0
10/3/2019,23:01,Thursday,CHRISTIE STATION,PUTOE,4,8,W,BD,5294
10/3/2019,23:47,Thursday,KIPLING STATION,SUAP,0,0,,BD,0
10/3/2019,23:49,Thursday,BESSARION STATION,TUOS,0,0,W,SHP,6196
10/4/2019,00:03,Friday,ISLINGTON STATION,TUMVS,3,7,E,BD,5027
10/4/2019,04:18,Friday,SHEPPARD WEST STATION,MUIS,0,0,,YU,0
10/4/2019,05:23,Friday,WILSON HOSTLER,TUNIP,0,0,S,YU,5446
10/4/2019,05:31,Friday,FINCH STATION,MUCL,0,0,S,YU,5411
10/4/2019,06:18,Friday,GREENWOOD STATION,EUSC,0,0,W,BD,5161
10/4/2019,06:35,Friday,DAVISVILLE STATION,MUCL,0,0,N,YU,5585
10/4/2019,06:57,Friday,ROSEDALE STATION,EUSC,0,0,S,YU,5881
10/4/2019,06:59,Friday,SHEPPARD WEST STATION,EUDO,4,8,S,YU,5461
10/4/2019,07:11,Friday,KING STATION,EUSC,0,0,S,YU,5881
10/4/2019,07:37,Friday,YORKDALE STATION,MUIR,0,0,S,YU,5031
10/4/2019,07:41,Friday,MAIN STREET STATION,SUO,4,6,W,BD,5225
10/4/2019,08:33,Friday,BROADVIEW STATION,MUPAA,0,0,E,BD,5338
10/4/2019,09:00,Friday,COXWELL STATION,MUIRS,0,0,,BD,0
10/4/2019,09:28,Friday,ROYAL YORK STATION,PUMST,0,0,,BD,0
10/4/2019,10:17,Friday,COXWELL STATION,TUNIP,3,6,W,BD,5048
10/4/2019,10:33,Friday,LESLIE STATION,TUSC,0,0,E,SHP,6156
10/4/2019,10:34,Friday,HIGH PARK STATION,EUDO,7,10,E,BD,5170
10/4/2019,10:36,Friday,ST GEORGE YUS STATION,EUDO,4,7,S,YU,5851
10/4/2019,10:48,Friday,UNION STATION,MUIS,11,15,N,YU,5791
10/4/2019,11:05,Friday,ST CLAIR STATION,SUDP,3,6,S,YU,5546
10/4/2019,11:41,Friday,DON MILLS STATION,TUSC,0,0,W,SHP,6176
10/4/2019,12:03,Friday,MCCOWAN STATION,TRO,7,14,S,SRT,3018
10/4/2019,12:23,Friday,YORKDALE STATION,MUO,4,7,S,YU,5776
10/4/2019,13:12,Friday,VAUGHAN MC STATION,MUTO,0,0,S,YU,5516
10/4/2019,13:19,Friday,COXWELL STATION,MUIS,0,0,,BD,0
10/4/2019,13:47,Friday,BLOOR STATION,MUO,3,6,N,YU,5616
10/4/2019,14:03,Friday,KEELE STATION,MUSC,0,0,W,BD,5082
10/4/2019,14:38,Friday,EGLINTON STATION,MUIS,0,0,,YU,0
10/4/2019,14:46,Friday,EGLINTON STATION,PUMST,0,0,,YU,0
10/4/2019,15:15,Friday,ROYAL YORK STATION,MUIS,0,0,E,BD,0
10/4/2019,15:24,Friday,LANSDOWNE STATION,PUMEL,0,0,,BD,0
10/4/2019,15:48,Friday,KIPLING STATION,MUSC,0,0,E,BD,5127
10/4/2019,16:22,Friday,ISLINGTON STATION,EUBK,0,0,W,BD,5365
10/4/2019,16:47,Friday,BATHURST STATION,SUDP,0,0,E,BD,0
10/4/2019,16:50,Friday,DUNDAS WEST STATION,PUTDN,3,5,E,BD,5134
10/4/2019,17:09,Friday,SHERBOURNE STATION,MUPAA,5,7,E,BD,5134
10/4/2019,17:11,Friday,DUPONT STATION,MUPAA,0,0,N,YU,6066
10/4/2019,17:36,Friday,VAUGHAN MC STATION,MUDD,4,6,S,YU,5726
10/4/2019,17:50,Friday,UNION STATION,SUUT,19,21,S,YU,5691
10/4/2019,17:53,Friday,YONGE BD STATION,MUIRS,0,0,W,BD,5260
10/4/2019,18:00,Friday,JANE STATION,PUMEL,0,0,,BD,0
10/4/2019,18:16,Friday,WELLESLEY STATION,MUPAA,0,0,N,YU,5556
10/4/2019,20:04,Friday,LAWRENCE STATION,SUDP,6,9,S,YU,5856
10/4/2019,20:29,Friday,NORTH YORK CTR STATION,MUI,5,8,N,YU,5636
10/4/2019,20:32,Friday,KENNEDY BD STATION,MUIS,0,0,,BD,0
10/4/2019,20:38,Friday,FINCH STATION,MUIR,5,8,S,YU,5666
10/4/2019,20:40,Friday,QUEEN STATION,PUMEL,0,0,,YU,0
10/4/2019,20:57,Friday,KEELE STATION,PUMO,0,0,,BD,0
10/4/2019,20:57,Friday,YORK MILLS STATION,MUPAA,0,0,N,YU,5851
10/4/2019,21:23,Friday,DON MILLS STATION,TUO,5,8,E,SHP,6146
10/4/2019,22:00,Friday,YUS/BD/SHEPPARD SUBWAY,MUO,0,0,,YU/BD,0
10/4/2019,22:20,Friday,KENNEDY BD STATION,SUG,4,8,W,BD,5223
10/4/2019,22:35,Friday,COLLEGE STATION,MUIS,0,0,,YU,0
10/4/2019,23:01,Friday,KEELE STATION,MUSAN,4,8,W,BD,5076
10/4/2019,23:21,Friday,KIPLING STATION,MUSAN,5,9,E,BD,5077
10/5/2019,00:00,Saturday,KIPLING STATION,MUSAN,4,9,E,BD,5177
10/5/2019,00:42,Saturday,EGLINTON WEST STATION,MUIS,0,0,S,YU,5626
10/5/2019,01:28,Saturday,YONGE BD STATION,MUD,0,0,E,BD,5109
10/5/2019,01:47,Saturday,EGLINTON WEST STATION,MUIR,3,8,N,YU,5646
10/5/2019,01:51,Saturday,WILSON STATION,MUPAA,4,14,S,YU,5926
10/5/2019,01:53,Saturday,ROSEDALE STATION,MUIS,0,0,S,YU,0
10/5/2019,06:19,Saturday,ISLINGTON STATION,MUSC,0,0,E,BD,5355
10/5/2019,07:19,Saturday,VAUGHAN MC STATION,TUO,4,9,S,YU,5496
10/5/2019,07:56,Saturday,UNION STATION,PUTDN,3,8,N,YU,6056
10/5/2019,09:13,Saturday,SHEPPARD STATION,MUPAA,0,0,S,YU,5471
10/5/2019,09:33,Saturday,LAWRENCE STATION,MUSC,0,0,N,YU,5811
10/5/2019,09:36,Saturday,YONGE TO COXWELL STATI,MUO,11,16,E,BD,5048
10/5/2019,10:54,Saturday,KIPLING TO KENNEDY STA,MUO,12,17,E,BD,5152
10/5/2019,12:25,Saturday,LANSDOWNE STATION,PUMEL,0,0,,BD,0
10/5/2019,12:35,Saturday,ST PATRICK STATION,TUSC,0,0,S,YU,6011
10/5/2019,12:53,Saturday,RUNNYMEDE STATION,MUIS,0,0,W,BD,0
10/5/2019,13:21,Saturday,FINCH STATION,EUSC,3,6,S,YU,6016
10/5/2019,14:15,Saturday,COXWELL STATION,SUUT,4,8,W,BD,5177
10/5/2019,15:03,Saturday,ISLINGTON STATION,TUSC,0,0,E,BD,5031
10/5/2019,16:23,Saturday,DUFFERIN STATION,TUO,0,0,W,BD,5310
10/5/2019,16:32,Saturday,EGLINTON STATION,MUTO,0,0,S,YU,5641
10/5/2019,16:36,Saturday,ROSEDALE STATION,EUTRD,8,11,N,YU,6061
10/5/2019,18:59,Saturday,EGLINTON STATION,MUI,14,7,N,YU,5666
10/5/2019,19:01,Saturday,CASTLE FRANK STATION,TUOS,0,0,W,BD,5269
10/5/2019,19:06,Saturday,WELLESLEY STATION,MUIS,0,0,,YU,0
10/5/2019,19:29,Saturday,YONGE BD STATION,MUIS,0,0,,BD,0
10/5/2019,19:45,Saturday,CHRISTIE STATION,TUSC,0,0,W,BD,5000
10/5/2019,20:55,Saturday,UNION TO ST ANDREW,MUSC,0,0,N,YU,6121
10/5/2019,21:01,Saturday,LAWRENCE STATION,MUSC,0,0,N,YU,5496
10/5/2019,21:14,Saturday,DONLANDS STATION,SUDP,3,8,E,BD,5005
10/5/2019,22:00,Saturday,YUS/BD/SHEPPARD SUBWAY,MUO,0,0,,YU/BD,0
10/5/2019,22:03,Saturday,KENNEDY BD STATION,SUG,4,9,W,BD,5299
10/5/2019,22:25,Saturday,SHEPPARD STATION,MUIS,0,0,N,YU,0
10/5/2019,22:35,Saturday,ST GEORGE YUS STATION,MUIR,6,11,N,YU,6116
10/5/2019,22:56,Saturday,WILSON STATION,MUTO,6,11,N,YU,6116
10/5/2019,23:49,Saturday,SHEPPARD WEST STATION,MUIS,0,0,,YU,0
10/5/2019,23:51,Saturday,SHERBOURNE STATION,SUO,0,0,E,BD,0
10/6/2019,00:49,Sunday,ROSEDALE STATION,MUIS,0,0,,YU,0
10/6/2019,00:52,Sunday,DAVISVILLE STATION,SUUT,6,11,N,YU,6041
10/6/2019,01:39,Sunday,SHEPPARD WEST STATION,SUDP,0,0,,YU,6086
10/6/2019,02:30,Sunday,FINCH STATION,MUIRS,0,0,,YU,0
10/6/2019,05:29,Sunday,YORKDALE STATION,SUDP,0,0,N,YU,5771
10/6/2019,06:07,Sunday,KIPLING STATION,MUSC,0,0,W,BD,5000
10/6/2019,07:12,Sunday,VAUGHAN MC STATION,MUNOA,8,18,S,YU,5816
10/6/2019,08:53,Sunday,KING STATION,MUIE,0,0,,YU,0
10/6/2019,09:18,Sunday,QUEEN STATION,MUIS,0,0,,YU,0
10/6/2019,09:52,Sunday,DUNDAS WEST STATION,TUMVS,3,8,W,BD,5213
10/6/2019,11:21,Sunday,ISLINGTON STATION,MUSC,0,0,E,BD,5368
10/6/2019,12:51,Sunday,BAY STATION,MUSC,0,0,W,BD,5000
10/6/2019,13:08,Sunday,ISLINGTON STATION,MUSC,0,0,E,BD,5368
10/6/2019,13:20,Sunday,KEELE STATION,MUPAA,0,0,W,BD,5111
10/6/2019,13:33,Sunday,WARDEN STATION,MUSC,0,0,E,BD,5332
10/6/2019,13:48,Sunday,MCCOWAN STATION,MRTO,6,12,S,SRT,3000
10/6/2019,14:25,Sunday,ST CLAIR WEST STATION,PUMEL,0,0,,YU,0
10/6/2019,15:04,Sunday,YORK MILLS STATION,TUSC,0,0,S,YU,6046
10/6/2019,15:26,Sunday,WOODBINE STATION,MUIRS,0,0,E,BD,0
10/6/2019,15:58,Sunday,WELLESLEY STATION,MUIS,0,0,,YU,0
10/6/2019,16:17,Sunday,ST CLAIR STATION,TUSC,0,0,S,YU,5526
10/6/2019,16:58,Sunday,COXWELL STATION,TUNIP,3,8,W,BD,5192
10/6/2019,17:26,Sunday,ST CLAIR STATION,MUIS,0,0,,YU,0
10/6/2019,17:33,Sunday,EGLINTON WEST STATION,MUDD,5,10,S,YU,6136
10/6/2019,18:08,Sunday,YORKDALE STATION,MUPAA,0,0,N,YU,6106
10/6/2019,18:11,Sunday,WILSON STATION,MUIS,0,0,S,YU,0
10/6/2019,18:24,Sunday,ROSEDALE STATION,MUPAA,0,0,N,YU,5796
10/6/2019,19:12,Sunday,ST PATRICK STATION,TUCC,4,8,N,YU,5526
10/6/2019,19:18,Sunday,QUEENS PARK STATION,TUCC,12,16,N,YU,5526
10/6/2019,20:16,Sunday,SHEPPARD WEST STATION,MUTO,3,8,S,YU,5626
10/6/2019,20:23,Sunday,ROYAL YORK STATION,TUSC,0,0,E,BD,5269
10/6/2019,20:24,Sunday,WELLESLEY STATION,SUDP,0,0,N,YU,0
10/6/2019,20:45,Sunday,COXWELL STATION,MUO,4,9,W,BD,5053
10/6/2019,21:03,Sunday,ELLESMERE STATION,SRUT,0,0,S,SRT,0
10/6/2019,21:10,Sunday,ST PATRICK STATION,MUATC,11,16,N,YU,6091
10/6/2019,22:00,Sunday,YUS/BD/SHEPPARD SUBWAY,MUO,0,0,,YU/BD,0
10/6/2019,22:20,Sunday,BLOOR DANFORTH SUBWAY,MUGD,0,0,,,0
10/6/2019,23:40,Sunday,VAUGHAN MC STATION,MUATC,5,10,S,YU,6041
10/6/2019,23:41,Sunday,BESSARION STATION,TUMVS,0,0,E,SHP,6161
10/6/2019,23:48,Sunday,ST PATRICK STATION,MUATC,7,12,N,YU,6116
10/7/2019,00:02,Monday,KING STATION,MUPAA,0,0,N,,5946
10/7/2019,01:34,Monday,OLD MILL STATION,MUIS,0,0,,BD,0
10/7/2019,02:35,Monday,FINCH STATION,MUIS,0,0,,YU,0
10/7/2019,07:36,Monday,BAY STATION,PUSI,0,0,W,BD,5174
10/7/2019,08:14,Monday,QUEEN STATION,SUDP,3,5,S,YU,6066
10/7/2019,08:41,Monday,ST GEORGE YUS STATION,MUDD,0,0,S,YU,6041
10/7/2019,09:16,Monday,FINCH STATION,MUSAN,4,7,S,YU,5826
10/7/2019,09:41,Monday,OSGOODE STATION,TUSC,0,0,N,YU,5921
10/7/2019,09:49,Monday,COXWELL STATION,MUIRS,0,0,,BD,0
10/7/2019,10:26,Monday,BROADVIEW STATION,TUSC,0,0,W,BD,5280
10/7/2019,10:53,Monday,SHEPPARD-YONGE STATION,SUDP,4,9,W,SHP,6146
10/7/2019,11:34,Monday,YUS/BD/SHEPPARD SUBWAY,MUGD,0,0,,YU,0
10/7/2019,13:16,Monday,SHEPPARD-YONGE STATION,TUNIP,5,10,E,SHP,0
10/7/2019,14:32,Monday,OSSINGTON STATION,EUNT,4,7,W,BD,5234
10/7/2019,14:41,Monday,KIPLING STATION,TUSC,0,0,W,BD,5140
10/7/2019,14:47,Monday,ST CLAIR STATION,MUIR,4,7,S,YU,5646
10/7/2019,14:54,Monday,BAY STATION,TUSC,0,0,E,,5050
10/7/2019,14:55,Monday,YORK UNIVERSITY STATIO,PUMEL,0,0,,YU,0
10/7/2019,15:17,Monday,ST PATRICK STATION,MUATC,5,8,N,YU,5826
10/7/2019,15:27,Monday,MUSEUM STATION,MUATC,8,11,N,YU,5826
10/7/2019,15:54,Monday,ST GEORGE BD STATION,PUMEL,0,0,,BD,0
10/7/2019,16:17,Monday,KENNEDY BD STATION,MUSAN,3,5,W,BD,5238
10/7/2019,16:22,Monday,DAVISVILLE STATION,MUO,3,6,N,YU,5476
10/7/2019,17:00,Monday,BROADVIEW STATION,EUBK,0,0,E,BD,5287
10/7/2019,17:05,Monday,BLOOR STATION,PUMST,0,0,N,YU,0
10/7/2019,18:32,Monday,KIPLING STATION,TUMVS,0,0,W,BD,5258
10/7/2019,19:39,Monday,SHEPPARD-YONGE STATION,MUIR,0,0,E,SHP,6161
10/7/2019,19:46,Monday,KENNEDY BD STATION,MUSC,0,0,W,BD,5371
10/7/2019,21:17,Monday,NORTH YORK CTR STATION,TUMVS,0,0,N,YU,5976
10/7/2019,21:44,Monday,KIPLING STATION,MUTO,3,7,E,BD,5301
10/7/2019,22:00,Monday,YUS/BD/SHEPPARD SUBWAY,MUO,0,0,,YU/BD,0
10/7/2019,22:16,Monday,YORKDALE STATION,MUPAA,0,0,N,YU,5621
10/7/2019,23:00,Monday,YUS/BD/SHEPPARD SUBWAY,MUO,0,0,,YU,0
10/8/2019,00:46,Tuesday,KENNEDY SRT STATION,ERTL,0,0,N,SRT,3027
10/8/2019,02:15,Tuesday,GREENWOOD WYE,MUSC,0,0,,BD,5319
10/8/2019,02:34,Tuesday,KIPLING STATION,MUIE,0,0,,BD,0
10/8/2019,05:31,Tuesday,FINCH STATION,TUSC,0,0,S,YU,5891
10/8/2019,07:12,Tuesday,KIPLING STATION,TUKEY,3,5,E,BD,5153
10/8/2019,07:30,Tuesday,SUMMERHILL STATION,SUDP,3,5,N,YU,5986
10/8/2019,07:35,Tuesday,FINCH STATION,MUTO,3,5,S,YU,6066
10/8/2019,08:06,Tuesday,PIONEER VILLAGE STATIO,MUIS,0,0,,YU,0
10/8/2019,08:15,Tuesday,OSSINGTON STATION,TUSC,0,0,W,BD,5311
10/8/2019,08:25,Tuesday,DUPONT STATION,MUIR,5,7,S,YU,5866
10/8/2019,08:32,Tuesday,BLOOR STATION,MUSC,0,0,N,YU,5576
10/8/2019,08:34,Tuesday,SPADINA YUS STATION,MUDD,3,5,S,YU,5866
10/8/2019,08:36,Tuesday,BLOOR STATION,MUIR,0,0,S,YU,5471
10/8/2019,08:56,Tuesday,BAY STATION,PUTIJ,0,0,W,BD,5269
10/8/2019,09:06,Tuesday,CHRISTIE STATION,MUDD,5,8,E,BD,5355
10/8/2019,09:14,Tuesday,YORK MILLS STATION,MUIS,0,0,,YU,0
10/8/2019,09:54,Tuesday,GREENWOOD STATION,SUDP,5,8,W,BD,5089
10/8/2019,11:13,Tuesday,RUNNYMEDE STATION,MUIS,0,0,,BD,0
10/8/2019,11:24,Tuesday,KENNEDY BD STATION,PUSO,4,7,E,BD,5371
10/8/2019,11:32,Tuesday,LANSDOWNE STATION,MUIS,0,0,E,BD,0
10/8/2019,11:55,Tuesday,KIPLING TO ISLINGTON S,TUO,0,0,E,BD,5035
10/8/2019,12:22,Tuesday,KENNEDY BD STATION,PUSSW,63,67,E,BD,5377
10/8/2019,12:23,Tuesday,DON MILLS STATION,MUI,5,10,W,SHP,6142
10/8/2019,13:11,Tuesday,OSGOODE STATION,EUBK,5,8,S,YU,5401
10/8/2019,13:12,Tuesday,BROADVIEW STATION,MUIR,0,0,W,BD,5020
10/8/2019,13:26,Tuesday,KENNEDY BD STATION,MUIRS,0,0,,BD,0
10/8/2019,14:05,Tuesday,FINCH STATION,MUIS,0,0,,YU,0
10/8/2019,14:18,Tuesday,ST CLAIR STATION,MUIS,0,0,,YU,0
10/8/2019,14:32,Tuesday,BROADVIEW STATION,MUPAA,4,7,E,BD,5183
10/8/2019,14:44,Tuesday,QUEEN STATION,MUNCA,0,0,,YU,0
10/8/2019,14:58,Tuesday,FINCH STATION,EUBO,3,6,S,YU,5666
10/8/2019,15:25,Tuesday,KIPLING STATION,TUMVS,18,20,W,BD,5109
10/8/2019,15:33,Tuesday,ISLINGTON STATION,TUO,0,0,E,BD,5069
10/8/2019,16:18,Tuesday,MAIN STREET STATION,TUOS,3,5,W,BD,5362
10/8/2019,16:28,Tuesday,BROADVIEW STATION,MUPAA,4,7,E,BD,5077
10/8/2019,17:13,Tuesday,COXWELL STATION,TUNIP,5,7,W,BD,5109
10/8/2019,17:26,Tuesday,WELLESLEY STATION,MUSC,0,0,N,YU,6131
10/8/2019,17:31,Tuesday,FINCH WEST STATION,MUPAA,0,0,N,YU,5956
10/8/2019,17:35,Tuesday,FINCH STATION,TUSC,0,0,S,YU,5676
10/8/2019,17:35,Tuesday,UNION STATION TO KING,SUO,0,0,N,YU,5766
10/8/2019,18:03,Tuesday,SCARBOROUGH CENTRE STA,MRIE,0,0,N,SRT,3018
10/8/2019,18:14,Tuesday,SHEPPARD STATION,MUTO,0,0,N,YU,5856
10/8/2019,18:15,Tuesday,ROSEDALE STATION,MUPAA,0,0,S,YU,5791
10/8/2019,18:39,Tuesday,KING STATION,PUMST,0,0,,YU,0
10/8/2019,20:19,Tuesday,NORTH YORK CTR STATION,TUMVS,0,0,N,YU,5696
10/8/2019,20:23,Tuesday,KIPLING STATION,MUPAA,4,7,W,BD,5290
10/8/2019,20:31,Tuesday,KIPLING STATION,MUI,8,11,E,BD,5032
10/8/2019,20:57,Tuesday,DUNDAS WEST STATION,SUG,0,0,E,BD,5287
10/8/2019,21:12,Tuesday,KIPLING STATION,MUTO,0,0,W,BD,5336
10/8/2019,22:00,Tuesday,YUS/BD/SHEPPARD SUBWAY,MUO,0,0,,YU/BD,0
10/8/2019,22:41,Tuesday,SPADINA BD STATION,MUD,5,9,W,BD,5142
10/8/2019,22:55,Tuesday,GREENWOOD STATION,TUSC,0,0,W,BD,5241
10/8/2019,22:57,Tuesday,DON MILLS STATION,PUMEL,0,0,,SHP,0
10/8/2019,23:00,Tuesday,YUS/BD/SHEPPARD SUBWAY,MUO,0,0,,YU,0
10/9/2019,01:10,Wednesday,LAWRENCE WEST STATION,MUPAA,0,0,N,YU,5521
10/9/2019,01:15,Wednesday,OLD MILL STATION,MUTO,5,9,E,BD,5284
10/9/2019,01:17,Wednesday,SHEPPARD STATION,MUIS,0,0,,SHP,0
10/9/2019,01:53,Wednesday,BLOOR STATION,MUIS,0,0,,YU,0
10/9/2019,01:54,Wednesday,VAUGHAN MC STATION,MUIS,0,0,S,YU,0
10/9/2019,02:18,Wednesday,LAWRENCE WEST STATION,SUAE,0,0,,YU,0
10/9/2019,02:27,Wednesday,KIPLING STATION,SUAE,0,0,,BD,0
10/9/2019,06:06,Wednesday,WOODBINE STATION,EUSC,0,0,E,BD,5113
10/9/2019,06:10,Wednesday,VICTORIA PARK STATION,MUO,8,13,E,BD,5111
10/9/2019,06:14,Wednesday,VICTORIA PARK STATION,EUSC,0,0,E,BD,5113
10/9/2019,06:36,Wednesday,UNION STATION (TO KING,PUSTS,3,5,S,YU,5871
10/9/2019,06:51,Wednesday,FINCH WEST STATION,SUAP,0,0,,YU,0
10/9/2019,07:00,Wednesday,UNION STATION (TO KING,PUSTS,4,8,S,YU,6131
10/9/2019,07:04,Wednesday,COLLEGE STATION,MUDD,3,7,S,YU,5996
10/9/2019,07:14,Wednesday,PIONEER VILLAGE STATIO,PUMEL,0,0,,YU,0
10/9/2019,07:42,Wednesday,FINCH STATION,PUSCR,3,5,S,YU,5491
10/9/2019,08:26,Wednesday,DUPONT STATION,MUIS,0,0,S,YU,0
10/9/2019,08:27,Wednesday,WELLESLEY STATION,MUIR,0,0,S,YU,5941
10/9/2019,09:29,Wednesday,NORTH YORK CTR STATION,MUPAA,0,0,S,YU,5631
10/9/2019,09:37,Wednesday,BAY STATION,PUSNT,0,0,W,BD,5225
10/9/2019,09:58,Wednesday,WOODBINE STATION,MUIS,0,0,,BD,0
10/9/2019,10:05,Wednesday,RUNNYMEDE STATION,MUIR,3,6,W,BD,5216
10/9/2019,10:31,Wednesday,DAVISVILLE STATION,TUO,6,8,N,YU,5456
10/9/2019,10:38,Wednesday,ST GEORGE YUS STATION,SUAP,0,0,N,YU,6103
10/9/2019,11:10,Wednesday,BLOOR STATION,EUSC,0,0,S,YU,5676
10/9/2019,11:14,Wednesday,OLD MILL STATION,MUI,30,33,W,BD,5179
10/9/2019,11:24,Wednesday,CASTLE FRANK STATION,MUIR,0,0,E,BD,5371
10/9/2019,11:37,Wednesday,EGLINTON STATION,MUIS,0,0,,YU,0
10/9/2019,12:03,Wednesday,LAWRENCE STATION,PUMEL,0,0,,YU,0
10/9/2019,12:59,Wednesday,SPADINA YUS STATION,MUIS,0,0,,YU,0
10/9/2019,13:48,Wednesday,CHURCH EMERGENCY EXIT,PUTS,54,57,S,YU,6096
10/9/2019,13:49,Wednesday,BLOOR STATION,EUSC,0,0,S,YU,5676
10/9/2019,14:10,Wednesday,SHEPPARD STATION,MUTO,0,0,N,YU,6021
10/9/2019,15:35,Wednesday,BESSARION STATION,TUMVS,8,13,W,SHP,6146
10/9/2019,15:39,Wednesday,SHEPPARD WEST STATION,MUTO,3,5,S,YU,5981
10/9/2019,16:35,Wednesday,BAY STATION,PUSNT,0,0,W,BD,5345
10/9/2019,17:08,Wednesday,QUEEN STATION,MUPAA,4,6,N,YU,5741
10/9/2019,17:10,Wednesday,ST GEORGE YUS STATION,PUMEL,0,0,E,YU,0
10/9/2019,17:11,Wednesday,QUEEN'S PARK STATION,EUDO,7,9,S,YU,6101
10/9/2019,17:12,Wednesday,COXWELL STATION,MUNCA,0,0,,BD,0
10/9/2019,17:22,Wednesday,JANE STATION,MUIS,0,0,,BD,0
10/9/2019,17:56,Wednesday,WOODBINE STATION,PUSTC,3,5,W,BD,5210
10/9/2019,18:29,Wednesday,EGLINTON STATION,EUDO,6,8,S,YU,5566
10/9/2019,18:52,Wednesday,DAVISVILLE STATION,MUPAA,0,0,S,YU,6086
10/9/2019,19:16,Wednesday,DAVISVILLE STATION,PUMST,0,0,,YU,0
10/9/2019,19:17,Wednesday,OLD MILL STATION,PUSTS,3,6,E,BD,5197
10/9/2019,19:21,Wednesday,MAIN STREET STATION,MUPAA,0,0,E,BD,5135
10/9/2019,19:28,Wednesday,BLOOR STATION,EUSC,0,0,S,YU,6676
10/9/2019,20:46,Wednesday,BAYVIEW STATION,TUOS,0,0,E,SHP,6161
10/9/2019,21:46,Wednesday,VICTORIA PARK STATION,SUDP,0,0,,BD,0
10/9/2019,22:00,Wednesday,YUS/BD/SHEPPARD SUBWAY,MUO,0,0,,YU/BD,0
10/9/2019,22:01,Wednesday,BLOOR STATION,EUSC,0,0,S,YU,5676
10/9/2019,23:12,Wednesday,LAWRENCE TO BLOOR STAT,MUO,0,0,,YU,0
10/9/2019,23:38,Wednesday,FINCH STATION,MUIS,0,0,,YU,0
10/9/2019,23:42,Wednesday,DONLANDS STATION,MUIS,0,0,E,BD,0
10/9/2019,23:59,Wednesday,OSGOODE STATION,MUIRS,0,0,S,YU,0
10/10/2019,01:26,Thursday,MAIN STREET STATION,SUDP,0,0,,BD,0
10/10/2019,01:56,Thursday,DUNDAS WEST STATION,TUSC,0,0,E,BD,5103
10/10/2019,06:51,Thursday,VICTORIA PARK STATION,MUPAA,3,5,W,BD,5347
10/10/2019,07:02,Thursday,DUNDAS WEST STATION,MUSC,0,0,W,BD,5364
10/10/2019,08:26,Thursday,UNION STATION,SUCOL,0,0,S,YU,5531
10/10/2019,08:32,Thursday,ST CLAIR STATION,MUPAA,3,5,S,YU,5791
10/10/2019,09:13,Thursday,ROSEDALE STATION,TUDOE,28,30,S,YU,5996
10/10/2019,09:27,Thursday,BLOOR STATION,SUEAS,5,7,N,YU,6091
10/10/2019,09:28,Thursday,YONGE STATION,MUO,0,0,W,BD,5269
10/10/2019,10:10,Thursday,SUMMERHILL STATION,SUDP,0,0,S,YU,6001
10/10/2019,10:27,Thursday,LANSDOWNE STATION,PUMEL,0,0,,BD,0
10/10/2019,10:29,Thursday,DAVISVILLE STATION,PUTD,3,6,S,YU,5866
10/10/2019,10:54,Thursday,FINCH STATION,MUSC,0,0,S,YU,6076
10/10/2019,10:56,Thursday,YORK MILLS STATION,TUSC,0,0,N,YU,5661
10/10/2019,10:59,Thursday,DAVISVILLE STATION,MUIRS,0,0,,YU,0
10/10/2019,11:42,Thursday,DOWNSVIEW PARK STATION,SUCOL,0,0,N,YU,5586
10/10/2019,12:09,Thursday,JANE STATION,PUTD,0,0,W,BD,5088
10/10/2019,12:14,Thursday,JANE STATION,TUSC,0,0,W,BD,5097
10/10/2019,12:35,Thursday,VAUGHAN MC STATION,MUATC,3,6,S,YU,6071
10/10/2019,13:40,Thursday,DAVISVILLE STATION,MUPLB,7,10,N,YU,5536
10/10/2019,14:01,Thursday,LESLIE STATION,TUMVS,5,11,W,SHP,6166
10/10/2019,14:07,Thursday,BAYVIEW STATION,TUMVS,5,11,E,SHP,6186
10/10/2019,15:03,Thursday,FINCH STATION,MUTO,4,7,S,YU,6016
10/10/2019,15:15,Thursday,SPADINA BD STATION,SUDP,0,0,E,BD,5180
10/10/2019,15:41,Thursday,BLOOR STATION,SUDP,0,0,N,YU,5386
10/10/2019,16:32,Thursday,BAY STATION,PUSNT,0,0,W,BD,5174
10/10/2019,17:00,Thursday,EGLINTON STATION,TUO,0,0,N,YU,5506
10/10/2019,17:18,Thursday,KIPLING STATION,MUIRS,0,0,,BD,0
10/10/2019,17:20,Thursday,FINCH STATION,SUDP,3,5,S,YU,5606
10/10/2019,17:45,Thursday,SUMMERHILL STATION,MUIR,14,16,S,YU,5821
10/10/2019,17:51,Thursday,COXWELL STATION,MUIR,0,0,E,BD,5249
10/10/2019,17:54,Thursday,COXWELL STATION,MUIS,0,0,E,BD,0
10/10/2019,18:56,Thursday,RUNNYMEDE STATION,SUDP,0,0,W,BD,5218
10/10/2019,19:04,Thursday,PIONEER VILLAGE STATIO,MUPAA,3,6,N,YU,5761
10/10/2019,19:06,Thursday,EGLINTON STATION,PUMST,0,0,,YU,0
10/10/2019,19:11,Thursday,SPADINA YUS STATION,MUPAA,3,6,N,YU,5906
10/10/2019,19:18,Thursday,BAY STATION,PUSNT,0,0,W,BD,5010
10/10/2019,20:58,Thursday,FINCH STATION,PUSTC,0,0,N,YU,5591
10/10/2019,21:47,Thursday,QUEEN STATION,MUIS,0,0,N,YU,0
10/10/2019,22:00,Thursday,YUS/BD/SHEPPARD SUBWAY,MUO,0,0,,YU / BD,0
10/10/2019,22:17,Thursday,KIPLING STATION,MUSAN,4,8,E,BD,5249
10/10/2019,22:49,Thursday,COLLEGE STATION,TUO,0,0,S,YU,6106
10/10/2019,23:00,Thursday,YUS/BD/SHEPPARD SUBWAY,MUO,0,0,,YU,0
10/10/2019,23:23,Thursday,SHEPPARD-YONGE STATION,EUTRD,4,10,E,SHP,6176
10/10/2019,23:58,Thursday,VAUGHAN MC STATION,MUNOA,5,10,S,YU,6076
10/11/2019,00:42,Friday,DON MILLS STATION,TUSUP,0,0,E,SHP,6156
10/11/2019,02:08,Friday,YORK UNIVERSITY STATIO,MUIS,0,0,,YU,0
10/11/2019,06:20,Friday,KIPLING STATION,MUSC,0,0,W,BD,5172
10/11/2019,06:23,Friday,WOODBINE STATION,SUDP,0,0,,BD,0
10/11/2019,06:45,Friday,KENNEDY BD STATION,MUSC,0,0,E,BD,5053
10/11/2019,07:04,Friday,WILSON STATION,MUATC,4,8,S,YU,6041
10/11/2019,07:26,Friday,NORTH YORK CTR STATION,TUO,0,0,N,YU,5706
10/11/2019,07:30,Friday,FINCH STATION,EUTM,6,8,S,YU,5911
10/11/2019,07:45,Friday,ST CLAIR WEST STATION,MUI,4,6,S,YU,5656
10/11/2019,07:50,Friday,OSGOODE STATION,MUSC,0,0,N,YU,5906
10/11/2019,08:11,Friday,COLLEGE STATION,MUIR,3,5,S,YU,5381
10/11/2019,08:47,Friday,OLD MILL STATION,TUMVS,3,5,W,BD,5364
10/11/2019,08:56,Friday,KING STATION,MUIRS,0,0,,YU,0
10/11/2019,09:02,Friday,SHEPPARD WEST STATION,PUMEL,0,0,,YU,0
10/11/2019,09:11,Friday,ROYAL YORK STATION,TUSC,0,0,E,BD,5021
10/11/2019,09:33,Friday,BLOOR STATION,PUMEL,0,0,,YU,0
10/11/2019,09:41,Friday,KENNEDY BD STATION,SUDP,0,0,,BD,0
10/11/2019,09:56,Friday,BLOOR STATION,SUDP,0,0,N,YU,5386
10/11/2019,10:00,Friday,GLENCAIRN STATION,MUTO,3,5,N,YU,6056
10/11/2019,10:24,Friday,ROSEDALE STATION,MUSC,0,0,S,YU,5941
10/11/2019,10:33,Friday,QUEEN'S PARK STATION,MUPAA,0,0,S,YU,5826
10/11/2019,11:21,Friday,WILSON STATION,SUDP,0,0,,YU,0
10/11/2019,12:45,Friday,LAWRENCE STATION,TUS,10,13,N,YU,5546
10/11/2019,12:56,Friday,LAWRENCE WEST STATION,EUBK,3,6,S,YU,5441
10/11/2019,13:40,Friday,DON MILLS STATION,PUMST,0,0,,SHP,0
10/11/2019,13:40,Friday,FINCH STATION,TUNIP,0,0,S,YU,5426
10/11/2019,15:16,Friday,BAY STATION,PUSI,0,0,W,BD,5284
10/11/2019,15:26,Friday,KIPLING STATION,MUPAA,0,0,E,BD,5274
10/11/2019,15:26,Friday,SHERBOURNE STATION,MUIRS,0,0,E,BD,0
10/11/2019,15:46,Friday,ST CLAIR WEST STATION,SUDP,5,7,N,YU,5551
10/11/2019,15:49,Friday,BATHURST STATION,MUIS,0,0,,BD,0
10/11/2019,16:03,Friday,SHEPPARD STATION,TUSC,0,0,N,YU,5901
10/11/2019,16:07,Friday,WOODBINE STATION,EUSC,0,0,E,BD,5103
10/11/2019,16:15,Friday,LAWRENCE WEST STATION,MUATC,8,10,S,YU,5781
10/11/2019,16:22,Friday,BLOOR STATION,PUMEL,0,0,,YU,0
10/11/2019,16:33,Friday,ST CLAIR WEST STATION,TUO,8,10,S,YU,5841
10/11/2019,16:41,Friday,YONGE BD STATION,MUIR,0,0,E,BD,5021
10/11/2019,16:50,Friday,COXWELL STATION,MUSC,0,0,W,BD,5350
10/11/2019,17:05,Friday,FINCH STATION,EUSC,0,0,N,YU,5941
10/11/2019,17:42,Friday,ST PATRICK STATION,EUSC,0,0,S,YU,6071
10/11/2019,17:59,Friday,SCARBOROUGH CTR STATIO,MRO,3,8,S,SRT,3018
10/11/2019,17:59,Friday,SUMMERHILL STATION,MUPAA,0,0,S,YU,5951
10/11/2019,18:04,Friday,WILSON STATION,MUATC,5,7,S,YU,5636
10/11/2019,18:11,Friday,VICTORIA PARK STATION,PUSTC,3,5,W,BD,5198
10/11/2019,18:25,Friday,VICTORIA PARK STATION,TUMVS,3,6,E,BD,5334
10/11/2019,18:39,Friday,FINCH STATION,TUNIP,7,9,S,YU,5401
10/11/2019,18:45,Friday,FINCH STATION,EUSC,5,7,S,YU,6076
10/11/2019,19:03,Friday,DAVISVILLE STATION,SUDP,0,0,N,YU,5931
10/11/2019,19:10,Friday,BLOOR STATION,MUTO,0,0,S,YU,5691
10/11/2019,19:13,Friday,YORK MILLS STATION,TUSC,0,0,S,YU,5561
10/11/2019,19:15,Friday,QUEEN'S PARK STATION,PUMEL,0,0,,YU,0
10/11/2019,20:34,Friday,ROYAL YORK STATION,TUSC,0,0,E,BD,5293
10/11/2019,21:08,Friday,MIDLAND STATION,MRPAA,3,9,N,SRT,3001
10/11/2019,21:45,Friday,WELLESLEY STATION,MUIS,0,0,,YU,0
10/11/2019,22:00,Friday,YUS/BD/SHEPPARD SUBWAY,MUO,0,0,,YU/BD,0
10/11/2019,22:32,Friday,KIPLING STATION,MUIS,0,0,,BD,0
10/11/2019,22:57,Friday,COLLEGE STATION,MUIS,0,0,S,YU,5576
10/11/2019,23:42,Friday,OSSINGTON STATION,TUSC,0,0,W,BD,5066
10/12/2019,00:32,Saturday,QUEEN'S PARK STATION,SUUT,38,43,N,YU,5556
10/12/2019,01:08,Saturday,KIPLING STATION,SUO,6,12,E,BD,5097
10/12/2019,04:08,Saturday,KEELE YARD,SUG,0,0,W,BD,5077
10/12/2019,05:56,Saturday,KEELE STATION,MUSAN,5,10,W,BD,5036
10/12/2019,06:00,Saturday,BLOOR DANFORTH SUBWAY,MUO,0,0,,BD,0
10/12/2019,06:03,Saturday,ST GEORGE BD STATION,TUO,7,0,W,BD,5029
10/12/2019,06:13,Saturday,QUEEN'S PARK STATION,PUTO,13,0,N,YU,5876
10/12/2019,06:21,Saturday,VICTORIA PARK STATION,MUSC,0,0,E,BD,5311
10/12/2019,06:37,Saturday,ST GEORGE BD STATION,TUSC,0,0,E,BD,5098
10/12/2019,07:44,Saturday,FINCH STATION,PUMST,0,0,,YU,0
10/12/2019,07:55,Saturday,ISLINGTON STATION,MUSC,0,0,E,BD,5127
10/12/2019,09:01,Saturday,NORTH YORK CTR STATION,MUPAA,0,0,S,YU,5511
10/12/2019,09:26,Saturday,WARDEN STATION,MUPR1,39,44,E,BD,5017
10/12/2019,10:21,Saturday,VAUGHAN MC STATION,TUNIP,3,8,S,YU,5516
10/12/2019,11:14,Saturday,ST CLAIR WEST STATION,MUDD,5,10,N,YU,6096
10/12/2019,11:18,Saturday,KIPLING STATION,TUSC,0,0,W,BD,5361
10/12/2019,11:45,Saturday,SPADINA BD STATION,MUWR,0,0,,BD,0
10/12/2019,12:21,Saturday,WILSON STATION,MUPAA,0,0,N,YU,5426
10/12/2019,12:26,Saturday,DAVISVILLE STATION,SUDP,0,0,N,YU,5756
10/12/2019,12:38,Saturday,ST GEORGE YUS STATION,MUPAA,0,0,N,YU,5456
10/12/2019,12:58,Saturday,SUMMERHILL STATION,MUPAA,0,0,S,YU,5776
10/12/2019,14:43,Saturday,ST GEORGE BD STATION,MUPAA,0,0,W,BD,5033
10/12/2019,15:33,Saturday,WARDEN STATION,MUPAA,0,0,W,BD,5237
10/12/2019,16:57,Saturday,KIPLING STATION,MUNOA,5,10,E,BD,5108
10/12/2019,17:43,Saturday,SHEPPARD WEST STATION,SUAP,0,0,,YU,0
10/12/2019,20:21,Saturday,ST GEORGE BD STATION,TUSC,0,0,W,BD,5361
10/12/2019,20:28,Saturday,DAVISVILLE STATION,MUPAA,0,0,S,YU,6136
10/12/2019,20:32,Saturday,KENNEDY BD STATION,MUI,5,10,W,BD,5228
10/12/2019,20:51,Saturday,KIPLING STATION,MUIS,0,0,,BD,0
10/12/2019,20:53,Saturday,COLLEGE STATION,MUIS,0,0,,YU,0
10/12/2019,21:35,Saturday,ST GEORGE BD STATION,TUSC,0,0,E,BD,5029
10/12/2019,21:48,Saturday,KENNEDY BD STATION,TUMVS,0,0,E,BD,5259
10/12/2019,21:49,Saturday,ST GEORGE YUS STATION,SUAP,0,0,,YU,0
10/12/2019,22:00,Saturday,YUS/BD/SHEPPARD SUBWAY,MUO,0,0,,YU/BD,0
10/12/2019,22:30,Saturday,LAWRENCE STATION,SUDP,0,0,N,YU,6091
10/12/2019,23:38,Saturday,SHEPPARD-YONGE STATION,MUIS,0,0,E,SHP,0
10/12/2019,23:41,Saturday,DUFFERIN STATION,SUDP,7,13,W,BD,5066
10/12/2019,23:51,Saturday,VAUGHAN MC STATION,MUI,5,10,S,YU,5991
10/12/2019,23:56,Saturday,GREENWOOD YARD,MUIE,0,0,,,0
10/13/2019,00:59,Sunday,LANSDOWNE STATION,MUPAA,0,0,E,BD,5127
10/13/2019,01:43,Sunday,KING STATION,MUIS,0,0,,YU,0
10/13/2019,04:25,Sunday,BROADVIEW STATION,MUIE,0,0,E,BD,0
10/13/2019,07:56,Sunday,FINCH STATION,TUSC,0,0,S,YU,5716
10/13/2019,08:00,Sunday,BLOOR DANFORTH SUBWAY,MUO,0,0,,BD,0
10/13/2019,08:00,Sunday,KENNEDY BD STATION,TUSC,0,0,W,BD,5324
10/13/2019,08:06,Sunday,SHEPPARD WEST STATION,MUATC,3,8,N,YU,6001
10/13/2019,08:06,Sunday,WOODBINE STATION,TUNIP,5,0,E,BD,5229
10/13/2019,08:22,Sunday,KEELE STATION,EUSC,0,0,E,BD,5330
10/13/2019,08:24,Sunday,ST GEORGE BD STATION,TUNIP,6,11,W,BD,5284
10/13/2019,08:28,Sunday,SCARBOROUGH CTR STATIO,ERTL,43,50,N,SRT,3023
10/13/2019,08:28,Sunday,WILSON YARD - NORTH HO,MUATC,3,8,N,YU,6016
10/13/2019,09:18,Sunday,WILSON STATION,PUMEL,0,0,,YU,0
10/13/2019,10:38,Sunday,"YORK UNIVERSTITY, DOWN",MUO,0,0,,YU,0
10/13/2019,11:28,Sunday,EGLINTON WEST STATION,MUPAA,0,0,N,YU,5791
10/13/2019,11:39,Sunday,WILSON STATION,TUNIP,3,8,S,YU,5681
10/13/2019,11:57,Sunday,LAWRENCE STATION,SUDP,3,8,S,YU,5831
10/13/2019,12:06,Sunday,ST CLAIR STATION,SUO,0,0,,YU,0
10/13/2019,12:20,Sunday,COLLEGE STATION,MUPAA,0,0,S,YU,5891
10/13/2019,12:33,Sunday,KIPLING STATION,TUMVS,3,7,W,BD,5287
10/13/2019,13:04,Sunday,ROSEDALE STATION,SUDP,0,0,S,YU,5726
10/13/2019,13:07,Sunday,BLOOR STATION,MUIR,4,8,S,YU,5726
10/13/2019,13:20,Sunday,KIPLING STATION,TUNIP,7,12,,BD,5045
10/13/2019,13:31,Sunday,OSSINGTON STATION,PUMEL,0,0,,BD,0
10/13/2019,13:34,Sunday,UNION STATION (TO ST A,MUPAA,0,0,N,YU,5566
10/13/2019,13:59,Sunday,WARDEN STATION,TUSC,0,0,W,BD,5043
10/13/2019,15:54,Sunday,KIPLING STATION,MUNOA,5,10,E,BD,5124
10/13/2019,16:59,Sunday,SHERBOURNE STATION,MUNCA,0,0,,BD,0
10/13/2019,17:03,Sunday,KIPLING STATION,MUNOA,5,10,E,BD,5000
10/13/2019,18:10,Sunday,DON MILLS STATION,MUNCA,0,0,,SHP,0
10/13/2019,18:16,Sunday,FINCH STATION,PUMEL,0,0,,YU,0
10/13/2019,18:39,Sunday,LAWRENCE WEST STATION,MUIS,0,0,,YU,0
10/13/2019,18:40,Sunday,ST GEORGE BD STATION,TUSC,0,0,W,BD,5066
10/13/2019,19:08,Sunday,VAUGHAN MC STATION,TUNIP,6,11,S,YU,5636
10/13/2019,19:37,Sunday,VAUGHAN MC STATION,MUIR,5,10,S,YU,5436
10/13/2019,19:41,Sunday,EGLINTON WEST STATION,SUUT,0,0,N,YU,5951
10/13/2019,20:46,Sunday,QUEEN STATION,MUIS,0,0,,YU,0
10/13/2019,20:59,Sunday,DUPONT STATION,MUATC,0,0,S,YU,5816
10/13/2019,21:07,Sunday,ST CLAIR STATION,MUD,3,8,N,YU,5551
10/13/2019,21:53,Sunday,LAWRENCE EAST STATION,SRO,0,0,,SRT,0
10/13/2019,22:00,Sunday,YUS/BD/SHEPPARD SUBWAY,MUO,0,0,,YU/BD,0
10/13/2019,22:37,Sunday,WOODBINE STATION,EUBK,0,0,W,BD,5152
10/13/2019,22:45,Sunday,YORKDALE STATION,SUDP,0,0,,YU,0
10/13/2019,23:12,Sunday,FINCH STATION,SUDP,4,9,S,YU,5906
10/13/2019,23:43,Sunday,SHEPPARD WEST STATION,SUCOL,0,0,,YU,0
10/13/2019,23:56,Sunday,YORK MILLS STATION,SUUT,0,0,N,YU,6101
10/14/2019,01:08,Monday,KIPLING STATION,PUMEL,0,0,,BD,0
10/14/2019,01:51,Monday,NORTH YORK CTR STATION,TUSC,0,0,S,YU,5701
10/14/2019,02:03,Monday,BATHURST STATION,TUSC,0,0,E,BD,5000
10/14/2019,05:47,Monday,W/O CASTLE FRANK TO GR,PUTWZ,15,20,E,BD,5364
10/14/2019,05:59,Monday,BATHURST STATION,TUSC,0,0,E,BD,5125
10/14/2019,06:25,Monday,VICTORIA PARK STATION,MUSC,0,0,W,BD,5152
10/14/2019,06:29,Monday,ST CLAIR STATION,SUG,5,10,S,YU,6096
10/14/2019,06:52,Monday,FINCH STATION,PUDCS,6,11,N,YU,6086
10/14/2019,06:57,Monday,TRANSIT CONTROL CENTRE,PUDCS,0,0,,YU/BD,0
10/14/2019,06:57,Monday,TRANSIT CONTROL CENTRE,PUSO,0,0,,SHP,0
10/14/2019,06:57,Monday,TRANSIT CONTROL CENTRE,PRO,0,0,,SRT,0
10/14/2019,07:12,Monday,RUNNYMEDE STATION,MUPAA,0,0,E,BD,5227
10/14/2019,08:16,Monday,PIONEER VILLAGE STATIO,MUIS,0,0,,YU,0
10/14/2019,08:22,Monday,SHEPPARD-YONGE STATION,SUAP,0,0,,SHP,0
10/14/2019,08:33,Monday,KIPLING STATION,MUTO,3,7,E,BD,5310
10/14/2019,09:00,Monday,YORK MILLS STATION,MUPAA,0,0,N,YU,5611
10/14/2019,09:26,Monday,KENNEDY BD STATION,EUBO,3,7,W,BD,5072
10/14/2019,09:48,Monday,BLOOR STATION,PUTR,4,9,S,YU,5446
10/14/2019,09:48,Monday,SHEPPARD-YONGE STATION,PUSSW,7,12,W,SHP,6151
10/14/2019,10:11,Monday,HIGH PARK STATION,MUTO,0,0,W,BD,5022
10/14/2019,10:17,Monday,DAVISVILLE STATION,TUCC,0,0,S,YU,5456
10/14/2019,10:53,Monday,VAUGHAN MC STATION,EUBO,5,10,S,YU,5446
10/14/2019,11:21,Monday,WOODBINE STATION,MUI,8,12,E,BD,5114
10/14/2019,11:43,Monday,VAUGHAN MC STATION,MUTO,3,8,S,YU,5546
10/14/2019,12:02,Monday,ST PATRICK STATION,MUSC,0,0,S,YU,5771
10/14/2019,13:07,Monday,LAWRENCE STATION,PUMEL,0,0,,YU,0
10/14/2019,13:18,Monday,CHESTER STATION,TUSC,0,0,E,BD,5112
10/14/2019,14:26,Monday,BLOOR STATION,EUSC,0,0,S,YU,5391
10/14/2019,14:33,Monday,ST PATRICK STATION,MUSC,0,0,S,YU,5771
10/14/2019,14:45,Monday,KENNEDY BD STATION,TUSC,0,0,E,BD,5364
10/14/2019,15:05,Monday,DAVISVILLE STATION,MUPAA,0,0,S,YU,5556
10/14/2019,15:07,Monday,ST CLAIR WEST STATION,SUDP,0,0,,YU,0
10/14/2019,15:55,Monday,LAWRENCE WEST STATION,SUDP,0,0,,YU,0
10/14/2019,18:22,Monday,KING STATION,MUDD,4,9,N,YU,5561
10/14/2019,19:27,Monday,SHEPPARD-YONGE STATION,TUSC,0,0,E,SHP,6171
10/14/2019,20:05,Monday,YORK MILLS STATION,TUSC,0,0,S,YU,5401
10/14/2019,21:11,Monday,YORKDALE STATION,MUIS,0,0,S,YU,0
10/14/2019,22:00,Monday,YUS/BD/SHEPPARD SUBWAY,MUO,0,0,,YU/BD,0
10/14/2019,22:13,Monday,MUSEUM STATION,MUD,3,8,N,YU,5391
10/14/2019,23:26,Monday,ST GEORGE BD STATION,TUSC,4,8,W,BD,5359
10/15/2019,00:11,Tuesday,VICTORIA PARK STATION,SUDP,0,0,,BD,0
10/15/2019,05:43,Tuesday,KEELE STATION,MUO,5,0,W,BD,5098
10/15/2019,06:00,Tuesday,KIPLING STATION,MUSC,0,0,E,BD,5111
10/15/2019,06:21,Tuesday,WILSON STATION,TUNIP,0,0,S,YU,5416
10/15/2019,06:22,Tuesday,GREENWOOD STATION,PUSTS,0,0,W,BD,5227
10/15/2019,06:23,Tuesday,EGLINTON WEST STATION,MUO,0,0,,YU,0
10/15/2019,06:32,Tuesday,DONLANDS STATION,PUSTS,0,0,W,BD,5211
10/15/2019,06:42,Tuesday,ST CLAIR STATION,TUMVS,0,0,N,YU,5601
10/15/2019,07:01,Tuesday,GREENWOOD STATION,PUSTS,0,0,W,BD,5088
10/15/2019,07:34,Tuesday,ST GEORGE YUS STATION,SUAP,0,0,,YU,0
10/15/2019,07:37,Tuesday,GREENWOOD STATION,PUEO,5,8,E,BD,5096
10/15/2019,07:51,Tuesday,ST CLAIR WEST STATION,MUI,3,5,N,YU,5431
10/15/2019,07:57,Tuesday,KIPLING STATION,MUSC,0,0,E,BD,5111
10/15/2019,08:15,Tuesday,DON MILLS STATION,MUIE,0,0,,SHP,0
10/15/2019,08:17,Tuesday,YONGE BD STATION,MUIR,0,0,W,BD,5347
10/15/2019,08:39,Tuesday,MAIN STREET STATION,MUI,8,10,W,BD,5208
10/15/2019,08:40,Tuesday,UNION STATION,MUIR,4,6,N,YU,5476
10/15/2019,09:03,Tuesday,BLOOR STATION,MUIS,0,0,,YU,0
10/15/2019,09:31,Tuesday,MAIN STREET STATION,MUD,4,6,W,BD,5043
10/15/2019,10:12,Tuesday,VAUGHAN MC STATION,MUTO,5,8,S,YU,5591
10/15/2019,10:40,Tuesday,KIPLING STATION,TUSC,0,0,W,BD,5195
10/15/2019,11:32,Tuesday,BAY STATION,PUSNT,0,0,W,BD,5134
10/15/2019,12:15,Tuesday,BLOOR DANFORTH SUBWAY,MUGD,0,0,,BD,0
10/15/2019,12:49,Tuesday,SHEPPARD-YONGE STATION,TUSC,0,0,W,SHP,6151
10/15/2019,14:06,Tuesday,SHEPPARD STATION,MUPAA,0,0,N,YU,5591
10/15/2019,14:41,Tuesday,CHRISTIE STATION,MUDD,6,9,E,BD,5007
10/15/2019,14:55,Tuesday,KIPLING STATION,MUD,3,6,E,BD,5123
10/15/2019,15:40,Tuesday,UNION STATION,PUMEL,0,0,,YU,0
10/15/2019,16:02,Tuesday,VAUGHAN MC STATION,TUNIP,4,6,S,YU,5601
10/15/2019,16:15,Tuesday,CHRISTIE STATION,TUSC,0,0,W,BD,5144
10/15/2019,16:16,Tuesday,DUNDAS WEST STATION,TUSC,0,0,W,BD,5311
10/15/2019,16:34,Tuesday,DOWNSVIEW PARK STATION,SUDP,0,0,N,YU,5676
10/15/2019,17:23,Tuesday,BAY STATION,PUSNT,0,0,W,BD,5077
10/15/2019,17:24,Tuesday,VICTORIA PARK STATION,MUPAA,3,5,E,BD,5123
10/15/2019,18:03,Tuesday,VAUGHAN MC STATION,TUNIP,0,0,,YU,5986
10/15/2019,19:14,Tuesday,YONGE BD STATION,SUO,0,0,,BD,0
10/15/2019,19:23,Tuesday,COLLEGE STATION,PUMEL,0,0,S,YU,0
10/15/2019,19:31,Tuesday,LAWRENCE STATION,MUSC,0,0,N,YU,5836
10/15/2019,19:43,Tuesday,DON MILLS STATION,SUDP,5,10,W,SHP,6176
10/15/2019,20:01,Tuesday,YORK MILLS STATION,MUPAA,0,0,S,YU,5791
10/15/2019,22:00,Tuesday,YUS/BD/SHEPPARD SUBWAY,MUO,0,0,,YU/BD,0
10/15/2019,22:42,Tuesday,EGLINTON STATION,MUPAA,0,0,S,YU,5396
10/15/2019,22:44,Tuesday,ROSEDALE STATION,MUIR,0,0,N,YU,5911
10/15/2019,23:19,Tuesday,WARDEN STATION,MUIR,5,9,E,BD,5267
10/16/2019,00:35,Wednesday,KIPLING STATION,EUPI,0,0,E,BD,5319
10/16/2019,02:00,Wednesday,FINCH STATION,SUDP,0,0,,YU,5611
10/16/2019,02:21,Wednesday,KENNEDY BD STATION,TUMVS,0,0,E,BD,5276
10/16/2019,04:42,Wednesday,CHESTER TO YONGE STATI,PUTWZ,20,0,W,BD,5195
10/16/2019,05:36,Wednesday,FINCH STATION,TUSC,0,0,S,YU,6106
10/16/2019,06:00,Wednesday,BLOOR DANFORTH SUBWAY,MUO,0,0,,BD,0
10/16/2019,06:01,Wednesday,VICTORIA PARK STATION,MUSC,0,0,W,BD,5276
10/16/2019,06:03,Wednesday,WOODBINE STATION,EUSC,0,0,W,BD,5012
10/16/2019,06:19,Wednesday,VICTORIA PARK STATION,MUSC,0,0,E,BD,5210
10/16/2019,06:43,Wednesday,FINCH STATION,TUNIP,4,6,S,YU,5891
10/16/2019,07:17,Wednesday,SHEPPARD STATION,MUSC,0,0,N,YU,5801
10/16/2019,07:28,Wednesday,ST CLAIR WEST STATION,MUTO,4,6,S,YU,5821
10/16/2019,07:31,Wednesday,FINCH STATION,MUSC,0,0,S,YU,5806
10/16/2019,07:47,Wednesday,FINCH STATION,EUSC,0,0,S,YU,5786
10/16/2019,07:51,Wednesday,GREENWOOD STATION,MUI,7,9,W,BD,5299
10/16/2019,07:55,Wednesday,NORTH YORK CTR STATION,EUSC,3,5,S,YU,5786
10/16/2019,08:03,Wednesday,BAY STATION,PUMO,0,0,,BD,0
10/16/2019,08:05,Wednesday,COXWELL STATION,EUNT,3,5,W,BD,5345
10/16/2019,08:23,Wednesday,DONLANDS STATION,PUSTS,0,0,W,BD,5214
10/16/2019,08:41,Wednesday,YONGE BD STATION,MUPAA,3,5,W,BD,5313
10/16/2019,09:26,Wednesday,EGLINTON STATION,MUDD,6,8,N,YU,5816
10/16/2019,09:41,Wednesday,ST CLAIR STATION,EUSC,0,0,S,YU,5606
10/16/2019,10:06,Wednesday,YONGE BD STATION,MUD,3,5,E,BD,5054
10/16/2019,10:15,Wednesday,SUMMERHILL STATION,TUOS,0,0,N,YU,5761
10/16/2019,10:38,Wednesday,OSGOODE STATION,PUMST,0,0,,YU,0
10/16/2019,10:39,Wednesday,SHEPPARD WEST STATION,TUATC,3,6,N,YU,6091
10/16/2019,10:49,Wednesday,GREENWOOD CARHOUSE,MUO,0,0,,BD,0
10/16/2019,11:23,Wednesday,DUNDAS WEST STATION,EUCO,8,11,E,BD,5304
10/16/2019,11:31,Wednesday,MUSEUM STATION,MUATC,3,6,S,YU,5771
10/16/2019,11:40,Wednesday,BLOOR DANFORTH SUBWAY,MUGD,0,0,,BD,0
10/16/2019,12:00,Wednesday,YUS/BD/SHEPPARD SUBWAY,MUGD,0,0,,YU,0
10/16/2019,12:12,Wednesday,KENNEDY BD STATION,EUDO,3,6,W,BD,5108
10/16/2019,12:20,Wednesday,UNION STATION,EUSC,0,0,S,YU,5716
10/16/2019,12:32,Wednesday,DAVISVILLE STATION,MUIR,4,7,S,YU,5501
10/16/2019,13:19,Wednesday,COLLEGE STATION,MUPAA,4,7,N,YU,5726
10/16/2019,13:45,Wednesday,FINCH STATION,TUMVS,0,0,N,YU,5571
10/16/2019,13:52,Wednesday,LESLIE STATION,TUSC,0,0,W,SHP,6186
10/16/2019,14:57,Wednesday,MCCOWAN STATION,MRPAA,0,0,S,SRT,3009
10/16/2019,15:09,Wednesday,BLOOR STATION,MUIS,0,0,S,YU,0
10/16/2019,15:44,Wednesday,BLOOR STATION,SUUT,4,7,N,YU,5741
10/16/2019,16:10,Wednesday,CASTLE FRANK STATION,MUIR,4,6,E,BD,5260
10/16/2019,16:14,Wednesday,ISLINGTON STATION,MUIR,3,5,E,BD,5138
10/16/2019,16:22,Wednesday,SCARBOROUGH CTR STATIO,MRPAA,0,0,N,SRT,3023
10/16/2019,16:34,Wednesday,VAUGHAN MC STATION,TUNIP,3,6,S,YU,5666
10/16/2019,16:41,Wednesday,FINCH STATION,TUSC,3,5,S,YU,5756
10/16/2019,17:09,Wednesday,ST GEORGE BD STATION,MUPAA,0,0,W,BD,5066
10/16/2019,17:23,Wednesday,YORK UNIVERSITY STATIO,SUDP,5,7,N,YU,5711
10/16/2019,17:29,Wednesday,SUMMERHILL STATION,MUPAA,0,0,S,YU,6016
10/16/2019,17:58,Wednesday,BAY STATION,MUPAA,3,5,E,BD,5301
10/16/2019,18:04,Wednesday,WILSON STATION,MUPAA,0,0,N,YU,6106
10/16/2019,18:30,Wednesday,WELLESLEY STATION,MUIS,0,0,S,YU,0
10/16/2019,18:31,Wednesday,LAWRENCE STATION,MUPAA,0,0,S,YU,5976
10/16/2019,19:04,Wednesday,DUNDAS WEST STATION,MUIS,0,0,W,BD,0
10/16/2019,19:07,Wednesday,FINCH STATION,MUSC,0,0,S,YU,5746
10/16/2019,19:11,Wednesday,BLOOR STATION,SUDP,4,7,N,YU,5406
10/16/2019,19:15,Wednesday,ISLINGTON STATION,MUNCA,0,0,,BD,0
10/16/2019,19:40,Wednesday,BLOOR DANFORTH SUBWAY,MUGD,0,0,,BD,0
10/16/2019,21:09,Wednesday,DUNDAS STATION,MUIS,0,0,S,YU,0
10/16/2019,21:14,Wednesday,ST CLAIR WEST STATION,MUIS,0,0,N,YU,0
10/16/2019,22:00,Wednesday,YUS/BD/SHEPPARD SUBWAY,MUO,0,0,,YU/BD,0
10/16/2019,23:59,Wednesday,BROADVIEW STATION,MUIE,0,0,,BD,0
10/17/2019,01:22,Thursday,EGLINTON STATION,MUTO,6,11,N,YU,5641
10/17/2019,05:34,Thursday,WILSON STATION,PUMEL,0,0,,YU,0
10/17/2019,05:55,Thursday,KIPLING STATION,MUSC,0,0,E,BD,5147
10/17/2019,06:31,Thursday,WILSON STATION,EUPI,3,5,S,YU,5451
10/17/2019,07:29,Thursday,VICTORIA PARK STATION,TUMVS,0,0,W,BD,5221
10/17/2019,07:34,Thursday,WILSON STATION,EUO,3,5,S,YU,5841
10/17/2019,07:47,Thursday,BLOOR DANFORTH SUBWAY,MUO,0,0,,BD,0
10/17/2019,08:02,Thursday,KENNEDY BD STATION,MUTO,3,5,W,BD,5081
10/17/2019,08:11,Thursday,QUEEN STATION,SUDP,0,0,N,YU,5616
10/17/2019,08:13,Thursday,YORK MILLS STATION,MUPAA,0,0,S,YU,6106
10/17/2019,08:37,Thursday,SCARBOROUGH CTR STATIO,MRPAA,0,0,N,SRT,3003
10/17/2019,08:42,Thursday,KIPLING STATION,MUPAA,0,0,E,BD,5033
10/17/2019,08:50,Thursday,COLLEGE STATION,MUIS,0,0,S,YU,0
10/17/2019,09:31,Thursday,LAWRENCE STATION,MUIE,0,0,N,YU,5691
10/17/2019,09:55,Thursday,BATHURST STATION,SUSA,0,0,E,BD,0
10/17/2019,10:17,Thursday,BLOOR STATION,MUIS,0,0,S,YU,0
10/17/2019,10:42,Thursday,SCARBORUGH RAPID TRANS,PRS,4,8,,SRT,0
10/17/2019,11:05,Thursday,WARDEN STATION,EUTR,3,6,W,BD,5221
10/17/2019,11:09,Thursday,MAIN STREET STATION,MUIS,0,0,,BD,0
10/17/2019,11:35,Thursday,SHEPPARD WEST STATION,TUS,5,8,S,YU,5841
10/17/2019,11:35,Thursday,ST GEORGE YUS STATION,MUIR,4,7,N,YU,5566
10/17/2019,11:40,Thursday,SHEPPARD-YONGE STATION,TUSC,0,0,E,SHP,6166
10/17/2019,12:47,Thursday,ST PATRICK STATION,MUATC,0,0,N,YU,5646
10/17/2019,12:56,Thursday,SHEPPARD STATION,TUS,5,8,N,YU,5861
10/17/2019,14:21,Thursday,BAY STATION,MUIS,0,0,,BD,0
10/17/2019,14:42,Thursday,KIPLING STATION,PUSTS,3,6,E,BD,5224
10/17/2019,15:06,Thursday,MCCOWAN STATION,MRO,5,10,W,SRT,3009
10/17/2019,15:10,Thursday,BROADVIEW STATION,MUIS,0,0,W,BD,0
10/17/2019,15:27,Thursday,ST CLAIR STATION,SUDP,4,7,N,YU,5406
10/17/2019,15:44,Thursday,BLOOR STATION,PUMST,0,0,,YU,0
10/17/2019,15:52,Thursday,DAVISVILLE STATION,SUAP,5,8,N,YU,6076
10/17/2019,15:55,Thursday,FINCH STATION,TUSC,0,0,S,YU,5396
10/17/2019,15:59,Thursday,SHEPPARD WEST STATION,MUIS,0,0,,YU,0
10/17/2019,16:24,Thursday,DONLANDS STATION,MUIR,0,0,E,BD,5152
10/17/2019,16:24,Thursday,SHEPPARD-YONGE STATION,MUPAA,0,0,E,SHP,6191
10/17/2019,16:24,Thursday,SPADINA BD STATION,SUDP,0,0,E,BD,0
10/17/2019,16:41,Thursday,BLOOR STATION,MUSC,0,0,N,YU,5746
10/17/2019,16:42,Thursday,DUFFERIN STATION,SUDP,0,0,W,BD,0
10/17/2019,17:18,Thursday,WELLESLEY STATION,MUPAA,0,0,N,YU,5896
10/17/2019,17:21,Thursday,WARDEN AND KENNEDY,MUPLB,30,33,E,BD,5006
10/17/2019,17:45,Thursday,COXWELL STATION,MUIS,0,0,E,BD,0
10/17/2019,19:05,Thursday,KENNEDY BD STATION,MUPAA,0,0,W,BD,5007
10/17/2019,19:08,Thursday,OSSINGTON STATION,MUI,13,16,W,BD,5193
10/17/2019,20:17,Thursday,FINCH STATION,TUSC,0,0,N,YU,5761
10/17/2019,21:07,Thursday,SPADINA BD STATION,MUPAA,0,0,W,BD,5039
10/17/2019,21:08,Thursday,UNION STATION (TO KING,MUIR,0,0,N,YU,6046
10/17/2019,22:00,Thursday,YUS/BD/SHEPPARD SUBWAY,MUO,0,0,,YU/BD,0
10/17/2019,22:18,Thursday,KENNEDY BD STATION,MUIS,0,0,,BD,0
10/17/2019,23:42,Thursday,SPADINA BD STATION,MUIS,0,0,,BD,0
10/18/2019,00:06,Friday,KEELE STATION,MUTO,3,7,W,BD,5098
10/18/2019,00:36,Friday,OSGOODE STATION,MUIS,0,0,N,YU,0
10/18/2019,00:56,Friday,BAY STATION,MUSAN,4,8,W,BD,5310
10/18/2019,01:03,Friday,KIPLING STATION,MUPAA,4,8,E,BD,5058
10/18/2019,01:50,Friday,YONGE BD STATION,SUUT,8,12,W,BD,5259
10/18/2019,02:15,Friday,BROADVIEW STATION,MUO,0,0,,BD,0
10/18/2019,05:23,Friday,SHEPPARD-YONGE STATION,TUNIP,3,8,E,SHP,6181
10/18/2019,05:45,Friday,GREENWOOD YARD,EUSC,0,0,W,BD,5116
10/18/2019,05:46,Friday,OSGOODE STATION,EUSC,0,0,S,YU,5396
10/18/2019,05:47,Friday,DONLANDS STATION,TUSUP,10,14,E,BD,5152
10/18/2019,06:18,Friday,VAUGHAN MC STATION,MUATC,4,8,S,YU,5591
10/18/2019,06:33,Friday,FINCH STATION,EUSC,0,0,S,YU,5391
10/18/2019,07:34,Friday,DON MILLS STATION,TUSC,0,0,E,SHP,6191
10/18/2019,07:36,Friday,EGLINTON STATION,PUTWZ,4,0,S,YU,5926
10/18/2019,07:39,Friday,ST GEORGE YUS STATION,MUIS,0,0,,YU,0
10/18/2019,08:13,Friday,CHESTER STATION,TUSC,0,0,E,BD,2366
10/18/2019,08:33,Friday,OSGOODE STATION,EUSC,0,0,S,YU,5396
10/18/2019,10:32,Friday,HIGHWAY 407 STATION,MUATC,6,9,S,YU,6076
10/18/2019,10:40,Friday,CHESTER STATION,PUSO,5,8,E,BD,5354
10/18/2019,10:47,Friday,PAPE STATION,EUPI,0,0,E,BD,5116
10/18/2019,11:05,Friday,KIPLING STATION,MUIS,0,0,,BD,0
10/18/2019,11:08,Friday,CHESTER STATION,PUSO,0,0,E,BD,5340
10/18/2019,12:23,Friday,WELLESLEY STATION,PUMEL,0,0,,YU,0
10/18/2019,12:48,Friday,ST CLAIR STATION,MUSC,0,0,S,YU,5611
10/18/2019,14:16,Friday,COXWELL STATION,EUPI,3,6,W,BD,5035
10/18/2019,14:40,Friday,FINCH WEST STATION,MUIR,11,14,S,YU,5486
10/18/2019,15:19,Friday,ST ANDREW STATION,MUPAA,0,0,N,YU,6096
10/18/2019,15:34,Friday,KENNEDY BD STATION,TUNIP,3,6,W,BD,5125
10/18/2019,15:56,Friday,BAY STATION,MUPAA,0,0,W,BD,5227
10/18/2019,16:02,Friday,FINCH STATION,TUNIP,3,5,S,YU,5696
10/18/2019,16:08,Friday,KIPLING STATION,MUSC,0,0,E,BD,5152
10/18/2019,16:13,Friday,WILSON STATION,MUPAA,0,0,N,YU,6126
10/18/2019,16:29,Friday,ISLINGTON STATION,TUSC,0,0,W,BD,5013
10/18/2019,17:19,Friday,KING STATION,MUNCA,0,0,,YU,0
10/18/2019,17:21,Friday,ST CLAIR STATION,TUMVS,4,6,S,YU,5786
10/18/2019,17:25,Friday,LAWRENCE STATION,SUDP,0,0,S,YU,5736
10/18/2019,17:53,Friday,KIPLING STATION,MUSC,0,0,E,BD,5237
10/18/2019,18:00,Friday,ST CLAIR STATION,TUO,0,0,S,YU,5786
10/18/2019,18:11,Friday,KENNEDY BD STATION,MUIS,0,0,E,BD,5104
10/18/2019,18:26,Friday,COXWELL STATION,MUIS,0,0,,BD,0
10/18/2019,18:36,Friday,JANE STATION,MUPLB,7,9,E,BD,5276
10/18/2019,19:13,Friday,KIPLING STATION,MUSC,0,0,E,BD,5127
10/18/2019,19:16,Friday,PAPE STATION,SUDP,4,6,E,BD,5210
10/18/2019,21:06,Friday,HIGHWAY 407 STATION,MUPAA,0,0,S,YU,5761
10/18/2019,21:17,Friday,KENNEDY BD STATION,EUSC,0,0,W,BD,5113
10/18/2019,21:20,Friday,PAPE STATION,MUIS,0,0,W,BD,0
10/18/2019,21:21,Friday,ROSEDALE STATION,MUI,17,20,N,YU,5996
10/18/2019,22:00,Friday,YUS/BD/SHEPPARD SUBWAY,MUO,0,0,,YU/BD,0
10/18/2019,22:48,Friday,BATHURST STATION,MUIS,0,0,,BD,0
10/18/2019,23:27,Friday,COXWELL STATION,MUIS,0,0,,BD,0
10/18/2019,23:49,Friday,ST CLAIR WEST STATION,MUTO,5,10,N,YU,6106
10/19/2019,00:18,Saturday,OSGOODE STATION,MUIS,0,0,,YU,0
10/19/2019,02:09,Saturday,BATHURST STATION,SUO,0,0,,BD,0
10/19/2019,05:48,Saturday,SHEPPARD-YONGE STATION,TUSC,0,0,W,SHP,6161
10/19/2019,06:00,Saturday,YUS/BD/SHEPPARD SUBWAY,MUO,0,0,,YU,0
10/19/2019,06:10,Saturday,UNION STATION,PUMEL,0,0,,YU,0
10/19/2019,06:14,Saturday,VAUGHAN MC STATION,EUBK,10,20,S,YU,5711
10/19/2019,07:20,Saturday,KIPLING STATION,MUIR,5,10,E,BD,5097
10/19/2019,07:28,Saturday,ST PATRICK STATION,EUSC,3,8,S,YU,5396
10/19/2019,07:41,Saturday,KENNEDY BD STATION,MUIS,0,0,,BD,0
10/19/2019,07:52,Saturday,ST CLAIR STATION,EUSC,0,0,S,YU,5391
10/19/2019,08:51,Saturday,FINCH STATION,SUDP,5,10,S,YU,5791
10/19/2019,09:25,Saturday,WARDEN STATION,EUPI,6,11,W,BD,5304
10/19/2019,09:34,Saturday,FINCH STATION,MUIS,0,0,,YU,0
10/19/2019,10:03,Saturday,SHERBOURNE STATION,MUPAA,3,8,W,BD,5200
10/19/2019,12:20,Saturday,VICTORIA PARK STATION,MUNCA,0,0,,BD,0
10/19/2019,13:49,Saturday,KEELE STATION,SUDP,0,0,E,BD,5014
10/19/2019,15:32,Saturday,MUSEUM STATION,MUPAA,0,0,N,YU,6086
10/19/2019,16:21,Saturday,LANSDOWNE STATION,MUIS,6,10,W,BD,5181
10/19/2019,16:53,Saturday,PAPE STATION,SUDP,9,13,E,BD,5149
10/19/2019,16:58,Saturday,NORTH YORK CTR STATION,MUPAA,0,0,N,YU,5461
10/19/2019,17:57,Saturday,ST GEORGE BD STATION,TUSC,0,0,W,BD,5343
10/19/2019,18:07,Saturday,COLLEGE STATION,MUNCA,0,0,,YU,0
10/19/2019,18:21,Saturday,RUNNYMEDE STATION,MUIS,0,0,,BD,0
10/19/2019,18:48,Saturday,SHEPPARD STATION,MUIS,0,0,N,YU,0
10/19/2019,19:59,Saturday,SPADINA YUS STATION,MUIS,0,0,,BD,0
10/19/2019,21:09,Saturday,SPADINA YUS STATION,MUIS,0,0,,YU,0
10/19/2019,22:00,Saturday,YUS/BD/SHEPPARD SUBWAY,MUO,0,0,,YU/BD,0
10/19/2019,22:36,Saturday,FINCH STATION,SUUT,11,16,N,YU,5796
10/19/2019,22:46,Saturday,YONGE BD STATION,MUIS,0,0,E,BD,0
10/20/2019,00:04,Sunday,PAPE STATION,EUTR,4,8,E,BD,5197
10/20/2019,01:04,Sunday,FINCH STATION,MUSC,0,0,N,YU,5636
10/20/2019,01:10,Sunday,DUNDAS STATION,MUSC,0,0,S,YU,5946
10/20/2019,01:14,Sunday,LAWRENCE STATION,MUSC,0,0,N,YU,5816
10/20/2019,01:56,Sunday,ROYAL YORK STATION,TUSC,0,0,E,BD,5043
10/20/2019,02:00,Sunday,WARDEN STATION,SUUT,5,11,W,BD,5191
10/20/2019,02:06,Sunday,BATHURST STATION,MUIRS,0,0,W,BD,0
10/20/2019,07:26,Sunday,DON MILLS STATION,MUNCA,0,0,,SHP,0
10/20/2019,07:53,Sunday,OSGOODE STATION,MUNCA,0,0,,YU,0
10/20/2019,08:00,Sunday,YUS/BD/SHEPPARD SUBWAY,MUO,0,0,,YU,0
10/20/2019,08:12,Sunday,KEELE STATION,MUO,3,7,W,BD,5013
10/20/2019,08:37,Sunday,KIPLING STATION,MUSC,0,0,E,BD,5224
10/20/2019,08:53,Sunday,KIPLING STATION,MUSC,0,0,E,BD,5127
10/20/2019,09:13,Sunday,ST CLAIR STATION,EUSC,5,10,S,YU,5786
10/20/2019,10:57,Sunday,KENNEDY SRT STATION,ERCO,7,14,N,SRT,3014
10/20/2019,11:16,Sunday,DAVISVILLE STATION,EUSC,0,0,S,YU,5786
10/20/2019,11:24,Sunday,DUNDAS STATION,MUNCA,0,0,,YU,0
10/20/2019,12:56,Sunday,OLD MILL STATION,MUI,10,14,W,BD,5021
10/20/2019,13:10,Sunday,LAWRENCE STATION,MUIS,0,0,,YU,0
10/20/2019,13:33,Sunday,ST CLAIR STATION,MUIRS,0,0,,YU,0
10/20/2019,14:00,Sunday,ST CLAIR STATION,SUUT,5,10,S,YU,5756
10/20/2019,14:15,Sunday,COLLEGE STATION,MUIS,0,0,S,YU,5766
10/20/2019,14:33,Sunday,UNION STATION,MUIS,0,0,,YU,0
10/20/2019,15:26,Sunday,DON MILLS STATION,TUSC,0,0,W,SHP,6141
10/20/2019,15:31,Sunday,VAUGHAN MC STATION,MUNOA,4,9,S,YU,5426
10/20/2019,17:18,Sunday,SHEPPARD WEST STATION,MUPAA,0,0,N,YU,5896
10/20/2019,17:19,Sunday,EGLINTON STATION,MUPAA,0,0,N,YU,5586
10/20/2019,17:29,Sunday,LAWRENCE STATION,EUME,4,8,N,YU,5521
10/20/2019,17:29,Sunday,ST GEORGE BD STATION,TUSC,0,0,W,BD,5343
10/20/2019,18:31,Sunday,MUSEUM STATION,MUPAA,0,0,N,YU,5471
10/20/2019,18:42,Sunday,WOODBINE STATION,MUSC,0,0,W,BD,5335
10/20/2019,18:50,Sunday,LAWRENCE STATION,MUNCA,0,0,,YU,0
10/20/2019,19:01,Sunday,SHEPPARD WEST STATION,MUIS,0,0,,YU,0
10/20/2019,19:14,Sunday,JANE STATION,EUBO,4,8,W,BD,5335
10/20/2019,20:53,Sunday,KIPLING STATION,MUSAN,0,0,E,BD,5234
10/20/2019,20:58,Sunday,OSSINGTON STATION,MUI,0,0,E,BD,5134
10/20/2019,21:29,Sunday,DAVISVILLE STATION,SUO,0,0,N,YU,6031
10/20/2019,21:32,Sunday,COLLEGE STATION,PUMEL,0,0,S,YU,0
10/20/2019,21:54,Sunday,SHEPPARD STATION,MUO,0,0,,YU,0
10/20/2019,22:00,Sunday,YUS/BD/SHEPPARD SUBWAY,MUO,0,0,,YU/BD,0
10/20/2019,22:30,Sunday,BLOOR DANFORTH SUBWAY,MUGD,0,0,,BD,0
10/20/2019,23:06,Sunday,DAVISVILLE STATION,PUSTS,5,10,S,YU,5416
10/21/2019,00:04,Monday,VICTORIA PARK STATION,SUAP,0,0,,BD,0
10/21/2019,00:49,Monday,MCCOWAN YARD,SRO,0,0,,SRT,3013
10/21/2019,01:04,Monday,ST GEORGE BD STATION,TUO,5,9,W,BD,5021
10/21/2019,01:11,Monday,VICTORIA PARK STATION,MUIS,0,0,,BD,0
10/21/2019,01:13,Monday,VICTORIA PARK STATION,EUSC,0,0,E,BD,5240
10/21/2019,02:19,Monday,SHEPPARD-YONGE STATION,TUMVS,0,0,W,SHP,6186
10/21/2019,05:38,Monday,GREENWOOD YARD,MUO,0,0,W,BD,0
10/21/2019,05:40,Monday,KIPLING STATION,MUO,3,0,E,BD,5055
10/21/2019,05:43,Monday,GREENWOOD STATION,MUO,16,0,E,BD,5304
10/21/2019,05:52,Monday,ST GEORGE BD STATION,MUO,10,0,W,BD,5121
10/21/2019,05:55,Monday,YONGE BD STATION,MUO,8,0,,BD,5354
10/21/2019,06:38,Monday,EGLINTON STATION,EUSC,0,0,N,YU,5396
10/21/2019,06:58,Monday,FINCH STATION,EUSC,0,0,S,YU,5391
10/21/2019,07:03,Monday,SHEPPARD-YONGE STATION,TUO,4,9,E,SHP,6181
10/21/2019,07:07,Monday,GREENWOOD YARD,PUSTC,0,0,,BD,5069
10/21/2019,07:07,Monday,SHEPPARD-YONGE STATION,TUSC,0,0,W,SHP,6141
10/21/2019,07:56,Monday,KEELE STATION,MUSC,0,0,W,BD,5121
10/21/2019,08:39,Monday,ST GEORGE YUS STATION,MUIRS,0,0,S,YU,0
10/21/2019,09:28,Monday,ST GEORGE YUS STATION,MUIR,0,0,S,YU,5791
10/21/2019,09:34,Monday,ST GEORGE BD STATION,TUSC,0,0,W,BD,5121
10/21/2019,09:48,Monday,KENNEDY BD STATION,MUSC,0,0,W,BD,5191
10/21/2019,10:01,Monday,DAVISVILLE STATION,MUIR,0,0,S,YU,5541
10/21/2019,10:37,Monday,SCARBOROUGH CTR STATIO,PREL,0,0,,SRT,0
10/21/2019,11:17,Monday,VAUGHAN MC STATION,MUCL,3,5,,YU,5676
10/21/2019,11:25,Monday,VAUGHAN MC STATION,MUCL,3,6,S,YU,5451
10/21/2019,11:36,Monday,DUNDAS STATION,TUS,5,8,N,YU,5736
10/21/2019,11:36,Monday,MCCOWAN STATION,MRNOA,7,14,S,SRT,3022
10/21/2019,11:46,Monday,VAUGHAN MC STATION,MUCL,4,7,S,YU,5871
10/21/2019,11:48,Monday,DON MILLS STATION,TUO,7,12,W,SHP,6171
10/21/2019,12:01,Monday,QUEEN'S PARK STATION,MUIR,0,0,N,YU,5741
10/21/2019,12:21,Monday,VAUGHAN MC STATION,TUNIP,4,7,S,YU,6111
10/21/2019,13:36,Monday,DUNDAS STATION,MUIRS,0,0,N,YU,5386
10/21/2019,14:21,Monday,FINCH STATION,TUNIP,3,6,S,YU,5921
10/21/2019,14:53,Monday,SHEPPARD-YONGE STATION,TUSC,0,0,E,SHP,6181
10/21/2019,14:58,Monday,DUNDAS WEST STATION,EUSC,0,0,E,BD,5311
10/21/2019,15:20,Monday,KIPLING STATION,MUTO,4,6,E,BD,5036
10/21/2019,15:54,Monday,HIGH PARK STATION,MUSC,0,0,E,BD,5276
10/21/2019,15:58,Monday,BLOOR STATION,TUOS,3,6,S,YU,6026
10/21/2019,16:01,Monday,WILSON STATION,EUNT,3,5,S,YU,5496
10/21/2019,16:20,Monday,BLOOR STATION,MUIS,0,0,N,YU,0
10/21/2019,16:28,Monday,EGLINTON STATION,MUIS,0,0,S,YU,0
10/21/2019,16:28,Monday,YONGE BD STATION,TUS,3,5,W,BD,5092
10/21/2019,16:43,Monday,VAUGHAN MC STATION,MUTO,3,5,S,YU,5466
10/21/2019,16:47,Monday,DAVISVILLE STATION,MUIR,0,0,N,YU,5451
10/21/2019,16:51,Monday,DUNDAS STATION,TUO,4,6,S,YU,5886
10/21/2019,16:57,Monday,ST PATRICK STATION,EUSC,0,0,S,YU,5391
10/21/2019,17:03,Monday,FINCH STATION,MUSC,0,0,S,YU,5491
10/21/2019,17:06,Monday,FINCH STATION,TUCC,0,0,N,YU,5451
10/21/2019,17:08,Monday,GREENWOOD STATION,SUO,0,0,,BD,0
10/21/2019,17:37,Monday,NORTH YORK CTR STATION,MUPAA,0,0,N,YU,5391
10/21/2019,17:46,Monday,FINCH STATION,EUSC,4,6,S,YU,5396
10/21/2019,17:51,Monday,FINCH STATION,MUIS,0,0,,YU,0
10/21/2019,18:29,Monday,YORK UNIVERSITY STATIO,MUIS,0,0,,YU,0
10/21/2019,18:30,Monday,SPADINA YUS STATION,SUAP,0,0,,YU,0
10/21/2019,19:17,Monday,BROADVIEW STATION,SUAE,4,6,E,BD,5047
10/21/2019,19:52,Monday,KIPLING STATION,TUSC,0,0,W,BD,5158
10/21/2019,19:53,Monday,COXWELL STATION,TUOS,3,6,W,BD,5179
10/21/2019,20:02,Monday,CASTLE FRANK STATION,TUO,6,9,W,BD,5179
10/21/2019,20:03,Monday,SHEPPARD-YONGE STATION,TUSC,0,0,E,SHP,6181
10/21/2019,20:12,Monday,YONGE BD STATION,MUTO,3,6,W,BD,5179
10/21/2019,20:26,Monday,OSSINGTON STATION,MUIS,0,0,,BD,0
10/21/2019,20:28,Monday,KIPLING STATION,MUSAN,3,8,E,BD,5043
10/21/2019,21:53,Monday,COXWELL STATION,MUNOA,4,8,W,BD,5179
10/21/2019,22:00,Monday,YUS/BD/SHEPPARD SUBWAY,MUO,0,0,,YU/BD,0
10/21/2019,23:04,Monday,ST GEORGE STATION TO W,MUO,0,0,,BD,0
10/21/2019,23:20,Monday,ST GEORGE BD STATION,TUSC,0,0,W,BD,5021
10/21/2019,23:47,Monday,ST GEORGE BD STATION,TUSC,0,0,W,BD,5063
10/22/2019,05:33,Tuesday,EGLINTON WEST STATION,PUEO,0,0,,YU,0
10/22/2019,06:00,Tuesday,BLOOR DANFORTH SUBWAY,MUO,0,0,,BD,0
10/22/2019,07:00,Tuesday,UNION STATION (KING),EUTRD,5,7,N,YU,5941
10/22/2019,07:02,Tuesday,EGLINTON WEST STATION,MUIS,0,0,,YU,0
10/22/2019,07:27,Tuesday,GREENWOOD STATION,MUO,10,15,E,BD,5237
10/22/2019,07:33,Tuesday,ST ANDREW STATION,TUMVS,0,0,S,YU,6091
10/22/2019,07:47,Tuesday,KENNEDY SRT STATION,MRUIR,4,9,S,SRT,3002
10/22/2019,07:51,Tuesday,BATHURST STATION,SUDP,0,0,E,BD,5279
10/22/2019,08:20,Tuesday,BLOOR STATION,MUIR,0,0,S,YU,6066
10/22/2019,09:18,Tuesday,SHEPPARD STATION,SUAP,0,0,S,YU,0
10/22/2019,09:36,Tuesday,SHEPPARD-YONGE STATION,TUSC,0,0,W,SHP,6141
10/22/2019,09:52,Tuesday,LESLIE STATION,MUPAA,5,10,W,SHP,6141
10/22/2019,11:56,Tuesday,KENNEDY BD STATION,SUDP,3,6,W,BD,5340
10/22/2019,12:04,Tuesday,VAUGHAN MC STATION,TUS,5,8,N,YU,6041
10/22/2019,12:11,Tuesday,VAUGHAN MC STATION,TUNIP,6,9,S,YU,6066
10/22/2019,12:28,Tuesday,COLLEGE STATION,SUUT,0,0,S,YU,0
10/22/2019,12:29,Tuesday,BATHURST STATION,SUDP,0,0,W,BD,5238
10/22/2019,12:53,Tuesday,VAUGHAN MC STATION,TUCC,6,9,S,YU,5721
10/22/2019,13:06,Tuesday,SPADINA BD STATION,SUDP,4,7,W,BD,5096
10/22/2019,13:11,Tuesday,LAWRENCE EAST STATION,MRPAA,0,0,N,SRT,3001
10/22/2019,13:59,Tuesday,COXWELL STATION,TUNIP,3,6,E,BD,5076
10/22/2019,13:59,Tuesday,SCARBOROUGH CTR STATIO,PREL,0,0,,SRT,0
10/22/2019,14:22,Tuesday,LAWRENCE STATION,PUTS,228,231,N,YU,6041
10/22/2019,14:43,Tuesday,WELLESLEY STATION,MUPAA,0,0,N,YU,5871
10/22/2019,16:14,Tuesday,ST CLAIR STATION,PUMST,0,0,,YU,0
10/22/2019,16:31,Tuesday,DAVISVILLE STATION,MUIRS,0,0,,YU,0
10/22/2019,16:40,Tuesday,SHERBOURNE STATION,SUCOL,0,0,W,BD,5195
10/22/2019,17:20,Tuesday,VAUGHAN MC STATION,SUO,5,7,S,YU,5906
10/22/2019,18:34,Tuesday,DON MILLS STATION,MUIR,6,11,W,SHP,6146
10/22/2019,18:37,Tuesday,DAVISVILLE STATION,MUPAA,3,5,S,YU,5421
10/22/2019,18:41,Tuesday,YORK MILLS STATION,MUPAA,3,5,N,YU,5981
10/22/2019,19:03,Tuesday,WARDEN STATION,PUTSC,5,7,E,BD,5121
10/22/2019,19:35,Tuesday,OSSINGTON STATION,MUIS,0,0,,BD,0
10/22/2019,19:53,Tuesday,SCARBOROUGH CTR STATIO,SRDP,0,0,,SRT,0
10/22/2019,19:54,Tuesday,DUFFERIN STATION,MUIS,0,0,,BD,0
10/22/2019,20:27,Tuesday,YORKDALE STATION,SUO,31,34,S,YU,5906
10/22/2019,20:39,Tuesday,WILSON STATION,MUIR,7,10,N,YU,5546
10/22/2019,20:41,Tuesday,ROSEDALE STATION,MUIS,0,0,N,YU,0
10/22/2019,21:39,Tuesday,BLOOR STATION,SUAE,0,0,,YU,5456
10/22/2019,22:00,Tuesday,YUS/BD/SHEPPARD SUBWAY,MUO,0,0,,YU/BD,0
10/22/2019,22:31,Tuesday,BLOOR STATION,SUDP,9,14,N,YU,5741
10/22/2019,22:59,Tuesday,ST CLAIR STATION,TUO,5,10,N,YU,6086
10/22/2019,23:00,Tuesday,WOODBINE TO ST.GEORGE,MUO,0,0,,BD,0
10/22/2019,23:08,Tuesday,UNION TO MAIN STREET,MUO,0,0,,,0
10/22/2019,23:19,Tuesday,MCCOWAN STATION,TRO,4,10,S,SRT,3024
10/22/2019,23:30,Tuesday,LAWRENCE TO ST CLAIR S,MUO,0,0,,YU,0
10/22/2019,23:40,Tuesday,LAWRENCE TO ST CLAIR S,PUTS,0,0,,YU,0
10/23/2019,00:10,Wednesday,DAVISVILLE YARD - TUNN,MUIE,0,0,,,0
10/23/2019,00:58,Wednesday,YORK MILLS STATION,MUIS,0,0,,YU,0
10/23/2019,01:09,Wednesday,WILSON HOSTLER,PUSO,0,0,,,0
10/23/2019,01:35,Wednesday,ROYAL YORK STATION,TUSC,0,0,E,BD,5158
10/23/2019,05:55,Wednesday,KENNEDY BD STATION,MUSC,0,0,W,BD,5199
10/23/2019,05:59,Wednesday,OSGOODE STATION,SUDP,7,9,S,YU,6071
10/23/2019,06:21,Wednesday,KIPLING STATION,TUSC,0,0,E,BD,5058
10/23/2019,07:44,Wednesday,UNION STATION,MUIE,0,0,,YU,0
10/23/2019,07:53,Wednesday,KENNEDY BD STATION,MUSC,0,0,W,BD,5098
10/23/2019,08:12,Wednesday,CHESTER STATION,TUSC,0,0,E,BD,5360
10/23/2019,08:27,Wednesday,ST PATRICK STATION,MUATC,3,5,N,YU,5746
10/23/2019,08:45,Wednesday,SHEPPARD STATION,TUSC,0,0,N,YU,5716
10/23/2019,09:25,Wednesday,EGLINTON STATION,MUSAN,6,9,N,YU,5466
10/23/2019,10:12,Wednesday,ST CLAIR STATION,MUO,0,0,,YU,0
10/23/2019,10:33,Wednesday,ROYAL YORK STATION,TUSC,0,0,W,BD,5186
10/23/2019,10:57,Wednesday,FINCH STATION,TUNIP,3,6,S,YU,5886
10/23/2019,11:46,Wednesday,VAUGHAN MC STATION,TUS,3,6,S,YU,5776
10/23/2019,12:05,Wednesday,ST GEORGE YUS STATION,MUTO,0,0,S,YU,5716
10/23/2019,12:10,Wednesday,KIPLING STATION,MUIS,0,0,,BD,0
10/23/2019,12:12,Wednesday,FINCH STATION,MUTO,3,6,S,YU,5871
10/23/2019,12:25,Wednesday,FINCH STATION,MUTO,3,6,S,YU,6076
10/23/2019,13:08,Wednesday,BESSARION STATION,TUMVS,4,10,E,SHP,6146
10/23/2019,13:49,Wednesday,WOODBINE STATION,MUSC,0,0,W,BD,5145
10/23/2019,14:10,Wednesday,YORK MILLS STATION,MUPAA,4,7,S,YU,5896
10/23/2019,14:17,Wednesday,ST PATRICK STATION,MUSC,0,0,S,YU,6076
10/23/2019,14:34,Wednesday,PAPE STATION,EUNT,3,6,E,BD,5280
10/23/2019,14:42,Wednesday,GREENWOOD PORTAL,EUSC,0,0,W,BD,5066
10/23/2019,16:23,Wednesday,SHEPPARD WEST STATION,TUO,3,5,S,YU,5856
10/23/2019,17:17,Wednesday,ST CLAIR WEST STATION,MUPAA,0,0,N,YU,5436
10/23/2019,18:22,Wednesday,WOODBINE STATION,MUSC,0,0,E,BD,5344
10/23/2019,18:28,Wednesday,DONLANDS STATION,PUMST,0,0,,BD,0
10/23/2019,18:46,Wednesday,KING STATION,MUIRS,0,0,S,YU,0
10/23/2019,18:47,Wednesday,FINCH STATION,TUSC,0,0,,YU,5911
10/23/2019,18:53,Wednesday,SPADINA BD STATION,PUMST,0,0,,BD,0
10/23/2019,19:14,Wednesday,BATHURST STATION,MUPAA,0,0,E,BD,5121
10/23/2019,19:17,Wednesday,BLOOR STATION,MUIS,0,0,,YU,0
10/23/2019,19:33,Wednesday,DONLANDS STATION,EUVA,6,9,W,BD,5137
10/23/2019,20:46,Wednesday,DONLANDS STATION,SUDP,0,0,,BD,0
10/23/2019,21:41,Wednesday,YORK MILLS STATION,MUSC,0,0,S,YU,5781
10/23/2019,21:54,Wednesday,COXWELL STATION,MUIS,0,0,,BD,0
10/23/2019,22:00,Wednesday,YUS/BD/SHEPPARD SUBWAY,MUO,0,0,,YU/BD,0
10/23/2019,22:10,Wednesday,DUNDAS STATION,MUIS,0,0,N,YU,0
10/23/2019,23:07,Wednesday,SPADINA YUS STATION,MUO,0,0,,YU,0
10/23/2019,23:09,Wednesday,ST GEORGE STATION TO W,MUO,0,0,,BD,0
10/23/2019,23:27,Wednesday,BAY STATION,EUNT,5,10,W,BD,5234
10/24/2019,00:09,Thursday,WOODBINE STATION,MUIS,0,0,,BD,8082
10/24/2019,05:57,Thursday,KIPLING STATION,MUSC,0,0,E,BD,5284
10/24/2019,06:00,Thursday,TORONTO TRANSIT COMMIS,MUO,0,0,,YU,0
10/24/2019,06:00,Thursday,TORONTO TRANSIT COMMIS,MUO,0,0,,SHP,0
10/24/2019,06:00,Thursday,TORONTO TRANSIT COMMIS,MRO,0,0,,SRT,0
10/24/2019,06:31,Thursday,DAVISVILLE STATION,EUTRD,3,5,N,YU,5936
10/24/2019,07:44,Thursday,ISLINGTON STATION,MUSC,0,0,W,BD,5514
10/24/2019,08:05,Thursday,WARDEN STATION,PUSTC,3,5,E,BD,5270
10/24/2019,08:22,Thursday,SHEPPARD-YONGE STATION,TUSC,0,0,E,SHP,6171
10/24/2019,08:40,Thursday,DUNDAS WEST STATION,TUMVS,0,0,W,BD,5313
10/24/2019,08:47,Thursday,KENNEDY SRT STATION,PRW,126,131,S,SRT,3022
10/24/2019,08:57,Thursday,BLOOR DANFORTH SUBWAY,MUO,0,0,,BD,0
10/24/2019,09:22,Thursday,WILSON STATION,SUDP,3,7,S,YU,5801
10/24/2019,09:32,Thursday,ST GEORGE YUS STATION,MUIR,4,7,S,YU,6071
10/24/2019,11:23,Thursday,JANE STATION,MUIR,10,13,E,BD,5117
10/24/2019,11:33,Thursday,FINCH STATION,MUTO,3,6,S,YU,5476
10/24/2019,12:20,Thursday,DON MILLS STATION,TUSC,0,0,W,SHP,6161
10/24/2019,14:16,Thursday,KENNEDY AND SCARBOROUG,MUO,0,0,,BD,0
10/24/2019,14:39,Thursday,SHEPPARD STATION,MUIS,0,0,S,YU,0
10/24/2019,14:42,Thursday,MAIN STREET STATION,TUOS,4,7,E,BD,5644
10/24/2019,14:43,Thursday,KENNEDY BD STATION,EUDO,4,6,W,BD,5096
10/24/2019,15:06,Thursday,VAUGHAN MC STATION,TUNIP,3,6,S,YU,5986
10/24/2019,15:07,Thursday,BROADVIEW STATION,SUO,0,0,E,BD,5025
10/24/2019,15:08,Thursday,YORK MILLS STATION,TUOS,0,0,S,YU,6086
10/24/2019,15:11,Thursday,LAWRENCE STATION,MUIS,4,7,S,YU,5496
10/24/2019,15:15,Thursday,LAWRENCE STATION,MUTO,4,7,S,YU,6086
10/24/2019,15:17,Thursday,DONLANDS STATION,EUBK,3,5,W,BD,5227
10/24/2019,15:29,Thursday,DOWNSVIEW PARK STATION,SUEAS,9,11,S,YU,5641
10/24/2019,15:55,Thursday,GREENWOOD STATION,MUIS,0,0,,BD,0
10/24/2019,16:01,Thursday,PAPE STATION,SUO,0,0,,BD,0
10/24/2019,16:03,Thursday,KIPLING STATION,TUO,3,5,,BD,5158
10/24/2019,16:11,Thursday,KENNEDY BD STATION,MUSAN,3,5,W,BD,5192
10/24/2019,16:16,Thursday,JANE STATION,MUIS,0,0,,BD,0
10/24/2019,16:50,Thursday,FINCH STATION,TUSC,0,0,N,YU,5731
10/24/2019,17:39,Thursday,LAWRENCE STATION,MUSC,0,0,S,YU,5811
10/24/2019,17:43,Thursday,DAVISVILLE STATION,MUPAA,3,5,S,YU,5956
10/24/2019,17:49,Thursday,WOODBINE STATION,TUKEY,8,10,W,BD,5238
10/24/2019,17:59,Thursday,OLD MILL STATION,MUPAA,0,0,W,BD,5266
10/24/2019,18:09,Thursday,ST GEORGE YUS STATION,MUTO,0,0,N,YU,5966
10/24/2019,18:29,Thursday,KENNEDY BD STATION,MUIR,0,0,W,BD,5262
10/24/2019,19:00,Thursday,SPADINA YUS STATION,MUIS,0,0,,YU,0
10/24/2019,19:42,Thursday,SPADINA BD STATION,PUMEL,0,0,,BD,0
10/24/2019,19:53,Thursday,CHESTER STATION,MUIS,0,0,,BD,0
10/24/2019,20:03,Thursday,SHEPPARD WEST STATION,EUO,3,6,N,YU,5406
10/24/2019,20:12,Thursday,RUNNYMEDE STATION,MUI,10,12,W,BD,5370
10/24/2019,20:46,Thursday,DUFFERIN STATION,MUI,15,18,E,BD,5284
10/24/2019,21:01,Thursday,SPADINA BD STATION,SUEAS,10,13,W,BD,5145
10/24/2019,21:10,Thursday,OSSINGTON STATION,MUIR,4,7,W,BD,5284
10/24/2019,22:00,Thursday,YUS/BD/SHEPPARD SUBWAY,MUO,0,0,,YU/BD,0
10/25/2019,00:48,Friday,MUSEUM STATION,MUIS,0,0,N,YU,5901
10/25/2019,01:20,Friday,GREENWOOD STATION,TUSC,0,0,W,BD,5193
10/25/2019,01:27,Friday,KIPLING STATION,MUSC,0,0,E,BD,5181
10/25/2019,01:48,Friday,ROYAL YORK STATION,MUIRS,0,0,E,BD,5002
10/25/2019,01:52,Friday,DAVISVILLE YARD,MUIE,0,0,,,0
10/25/2019,02:14,Friday,RUNNYMEDE STATION,MUIRS,0,0,W,BD,0
10/25/2019,04:54,Friday,GREENWOOD YARD,PUTOE,0,0,W,BD,0
10/25/2019,06:19,Friday,PAPE STATION,PUTDN,0,0,E,BD,5234
10/25/2019,06:33,Friday,GREENWOOD STATION,EUYRD,5,8,E,BD,5064
10/25/2019,06:43,Friday,GREENWOOD STATION,EUPI,8,12,E,BD,5181
10/25/2019,06:48,Friday,SHEPPARD WEST STATION,EUDO,3,6,S,YU,5046
10/25/2019,07:32,Friday,OLD MILL STATION,MUO,3,5,E,BD,5276
10/25/2019,07:37,Friday,YORK MILLS STATION,MUSC,0,0,S,YU,5611
10/25/2019,08:04,Friday,WARDEN STATION,PUTIJ,3,5,E,BD,5042
10/25/2019,08:16,Friday,ROYAL YORK STATION,TUS,5,7,E,BD,5150
10/25/2019,08:22,Friday,DON MILLS STATION,EUTRD,3,8,W,SHP,6176
10/25/2019,08:31,Friday,VICTORIA PARK STATION,EUSC,0,0,W,BD,5311
10/25/2019,09:16,Friday,KIPLING STATION,EUSC,0,0,W,BD,5311
10/25/2019,10:13,Friday,CASTLE FRANK STATION,MUIR,3,6,W,BD,5219
10/25/2019,10:29,Friday,SHEPPARD STATION,MUIR,0,0,S,YU,6011
10/25/2019,10:59,Friday,CHRISTIE STATION,TUSC,0,0,W,BD,5296
10/25/2019,11:05,Friday,ISLINGTON STATION,MUNCA,0,0,,BD,0
10/25/2019,13:13,Friday,KIPLING STATION,MUSC,0,0,E,BD,5049
10/25/2019,13:32,Friday,ST GEORGE BD STATION,MUPAA,0,0,W,BD,5299
10/25/2019,14:27,Friday,DUFFERIN STATION,MUIS,0,0,,BD,0
10/25/2019,15:43,Friday,EGLINTON STATION,MUSC,0,0,S,YU,5566
10/25/2019,16:01,Friday,KEELE STATION,MUSC,0,0,W,BD,5344
10/25/2019,16:19,Friday,LANSDOWNE STATION,PUMEL,0,0,W,BD,5266
10/25/2019,16:33,Friday,DUFFERIN STATION,EUNT,3,5,W,BD,5290
10/25/2019,16:59,Friday,LAWRENCE EAST STATION,ERDO,6,11,N,SRT,3001
10/25/2019,17:03,Friday,KIPLING STATION,MUTO,0,0,E,BD,5201
10/25/2019,17:11,Friday,BLOOR STATION,MUIS,0,0,N,YU,0
10/25/2019,17:36,Friday,UNION STATION TO ST AN,MUSC,0,0,N,YU,5746
10/25/2019,17:39,Friday,SCARBOROUGH CTR STATIO,MRTO,8,14,N,SRT,3007
10/25/2019,17:40,Friday,VAUGHAN MC STATION,MUATC,3,5,S,YU,5466
10/25/2019,17:45,Friday,FINCH STATION,MUSC,0,0,S,YU,5986
10/25/2019,18:19,Friday,KIPLING STATION,EUVA,3,5,E,BD,5209
10/25/2019,18:41,Friday,EGLINTON STATION,MUIR,0,0,N,YU,6061
10/25/2019,19:15,Friday,KIPLING STATION,MUSC,0,0,W,BD,5253
10/25/2019,19:35,Friday,VAUGHAN MC STATION,TUNIP,3,6,S,YU,5996
10/25/2019,20:57,Friday,WARDEN STATION,MUSAN,3,7,E,BD,5132
10/25/2019,21:05,Friday,KENNEDY BD STATION,TUO,0,0,W,BD,5296
10/25/2019,21:54,Friday,UNION STATION,SUO,3,8,N,YU,5386
10/25/2019,21:55,Friday,LAWRENCE STATION,PUMEL,0,0,,YU,0
10/25/2019,22:00,Friday,YUS/BD/SHEPPARD SUBWAY,MUO,0,0,,YU/BD,0
10/25/2019,22:02,Friday,BAY STATION,TUMVS,0,0,E,BD,5088
10/25/2019,22:12,Friday,ST CLAIR WEST STATION,SUUT,13,18,S,YU,6026
10/25/2019,22:13,Friday,HIGH PARK STATION,MUO,4,8,E,BD,5234
10/25/2019,22:55,Friday,SHERBOURNE STATION,SUUT,0,0,E,BD,5092
10/25/2019,23:27,Friday,COLLEGE STATION,SUUT,0,0,N,YU,5866
10/25/2019,23:58,Friday,LANSDOWNE STATION,SUAP,6,10,E,BD,5054
10/26/2019,00:22,Saturday,HIGHWAY 407 STATION,MUI,4,9,N,YU,6091
10/26/2019,01:43,Saturday,SHEPPARD WEST STATION,SUDP,13,18,S,YU,5601
10/26/2019,01:44,Saturday,RUNNYMEDE STATION,SUUT,11,17,W,BD,5279
10/26/2019,02:41,Saturday,BROADVIEW STATION,SUUT,0,0,E,BD,0
10/26/2019,02:45,Saturday,VAUGHAN MC STATION,MUIS,0,0,,YU,0
10/26/2019,05:45,Saturday,DUNDAS WEST STATION,MUNCA,0,0,,BD,0
10/26/2019,06:00,Saturday,VAUGHAN MC STATION,EUBO,4,14,S,YU,5556
10/26/2019,06:00,Saturday,YUS/BD/SHEPPARD SUBWAY,MUO,0,0,,YU/BD,0
10/26/2019,06:18,Saturday,LAWRENCE STATION,TUO,0,0,S,YU,5756
10/26/2019,06:22,Saturday,ST CLAIR STATION,MUSC,0,0,N,YU,6016
10/26/2019,06:31,Saturday,EGLINTON STATION,SUAE,0,0,,YU,0
10/26/2019,06:44,Saturday,ST CLAIR STATION,MUSC,0,0,N,YU,5946
10/26/2019,07:52,Saturday,ST CLAIR STATION,MUSC,0,0,N,YU,5756
10/26/2019,08:08,Saturday,ST CLAIR STATION,MUSC,0,0,N,YU,6116
10/26/2019,08:44,Saturday,ST CLAIR STATION,MUSC,0,0,N,YU,6001
10/26/2019,09:32,Saturday,KIPLING STATION,MUIR,5,10,E,BD,5214
10/26/2019,10:20,Saturday,ST CLAIR STATION,MUSC,0,0,N,YU,5726
10/26/2019,10:55,Saturday,ST CLAIR STATION,MUSC,0,0,N,YU,5506
10/26/2019,12:02,Saturday,ST CLAIR STATION,MUSC,0,0,N,YU,6016
10/26/2019,12:18,Saturday,ST CLAIR STATION,MUSC,0,0,N,YU,5801
10/26/2019,13:06,Saturday,YORKDALE STATION,SUDP,0,0,S,YU,5511
10/26/2019,13:21,Saturday,SHEPPARD-YONGE STATION,MUSC,0,0,E,SHP,6156
10/26/2019,14:02,Saturday,YONGE BD STATION,SUO,0,0,,BD,0
10/26/2019,14:11,Saturday,ST CLAIR STATION,MUSC,0,0,N,YU,5726
10/26/2019,14:27,Saturday,ST CLAIR STATION,MUSC,0,0,N,YU,6001
10/26/2019,14:35,Saturday,ST CLAIR STATION,MUSC,0,0,N,YU,5756
10/26/2019,14:42,Saturday,ST CLAIR STATION,MUSC,0,0,N,YU,5506
10/26/2019,15:04,Saturday,ST PATRICK STATION,MUIRS,0,0,,YU,0
10/26/2019,15:24,Saturday,KENNEDY BD STATION,EUBK,0,0,W,BD,5368
10/26/2019,15:28,Saturday,QUEEN STATION,SUDP,0,0,,YU,0
10/26/2019,15:54,Saturday,QUEEN'S PARK STATION,SUAP,6,11,S,YU,5536
10/26/2019,17:06,Saturday,UNION STATION,SUO,0,0,,YU,0
10/26/2019,17:10,Saturday,BLOOR DANFORTH SUBWAY,MUO,0,0,,BD,0
10/26/2019,17:52,Saturday,YORK MILLS STATION,PUTIJ,12,18,S,YU,5801
10/26/2019,18:02,Saturday,COXWELL STATION,TUNOA,3,7,E,BD,5053
10/26/2019,18:07,Saturday,CHRISTIE STATION,MUNCA,0,0,,BD,0
10/26/2019,18:43,Saturday,VICTORIA PARK STATION,SUO,55,59,W,BD,5153
10/26/2019,19:15,Saturday,KIPLING STATION,SUDP,0,0,,BD,0
10/26/2019,19:19,Saturday,SUMMERHILL STATION,MUI,17,22,S,YU,5806
10/26/2019,19:28,Saturday,WELLESLEY STATION,TUOS,0,0,N,YU,6071
10/26/2019,20:22,Saturday,UNION STATION TO ST AN,MUD,5,10,N,YU,5856
10/26/2019,20:27,Saturday,SHEPPARD STATION,MUPAA,0,0,N,YU,6041
10/26/2019,21:03,Saturday,VICTORIA PARK STATION,SUAP,0,0,,BD,0
10/26/2019,21:46,Saturday,BATHURST STATION,SUPOL,13,19,W,BD,5031
10/26/2019,21:54,Saturday,ST GEORGE BD STATION,MUIS,0,0,,BD,0
10/26/2019,22:00,Saturday,YUS/BD/SHEPPARD SUBWAY,MUO,0,0,,YU / BD,0
10/26/2019,22:30,Saturday,WARDEN STATION,TUMVS,0,0,W,BD,5058
10/26/2019,23:21,Saturday,BAY STATION,MUSAN,6,12,E,BD,5195
10/27/2019,00:23,Sunday,BLOOR STATION,PUSSW,50,55,N,YU,5556
10/27/2019,00:40,Sunday,SHEPPARD STATION,MUTO,0,0,W,SHP,0
10/27/2019,01:37,Sunday,ST PATRICK STATION,MUATC,5,10,N,YU,0
10/27/2019,07:43,Sunday,LAWRENCE EAST STATION,TRNCA,0,0,,SRT,0
10/27/2019,08:00,Sunday,BLOOR DANFORTH SUBWAY,MUSC,0,0,,BD,0
10/27/2019,08:00,Sunday,YUS/BD/SHEPPARD SUBWAY,MUO,0,0,,YU,0
10/27/2019,08:06,Sunday,WELLESLEY STATION,TUOS,0,0,S,YU,6051
10/27/2019,09:06,Sunday,VICTORIA PARK STATION,PUEO,0,0,E,BD,5274
10/27/2019,10:54,Sunday,EGLINTON STATION,MUIS,0,0,,YU,0
10/27/2019,12:10,Sunday,OSSINGTON STATION,MUIR,5,9,E,BD,5158
10/27/2019,12:41,Sunday,NORTH YORK CTR STATION,MUIRS,0,0,N,YU,0
10/27/2019,15:05,Sunday,BLOOR STATION,MUIS,0,0,S,YU,0
10/27/2019,15:08,Sunday,YORK MILLS STATION,MUPAA,0,0,S,YU,5531
10/27/2019,15:14,Sunday,VAUGHAN MC STATION,TUNIP,4,8,S,YU,5466
10/27/2019,16:11,Sunday,KIPLING STATION,MUIRS,0,0,,BD,0
10/27/2019,16:25,Sunday,EGLINTON WEST STATION,MUATC,0,0,N,YU,5866
10/27/2019,16:51,Sunday,SUMMERHILL STATION,MUNCA,0,0,,YU,0
10/27/2019,16:57,Sunday,ST GEORGE YUS STATION,PUMST,0,0,,YU,0
10/27/2019,18:46,Sunday,SHEPPARD-YONGE STATION,MUTO,0,0,E,SHP,6196
10/27/2019,18:50,Sunday,CHRISTIE STATION,MUDD,6,10,E,BD,5299
10/27/2019,19:20,Sunday,FINCH WEST STATION,PUMEL,0,0,,YU,0
10/27/2019,20:28,Sunday,DOWNSVIEW PARK STATION,MUATC,0,0,N,YU,5636
10/27/2019,20:36,Sunday,EGLINTON WEST STATION,SUAP,7,12,N,YU,5831
10/27/2019,20:43,Sunday,BLOOR STATION,MUDD,7,12,N,YU,5586
10/27/2019,21:09,Sunday,KENNEDY BD STATION,MUSC,0,0,W,BD,5296
10/27/2019,21:15,Sunday,KIPLING STATION,MUSC,0,0,E,BD,5098
10/27/2019,21:17,Sunday,KENNEDY BD STATION,MUSC,0,0,W,BD,5284
10/27/2019,21:42,Sunday,KIPLING STATION,MUSC,0,0,E,BD,5276
10/27/2019,22:00,Sunday,YUS/BD/SHEPPARD SUBWAY,MUO,0,0,,YU/BD,0
10/27/2019,22:02,Sunday,KENNEDY BD STATION,MUSC,0,0,W,BD,5025
10/27/2019,22:33,Sunday,WOODBINE STATION,SUAP,0,0,,BD,0
10/27/2019,22:59,Sunday,LAWRENCE STATION,MUIS,0,0,,,0
10/27/2019,23:06,Sunday,LAWRENCE EAST STATION,MRPAA,0,0,N,SRT,3013
10/27/2019,23:16,Sunday,SCARBOROUGH CTR STATIO,SRDP,6,12,W,SRT,3022
10/27/2019,23:16,Sunday,YORK UNIVERSITY STATIO,MUPAA,0,0,S,YU,5576
10/28/2019,00:54,Monday,HIGH PARK STATION,MUIS,0,0,W,BD,0
10/28/2019,01:16,Monday,OSSINGTON STATION,TUSC,0,0,W,BD,5034
10/28/2019,01:24,Monday,CHRISTIE STATION,TUSC,0,0,E,BD,5262
10/28/2019,05:47,Monday,LAWRENCE STATION,MUSC,0,0,N,YU,5811
10/28/2019,05:50,Monday,SHEPPARD WEST STATION,MUATC,23,0,N,YU,6111
10/28/2019,05:51,Monday,WARDEN STATION,EUSC,0,0,E,BD,5366
10/28/2019,06:01,Monday,KENNEDY BD STATION,TUSC,0,0,W,BD,5287
10/28/2019,06:22,Monday,FINCH STATION,MUTO,3,7,S,YU,6031
10/28/2019,06:33,Monday,KENNEDY BD STATION,EUSC,0,0,W,BD,5322
10/28/2019,06:45,Monday,FINCH STATION,TUSC,0,0,S,YU,5681
10/28/2019,07:08,Monday,KIPLING STATION,MUSC,0,0,W,BD,5134
10/28/2019,07:31,Monday,FINCH STATION,MUATC,3,5,S,YU,6111
10/28/2019,07:34,Monday,VICTORIA PARK STATION,TUMVS,0,0,W,BD,5007
10/28/2019,07:54,Monday,WARDEN STATION,PUSTC,6,8,E,BD,5351
10/28/2019,08:15,Monday,UNION STATION,MUIRS,0,0,,YU,0
10/28/2019,08:44,Monday,BLOOR STATION,PUMEL,0,0,,BD,0
10/28/2019,09:01,Monday,FINCH STATION,MUTO,3,5,S,YU,5816
10/28/2019,09:14,Monday,COLLEGE STATION,MUIR,0,0,S,YU,6076
10/28/2019,10:21,Monday,KEELE STATION,MUSC,0,0,W,BD,5083
10/28/2019,10:29,Monday,SHEPPARD STATION,TUCC,0,0,S,YU,6021
10/28/2019,11:14,Monday,VICTORIA PARK STATION,MUPAA,0,0,E,BD,5371
10/28/2019,11:52,Monday,SPADINA BD STATION,SUDP,4,7,E,BD,5201
10/28/2019,11:59,Monday,CHRISTIE STATION,PUMEL,0,0,,BD,0
10/28/2019,12:28,Monday,JANE STATION,TUSC,0,0,W,BD,5122
10/28/2019,12:52,Monday,FINCH STATION,MUIS,0,0,,YU,0
10/28/2019,12:52,Monday,LAWRENCE STATION,PUMEL,0,0,,YU,0
10/28/2019,13:55,Monday,BATHURST STATION,MUNCA,0,0,,BD,0
10/28/2019,14:04,Monday,RUNNYMEDE STATION,MUNCA,0,0,,BD,0
10/28/2019,14:12,Monday,SCARBOROUGH CTR STATIO,SRO,18,24,N,SRT,3025
10/28/2019,15:17,Monday,MUSEUM STATION,MUIS,0,0,,YU,0
10/28/2019,15:33,Monday,YONGE BD STATION,MUPAA,0,0,W,BD,5115
10/28/2019,16:09,Monday,SHEPPARD STATION,TUOS,3,6,S,YU,5831
10/28/2019,16:24,Monday,VAUGHAN MC STATION,TUNIP,3,6,S,YU,6036
10/28/2019,16:34,Monday,FINCH WEST STATION,PUMEL,0,0,,YU,0
10/28/2019,16:35,Monday,FINCH STATION,MUSC,0,0,S,YU,5556
10/28/2019,16:52,Monday,KENNEDY BD STATION,EUVA,3,5,W,BD,5181
10/28/2019,17:04,Monday,OSSINGTON STATION,TUSC,0,0,W,BD,5311
10/28/2019,17:36,Monday,SHEPPARD STATION,MUIRS,0,0,S,YU,0
10/28/2019,17:39,Monday,BLOOR STATION,MUPAA,0,0,N,YU,5511
10/28/2019,17:41,Monday,UNION STATION,PUMST,0,0,,YU,0
10/28/2019,18:31,Monday,SPADINA YUS STATION,MUIR,4,6,N,YU,5546
10/28/2019,19:26,Monday,FINCH STATION,MUSC,0,0,S,YU,5556
10/28/2019,19:48,Monday,VAUGHAN MC STATION,MUTO,3,6,S,YU,6001
10/28/2019,22:00,Monday,YUS/BD/SHEPPARD SUBWAY,MUO,0,0,,YU/BD,0
10/28/2019,22:09,Monday,ST ANDREW STATION,MUPAA,0,0,N,YU,6021
10/28/2019,22:24,Monday,BROADVIEW STATION,MUIRS,0,0,,BD,0
10/28/2019,23:18,Monday,KEELE STATION,MUIS,0,0,,BD,0
10/28/2019,23:21,Monday,NORTH YORK CTR STATION,TUSC,0,0,S,YU,5916
10/28/2019,23:22,Monday,ISLINGTON STATION,SUO,0,0,,BD,0
10/29/2019,01:14,Tuesday,FINCH STATION,MUIRS,0,0,,YU,0
10/29/2019,02:38,Tuesday,VAUGHAN MC STATION,SUAE,0,0,,YU,0
10/29/2019,05:38,Tuesday,WILSON YARD,MUATC,0,0,S,YU,5526
10/29/2019,06:00,Tuesday,TORONTO TRANSIT COMMIS,MUO,0,0,,YU,0
10/29/2019,06:00,Tuesday,TORONTO TRANSIT COMMIS,MUO,0,0,,YU,0
10/29/2019,06:00,Tuesday,TORONTO TRANSIT COMMIS,MUO,0,0,,SHP,0
10/29/2019,06:00,Tuesday,TORONTO TRANSIT COMMIS,MUO,0,0,,SHP,0
10/29/2019,06:00,Tuesday,TORONTO TRANSIT COMMIS,MRO,0,0,,SRT,0
10/29/2019,06:00,Tuesday,TORONTO TRANSIT COMMIS,MRO,0,0,,SRT,0
10/29/2019,06:01,Tuesday,DUPONT STATION,MUATC,4,6,S,YU,5736
10/29/2019,06:08,Tuesday,QUEEN STATION,PUSNT,0,0,S,YU,5916
10/29/2019,06:09,Tuesday,WARDEN STATION,PUTR,0,0,E,BD,5042
10/29/2019,06:25,Tuesday,KENNEDY BD STATION,MUTO,4,8,W,BD,5344
10/29/2019,07:06,Tuesday,BLOOR STATION,MUI,3,5,S,YU,5646
10/29/2019,07:16,Tuesday,FINCH STATION,TUSC,0,0,S,YU,5681
10/29/2019,07:18,Tuesday,WILSON STATION,MUATC,4,6,S,YU,5636
10/29/2019,07:34,Tuesday,CASTLE FRANK STATION,MUIR,3,5,W,BD,5164
10/29/2019,07:54,Tuesday,KENNEDY BD STATION,MUSC,0,0,W,BD,5279
10/29/2019,08:20,Tuesday,OSGOODE STATION,MUI,7,9,S,YU,5121
10/29/2019,08:25,Tuesday,EGLINTON STATION,PUSO,0,0,S,YU,5431
10/29/2019,09:02,Tuesday,PAPE STATION,MUPAA,0,0,E,BD,5368
10/29/2019,09:48,Tuesday,MUSEUM STATION,MUPAA,0,0,S,YU,5976
10/29/2019,10:25,Tuesday,ROYAL YORK STATION,PUSTC,5,8,W,BD,5222
10/29/2019,10:36,Tuesday,ST GEORGE YUS STATION,PUSAC,19,22,S,YU,6086
10/29/2019,11:02,Tuesday,KIPLING STATION,MUIE,0,0,,BD,0
10/29/2019,11:44,Tuesday,MUSEUM STATION,MUATC,5,8,S,YU,6006
10/29/2019,11:45,Tuesday,BLOOR DANFORTH SUBWAY,MUGD,0,0,,BD,0
10/29/2019,11:47,Tuesday,KENNEDY BD STATION,PUSWZ,0,0,E,BD,5026
10/29/2019,12:30,Tuesday,LANSDOWNE STATION,PUMEL,0,0,,BD,0
10/29/2019,12:35,Tuesday,KENNEDY SRT STATION,SRDP,20,25,N,SRT,3025
10/29/2019,12:45,Tuesday,BAY STATION,MUIE,0,0,,YU,0
10/29/2019,12:48,Tuesday,KIPLING STATION,EUSC,0,0,E,BD,5026
10/29/2019,12:56,Tuesday,KEELE STATION,PUMEL,0,0,,BD,0
10/29/2019,13:05,Tuesday,VAUGHAN MC STATION,MUIR,0,0,S,YU,6016
10/29/2019,13:45,Tuesday,FINCH STATION,MUTO,5,8,S,YU,5781
10/29/2019,14:18,Tuesday,LAWRENCE STATION,SUAE,3,6,N,YU,5836
10/29/2019,14:28,Tuesday,VAUGHAN MC STATION,TUSUP,8,11,S,YU,5571
10/29/2019,14:56,Tuesday,ST GEORGE YUS STATION,MUPAA,0,0,N,YU,5821
10/29/2019,15:15,Tuesday,DAVISVILLE STATION,SUAE,0,0,,YU,0
10/29/2019,15:38,Tuesday,GREENWOOD STATION,MUIS,0,0,,BD,0
10/29/2019,16:20,Tuesday,YORKDALE STATION,SUO,0,0,N,YU,6061
10/29/2019,16:44,Tuesday,EGLINTON STATION,MUIS,0,0,,YU,0
10/29/2019,16:49,Tuesday,OSSINGTON STATION,MUIS,0,0,W,BD,0
10/29/2019,17:34,Tuesday,ST GEORGE YUS STATION,MUIR,3,5,N,YU,5786
10/29/2019,18:12,Tuesday,BAYVIEW STATION,MUPAA,0,0,E,SHP,6151
10/29/2019,18:19,Tuesday,FINCH STATION,TUSC,5,7,S,YU,5386
10/29/2019,19:07,Tuesday,OSGOODE STATION,TUOS,0,0,S,YU,6086
10/29/2019,19:19,Tuesday,SHEPPARD WEST STATION,MUPAA,0,0,S,YU,5426
10/29/2019,19:36,Tuesday,WILSON STATION,EUOE,3,6,S,YU,5586
10/29/2019,19:56,Tuesday,KENNEDY BD STATION,MUIS,0,0,,BD,0
10/29/2019,20:03,Tuesday,FINCH STATION,EUSC,3,6,N,YU,5936
10/29/2019,20:08,Tuesday,WILSON STATION,MUIS,0,0,S,YU,0
10/29/2019,20:21,Tuesday,LAWRENCE STATION,EUSC,0,0,N,YU,6041
10/29/2019,20:32,Tuesday,ST CLAIR STATION,EUSC,0,0,S,YU,5566
10/29/2019,20:40,Tuesday,KIPLING STATION,SUO,3,6,E,BD,5238
10/29/2019,20:57,Tuesday,CASTLE FRANK STATION,TUSC,0,0,W,BD,5333
10/29/2019,22:00,Tuesday,DAVISVILLE STATION,PUMEL,0,0,,YU,0
10/29/2019,22:00,Tuesday,YUS/BD/SHEPPARD SUBWAY,MUO,0,0,,YU/BD,0
10/29/2019,22:13,Tuesday,ST PATRICK STATION,EUSC,0,0,S,YU,5936
10/29/2019,22:52,Tuesday,DON MILLS STATION,PUMEL,0,0,,SHP,0
10/29/2019,22:57,Tuesday,LAWRENCE WEST STATION,MUATC,3,8,N,YU,6101
10/29/2019,23:47,Tuesday,LESLIE STATION,TUSC,0,0,W,SHP,6191
10/30/2019,00:01,Wednesday,WOODBINE STATION,MUIS,0,0,E,BD,0
10/30/2019,00:04,Wednesday,WILSON STATION,SUO,0,0,S,YU,5911
10/30/2019,01:12,Wednesday,OLD MILL STATION,TUOS,5,10,E,BD,5137
10/30/2019,01:46,Wednesday,SHEPPARD STATION,TUSC,0,0,S,YU,5881
10/30/2019,05:49,Wednesday,KENNEDY BD STATION,EUDO,4,8,W,BD,5141
10/30/2019,05:50,Wednesday,VAUGHAN MC STATION,MUATC,3,0,S,YU,5686
10/30/2019,06:48,Wednesday,KIPLING STATION,EUDO,3,5,W,BD,5151
10/30/2019,06:51,Wednesday,VAUGHAN MC STATION,TUNIP,0,0,S,YU,5676
10/30/2019,07:13,Wednesday,FINCH STATION,MUSC,0,0,S,YU,5386
10/30/2019,07:28,Wednesday,KENNEDY BD STATION,MUSC,0,0,W,BD,5115
10/30/2019,07:35,Wednesday,FINCH STATION,TUNIP,0,0,S,YU,5876
10/30/2019,07:48,Wednesday,MUSEUM STATION,MUNCA,0,0,,YU,0
10/30/2019,08:11,Wednesday,GLENCAIRN STATION,EUDO,9,11,N,YU,5431
10/30/2019,08:26,Wednesday,MCCOWAN STATION,MRPAA,0,0,S,SRT,3000
10/30/2019,09:15,Wednesday,DUNDAS WEST STATION,MUSC,0,0,E,BD,5017
10/30/2019,09:53,Wednesday,SHEPPARD WEST STATION,TUO,3,6,S,YU,6116
10/30/2019,09:57,Wednesday,ST GEORGE BD STATION,SUDP,4,6,E,BD,5238
10/30/2019,10:07,Wednesday,FINCH STATION,MUSC,0,0,S,YU,5386
10/30/2019,10:10,Wednesday,BLOOR STATION,MUIS,0,0,N,YU,0
10/30/2019,10:30,Wednesday,FINCH STATION,MUSC,0,0,N,YU,6066
10/30/2019,11:06,Wednesday,BLOOR DANFORTH SUBWAY,MUO,0,0,,BD,0
10/30/2019,12:04,Wednesday,SPADINA BD STATION,MUDD,5,8,E,BD,5222
10/30/2019,13:51,Wednesday,WARDEN STATION,MUNCA,0,0,,BD,0
10/30/2019,14:29,Wednesday,COXWELL STATION,SUPOL,11,13,W,BD,5156
10/30/2019,14:53,Wednesday,SHEPPARD WEST STATION,MUTO,3,5,S,YU,5476
10/30/2019,15:31,Wednesday,FINCH STATION,MUTO,3,6,S,YU,6096
10/30/2019,15:57,Wednesday,ISLINGTON STATION,EUBO,3,5,E,BD,5187
10/30/2019,16:04,Wednesday,JANE STATION,EUBO,3,5,E,BD,5187
10/30/2019,16:20,Wednesday,BLOOR STATION,MUPAA,0,0,N,YU,5676
10/30/2019,16:26,Wednesday,ST GEORGE BD STATION,EUDO,13,15,W,BD,5305
10/30/2019,17:11,Wednesday,ST CLAIR WEST STATION,MUDD,5,7,N,YU,6021
10/30/2019,17:41,Wednesday,DUNDAS WEST STATION,SUDP,0,0,E,,5344
10/30/2019,19:20,Wednesday,JANE STATION,SUAE,18,21,E,BD,5182
10/30/2019,19:52,Wednesday,VICTORIA PARK STATION,PUSTC,4,8,W,BD,5123
10/30/2019,20:01,Wednesday,KENNEDY BD STATION,MUIS,8,11,E,BD,5121
10/30/2019,20:54,Wednesday,ST GEORGE BD STATION,MUIS,0,0,W,BD,0
10/30/2019,21:01,Wednesday,ST ANDREW STATION,PUSI,0,0,S,YU,5476
10/30/2019,21:26,Wednesday,FINCH STATION,MUPAA,0,0,S,YU,6081
10/30/2019,21:31,Wednesday,KENNEDY BD STATION,PUMST,0,0,,BD,0
10/30/2019,21:39,Wednesday,WELLESLEY STATION,SUDP,0,0,,YU,0
10/30/2019,22:00,Wednesday,ST CLAIR STATION,MUSC,0,0,N,YU,5814
10/31/2019,00:36,Thursday,ROSEDALE STATION,TUOS,0,0,S,YU,5816
10/31/2019,00:47,Thursday,MAIN STREET STATION,MUIS,0,0,E,BD,0
10/31/2019,01:10,Thursday,DAVISVILLE STATION,TUOS,0,0,S,YU,6011
10/31/2019,01:46,Thursday,NORTH YORK CTR STATION,TUSC,0,0,S,YU,5976
10/31/2019,02:19,Thursday,YONGE BD STATION,MUIS,0,0,,YU,0
10/31/2019,02:20,Thursday,VAUGHAN MC STATION,MUIS,0,0,,YU,0
10/31/2019,02:21,Thursday,KENNEDY BD STATION,SUDP,0,0,,BD,0
10/31/2019,02:21,Thursday,VAUGHAN MC STATION,MUIS,0,0,,YU,0
10/31/2019,05:58,Thursday,DAVISVILLE STATION,MUIE,0,0,,YU,0
10/31/2019,06:20,Thursday,OLD MILL STATION,MUNCA,0,0,,BD,0
10/31/2019,07:33,Thursday,FINCH STATION,EUSC,0,0,S,YU,5386
10/31/2019,07:57,Thursday,ST PATRICK STATION,MUATC,8,10,N,YU,6111
10/31/2019,08:01,Thursday,CHESTER STATION,MUDD,6,8,W,BD,5188
10/31/2019,08:13,Thursday,ST GEORGE BD STATION,MUIS,0,0,E,BD,0
10/31/2019,08:42,Thursday,BLOOR STATION,MUIRS,0,0,S,YU,0
10/31/2019,09:14,Thursday,OSGOODE STATION,TUSC,0,0,N,YU,5881
10/31/2019,09:56,Thursday,UNION STATION,MUTD,3,5,N,YU,5976
10/31/2019,10:07,Thursday,VAUGHAN MC STATION,MUDD,3,5,S,YU,6131
10/31/2019,10:18,Thursday,LANSDOWNE STATION,MUTO,5,8,E,BD,5127
10/31/2019,10:49,Thursday,YORK MILLS STATION,TUMVS,8,11,N,YU,5911
10/31/2019,11:30,Thursday,YORK MILLS STATION,MUGD,0,0,B,YU,5001
10/31/2019,12:17,Thursday,LAWRENCE STATION,MUSC,0,0,S,YU,5586
10/31/2019,12:28,Thursday,FINCH STATION,PUMEL,0,0,,YU,0
10/31/2019,12:32,Thursday,ELLESMERE STATION,MRD,0,0,S,SRT,3002
10/31/2019,13:09,Thursday,SPADINA YUS STATION,MUPAA,0,0,N,YU,6081
10/31/2019,13:49,Thursday,WARDEN STATION,MUNCA,0,0,,BD,0
10/31/2019,14:24,Thursday,SPADINA YUS STATION,PUMST,0,0,N,YU,0
10/31/2019,14:39,Thursday,JANE STATION,SUDP,0,0,E,BD,5297
10/31/2019,14:44,Thursday,LAWRENCE EAST STATION,MRUIR,0,0,,SRT,0
10/31/2019,16:30,Thursday,ISLINGTON STATION,MUSC,0,0,W,BD,5356
10/31/2019,17:00,Thursday,WARDEN STATION,EUDO,7,9,E,BD,5107
10/31/2019,17:01,Thursday,OSSINGTON STATION,MUIS,0,0,E,BD,0
10/31/2019,17:06,Thursday,BLOOR STATION,PUTSC,5,7,S,YU,5821
10/31/2019,17:08,Thursday,KENNEDY BD STATION,MUIS,0,0,,BD,0
10/31/2019,17:25,Thursday,EGLINTON STATION,EUSC,0,0,S,YU,5791
10/31/2019,17:41,Thursday,BATHURST STATION,MUIS,0,0,,BD,0
10/31/2019,17:49,Thursday,ST GEORGE BD STATION,MUDD,7,9,W,BD,5031
10/31/2019,17:51,Thursday,ST GEORGE YUS STATION,MUIS,0,0,,YU,0
10/31/2019,18:10,Thursday,ST GEORGE BD STATION,MUIS,0,0,W,BD,0
10/31/2019,18:38,Thursday,GREENWOOD STATION,PUMEL,0,0,,BD,0
10/31/2019,18:43,Thursday,COLLEGE STATION,MUIS,0,0,S,YU,0
10/31/2019,18:58,Thursday,FINCH STATION,MUIS,3,5,S,YU,5646
10/31/2019,19:26,Thursday,DUNDAS WEST STATION,MUIS,0,0,,BD,0
10/31/2019,19:42,Thursday,WOODBINE STATION,SUDP,0,0,,BD,0
10/31/2019,19:46,Thursday,JANE STATION,PUMST,0,0,,BD,0
10/31/2019,19:55,Thursday,KIPLING STATION,SUDP,0,0,W,BD,5187
10/31/2019,19:58,Thursday,KENNEDY BD STATION,TUMVS,0,0,W,BD,5051
10/31/2019,20:04,Thursday,SCARBOROUGH CTR STATIO,SRDP,0,0,,SRT,0
10/31/2019,20:26,Thursday,BAY STATION,MUIS,0,0,,BD,0
10/31/2019,20:27,Thursday,FINCH STATION,MUIS,0,0,,YU,0
10/31/2019,21:16,Thursday,MAIN STREET STATION,MUIRS,0,0,,BD,0
10/31/2019,21:16,Thursday,ROYAL YORK STATION,TUKEY,6,11,W,BD,5142
10/31/2019,21:42,Thursday,FINCH WEST STATION,SUDP,0,0,,YU,0
10/31/2019,22:00,Thursday,YUS/BD/SHEPPARD SUBWAY,MUO,0,0,,YU/BD,0
10/31/2019,22:27,Thursday,FINCH STATION,SUCOL,0,0,S,YU,5986
10/31/2019,22:39,Thursday,QUEEN'S PARK STATION,SUDP,3,8,N,YU,5816
10/31/2019,23:15,Thursday,ST GEORGE YUS STATION,MUPAA,0,0,S,YU,5526
