Date,Time,Day,Station,Code,Min Delay,Min Gap,Bound,Line,Vehicle
10/1/2021,02:02,Friday,DUNDAS WEST STATION,MUIS,0,0,,BD,0
10/1/2021,12:12,Friday,MCCOWAN STATION,TRNOA,6,12,S,SRT,0
10/1/2021,05:38,Friday,EGLINTON STATION,SUUT,8,0,N,YU,6026
10/1/2021,12:49,Friday,KENNEDY SRT STATION,PRSA,45,53,S,SRT,3006
10/1/2021,05:38,Friday,YORK MILLS STATION,SUUT,7,0,N,YU,5871
10/1/2021,06:26,Friday,DOWNSVIEW PARK STATION,MUSC,0,0,N,YU,5976
10/1/2021,06:38,Friday,FINCH STATION,MUSC,0,0,S,YU,5816
10/1/2021,06:54,Friday,KIPLING STATION,TUO,3,6,E,BD,5015
10/1/2021,07:14,Friday,DUNDAS WEST STATION,SUAE,0,0,,BD,0
10/1/2021,09:26,Friday,ROSEDALE STATION,MUSC,0,0,S,YU,5466
10/1/2021,10:30,Friday,YORK MILLS STATION,TUSC,3,6,S,YU,6006
10/1/2021,11:19,Friday,CHESTER STATION,SUDP,0,0,W,BD,5345
10/1/2021,11:55,Friday,ST ANDREW STATION,MUPAA,0,0,N,YU,5886
10/1/2021,12:08,Friday,NORTH YORK CTR STATION,TUMVS,0,0,N,YU,5611
10/1/2021,13:57,Friday,VAUGHAN MC STATION,TUNOA,3,6,S,YU,0
10/1/2021,14:48,Friday,FINCH STATION,MUIE,0,0,N,YU,5861
10/1/2021,14:53,Friday,FINCH STATION,TUSC,0,0,N,YU,5526
10/1/2021,15:16,Friday,BROADVIEW STATION,EUME,7,10,W,BD,5259
10/1/2021,15:24,Friday,BATHURST STATION,MUIRS,0,0,,BD,0
10/1/2021,15:25,Friday,QUEEN STATION,MUIRS,0,0,N,YU,0
10/1/2021,15:34,Friday,YONGE BD STATION,SUAE,5,8,E,BD,5307
10/1/2021,15:35,Friday,VAUGHAN MC STATION,MUIS,0,0,,YU,0
10/1/2021,15:58,Friday,GREENWOOD STATION,PUMEL,0,0,,BD,0
10/1/2021,16:28,Friday,VAUGHAN MC STATION,TUNOA,3,6,S,YU,0
10/1/2021,16:37,Friday,VAUGHAN MC STATION,MUTO,3,6,S,YU,5466
10/1/2021,16:58,Friday,UNION STATION,MUIRS,0,0,,YU,0
10/1/2021,17:16,Friday,SPADINA BD STATION,MUIRS,0,0,W,BD,5022
10/1/2021,17:56,Friday,VAUGHAN MC STATION,TUNOA,3,6,S,YU,0
10/1/2021,18:13,Friday,LAWRENCE STATION,SUAP,0,0,N,YU,0
10/1/2021,19:32,Friday,VAUGHAN MC STATION,TUNOA,3,6,S,YU,0
10/1/2021,19:56,Friday,OSSINGTON STATION,SUDP,3,8,W,BD,5233
10/1/2021,20:04,Friday,CASTLE FRANK STATION,MUIRS,0,0,E,BD,0
10/1/2021,20:14,Friday,ST GEORGE YUS STATION,MUI,13,16,N,YU,5731
10/1/2021,20:56,Friday,DONLANDS STATION,PUSTC,6,12,E,BD,5156
10/1/2021,20:59,Friday,DUNDAS WEST STATION,TUMVS,0,0,W,BD,5072
10/1/2021,21:25,Friday,WOODBINE STATION,MUIS,0,0,,BD,0
10/1/2021,21:36,Friday,ST ANDREW STATION,SUO,0,0,S,YU,6021
10/1/2021,21:45,Friday,BAY STATION,MUPAA,0,0,E,BD,5278
10/1/2021,22:00,Friday,YONGE-UNIVERSITY AND B,MUO,0,0,,YU/BD,0
10/1/2021,23:15,Friday,KING STATION TO EGLINT,MUO,0,0,,YU,0
10/1/2021,23:18,Friday,JANE STATION,TUOS,0,0,E,BD,5119
10/1/2021,00:02,Friday,EGLINTON STATION,MUPAA,4,11,S,YU,6071
10/1/2021,00:33,Friday,WELLESLEY STATION,SUDP,0,0,,,0
10/1/2021,00:59,Friday,LESLIE STATION,MUSC,0,0,W,SHP,6171
10/2/2021,16:08,Saturday,SCARBOROUGH CTR STATIO,SRAP,0,0,,SRT,0
10/2/2021,02:30,Saturday,WILSON GARAGE,SUO,0,0,,YU,0
10/2/2021,19:11,Saturday,LAWRENCE EAST STATION,ERTC,5,10,N,SRT,3013
10/2/2021,05:49,Saturday,QUEEN'S PARK STATION,MUIRS,0,0,,YU,0
10/2/2021,19:14,Saturday,LAWRENCE EAST STATION,MRPAA,0,0,N,SRT,3003
10/2/2021,05:50,Saturday,VAUGHAN MC STATION,MUATC,15,0,S,YU,5856
10/2/2021,05:56,Saturday,KENNEDY BD STATION,TUKEY,4,10,W,BD,5233
10/2/2021,22:38,Saturday,LAWRENCE EAST STATION,SREAS,13,18,N,SRT,3023
10/2/2021,06:01,Saturday,BLOOR STATION,MUATC,54,0,S,YU,5546
10/2/2021,06:15,Saturday,MAIN STREET STATION,EUPI,5,10,W,BD,5155
10/2/2021,06:48,Saturday,FINCH STATION,PUTD,0,0,N,YU,5521
10/2/2021,06:52,Saturday,WILSON STATION,MUATC,0,0,S,YU,5631
10/2/2021,07:09,Saturday,JANE STATION,EUCD,5,10,E,BD,5204
10/2/2021,09:43,Saturday,WELLESLEY STATION,SUDP,4,10,N,YU,6011
10/2/2021,09:51,Saturday,ROYAL YORK STATION,SUAP,0,0,,BD,0
10/2/2021,10:02,Saturday,GREENWOOD STATION,MUCL,4,8,E,BD,0
10/2/2021,10:42,Saturday,SHEPPARD WEST STATION,MUSAN,6,12,N,YU,5791
10/2/2021,12:04,Saturday,VAUGHAN MC STATION,TUNIP,7,13,S,YU,6126
10/2/2021,12:13,Saturday,CASTLE FRANK STATION,MUIRS,0,0,,BD,0
10/2/2021,13:10,Saturday,KIPLING STATION,SUDP,4,8,E,BD,5128
10/2/2021,13:42,Saturday,YONGE BD STATION,SUAE,3,7,E,BD,5128
10/2/2021,13:54,Saturday,WARDEN STATION,MUO,0,0,,BD,0
10/2/2021,13:56,Saturday,PAPE STATION,MUDD,3,7,W,BD,5306
10/2/2021,14:20,Saturday,ST GEORGE TO SHEPPARD,MUATC,0,0,,YU,0
10/2/2021,15:04,Saturday,PAPE STATION,TUNOA,3,7,E,BD,0
10/2/2021,16:22,Saturday,LANSDOWNE STATION,MUIR,0,0,E,BD,5033
10/2/2021,17:25,Saturday,SHEPPARD TO BLOOR,MUATC,0,0,,YU,0
10/2/2021,18:08,Saturday,WELLESLEY STATION,MUPAA,0,0,N,YU,5981
10/2/2021,19:36,Saturday,ST CLAIR WEST STATION,PUMEL,0,0,N,YU,0
10/2/2021,19:46,Saturday,DUPONT STATION,MUIS,0,0,N,YU,5551
10/2/2021,20:47,Saturday,ISLINGTON STATION,PUMEL,0,0,W,BD,0
10/2/2021,21:35,Saturday,COXWELL STATION,MUI,0,0,W,BD,5340
10/2/2021,21:51,Saturday,EGLINTON STATION (APPR,TUATC,4,9,S,YU,5686
10/2/2021,22:00,Saturday,YONGE-UNIVERSITY AND B,MUO,0,0,,YU/BD,0
10/2/2021,22:19,Saturday,BATHURST STATION,SUO,7,14,W,BD,5036
10/2/2021,22:55,Saturday,LAWRENCE STATION,TUATC,3,8,N,YU,5541
10/2/2021,22:55,Saturday,KIPLING STATION,MUSAN,4,11,E,BD,5001
10/2/2021,23:00,Saturday,ROYAL YORK STATION,SUDP,0,0,W,BD,5135
10/2/2021,23:19,Saturday,ROYAL YORK STATION,SUEAS,16,23,W,BD,5098
10/2/2021,00:10,Saturday,SHEPPARD WEST STATION,MUTO,0,0,N,YU,5851
10/3/2021,08:05,Sunday,EGLINTON STATION,TUATC,4,0,N,YU,5471
10/3/2021,13:46,Sunday,SCARBOROUGH CTR STATIO,MRPAA,0,0,N,SRT,3018
10/3/2021,08:14,Sunday,EGLINTON STATION,TUATC,3,9,N,YU,6121
10/3/2021,08:16,Sunday,WARDEN STATION,MUPAA,0,0,W,BD,5101
10/3/2021,08:17,Sunday,EGLINTON STATION,TUATC,3,9,S,YU,5761
10/3/2021,09:17,Sunday,ST GEORGE YUS STATION,PUOPO,0,0,N,YU,5641
10/3/2021,09:33,Sunday,SPADINA YUS STATION,PUOPO,7,12,N,YU,5641
10/3/2021,09:42,Sunday,DUPONT STATION,PUOPO,6,11,N,YU,5641
10/3/2021,10:09,Sunday,EGLINTON STATION,TUATC,3,8,S,YU,5926
10/3/2021,10:18,Sunday,OSSINGTON STATION,MUSC,0,0,E,BD,5001
10/3/2021,10:52,Sunday,EGLINTON WEST STATION,PUOPO,0,0,N,YU,5926
10/3/2021,11:15,Sunday,PIONEER VILLAGE STATIO,PUOPO,3,8,N,YU,5926
10/3/2021,11:50,Sunday,LANSDOWNE STATION,SUDP,6,11,W,BD,5226
10/3/2021,12:01,Sunday,EGLINTON STATION,TUATC,3,8,S,YU,5906
10/3/2021,12:18,Sunday,LAWRENCE STATION,MUSC,0,0,S,YU,5851
10/3/2021,12:38,Sunday,BLOOR STATION,SUDP,0,0,S,YU,5956
10/3/2021,13:00,Sunday,UNION STATION,MUIS,0,0,,YU,0
10/3/2021,13:27,Sunday,SHERBOURNE STATION,MUPAA,3,8,E,BD,5056
10/3/2021,13:28,Sunday,ST GEORGE YUS STATION,PUOPO,3,8,N,YU,5926
10/3/2021,14:14,Sunday,ST CLAIR WEST STATION,MUPAA,7,12,N,YU,5761
10/3/2021,14:21,Sunday,KIPLING STATION,MUIS,0,0,,BD,0
10/3/2021,15:09,Sunday,FINCH WEST STATION,PUOPO,8,13,S,YU,6011
10/3/2021,15:23,Sunday,SHEPPARD WEST STATION,PUOPO,5,10,S,YU,6011
10/3/2021,15:24,Sunday,FINCH STATION,TUNOA,5,10,S,YU,0
10/3/2021,15:57,Sunday,WARDEN STATION,MUIRS,0,0,,BD,0
10/3/2021,16:43,Sunday,YORK UNIVERSITY STATIO,PUOPO,0,0,N,YU,5611
10/3/2021,17:00,Sunday,OSGOODE STATION,MUPAA,0,0,N,YU,6096
10/3/2021,17:12,Sunday,QUEEN STATION,MUNCA,0,0,,YU,0
10/3/2021,18:19,Sunday,OSSINGTON STATION,SUUT,18,23,E,BD,5122
10/3/2021,18:39,Sunday,ST GEORGE BD STATION,PUMST,0,0,E,BD,0
10/3/2021,19:37,Sunday,MAIN STREET STATION,PUMEL,0,0,,BD,0
10/3/2021,19:53,Sunday,UNION STATION,MUPAA,0,0,N,YU,5471
10/3/2021,20:04,Sunday,FINCH STATION,TUNOA,7,14,S,YU,0
10/3/2021,20:47,Sunday,YORKDALE STATION,MUIS,0,0,,YU,0
10/3/2021,22:00,Sunday,YONGE-UNIVERSITY AND B,MUO,0,0,,YU / BD,0
10/3/2021,22:21,Sunday,FINCH STATION,PUTD,0,0,N,YU,6076
10/3/2021,22:47,Sunday,EGLINTON STATION,TUATC,5,12,S,YU,5636
10/3/2021,23:31,Sunday,ISLINGTON STATION,SUAP,0,0,,BD,0
10/3/2021,23:35,Sunday,BROADVIEW STATION,MUIS,0,0,E,BD,0
10/3/2021,01:30,Sunday,DAVISVILLE STATION,SUDP,3,10,N,YU,6071
10/3/2021,01:44,Sunday,WELLESLEY STATION,MUIS,0,0,,YU,0
10/3/2021,01:54,Sunday,BLOOR STATION,SUUT,11,18,S,YU,0
10/3/2021,12:19,Sunday,BAYVIEW STATION,EUSC,0,0,E,SHP,6176
10/3/2021,00:21,Sunday,LESLIE STATION,TUSC,0,0,W,SHP,6141
10/4/2021,02:11,Monday,KENNEDY BD STATION,MUIS,0,0,,BD,0
10/4/2021,18:52,Monday,KENNEDY SRT STATION,SRO,16,21,S,SRT,3026
10/4/2021,19:54,Monday,MCCOWAN STATION,TRO,4,9,S,SRT,3016
10/4/2021,05:35,Monday,ST PATRICK STATION,MUNCA,0,0,,YU,0
10/4/2021,06:03,Monday,NORTH YORK CTR STATION,MUDD,12,15,N,YU,6031
10/4/2021,06:07,Monday,DAVISVILLE STATION,SUDP,0,0,S,YU,5461
10/4/2021,06:20,Monday,UNION STATION,MUPLB,170,173,N,YU,5681
10/4/2021,06:31,Monday,PIONEER VILLAGE STATIO,PUMEL,0,0,S,35 JANE,1054
10/4/2021,06:48,Monday,COXWELL STATION,EUBO,3,6,E,BD,5231
10/4/2021,06:53,Monday,KIPLING STATION,EUDO,4,7,E,BD,5044
10/4/2021,07:01,Monday,EGLINTON STATION,TUATC,3,6,S,YU,5886
10/4/2021,07:33,Monday,DONLANDS STATION,EUDO,3,6,E,BD,5044
10/4/2021,07:54,Monday,VICTORIA PARK STATION,PUSO,5,8,W,BD,5304
10/4/2021,08:00,Monday,QUEEN'S PARK STATION,MUI,7,10,S,YU,5521
10/4/2021,08:22,Monday,BATHURST STATION,MUPAA,0,0,W,BD,5001
10/4/2021,08:27,Monday,YONGE BD STATION,MUIRS,0,0,,BD,0
10/4/2021,08:36,Monday,OSSINGTON STATION,SUDP,0,0,W,BD,5262
10/4/2021,09:03,Monday,KIPLING STATION,TUMVS,4,7,W,BD,5119
10/4/2021,09:26,Monday,VAUGHAN MC STATION,MUATC,3,6,S,YU,5401
10/4/2021,09:38,Monday,UNION STATION,MUIS,0,0,,YU,0
10/4/2021,09:54,Monday,ROYAL YORK STATION,MUNCA,0,0,,BD,0
10/4/2021,10:05,Monday,KENNEDY BD STATION,MUIS,0,0,,BD,0
10/4/2021,11:25,Monday,YORK MILLS STATION,TUSC,0,0,N,YU,5781
10/4/2021,11:31,Monday,EGLINTON STATION,MUATC,11,14,S,YU,6086
10/4/2021,12:27,Monday,BAY STATION,SUAP,10,13,W,BD,5221
10/4/2021,13:06,Monday,VAUGHAN MC STATION,TUNOA,3,6,S,YU,0
10/4/2021,13:23,Monday,VAUGHAN MC STATION,TUNOA,3,6,S,YU,5000
10/4/2021,13:38,Monday,BLOOR STATION,SUEAS,10,13,S,YU,5936
10/4/2021,13:39,Monday,VAUGHAN MC STATION,TUNOA,3,6,S,YU,5000
10/4/2021,13:48,Monday,KEELE STATION,MUI,6,9,W,BD,5161
10/4/2021,14:12,Monday,VAUGHAN MC STATION,TUNOA,3,3,S,YU,5916
10/4/2021,14:30,Monday,UNION STATION,SUAP,0,0,,YU,0
10/4/2021,14:52,Monday,EGLINTON STATION,MUO,3,6,N,YU,5466
10/4/2021,15:11,Monday,VAUGHAN MC STATION,MUSAN,3,6,S,YU,5636
10/4/2021,15:16,Monday,SPADINA BD STATION,SUAE,0,0,W,BD,5013
10/4/2021,15:54,Monday,PAPE STATION,SUDP,0,0,W,BD,5247
10/4/2021,16:15,Monday,LANSDOWNE STATION,MUPLB,27,30,W,BD,5056
10/4/2021,16:32,Monday,DAVISVILLE STATION,MUPAA,0,0,N,YU,5521
10/4/2021,16:35,Monday,SPADINA BD STATION,PUMEL,0,0,,BD,0
10/4/2021,16:55,Monday,ISLINGTON STATION,MUPAA,0,0,W,BD,5030
10/4/2021,17:06,Monday,NORTH YORK CTR STATION,SUDP,4,7,S,YU,5521
10/4/2021,17:09,Monday,DAVISVILLE STATION,SUDP,5,8,N,YU,6131
10/4/2021,17:15,Monday,QUEEN STATION,MUPAA,0,0,S,YU,5636
10/4/2021,17:17,Monday,VAUGHAN MC STATION,TUNOA,3,6,S,YU,5000
10/4/2021,18:17,Monday,VAUGHAN MC STATION,TUNOA,3,6,S,YU,5000
10/4/2021,18:50,Monday,KENNEDY BD STATION,SUO,15,21,E,BD,5018
10/4/2021,18:52,Monday,VAUGHAN MC STATION,TUNOA,3,6,S,YU,5000
10/4/2021,19:34,Monday,VAUGHAN MC STATION,TUNIP,6,9,S,YU,6126
10/4/2021,21:19,Monday,VAUGHAN MC STATION,TUNOA,5,10,S,YU,5000
10/4/2021,21:32,Monday,YORKDALE STATION,MUATC,4,9,S,YU,6131
10/4/2021,22:00,Monday,ST GEORGE YUS STATION,SUDP,4,9,S,YU,5826
10/4/2021,22:00,Monday,YONGE-UNIVERSITY AND B,MUO,0,0,,YU/BD,0
10/4/2021,23:06,Monday,VAUGHAN MC STATION,TUNOA,3,6,S,YU,5000
10/4/2021,00:36,Monday,QUEEN STATION,MUIS,0,0,S,YU,0
10/4/2021,00:55,Monday,ST CLAIR WEST STATION,MUIRS,0,0,,YU,0
10/4/2021,01:34,Monday,DUNDAS STATION,SUDP,0,0,,YU,0
10/4/2021,17:59,Monday,LESLIE STATION,EUDO,5,10,E,SHP,6166
10/5/2021,05:16,Tuesday,DUNDAS WEST STATION,MUIS,0,0,,BD,0
10/5/2021,07:08,Tuesday,KENNEDY SRT STATION,MRUI,19,24,N,SRT,3007
10/5/2021,05:42,Tuesday,CASTLE FRANK STATION,PUTSC,0,0,W,BD,5349
10/5/2021,23:15,Tuesday,MCCOWAN STATION,TRNOA,6,12,N,SRT,3009
10/5/2021,05:55,Tuesday,CHRISTIE STATION,PUTWZ,3,0,E,BD,5351
10/5/2021,06:00,Tuesday,FINCH STATION,MUATC,3,6,N,YU,5831
10/5/2021,06:14,Tuesday,EGLINTON STATION,MUATC,5,8,S,YU,5666
10/5/2021,08:07,Tuesday,QUEEN'S PARK STATION,MUNCA,0,0,,YU,0
10/5/2021,08:22,Tuesday,FINCH STATION,MUSC,0,0,S,YU,6466
10/5/2021,08:27,Tuesday,DUNDAS STATION,MUIS,0,0,S,YU,0
10/5/2021,08:28,Tuesday,KENNEDY BD STATION,MUTO,3,6,W,BD,5007
10/5/2021,08:31,Tuesday,GREENWOOD STATION,EUNT,3,6,W,BD,5066
10/5/2021,09:46,Tuesday,FINCH STATION,MUIRS,0,0,,YU,0
10/5/2021,10:00,Tuesday,PIONEER VILLAGE STATIO,MUIS,0,0,,YU,0
10/5/2021,10:11,Tuesday,KENNEDY BD STATION,EUNT,3,6,E,BD,5300
10/5/2021,11:14,Tuesday,CHESTER STATION,MUPAA,0,0,W,BD,5181
10/5/2021,11:41,Tuesday,FINCH STATION,SUDP,0,0,,YU,0
10/5/2021,11:45,Tuesday,EGLINTON STATION,TUATC,3,6,S,YU,5556
10/5/2021,13:19,Tuesday,SHEPPARD WEST STATION,MUTO,8,11,N,YU,5566
10/5/2021,13:35,Tuesday,JANE STATION,SUUT,0,0,E,BD,0
10/5/2021,13:44,Tuesday,VAUGHAN MC STATION,TUNOA,3,6,S,YU,5000
10/5/2021,13:52,Tuesday,DAVISVILLE STATION,SUDP,4,7,N,YU,5961
10/5/2021,14:10,Tuesday,VICTORIA PARK STATION,MUIRS,0,0,,BD,0
10/5/2021,14:11,Tuesday,UNION STATION,MUTO,3,6,N,YU,5846
10/5/2021,14:16,Tuesday,YORKDALE STATION,TUCC,0,0,S,YU,6121
10/5/2021,14:39,Tuesday,YORK MILLS STATION,SUAP,5,8,N,YU,6071
10/5/2021,15:00,Tuesday,KING STATION,SUDP,0,0,S,YU,5986
10/5/2021,15:19,Tuesday,YORK UNIVERSITY STATIO,MUPAA,0,0,S,YU,5921
10/5/2021,15:21,Tuesday,WARDEN STATION,MUIRS,4,7,E,BD,5268
10/5/2021,15:28,Tuesday,EGLINTON STATION,MUSC,3,6,N,YU,6606
10/5/2021,15:30,Tuesday,SHEPPARD STATION,EUSC,5,8,S,YU,6081
10/5/2021,16:21,Tuesday,WILSON STATION,SUDP,7,10,N,YU,5411
10/5/2021,16:40,Tuesday,KING STATION,PUMEL,0,0,,YU,0
10/5/2021,16:46,Tuesday,VAUGHAN MC STATION,TUNOA,3,6,S,YU,5000
10/5/2021,16:56,Tuesday,VAUGHAN MC STATION,TUNOA,3,6,S,YU,0
10/5/2021,17:00,Tuesday,EGLINTON STATION,MUATC,10,13,S,YU,5926
10/5/2021,17:16,Tuesday,ST CLAIR WEST STATION,SUAP,10,13,N,YU,6096
10/5/2021,17:25,Tuesday,DUNDAS STATION,MUIS,0,0,,YU,0
10/5/2021,17:59,Tuesday,VAUGHAN MC STATION,TUNOA,3,6,S,YU,5000
10/5/2021,18:00,Tuesday,KENNEDY BD STATION,MUDD,6,9,,BD,5262
10/5/2021,18:07,Tuesday,KIPLING STATION,SUAP,0,0,,BD,0
10/5/2021,18:07,Tuesday,SHEPPARD STATION,MUSC,3,6,S,YU,5566
10/5/2021,18:09,Tuesday,VICTORIA PARK STATION,EUCD,3,7,W,BD,5262
10/5/2021,18:23,Tuesday,KENNEDY BD STATION,TUNOA,3,7,W,BD,5000
10/5/2021,18:36,Tuesday,KENNEDY BD STATION,TUMVS,0,0,W,BD,5015
10/5/2021,18:49,Tuesday,MAIN STREET STATION,MUTO,3,6,W,BD,5015
10/5/2021,18:58,Tuesday,VAUGHAN MC STATION,TUNOA,3,6,S,YU,0
10/5/2021,18:58,Tuesday,SHERBOURNE STATION,MUPAA,0,0,E,BD,5070
10/5/2021,19:00,Tuesday,EGLINTON STATION,SUUT,18,21,N,YU,6091
10/5/2021,19:07,Tuesday,MUSEUM STATION,MUPAA,0,0,N,YU,5586
10/5/2021,19:41,Tuesday,OSGOODE STATION,MUSAN,5,8,S,YU,6071
10/5/2021,19:42,Tuesday,EGLINTON STATION,MUATC,5,8,S,YU,5406
10/5/2021,19:46,Tuesday,WILSON STATION,PUMEL,0,0,,YU,0
10/5/2021,20:44,Tuesday,EGLINTON STATION,MUSC,0,0,N,YU,5841
10/5/2021,21:28,Tuesday,SHERBOURNE STATION,MUPAA,0,0,W,BD,5006
10/5/2021,22:00,Tuesday,YONGE UNIVERSITY SUBWA,MUO,0,0,,YU/BD,0
10/5/2021,23:09,Tuesday,SHERBOURNE STATION,MUIRS,0,0,W,BD,0
10/5/2021,00:47,Tuesday,NORTH YORK CTR STATION,SUDP,0,0,S,YU,6031
10/6/2021,02:25,Wednesday,FINCH STATION,PUTO,10,0,N,YU,6101
10/6/2021,06:02,Wednesday,MCCOWAN STATION,MRTO,5,10,S,SRT,3010
10/6/2021,02:26,Wednesday,KENNEDY BD STATION,MUIRS,0,0,,BD,0
10/6/2021,05:33,Wednesday,YORK MILLS STATION,MUATC,7,0,N,YU,5431
10/6/2021,05:47,Wednesday,DUNDAS STATION,MUIRS,0,0,,YU,0
10/6/2021,05:50,Wednesday,SHEPPARD STATION,EUDO,3,0,N,YU,5431
10/6/2021,05:52,Wednesday,CHRISTIE STATION,PUTWZ,8,0,W,BD,5135
10/6/2021,05:58,Wednesday,VAUGHAN MC STATION,TUNOA,3,6,S,YU,0
10/6/2021,06:20,Wednesday,BROADVIEW STATION,PUTWZ,4,0,E,BD,5357
10/6/2021,06:27,Wednesday,ISLINGTON STATION,TUMVS,5,10,E,BD,5154
10/6/2021,06:34,Wednesday,OLD MILL STATION,TUO,5,10,E,BD,5154
10/6/2021,06:35,Wednesday,ST GEORGE BD STATION,EUSC,0,0,W,BD,5061
10/6/2021,06:37,Wednesday,EGLINTON STATION,TUATC,4,7,S,YU,5956
10/6/2021,06:47,Wednesday,HIGH PARK STATION,EUSC,0,0,W,BD,5061
10/6/2021,08:16,Wednesday,EGLINTON STATION,TUATC,3,6,S,YU,6006
10/6/2021,09:01,Wednesday,EGLINTON STATION,MUATC,3,6,S,YU,6136
10/6/2021,09:14,Wednesday,VAUGHAN MC STATION,TUNOA,3,6,S,YU,5000
10/6/2021,09:32,Wednesday,EGLINTON STATION,MUSC,0,0,N,YU,5466
10/6/2021,09:35,Wednesday,VAUGHAN MC STATION,TUNOA,3,6,S,YU,5000
10/6/2021,10:09,Wednesday,EGLINTON STATION TO VA,PUSIO,16,19,N,YU,5836
10/6/2021,10:49,Wednesday,KIPLING STATION,TUO,3,6,E,BD,5276
10/6/2021,11:03,Wednesday,QUEEN STATION,MUIS,0,0,N,YU,0
10/6/2021,11:13,Wednesday,FINCH STATION,TUMVS,3,6,N,YU,5626
10/6/2021,11:13,Wednesday,EGLINTON STATION,PUMEL,0,0,,YU,0
10/6/2021,11:26,Wednesday,ST ANDREW STATION,EUNT,3,6,S,YU,5701
10/6/2021,12:15,Wednesday,BATHURST STATION,MUIR,0,0,W,BD,5021
10/6/2021,13:16,Wednesday,VAUGHAN MC STATION,TUNOA,3,6,S,YU,5000
10/6/2021,13:52,Wednesday,KING STATION,SUDP,3,6,S,YU,5976
10/6/2021,14:35,Wednesday,OSGOODE STATION,MUPAA,3,6,N,YU,5821
10/6/2021,14:40,Wednesday,FINCH STATION,TUNOA,3,6,S,YU,5431
10/6/2021,15:12,Wednesday,BLOOR STATION,MUIS,0,0,N,YU,0
10/6/2021,15:12,Wednesday,ST GEORGE BD STATION,EUSC,0,0,W,BD,5061
10/6/2021,15:26,Wednesday,KEELE STATION,MUSC,0,0,W,BD,5061
10/6/2021,16:09,Wednesday,EGLINTON STATION,SUROB,0,0,,YU,0
10/6/2021,17:07,Wednesday,KENNEDY BD STATION,MUIR,3,6,W,BD,5275
10/6/2021,18:11,Wednesday,FINCH STATION,TUSC,0,0,N,YU,5671
10/6/2021,18:13,Wednesday,GREENWOOD YARD,TUNOA,0,0,W,BD,5000
10/6/2021,18:45,Wednesday,VAUGHAN MC STATION,MUATC,55,60,N,YU,6111
10/6/2021,19:47,Wednesday,SUMMERHILL STATION,MUIRS,0,0,S,YU,0
10/6/2021,20:21,Wednesday,EGLINTON STATION,PUMEL,0,0,,YU,0
10/6/2021,22:00,Wednesday,YONGE-UNIVERSITY AND B,MUO,0,0,,YU/BD,0
10/6/2021,22:38,Wednesday,YONGE BD STATION,SUDP,0,0,,BD,0
10/6/2021,22:54,Wednesday,WOODBINE STATION,SUAP,0,0,,BD,0
10/6/2021,23:19,Wednesday,ISLINGTON STATION,MUDD,0,0,E,BD,5116
10/6/2021,00:23,Wednesday,KENNEDY BD STATION,SUDP,6,12,W,BD,5340
10/6/2021,00:30,Wednesday,EGLINTON STATION,MUATC,5,10,S,YU,5111
10/6/2021,00:59,Wednesday,MAIN STREET STATION,MUIS,0,0,,BD,0
10/6/2021,01:20,Wednesday,ROSEDALE STATION,SUUT,11,16,N,YU,5500
10/6/2021,01:43,Wednesday,VICTORIA PARK STATION,TUMVS,0,0,W,BD,5016
10/7/2021,05:38,Thursday,EGLINTON STATION,MUATC,8,0,N,YU,6011
10/7/2021,14:34,Thursday,MIDLAND STATION,SRDP,0,0,N,SRT,3003
10/7/2021,06:31,Thursday,SHEPPARD WEST STATION,MUNOA,3,6,N,YU,0
10/7/2021,07:00,Thursday,FINCH STATION,MUSC,0,0,S,YU,5956
10/7/2021,08:33,Thursday,ST PATRICK STATION,MUPAA,0,0,S,YU,5971
10/7/2021,09:31,Thursday,EGLINTON STATION,MUATC,4,7,S,YU,5816
10/7/2021,09:35,Thursday,VAUGHAN MC STATION,TUNOA,3,6,S,YU,0
10/7/2021,10:06,Thursday,KENNEDY BD STATION,MUTO,3,6,W,BD,5369
10/7/2021,10:23,Thursday,FINCH STATION,MUSC,0,0,N,YU,5921
10/7/2021,11:03,Thursday,VAUGHAN MC STATION,TUNOA,3,6,S,YU,0
10/7/2021,11:56,Thursday,DUNDAS WEST STATION,MUIS,0,0,,BD,0
10/7/2021,12:01,Thursday,EGLINTON STATION,MUSC,0,0,N,YU,5476
10/7/2021,12:44,Thursday,SHEPPARD WEST STATION,MUIR,0,0,N,YU,5831
10/7/2021,13:07,Thursday,KING STATION,MUIS,0,0,,YU,0
10/7/2021,13:13,Thursday,COLLEGE STATION,MUIR,7,10,S,YU,5496
10/7/2021,13:19,Thursday,VAUGHAN MC STATION,TUNOA,3,6,S,YU,0
10/7/2021,13:54,Thursday,DUFFERIN STATION,MUPAA,3,6,W,BD,5007
10/7/2021,13:59,Thursday,WILSON HOSTLER,TUNOA,3,6,S,YU,0
10/7/2021,15:08,Thursday,ISLINGTON STATION,PUTD,0,0,W,BD,5084
10/7/2021,15:15,Thursday,JANE STATION,MUIRS,0,0,,BD,0
10/7/2021,15:16,Thursday,HIGHWAY 407 STATION,MUPAA,3,6,N,YU,6016
10/7/2021,15:34,Thursday,EGLINTON STATION,SUDP,3,6,N,YU,6126
10/7/2021,16:00,Thursday,CASTLE FRANK STATION,MUIS,0,0,,BD,0
10/7/2021,16:32,Thursday,VAUGHAN MC STATION,TUNOA,3,6,S,YU,0
10/7/2021,16:47,Thursday,KIPLING STATION,SUDP,3,6,W,BD,5015
10/7/2021,16:49,Thursday,VAUGHAN MC STATION,TUNOA,3,6,S,YU,0
10/7/2021,16:56,Thursday,VAUGHAN MC STATION,TUNOA,3,6,S,YU,0
10/7/2021,17:23,Thursday,PAPE STATION,SUDP,3,6,E,BD,5291
10/7/2021,17:38,Thursday,VAUGHAN MC STATION,TUNOA,3,6,S,YU,0
10/7/2021,17:42,Thursday,ST GEORGE BD STATION,MUSAN,5,8,E,BD,5083
10/7/2021,17:45,Thursday,VAUGHAN MC STATION,TUNOA,3,6,S,YU,0
10/7/2021,17:53,Thursday,ST PATRICK STATION,MUSAN,4,7,S,YU,5386
10/7/2021,17:58,Thursday,YORK MILLS STATION,SUDP,0,0,N,YU,5491
10/7/2021,18:17,Thursday,COLLEGE STATION,MUNCA,0,0,,YU,0
10/7/2021,18:24,Thursday,HIGH PARK STATION,MUIS,0,0,,BD,0
10/7/2021,18:28,Thursday,RUNNYMEDE STATION,SUAP,4,7,E,BD,5131
10/7/2021,18:42,Thursday,LAWRENCE STATION,SUDP,4,7,N,YU,5696
10/7/2021,19:50,Thursday,DUNDAS STATION,MUIRS,3,6,N,YU,5871
10/7/2021,20:00,Thursday,RUNNYMEDE STATION,PUMEL,0,0,W,BD,0
10/7/2021,21:27,Thursday,YONGE BD STATION,MUIS,0,0,E,BD,0
10/7/2021,21:56,Thursday,KING STATION,MUIS,0,0,,YU,0
10/7/2021,22:00,Thursday,YONGE UNIVERSITY SUBWA,MUO,0,0,,YU/BD,0
10/7/2021,22:45,Thursday,ST CLAIR STATION,SUDP,3,8,N,YU,5721
10/7/2021,23:24,Thursday,COXWELL STATION,MUIS,0,0,,BD,0
10/7/2021,23:40,Thursday,FINCH STATION,MUTO,3,8,S,YU,5896
10/7/2021,00:18,Thursday,WELLESLEY STATION,MUIRS,0,0,,YU,0
10/7/2021,00:44,Thursday,COLLEGE STATION,SUDP,0,0,N,YU,5711
10/7/2021,11:44,Thursday,SHEPPARD-YONGE STATION,TUMVS,3,8,E,SHP,6156
10/8/2021,05:46,Friday,EGLINTON STATION,MUATC,7,10,N,YU,5956
10/8/2021,20:52,Friday,KENNEDY SRT STATION,MRUIR,4,11,N,SRT,5011
10/8/2021,21:06,Friday,MCCOWAN STATION,MRPAA,0,0,N,SRT,3012
10/8/2021,06:02,Friday,SUMMERHILL STATION,MUO,7,0,N,YU,6106
10/8/2021,06:11,Friday,EGLINTON STATION (APPR,MUATC,5,8,S,YU,5876
10/8/2021,22:18,Friday,KENNEDY SRT STATION,MRTO,3,9,S,SRT,3016
10/8/2021,07:08,Friday,ST GEORGE BD STATION,SUO,3,6,W,BD,5135
10/8/2021,07:11,Friday,FINCH STATION,MUSC,0,0,S,YU,6011
10/8/2021,07:25,Friday,GLENCAIRN STATION,SUDP,3,6,S,YU,5881
10/8/2021,08:23,Friday,ST CLAIR STATION,MUATC,0,0,S,YU,5751
10/8/2021,11:54,Friday,BLOOR STATION,PUEO,90,93,N,YU,5626
10/8/2021,12:21,Friday,WARDEN STATION,MUD,3,6,W,BD,5094
10/8/2021,13:29,Friday,WELLESLEY STATION,SUEAS,13,16,W,YU,5681
10/8/2021,14:07,Friday,KENNEDY BD STATION,EUAC,3,6,E,BD,5113
10/8/2021,14:30,Friday,DONLANDS STATION,MUIR,0,0,E,BD,5022
10/8/2021,14:48,Friday,DUNDAS WEST STATION,TUMVS,0,0,W,BD,5280
10/8/2021,15:10,Friday,VAUGHAN MC STATION,TUNOA,3,6,S,YU,0
10/8/2021,15:21,Friday,VAUGHAN MC STATION,TUNIP,3,6,S,YU,5846
10/8/2021,15:26,Friday,FINCH STATION,MUSC,0,0,S,YU,5636
10/8/2021,15:44,Friday,KIPLING STATION,MUIR,3,6,E,BD,5365
10/8/2021,15:53,Friday,KENNEDY BD STATION,MUPAA,0,0,W,BD,5018
10/8/2021,16:07,Friday,VAUGHAN MC STATION,TUNOA,3,6,S,YU,0
10/8/2021,16:13,Friday,BROADVIEW STATION,MUPAA,3,6,W,BD,5280
10/8/2021,16:26,Friday,EGLINTON STATION,MUATC,6,9,S,YU,5836
10/8/2021,16:27,Friday,ST GEORGE YUS STATION,MUIR,0,0,N,YU,5961
10/8/2021,16:49,Friday,VAUGHAN MC STATION,TUNOA,3,6,S,YU,0
10/8/2021,16:56,Friday,VAUGHAN MC STATION,TUNOA,3,6,S,YU,5636
10/8/2021,17:20,Friday,BATHURST STATION,MUIS,0,0,E,BD,0
10/8/2021,17:45,Friday,VAUGHAN MC STATION,TUNOA,3,6,S,YU,5951
10/8/2021,19:25,Friday,LANSDOWNE STATION,MUIS,0,0,E,BD,5218
10/8/2021,20:24,Friday,YORK MILLS STATION,MUIR,0,0,S,YU,5416
10/8/2021,20:39,Friday,DAVISVILLE STATION,SUUT,10,13,N,YU,5706
10/8/2021,21:08,Friday,ST ANDREW STATION,PUMST,0,0,S,YU,0
10/8/2021,21:14,Friday,EGLINTON STATION (APPR,MUATC,11,14,S,YU,5956
10/8/2021,21:29,Friday,CASTLE FRANK STATION,MUIRS,0,0,W,BD,0
10/8/2021,21:32,Friday,VAUGHAN MC STATION,TUNOA,5,10,S,YU,5601
10/8/2021,21:40,Friday,VAUGHAN MC STATION,TUNOA,5,10,S,YU,6131
10/8/2021,21:50,Friday,ST GEORGE YUS STATION,SUO,0,0,N,YU,5956
10/8/2021,21:51,Friday,ST GEORGE BD STATION,SUDP,0,0,E,BD,5357
10/8/2021,22:00,Friday,YONGE UNIVERSITY SUBWA,MUO,0,0,,YU/BD,0
10/8/2021,23:12,Friday,LAWRENCE STATION,SUDP,16,21,N,YU,5656
10/8/2021,23:36,Friday,KING STATION,SUDP,3,8,N,YU,5966
10/8/2021,23:40,Friday,MAIN STREET STATION,SUUT,27,33,E,BD,5251
10/8/2021,23:41,Friday,VAUGHAN MC STATION,TUNOA,5,10,S,YU,6016
10/8/2021,23:54,Friday,WARDEN STATION,MUIS,0,0,,BD,0
10/8/2021,00:02,Friday,BLOOR STATION,SUAP,0,0,N,YU,6116
10/8/2021,00:09,Friday,DUFFERIN STATION,SUDP,4,10,W,BD,5194
10/8/2021,00:14,Friday,LANSDOWNE STATION,SUDP,16,22,W,BD,5194
10/8/2021,00:36,Friday,DUPONT STATION,MUIR,0,0,S,YU,5406
10/8/2021,01:24,Friday,JANE STATION,PUTDN,0,0,W,BD,5058
10/8/2021,01:38,Friday,MAIN STREET STATION,EUVE,7,13,E,BD,5370
10/8/2021,01:49,Friday,DUNDAS WEST STATION,MUIS,0,0,,BD,0
10/9/2021,02:09,Saturday,BAY STATION,PUMST,0,0,,BD,0
10/9/2021,21:36,Saturday,MCCOWAN STATION,MRO,3,9,S,SRT,3006
10/9/2021,02:35,Saturday,VAUGHAN MC STATION,MUIS,0,0,,YU,0
10/9/2021,05:46,Saturday,UNION STATION,PUMO,0,0,,YU,0
10/9/2021,05:53,Saturday,KING STATION,PUMO,0,0,,YU,0
10/9/2021,05:55,Saturday,UNION STATION,EUYRD,7,0,N,YU,5381
10/9/2021,06:00,Saturday,FINCH STATION,TUNOA,6,12,S,YU,0
10/9/2021,06:00,Saturday,BLOOR DANFORTH LINE,MUO,0,0,,BD,0
10/9/2021,06:38,Saturday,EGLINTON STATION,TUNOA,6,12,N,YU,0
10/9/2021,06:54,Saturday,KEELE STATION,SUDP,4,9,W,BD,5156
10/9/2021,06:59,Saturday,WILSON STATION,TUO,6,12,S,YU,6071
10/9/2021,07:07,Saturday,GREENWOOD STATION,TUSC,0,0,E,BD,5022
10/9/2021,07:50,Saturday,VAUGHAN MC STATION,MUTO,5,11,S,YU,5401
10/9/2021,08:01,Saturday,ISLINGTON STATION,MUIE,0,0,E,BD,5300
10/9/2021,08:08,Saturday,VAUGHAN MC STATION,MUTO,5,11,S,YU,5976
10/9/2021,08:15,Saturday,YORK MILLS STATION,TUOS,0,0,S,YU,6076
10/9/2021,08:19,Saturday,EGLINTON STATION (APPR,MUATC,7,13,S,YU,5676
10/9/2021,09:48,Saturday,MAIN STREET STATION,MUPAA,3,8,W,BD,5304
10/9/2021,09:56,Saturday,DUNDAS WEST STATION,SUDP,4,7,E,BD,5235
10/9/2021,11:47,Saturday,VAUGHAN MC STATION,TUNOA,3,6,S,YU,0
10/9/2021,12:25,Saturday,FINCH STATION,MUTO,4,8,S,YU,5676
10/9/2021,12:32,Saturday,ST GEORGE BD STATION,TUMVS,3,7,E,BD,5051
10/9/2021,13:09,Saturday,OLD MILL STATION,MUIS,0,0,,BD,0
10/9/2021,13:41,Saturday,FINCH STATION,TUNOA,4,8,S,YU,0
10/9/2021,14:13,Saturday,VAUGHAN MC STATION,TUNOA,4,8,S,YU,0
10/9/2021,14:24,Saturday,WELLESLEY STATION,MUPAA,0,0,S,YU,5651
10/9/2021,14:40,Saturday,WARDEN STATION,MUIS,0,0,,BD,0
10/9/2021,14:41,Saturday,VAUGHAN MC STATION,TUNOA,4,8,S,YU,0
10/9/2021,15:07,Saturday,EGLINTON STATION (APPR,MUATC,5,9,S,YU,5566
10/9/2021,15:34,Saturday,LAWRENCE WEST STATION,XXXXX,0,0,W,52,3369
10/9/2021,15:34,Saturday,ST CLAIR WEST STATION,PUMEL,0,0,N,YU,0
10/9/2021,15:35,Saturday,EGLINTON STATION (APPR,MUATC,6,10,S,YU,5626
10/9/2021,15:53,Saturday,EGLINTON STATION,MUATC,7,11,S,YU,6021
10/9/2021,16:14,Saturday,YORKDALE STATION,MUIS,0,0,,YU,0
10/9/2021,16:45,Saturday,EGLINTON STATION,MUATC,9,13,S,YU,5611
10/9/2021,16:57,Saturday,VAUGHAN MC STATION,TUNOA,4,8,S,YU,0
10/9/2021,17:36,Saturday,EGLINTON STATION,MUIRS,0,0,N,YU,0
10/9/2021,18:14,Saturday,WELLESLEY STATION,MUIS,0,0,,YU,0
10/9/2021,18:31,Saturday,DUNDAS WEST STATION,SUDP,0,0,W,BD,5066
10/9/2021,19:00,Saturday,YORKDALE STATION,MUPAA,0,0,N,YU,5961
10/9/2021,19:18,Saturday,VAUGHAN MC STATION,TUNOA,5,10,S,YU,0
10/9/2021,19:35,Saturday,VAUGHAN MC STATION,SUDP,4,9,S,YU,5751
10/9/2021,20:24,Saturday,CHESTER STATION,MUIRS,0,0,,BD,0
10/9/2021,20:32,Saturday,ISLINGTON STATION,MUNOA,7,14,E,BD,5000
10/9/2021,21:14,Saturday,FINCH STATION,SUDP,0,0,,YU,0
10/9/2021,21:40,Saturday,SHERBOURNE STATION,MUIR,3,10,E,BD,5337
10/9/2021,21:48,Saturday,QUEEN STATION,MUIS,0,0,N,YU,0
10/9/2021,21:49,Saturday,DAVISVILLE STATION,MUIS,0,0,,YU,0
10/9/2021,22:00,Saturday,YONGE UNIVERSITY SUBWA,MUO,0,0,,YU/BD,0
10/9/2021,22:23,Saturday,WARDEN STATION,SUAP,0,0,,BD,0
10/9/2021,23:17,Saturday,ROYAL YORK STATION,MUSC,0,0,E,BD,5135
10/9/2021,00:38,Saturday,RUNNYMEDE STATION,SUO,0,0,,BD,0
10/9/2021,01:58,Saturday,YONGE BD STATION,PUTOE,0,0,W,BD,56
10/9/2021,22:39,Saturday,LESLIE STATION,TUMVS,8,13,E,SHP,6181
10/9/2021,22:50,Saturday,DON MILLS STATION,MUTO,5,10,W,SHP,6161
10/9/2021,22:55,Saturday,DON MILLS STATION,MUSAN,3,8,W,SHP,6161
10/10/2021,07:58,Sunday,DONLANDS STATION,EUNT,10,0,W,BD,5313
10/10/2021,22:27,Sunday,KENNEDY SRT STATION,SRO,15,21,S,SRT,3006
10/10/2021,08:00,Sunday,ISLINGTON TO KIPLING S,MUO,0,0,,BD,0
10/10/2021,08:02,Sunday,ISLINGTON STATION,TUNOA,6,0,E,BD,0
10/10/2021,08:05,Sunday,KEELE STATION,SUG,5,10,W,BD,5226
10/10/2021,08:17,Sunday,BLOOR STATION,MUPAA,0,0,N,YU,5871
10/10/2021,08:43,Sunday,ST GEORGE YUS STATION,PUOPO,0,0,N,YU,5926
10/10/2021,09:01,Sunday,YORKDALE STATION,PUOPO,4,10,N,YU,5926
10/10/2021,09:13,Sunday,YORKDALE STATION,PUOPO,4,10,N,YU,6076
10/10/2021,09:16,Sunday,KEELE STATION,MUIS,0,0,,BD,0
10/10/2021,09:16,Sunday,SHEPPARD WEST STATION,PUOPO,6,12,N,YU,5926
10/10/2021,09:19,Sunday,YORKDALE STATION,PUOPO,6,12,N,YU,5756
10/10/2021,09:24,Sunday,LAWRENCE WEST CENTRE,PUSAC,5,10,N,YU,5961
10/10/2021,09:41,Sunday,LAWRENCE WEST STATION,PUSAC,5,10,S,YU,5671
10/10/2021,10:06,Sunday,WILSON STATION,MUATC,10,15,S,YU,5751
10/10/2021,10:07,Sunday,KENNEDY BD STATION,EUNT,5,10,W,BD,5276
10/10/2021,11:22,Sunday,DAVISVILLE STATION,MUIS,0,0,S,YU,5856
10/10/2021,11:39,Sunday,WARDEN STATION,MUPAA,5,10,W,BD,5047
10/10/2021,12:47,Sunday,EGLINTON STATION (APPR,MUATC,6,12,S,YU,6096
10/10/2021,13:18,Sunday,OSSINGTON STATION,SUDP,3,8,E,BD,5162
10/10/2021,13:31,Sunday,ISLINGTON STATION,MUIS,0,0,W,BD,0
10/10/2021,13:39,Sunday,ST GEORGE YUS STATION,SUDP,7,12,N,YU,5716
10/10/2021,13:46,Sunday,YORK MILLS STATION,MUIS,0,0,,YU,0
10/10/2021,15:29,Sunday,COXWELL STATION,EUBK,5,10,W,BD,5342
10/10/2021,17:33,Sunday,QUEEN STATION,MUIS,0,0,,YU,0
10/10/2021,18:50,Sunday,ISLINGTON STATION,MUO,5,10,W,BD,5144
10/10/2021,19:06,Sunday,COLLEGE STATION,MUIS,0,0,,YU,0
10/10/2021,19:25,Sunday,MAIN STREET STATION,PUMEL,0,0,,BD,0
10/10/2021,19:31,Sunday,SHERBOURNE STATION,MUPAA,3,8,E,BD,5288
10/10/2021,20:04,Sunday,JANE STATION,SUDP,0,0,E,BD,5128
10/10/2021,20:08,Sunday,SUMMERHILL STATION,MUPAA,0,0,S,YU,5626
10/10/2021,20:10,Sunday,BLOOR STATION,TUCC,0,0,N,YU,6111
10/10/2021,20:48,Sunday,PAPE STATION,SUAE,10,17,E,BD,5149
10/10/2021,22:00,Sunday,YONGE-UNIVERSITY AND B,MUO,0,0,,YU/BD,0
10/10/2021,22:00,Sunday,COXWELL STATION,EUSC,0,0,W,BD,5313
10/10/2021,22:23,Sunday,KENNEDY BD STATION,SUDP,17,24,E,BD,5349
10/10/2021,22:30,Sunday,WILSON STATION,EUCA,7,14,S,YU,6131
10/10/2021,23:48,Sunday,EGLINTON WEST STATION,PUOPO,0,0,S,YU,5706
10/10/2021,23:51,Sunday,MAIN STREET STATION,TUSC,0,0,W,BD,5313
10/10/2021,00:14,Sunday,VAUGHAN MC STATION,PUOPO,0,0,S,YU,5596
10/10/2021,00:18,Sunday,HIGHWAY 407 STATION,PUOPO,0,0,S,YU,5596
10/10/2021,00:21,Sunday,PIONEER VILLAGE STATIO,PUOPO,7,14,S,YU,5596
10/11/2021,00:23,Monday,MIDLAND STATION,SRDP,0,0,N,SRT,0
10/11/2021,06:58,Monday,ROSEDALE STATION,SUUT,0,0,S,YU,6031
10/11/2021,07:33,Monday,DUNDAS STATION,MUPAA,4,10,S,YU,5461
10/11/2021,00:51,Monday,MCCOWAN STATION,TRNCA,0,0,,SRT,0
10/11/2021,07:40,Monday,SPADINA BD STATION,SUDP,0,0,,BD,0
10/11/2021,07:57,Monday,SPADINA YUS STATION,SUDP,0,0,,YU,0
10/11/2021,09:41,Monday,ST GEORGE BD STATION,TUMVS,0,0,W,BD,5161
10/11/2021,10:38,Monday,VAUGHAN MC STATION,MUSAN,3,9,S,YU,5586
10/11/2021,11:02,Monday,EGLINTON STATION,MUCL,6,12,N,YU,0
10/11/2021,13:42,Monday,OSSINGTON STATION,SUO,0,0,E,BD,5338
10/11/2021,15:31,Monday,FINCH STATION,MUIS,0,0,,YU,0
10/11/2021,15:31,Monday,EGLINTON STATION,EUSC,0,0,N,YU,5636
10/11/2021,15:45,Monday,SPADINA BD STATION,EUBK,14,19,E,BD,5340
10/11/2021,17:37,Monday,SHERBOURNE STATION,MUPAA,0,0,E,BD,5288
10/11/2021,17:45,Monday,ST GEORGE YUS STATION,MUPAA,3,8,N,YU,5461
10/11/2021,18:38,Monday,VAUGHAN MC STATION,TUNOA,5,10,S,YU,6126
10/11/2021,18:48,Monday,LAWRENCE STATION,SUO,17,24,S,YU,6096
10/11/2021,19:03,Monday,YORK MILLS STATION,TUSC,4,11,S,YU,5721
10/11/2021,19:10,Monday,YORK MILLS STATION,TUSC,0,0,S,YU,6001
10/11/2021,19:18,Monday,EGLINTON STATION APPRO,TUATC,3,10,S,YU,5721
10/11/2021,19:21,Monday,SHEPPARD STATION,MUIS,0,0,S,YU,5681
10/11/2021,19:42,Monday,DUPONT STATION,MUNCA,0,0,,YU,0
10/11/2021,20:03,Monday,WELLESLEY STATION,MUIRS,0,0,N,YU,5881
10/11/2021,20:41,Monday,EGLINTON STATION,EUSC,0,0,N,YU,5636
10/11/2021,21:12,Monday,YONGE BD STATION,MUO,6,13,E,BD,5073
10/11/2021,22:00,Monday,YONGE UNIVERSITY SUBWA,MUO,0,0,,YU/BD,0
10/11/2021,22:53,Monday,VAUGHAN MC STATION,TUNOA,7,14,S,YU,0
10/11/2021,23:13,Monday,COXWELL STATION,MUIE,0,0,,BD,0
10/11/2021,01:50,Monday,ROYAL YORK STATION,MUIRS,0,0,E,BD,5064
10/11/2021,18:49,Monday,LESLIE STATION,MUIS,0,0,,SHP,0
10/11/2021,19:20,Monday,SHEPPARD-YONGE STATION,MUIS,0,0,E,SHP,0
10/12/2021,18:33,Tuesday,MCCOWAN STATION,ERLV,5,10,N,SRT,3027
10/12/2021,04:52,Tuesday,YORK MILLS STATION,MUPLB,0,0,,YU,0
10/12/2021,05:45,Tuesday,FINCH STATION,TUNOA,4,8,S,YU,5631
10/12/2021,06:13,Tuesday,EGLINTON STATION (APPR,MUATC,6,9,S,YU,5886
10/12/2021,06:25,Tuesday,DONLANDS STATION,EUYRD,7,10,W,BD,5288
10/12/2021,06:34,Tuesday,DONLANDS STATION,TUCC,6,9,W,BD,5273
10/12/2021,06:52,Tuesday,DUNDAS WEST STATION,EUNT,4,7,W,BD,5016
10/12/2021,07:01,Tuesday,VAUGHAN MC STATION,EUBO,3,6,N,YU,5901
10/12/2021,07:06,Tuesday,WARDEN STATION,MUIS,0,0,,BD,0
10/12/2021,07:37,Tuesday,COLLEGE STATION,MUIRS,0,0,N,YU,5671
10/12/2021,08:02,Tuesday,KENNEDY BD STATION,MUTO,3,6,W,BD,5312
10/12/2021,08:10,Tuesday,EGLINTON STATION,EUSC,0,0,N,YU,5636
10/12/2021,08:42,Tuesday,FINCH STATION,SUDP,0,0,,YU,0
10/12/2021,09:20,Tuesday,DONLANDS STATION,TUNOA,3,6,E,BD,5000
10/12/2021,09:43,Tuesday,EGLINTON STATION,SUDP,6,9,S,YU,6126
10/12/2021,10:22,Tuesday,BLOOR STATION,MUIRS,0,0,N,YU,0
10/12/2021,10:25,Tuesday,EGLINTON STATION,SUDP,6,9,S,YU,5656
10/12/2021,12:03,Tuesday,EGLINTON STATION,PUSTC,343,347,S,YU,5771
10/12/2021,12:06,Tuesday,VAUGHAN MC STATION,TUNOA,3,6,S,YU,0
10/12/2021,12:29,Tuesday,GREENWOOD STATION,PUMST,0,0,,BD,0
10/12/2021,13:34,Tuesday,VAUGHAN MC STATION,TUNOA,3,6,S,YU,0
10/12/2021,14:28,Tuesday,FINCH STATION,MUTO,3,6,S,YU,5765
10/12/2021,14:48,Tuesday,FINCH STATION,TUMVS,0,0,N,YU,5596
10/12/2021,15:07,Tuesday,OSSINGTON STATION,MUI,8,11,W,BD,5288
10/12/2021,15:20,Tuesday,ST GEORGE BD STATION,TUO,0,0,W,BD,5312
10/12/2021,15:22,Tuesday,VAUGHAN MC STATION,TUNOA,3,6,S,YU,0
10/12/2021,15:30,Tuesday,YONGE BD STATION,SUDP,3,6,W,BD,5335
10/12/2021,15:45,Tuesday,KIPLING STATION,TUO,3,6,E,BD,0
10/12/2021,15:50,Tuesday,VAUGHAN MC STATION,TUNOA,3,6,S,YU,0
10/12/2021,16:42,Tuesday,COXWELL STATION,TUNOA,3,6,W,BD,0
10/12/2021,17:03,Tuesday,VAUGHAN MC STATION,TUNOA,3,6,S,YU,0
10/12/2021,17:16,Tuesday,PAPE STATION,SUDP,0,0,E,BD,5105
10/12/2021,17:21,Tuesday,SHERBOURNE STATION,MUPAA,0,0,E,BD,5182
10/12/2021,17:25,Tuesday,KENNEDY BD STATION,TUNOA,3,6,W,BD,0
10/12/2021,18:45,Tuesday,WARDEN STATION,MUIS,0,0,,BD,0
10/12/2021,18:46,Tuesday,CHESTER STATION,PUMST,0,0,,BD,0
10/12/2021,18:48,Tuesday,KIPLING STATION,TUNIP,4,7,E,BD,5066
10/12/2021,19:37,Tuesday,VAUGHAN MC STATION,TUNOA,3,6,S,YU,0
10/12/2021,20:11,Tuesday,DAVISVILLE STATION,MUPAA,0,0,N,YU,5721
10/12/2021,22:00,Tuesday,YONGE-UNIVERSITY AND B,MUO,0,0,,YU/BD,0
10/12/2021,22:41,Tuesday,KIPLING STATION,MUTO,3,10,E,BD,5149
10/12/2021,23:45,Tuesday,VMC TO EGLINTON STATIO,MUATC,61,66,,YU,0
10/12/2021,01:07,Tuesday,YORK UNIVERSITY STATIO,MUIRS,0,0,,YU,0
10/12/2021,11:46,Tuesday,SHEPPARD-YONGE STATION,MUSC,4,9,W,SHP,6186
10/12/2021,14:17,Tuesday,BAYVIEW STATION,MUIS,0,0,,SHP,0
10/12/2021,16:06,Tuesday,SHEPPARD-YONGE STATION,TUSC,0,0,W,SHP,6186
10/12/2021,19:52,Tuesday,BAYVIEW STATION,MUIRS,0,0,W,SHP,0
10/13/2021,02:41,Wednesday,LAWRENCE WEST STATION,SUDP,0,0,,YU,0
10/13/2021,06:02,Wednesday,MCCOWAN STATION,TRO,4,9,W,SRT,3008
10/13/2021,02:47,Wednesday,KIPLING STATION,MUIS,0,0,,BD,0
10/13/2021,13:50,Wednesday,SCARBOROUGH RAPID TRAN,MRO,20,25,S,SRT,3006
10/13/2021,06:07,Wednesday,EGLINTON STATION,MUATC,4,7,N,YU,6011
10/13/2021,19:11,Wednesday,MCCOWAN STATION,ERBO,5,10,S,SRT,3006
10/13/2021,06:11,Wednesday,EGLINTON STATION,MUATC,4,7,N,YU,6101
10/13/2021,06:11,Wednesday,DAVISVILLE STATION,TUCC,13,16,S,YU,5591
10/13/2021,06:21,Wednesday,COLLEGE STATION,MUNCA,0,0,,YU,0
10/13/2021,07:22,Wednesday,VAUGHAN MC STATION,TUNOA,3,6,S,YU,5596
10/13/2021,08:30,Wednesday,OSSINGTON STATION,MUIR,4,7,E,BD,5340
10/13/2021,09:46,Wednesday,GREENWOOD STATION,MUDD,7,13,W,BD,5232
10/13/2021,10:02,Wednesday,BLOOR STATION,SUUT,4,7,N,YU,5766
10/13/2021,10:32,Wednesday,ROSEDALE STATION,SUUT,22,25,N,YU,6071
10/13/2021,11:24,Wednesday,BLOOR STATION,MUIRS,0,0,,YU,0
10/13/2021,11:37,Wednesday,VICTORIA PARK STATION,MUIRS,0,0,,BD,0
10/13/2021,11:38,Wednesday,OSSINGTON STATION,SUDP,3,6,E,BD,5335
10/13/2021,11:52,Wednesday,YONGE BD STATION,MUIE,0,0,,BD,0
10/13/2021,11:58,Wednesday,BLOOR STATION,SUDP,0,0,S,YU,0
10/13/2021,12:15,Wednesday,LAWRENCE WEST STATION,TUOS,0,0,N,YU,5776
10/13/2021,12:35,Wednesday,LAWRENCE STATION,MUSC,0,0,N,YU,5506
10/13/2021,13:23,Wednesday,YORK MILLS STATION,TUO,3,6,N,YU,5551
10/13/2021,14:38,Wednesday,KENNEDY BD STATION,PUSTS,6,9,W,BD,5076
10/13/2021,14:43,Wednesday,SPADINA YUS STATION,EUDO,3,6,N,YU,5746
10/13/2021,14:43,Wednesday,VAUGHAN MC STATION,TUNOA,3,6,S,YU,0
10/13/2021,15:04,Wednesday,EGLINTON WEST STATION,MUIRS,0,0,,YU,0
10/13/2021,15:12,Wednesday,DUNDAS STATION,PUMEL,0,0,N,YU,0
10/13/2021,15:16,Wednesday,EGLINTON STATION,TUATC,6,9,S,YU,5936
10/13/2021,15:20,Wednesday,SPADINA YUS STATION,MUIS,0,0,,YU,0
10/13/2021,15:22,Wednesday,VAUGHAN MC STATION,TUNOA,3,6,S,YU,0
10/13/2021,15:23,Wednesday,ST GEORGE YUS STATION,PUMST,0,0,,YU,0
10/13/2021,15:26,Wednesday,KENNEDY BD STATION,MUDD,3,6,W,BD,5426
10/13/2021,16:05,Wednesday,DAVISVILLE STATION,MUPAA,0,0,N,YU,5781
10/13/2021,16:51,Wednesday,MUSEUM STATION,MUI,18,21,N,YU,5761
10/13/2021,17:03,Wednesday,VAUGHAN MC STATION,TUNOA,3,6,S,YU,0
10/13/2021,17:20,Wednesday,EGLINTON STATION (APPR,MUATC,3,3,S,YU,5601
10/13/2021,17:35,Wednesday,VAUGHAN MC STATION,TUNOA,3,6,S,YU,0
10/13/2021,18:06,Wednesday,EGLINTON STATION,MUSC,0,0,N,YU,5636
10/13/2021,18:47,Wednesday,KIPLING STATION,PUMEL,0,0,,BD,0
10/13/2021,19:59,Wednesday,KENNEDY BD STATION,TUNOA,6,12,W,BD,0
10/13/2021,20:40,Wednesday,MAIN STREET STATION,SUDP,4,10,W,BD,5248
10/13/2021,22:00,Wednesday,YONGE-UNIVERSITY AND B,MUO,0,0,,YU/BD,0
10/13/2021,23:05,Wednesday,EGLINTON STATION,MUO,0,0,B,YU,0
10/13/2021,23:10,Wednesday,SHEPPARD WEST STATION,MUI,0,0,N,YU,5526
10/13/2021,12:14,Wednesday,DON MILLS STATION,PUSNT,18,23,E,SHP,6166
10/13/2021,14:30,Wednesday,SHEPPARD-YONGE STATION,MUIRS,0,0,,SHP,0
10/14/2021,05:52,Thursday,GREENWOOD STATION,MUSAN,7,12,E,BD,5055
10/14/2021,06:50,Thursday,MCCOWAN STATION,MRTO,0,0,S,SRT,3004
10/14/2021,17:56,Thursday,SCARBOROUGH CTR STATIO,PREL,0,0,,SRT,0
10/14/2021,06:02,Thursday,SHEPPARD WEST STATION,TUNOA,5,10,N,YU,5716
10/14/2021,06:34,Thursday,GREENWOOD YARD,EUYRD,0,0,E,BD,5073
10/14/2021,06:46,Thursday,EGLINTON STATION (APPR,MUATC,5,8,S,YU,6061
10/14/2021,07:15,Thursday,EGLINTON STATION (APPR,MUATC,0,0,S,YU,5761
10/14/2021,07:22,Thursday,EGLINTON STATION (APPR,MUATC,4,7,S,YU,5906
10/14/2021,07:34,Thursday,FINCH STATION,MUSC,0,0,S,YU,5531
10/14/2021,08:45,Thursday,KIPLING STATION,TUMVS,0,0,W,BD,5294
10/14/2021,08:48,Thursday,KENNEDY BD STATION,EUBO,3,6,W,BD,0
10/14/2021,09:29,Thursday,UNION STATION,MUATC,3,6,S,YU,5746
10/14/2021,10:04,Thursday,FINCH WEST STATION,MUO,0,0,S,YU,5811
10/14/2021,12:12,Thursday,KEELE STATION,SUAP,0,0,,BD,0
10/14/2021,13:20,Thursday,OLD MILL STATION,PUMEL,0,0,,BD,0
10/14/2021,13:26,Thursday,VAUGHAN MC STATION,TUNOA,3,6,S,YU,0
10/14/2021,13:26,Thursday,COXWELL STATION,MUSAN,4,9,W,BD,5154
10/14/2021,13:54,Thursday,VAUGHAN MC STATION,TUNOA,3,6,S,YU,0
10/14/2021,14:22,Thursday,KIPLING STATION,SUPOL,5,8,E,BD,5435
10/14/2021,14:25,Thursday,ROSEDALE STATION,SUDP,3,6,N,YU,6081
10/14/2021,15:17,Thursday,PAPE STATION,TUNOA,3,6,E,BD,0
10/14/2021,15:20,Thursday,KENNEDY BD STATION,EUAC,3,6,W,BD,5206
10/14/2021,15:38,Thursday,KENNEDY BD STATION,TUNOA,3,6,W,BD,0
10/14/2021,16:13,Thursday,EGLINTON WEST STATION,SUUT,9,12,N,YU,5631
10/14/2021,16:18,Thursday,WARDEN STATION,MUIS,0,0,,BD,0
10/14/2021,16:36,Thursday,EGLINTON STATION,MUATC,3,6,S,YU,5791
10/14/2021,17:22,Thursday,ST CLAIR STATION,MUATC,6,9,S,YU,5956
10/14/2021,17:27,Thursday,EGLINTON STATION - MIG,TUATC,3,6,S,YU,5466
10/14/2021,18:53,Thursday,WOODBINE STATION,MUIRS,0,0,E,BD,0
10/14/2021,19:10,Thursday,COXWELL STATION,SUAE,0,0,E,BD,0
10/14/2021,20:21,Thursday,ROYAL YORK STATION,SUAP,17,23,E,BD,5194
10/14/2021,21:21,Thursday,ST PATRICK STATION,SUUT,24,29,S,YU,5721
10/14/2021,21:41,Thursday,KENNEDY BD STATION,SUDP,0,0,W,BD,5248
10/14/2021,21:47,Thursday,KING STATION,TUOS,3,6,S,YU,5711
10/14/2021,21:57,Thursday,SUMMERHILL STATION,MUPAA,0,0,N,YU,5496
10/14/2021,22:00,Thursday,YONGE-UNIVERSITY AND B,MUO,0,0,,YU/BD,0
10/14/2021,22:06,Thursday,KIPLING STATION,MUPAA,0,0,W,BD,5194
10/14/2021,23:00,Thursday,EGLINTON STATION,MUO,0,0,,YU,0
10/14/2021,23:48,Thursday,MAIN STREET STATION,MUIRS,0,0,E,BD,0
10/14/2021,00:49,Thursday,KENNEDY BD STATION,MUI,6,12,W,BD,5278
10/14/2021,01:35,Thursday,FINCH STATION,MUIRS,0,0,,YU,0
10/14/2021,05:20,Thursday,SHEPPARD-YONGE STATION,MUSC,0,0,E,SHP,6181
10/14/2021,12:36,Thursday,DON MILLS STATION,TUMVS,5,10,E,SHP,6166
10/15/2021,06:00,Friday,TORONTO TRANSIT COMMIS,MRO,0,0,,SRT,0
10/15/2021,05:46,Friday,WILSON STATION,TUO,4,0,S,YU,5816
10/15/2021,05:51,Friday,GREENWOOD YARD,EUDO,5,10,E,BD,5084
10/15/2021,10:00,Friday,KENNEDY SRT STATION,ERTC,23,28,N,SRT,3013
10/15/2021,11:20,Friday,LAWRENCE EAST STATION,TRTC,5,10,N,SRT,3015
10/15/2021,05:56,Friday,OSSINGTON STATION,PUSNT,5,10,W,BD,5100
10/15/2021,06:00,Friday,TORONTO TRANSIT COMMIS,MUO,0,0,,YU,0
10/15/2021,06:06,Friday,KIPLING STATION,MUIRS,0,0,,BD,0
10/15/2021,07:07,Friday,FINCH WEST STATION,MUPAA,0,0,N,YU,6006
10/15/2021,08:03,Friday,EGLINTON STATION,MUSC,0,0,N,YU,5921
10/15/2021,08:05,Friday,EGLINTON STATION (APPR,MUATC,9,12,S,YU,5991
10/15/2021,08:17,Friday,KENNEDY BD STATION,MUTO,3,6,E,BD,5136
10/15/2021,08:23,Friday,OSSINGTON STATION,PUMST,0,0,,BD,0
10/15/2021,08:30,Friday,SHERBOURNE STATION,MUPAA,0,0,E,BD,5213
10/15/2021,08:49,Friday,EGLINTON STATION (APPR,TUATC,4,7,S,YU,5936
10/15/2021,09:13,Friday,SUMMERHILL STATION,MUIS,0,0,S,YU,5961
10/15/2021,09:27,Friday,VAUGHAN MC STATION,PUMEL,0,0,,YU,0
10/15/2021,09:36,Friday,KENNEDY BD STATION,MUPAA,0,0,E,BD,5155
10/15/2021,09:48,Friday,ROYAL YORK STATION,MUIS,0,0,E,BD,0
10/15/2021,09:50,Friday,VICTORIA PARK STATION,PUMO,0,0,,BD,0
10/15/2021,09:51,Friday,FINCH STATION,MUIE,0,0,,YU,0
10/15/2021,10:04,Friday,KENNEDY BD STATION,MUTO,3,6,W,BD,5163
10/15/2021,11:06,Friday,SHEPPARD STATION,MUIE,0,0,,YU,0
10/15/2021,11:32,Friday,VAUGHAN MC STATION,TUNOA,3,6,S,YU,0
10/15/2021,11:46,Friday,DONLANDS STATION,MUPAA,4,7,W,BD,5135
10/15/2021,11:47,Friday,KEELE STATION,MUDD,3,6,E,BD,5076
10/15/2021,12:07,Friday,VMC TO EGLINTON STATIO,MUATC,3,6,N,YU,5981
10/15/2021,12:09,Friday,BATHURST STATION,MUIS,0,0,,BD,0
10/15/2021,12:13,Friday,VAUGHAN MC STATION,MUPAA,0,0,N,YU,5761
10/15/2021,12:19,Friday,ST CLAIR WEST STATION,MUPAA,0,0,N,YU,5961
10/15/2021,12:36,Friday,EGLINTON STATION,SUDP,0,0,S,YU,6066
10/15/2021,13:09,Friday,DUNDAS STATION,MUIS,0,0,,YU,0
10/15/2021,13:15,Friday,UNION STATION,MUATC,7,10,N,YU,5721
10/15/2021,13:24,Friday,KING STATION,MUATC,4,7,N,YU,5721
10/15/2021,13:31,Friday,GREENWOOD SHOP,MUODC,0,0,,BD,0
10/15/2021,14:38,Friday,YONGE BD STATION,MUDD,7,10,E,BD,5116
10/15/2021,14:47,Friday,LAWRENCE WEST STATION,SUDP,3,6,N,YU,5761
10/15/2021,14:54,Friday,PAPE STATION,EUCD,3,6,E,BD,5116
10/15/2021,15:26,Friday,EGLINTON STATION (APPR,TUO,6,9,S,YU,6061
10/15/2021,16:33,Friday,DAVISVILLE BUILDUP,SUDP,3,6,S,YU,5991
10/15/2021,16:42,Friday,YOUNGE UNIVERSITY SPAD,TUNOA,3,6,B,YU,0
10/15/2021,17:56,Friday,DUNDAS STATION,SUROB,0,0,N,YU,0
10/15/2021,17:57,Friday,UNION STATION,SUDP,0,0,S,YU,5566
10/15/2021,19:37,Friday,FINCH STATION,MUSC,0,0,S,YU,6116
10/15/2021,20:50,Friday,WELLESLEY STATION,MUPAA,0,0,N,YU,5566
10/15/2021,20:54,Friday,COLLEGE STATION,MUIRS,0,0,,YU,0
10/15/2021,21:15,Friday,EGLINTON STATION,PUMST,0,0,,YU,0
10/15/2021,22:00,Friday,YONGE-UNIVERSITY AND B,MUO,0,0,,YU/BD,0
10/15/2021,22:47,Friday,KIPLING STATION,EUME,6,12,E,BD,5276
10/15/2021,23:32,Friday,YORK MILLS STATION,MUIS,0,0,,YU,0
10/15/2021,00:57,Friday,MAIN STREET STATION,MUIS,0,0,,BD,0
10/15/2021,01:16,Friday,EGLINTON STATION (APPR,MUATC,5,10,S,YU,0
10/15/2021,04:49,Friday,SHEPPARD-YONGE STATION,MUSC,0,0,W,SHP,6196
10/15/2021,06:00,Friday,TORONTO TRANSIT COMMIS,MUO,0,0,,SHP,0
10/15/2021,17:04,Friday,SHEPPARD-YONGE STATION,PUMEL,0,0,,SHP,0
10/15/2021,18:49,Friday,DON MILLS STATION,TUSC,0,0,W,SHP,6196
10/16/2021,05:50,Saturday,GREENWOOD STATION,MUO,3,0,E,BD,5288
10/16/2021,22:00,Saturday,LAWRENCE EAST TO KENNE,MRO,0,0,,SRT,0
10/16/2021,22:58,Saturday,LAWRENCE EAST STATION,SRAP,0,0,N,SRT,0
10/16/2021,06:00,Saturday,YONGE UNIVERSITY SUBWA,MUO,0,0,,YU,0
10/16/2021,08:09,Saturday,CHRISTIE STATION,TUMVS,0,0,E,BD,5002
10/16/2021,00:37,Saturday,MCCOWAN YARD,SRO,0,0,,SRT,3006
10/16/2021,08:47,Saturday,COXWELL STATION,MUIS,0,0,,BD,0
10/16/2021,09:58,Saturday,WARDEN STATION,PUSTC,0,0,W,BD,5070
10/16/2021,10:00,Saturday,WARDEN STATION,PUSTC,7,12,W,BD,5241
10/16/2021,10:15,Saturday,HIGHWAY 407 STATION,SUO,0,0,N,YU,5551
10/16/2021,10:39,Saturday,WARDEN STATION,SUAP,0,0,,BD,0
10/16/2021,11:20,Saturday,OSSINGTON STATION,MUIS,0,0,W,BD,0
10/16/2021,11:41,Saturday,DUNDAS STATION,PUMST,0,0,S,YU,0
10/16/2021,12:56,Saturday,VAUGHAN MC STATION,TUNIP,5,11,S,YU,6061
10/16/2021,13:02,Saturday,KENNEDY BD STATION,TUNOA,4,8,W,BD,5000
10/16/2021,13:39,Saturday,EGLINTON WEST STATION,SUAP,22,27,N,YU,6031
10/16/2021,13:58,Saturday,LAWRENCE STATION,MUPAA,0,0,E,YU,5821
10/16/2021,14:10,Saturday,BROADVIEW STATION,PUTDN,7,11,W,BD,5241
10/16/2021,14:24,Saturday,YORK MILLS STATION,MUPAA,0,0,S,YU,5936
10/16/2021,14:41,Saturday,ST CLAIR WEST STATION,TUO,18,23,N,YU,5811
10/16/2021,14:54,Saturday,COXWELL STATION,MUO,0,0,E,BD,5364
10/16/2021,15:12,Saturday,DUNDAS WEST STATION,SUDP,0,0,E,BD,5035
10/16/2021,15:15,Saturday,LANSDOWNE STATION,SUDP,0,0,W,BD,5030
10/16/2021,15:30,Saturday,DUFFERIN STATION,MUIE,4,8,E,BD,5035
10/16/2021,16:19,Saturday,RUNNYMEDE STATION,SUUT,10,14,W,BD,5278
10/16/2021,16:32,Saturday,ST GEORGE BD STATION,MUIE,4,8,E,BD,5139
10/16/2021,16:57,Saturday,VAUGHAN MC STATION,TUNOA,7,14,B,YU,0
10/16/2021,17:23,Saturday,ISLINGTON STATION,MUNCA,0,0,,BD,0
10/16/2021,18:07,Saturday,LAWRENCE STATION,SUAP,0,0,,YU,0
10/16/2021,19:44,Saturday,JANE STATION,SUAP,0,0,,BD,0
10/16/2021,19:50,Saturday,GREENWOOD YARD,TUO,0,0,W,BD,5154
10/16/2021,20:29,Saturday,BLOOR STATION,MUI,11,18,N,YU,5556
10/16/2021,21:42,Saturday,BATHURST STATION,MUPAA,3,10,E,BD,5162
10/16/2021,22:00,Saturday,YONGE-UNIVERSITY AND B,MUO,0,0,,YU/BD,0
10/16/2021,23:04,Saturday,EGLINTON WEST STATION,MUPAA,0,0,N,YU,6066
10/16/2021,23:17,Saturday,LAWRENCE WEST STATION,SUUT,23,30,N,YU,5866
10/16/2021,23:17,Saturday,ISLINGTON STATION,PUSTS,3,10,W,BD,5181
10/16/2021,00:22,Saturday,BLOOR STATION,MUATC,3,10,S,YU,5621
10/16/2021,00:36,Saturday,KIPLING STATION,MUSAN,4,11,E,BD,5227
10/16/2021,00:43,Saturday,ST GEORGE BD STATION,MUIRS,0,0,,BD,0
10/16/2021,00:44,Saturday,VICTORIA PARK STATION,SUDP,0,0,,BD,0
10/16/2021,01:35,Saturday,BLOOR STATION,MUO,5,12,N,YU,6091
10/16/2021,01:54,Saturday,KEELE YARD,MUIE,0,0,E,BD,5022
10/16/2021,02:53,Saturday,SHEPPARD-YONGE STATION,PUTOE,0,0,W,SHP,0
10/16/2021,09:20,Saturday,LESLIE STATION,EUSC,0,0,W,SHP,6176
10/16/2021,15:58,Saturday,DON MILLS STATION,TUMVS,0,0,W,SHP,6196
10/16/2021,16:43,Saturday,DON MILLS STATION,TUSC,0,0,E,SHP,6166
10/16/2021,20:05,Saturday,LESLIE STATION,MUIS,0,0,,SHP,0
10/17/2021,22:00,Sunday,LAWRENCE EAST TO KENNE,MRO,0,0,,SRT,0
10/17/2021,02:03,Sunday,WILSON STATION,SUDP,0,0,,YU,0
10/17/2021,02:34,Sunday,VAUGHAN MC STATION,MUIR,0,0,S,YU,5501
10/17/2021,07:53,Sunday,WILSON STATION,TUNOA,6,12,S,YU,6006
10/17/2021,08:06,Sunday,KEELE STATION,SUG,6,12,W,BD,5039
10/17/2021,08:17,Sunday,WOODBINE STATION,MUPLB,29,34,E,BD,5208
10/17/2021,09:24,Sunday,FINCH WEST STATION,SUG,6,12,N,YU,5556
10/17/2021,10:37,Sunday,LAWRENCE WEST STATION,PUOPO,0,0,S,YU,6091
10/17/2021,10:57,Sunday,VAUGHAN MC STATION,PUSCR,6,12,N,YU,5611
10/17/2021,11:01,Sunday,SPADINA YUS STATION,PUOPO,3,9,N,YU,6046
10/17/2021,11:05,Sunday,DUPONT STATION,PUOPO,0,0,N,YU,6046
10/17/2021,11:06,Sunday,ST CLAIR WEST STATION,PUOPO,6,12,N,YU,6046
10/17/2021,11:50,Sunday,HIGHWAY 407 STATION,PUOPO,0,0,N,YU,5946
10/17/2021,12:13,Sunday,SHERBOURNE STATION,SUROB,0,0,W,BD,0
10/17/2021,12:26,Sunday,DUFFERIN STATION,SUDP,0,0,W,BD,5035
10/17/2021,13:26,Sunday,COXWELL STATION,PUMST,0,0,,BD,0
10/17/2021,14:02,Sunday,FINCH WEST STATION,PUOPO,0,0,S,YU,5526
10/17/2021,14:18,Sunday,WARDEN STATION,SUDP,0,0,W,BD,5055
10/17/2021,14:59,Sunday,RUNNYMEDE STATION,MUNCA,0,0,,BD,0
10/17/2021,15:00,Sunday,LAWRENCE STATION,MUPAA,0,0,S,YU,5751
10/17/2021,15:07,Sunday,WOODBINE STATION,EUDO,0,0,E,BD,5154
10/17/2021,15:40,Sunday,CHRISTIE STATION,MUO,5,10,E,BD,5055
10/17/2021,15:51,Sunday,OSSINGTON STATION,PUTDN,5,10,E,BD,5144
10/17/2021,16:04,Sunday,ISLINGTON STATION,EUTR,5,10,W,BD,5363
10/17/2021,16:32,Sunday,KIPLING STATION,TUMVS,5,10,W,BD,5364
10/17/2021,16:32,Sunday,KIPLING STATION,TUMVS,5,10,W,BD,5364
10/17/2021,16:43,Sunday,KIPLING STATION,MUPAA,0,0,W,BD,5300
10/17/2021,17:04,Sunday,KIPLING STATION,TUMVS,5,10,W,BD,5181
10/17/2021,17:21,Sunday,PIONEER VILLAGE STATIO,SUDP,3,8,S,YU,5986
10/17/2021,17:25,Sunday,CHRISTIE STATION,MUIR,6,11,E,BD,5044
10/17/2021,17:38,Sunday,VAUGHAN MC STATION,SUDP,3,8,N,YU,5816
10/17/2021,17:50,Sunday,KENNEDY BD STATION,TUMVS,5,10,E,BD,5042
10/17/2021,17:59,Sunday,SHERBOURNE STATION,MUPAA,0,0,E,BD,5149
10/17/2021,18:22,Sunday,ISLINGTON STATION,SUUT,4,9,W,BD,5300
10/17/2021,20:52,Sunday,ST CLAIR STATION,SUDP,7,14,N,YU,5651
10/17/2021,21:36,Sunday,ST GEORGE YUS STATION,MUIR,7,14,S,YU,5491
10/17/2021,21:57,Sunday,LAWRENCE WEST STATION,MUIS,0,0,,YU,0
10/17/2021,22:00,Sunday,YONGE-UNIVERSITY AND B,MUO,0,0,,YU/BD,0
10/17/2021,22:17,Sunday,WELLESLEY STATION,SUDP,0,0,N,YU,5766
10/17/2021,22:30,Sunday,UNION STATION,SUDP,3,10,N,YU,5966
10/17/2021,22:39,Sunday,LAWRENCE STATION,SUAP,0,0,,YU,0
10/17/2021,22:47,Sunday,WELLESLEY STATION,SUDP,9,16,S,YU,6006
10/17/2021,23:00,Sunday,OLD MILL TO ROYAL YORK,PUSTC,0,0,W,BD,5114
10/17/2021,00:08,Sunday,ROYAL YORK STATION,PUSRA,12,17,W,BD,5098
10/17/2021,00:32,Sunday,VAUGHAN MC STATION,MUIS,0,0,,YU,0
10/17/2021,01:32,Sunday,ST GEORGE YUS STATION,TUNIP,7,14,S,YU,5406
10/17/2021,17:05,Sunday,SHEPPARD-YONGE STATION,MUSC,0,0,E,SHP,6191
10/17/2021,17:49,Sunday,SHEPPARD-YONGE STATION,MUSC,0,0,E,SHP,6191
10/18/2021,22:00,Monday,LAWRENCE EAST TO KENNE,MRO,0,0,,SRT,0
10/18/2021,02:32,Monday,VAUGHAN MC STATION,MUIS,0,0,,YU,0
10/18/2021,05:03,Monday,UNION STATION,MUNCA,0,0,,YU,0
10/18/2021,05:17,Monday,VAUGHAN MC STATION,MUTO,5,8,S,YU,5526
10/18/2021,05:37,Monday,ST PATRICK STATION,MUNCA,0,0,,YU,0
10/18/2021,05:39,Monday,EGLINTON STATION,PUSRA,6,0,N,YU,5406
10/18/2021,05:57,Monday,KEELE STATION,EUYRD,9,14,W,BD,5098
10/18/2021,07:35,Monday,EGLINTON STATION (APPR,MUATC,12,15,S,YU,6131
10/18/2021,07:39,Monday,ROYAL YORK STATION,TUS,3,6,W,BD,5067
10/18/2021,08:40,Monday,KEELE STATION,MUDD,10,13,E,BD,5025
10/18/2021,10:03,Monday,KENNEDY BD STATION,PUMST,0,0,,BD,0
10/18/2021,11:35,Monday,WARDEN STATION,PUSTS,0,0,E,BD,5084
10/18/2021,12:03,Monday,EGLINTON STATION,SUDP,0,0,S,YU,5796
10/18/2021,12:11,Monday,PIONEER VILLAGE STATIO,TUATC,3,6,N,YU,5646
10/18/2021,13:10,Monday,VAUGHAN MC STATION,TUNOA,3,6,S,YU,0
10/18/2021,13:25,Monday,OSSINGTON STATION,PUMEL,0,0,,BD,0
10/18/2021,13:44,Monday,VAUGHAN MC STATION,TUNOA,3,6,S,YU,0
10/18/2021,13:52,Monday,OLD MILL STATION,EUDO,11,15,W,BD,5010
10/18/2021,14:17,Monday,KIPLING STATION,SUDP,3,6,E,BD,5179
10/18/2021,15:05,Monday,ST PATRICK STATION,PUMEL,0,0,,YU,0
10/18/2021,15:05,Monday,YONGE BD STATION,SUAP,6,9,E,BD,5286
10/18/2021,15:44,Monday,YORK MILLS STATION,MUSC,0,0,S,YU,5426
10/18/2021,15:48,Monday,PAPE STATION,SUDP,0,0,E,BD,5059
10/18/2021,15:56,Monday,ST GEORGE YUS STATION,SUDP,3,6,N,YU,5991
10/18/2021,16:18,Monday,EGLINTON STATION (APPR,TUATC,3,6,S,YU,6056
10/18/2021,16:28,Monday,VAUGHAN MC STATION,TUNOA,3,6,S,YU,0
10/18/2021,16:37,Monday,SHEPPARD WEST STATION,MUPAA,0,0,N,YU,6071
10/18/2021,16:53,Monday,VAUGHAN MC STATION,TUNOA,3,6,S,YU,0
10/18/2021,16:54,Monday,WOODBINE STATION,MUPLB,55,58,E,BD,5103
10/18/2021,17:24,Monday,VAUGHAN MC STATION,TUNOA,3,6,S,YU,5391
10/18/2021,17:34,Monday,COLLEGE STATION,SUUT,7,10,N,YU,5976
10/18/2021,17:44,Monday,DUNDAS WEST STATION,SUDP,0,0,W,BD,5351
10/18/2021,17:54,Monday,KIPLING STATION,PUTSC,3,6,W,BD,5059
10/18/2021,18:59,Monday,VAUGHAN MC STATION,TUNOA,3,6,S,YU,5666
10/18/2021,19:19,Monday,HIGH PARK STATION,SUUT,4,8,W,BD,5118
10/18/2021,20:32,Monday,YORK MILLS STATION,MUIR,4,7,N,YU,5996
10/18/2021,22:12,Monday,PAPE STATION,MUIS,0,0,,BD,0
10/18/2021,22:28,Monday,DUNDAS WEST STATION,MUIRS,0,0,E,BD,0
10/18/2021,22:35,Monday,KEELE STATION,MUIS,0,0,,BD,0
10/18/2021,22:48,Monday,LAWRENCE WEST STATION,MUIS,0,0,,YU,0
10/18/2021,23:15,Monday,EGLINTON TO SHEPPARD S,MUO,0,0,B,YU,0
10/18/2021,23:24,Monday,EGLINTON STATION,MUIS,0,0,,YU,0
10/18/2021,00:48,Monday,SHEPPARD STATION,TUSC,0,0,S,YU,5701
10/18/2021,01:34,Monday,SHEPPARD WEST STATION,MUI,20,25,S,YU,5691
10/18/2021,21:16,Monday,SHEPPARD-YONGE STATION,TUO,3,8,E,SHP,6166
10/19/2021,02:02,Tuesday,KENNEDY BD STATION,MUIS,0,0,,BD,0
10/19/2021,06:00,Tuesday,TORONTO TRANSIT COMMIS,MRO,0,0,,SRT,0
10/19/2021,22:00,Tuesday,LAWRENCE EAST TO KENNE,MRO,0,0,,SRT,0
10/19/2021,03:51,Tuesday,YONGE BD STATION,MUPLB,0,0,E,BD,0
10/19/2021,05:20,Tuesday,BROADVIEW STATION,MUPLB,88,0,E,BD,5199
10/19/2021,06:00,Tuesday,TORONTO TRANSIT COMMIS,MUO,0,0,,YU/BD,0
10/19/2021,06:12,Tuesday,NORTH YORK CTR STATION,MUIRS,0,0,,YU,0
10/19/2021,07:14,Tuesday,KEELE STATION,MUIS,0,0,E,BD,0
10/19/2021,07:22,Tuesday,HIGH PARK STATION,SUO,4,7,W,BD,5296
10/19/2021,07:40,Tuesday,KIPLING STATION,MUIE,3,6,E,BD,5013
10/19/2021,08:20,Tuesday,QUEEN STATION,SUUT,0,0,S,YU,5461
10/19/2021,08:40,Tuesday,FINCH STATION,MUSC,3,6,S,YU,6056
10/19/2021,09:16,Tuesday,COXWELL STATION,TUO,3,6,E,BD,0
10/19/2021,09:31,Tuesday,FINCH STATION,SUSA,0,0,,YU,0
10/19/2021,11:11,Tuesday,CHESTER STATION,SUDP,0,0,W,BD,5034
10/19/2021,11:28,Tuesday,EGLINTON WEST STATION,MUPAA,0,0,N,YU,5696
10/19/2021,12:02,Tuesday,PAPE STATION,PUMO,0,0,,BD,0
10/19/2021,13:16,Tuesday,FINCH STATION,MUSC,3,6,S,YU,5696
10/19/2021,13:26,Tuesday,WILSON STATION,TUNOA,3,6,S,YU,0
10/19/2021,13:33,Tuesday,VAUGHAN MC STATION,TUNOA,3,6,S,YU,0
10/19/2021,14:13,Tuesday,DAVISVILLE STATION,SUDP,15,18,S,YU,5661
10/19/2021,14:52,Tuesday,KEELE STATION,SUDP,7,10,E,BD,5149
10/19/2021,15:01,Tuesday,YONGE BD STATION,SUDP,0,0,E,BD,5213
10/19/2021,15:01,Tuesday,BLOOR STATION,SUDP,0,0,S,YU,6096
10/19/2021,15:16,Tuesday,FINCH WEST STATION,SUSA,0,0,,YU,0
10/19/2021,16:21,Tuesday,VAUGHAN MC STATION,MUTO,3,6,S,YU,5876
10/19/2021,16:38,Tuesday,DUPONT STATION,MUSAN,3,6,S,YU,5576
10/19/2021,16:40,Tuesday,VAUGHAN MC STATION,MUTO,0,0,S,YU,5876
10/19/2021,17:15,Tuesday,WARDEN STATION,TUMVS,3,6,W,BD,5192
10/19/2021,17:35,Tuesday,VAUGHAN MC STATION,TUNOA,3,6,S,YU,0
10/19/2021,18:03,Tuesday,VAUGHAN MC STATION,TUNOA,3,6,S,YU,0
10/19/2021,18:07,Tuesday,KIPLING STATION,MUTO,3,6,W,BD,5212
10/19/2021,18:16,Tuesday,ISLINGTON STATION,TUSUP,5,8,E,BD,5262
10/19/2021,18:27,Tuesday,KIPLING STATION,TUMVS,0,0,W,BD,5005
10/19/2021,18:46,Tuesday,SPADINA BD STATION,MUIS,0,0,,BD,0
10/19/2021,18:50,Tuesday,FINCH STATION,MUIS,0,0,,YU,0
10/19/2021,18:59,Tuesday,VAUGHAN MC STATION,TUNOA,3,6,S,YU,0
10/19/2021,19:51,Tuesday,VICTORIA PARK STATION,SUUT,8,14,W,BD,5003
10/19/2021,20:04,Tuesday,WARDEN STATION,TUO,3,6,E,BD,5130
10/19/2021,20:10,Tuesday,VICTORIA PARK STATION,SUUT,4,10,W,BD,5063
10/19/2021,21:20,Tuesday,MUSEUM STATION,MUATC,3,6,N,YU,5551
10/19/2021,21:34,Tuesday,VICTORIA PARK STATION,PUMST,0,0,,BD,0
10/19/2021,21:42,Tuesday,FINCH STATION,TUSC,0,0,N,YU,5986
10/19/2021,22:00,Tuesday,YONGE-UNIVERSITY AND B,MUO,0,0,,YU/BD,0
10/19/2021,22:12,Tuesday,YONGE BD STATION,EUME,6,12,W,BD,5032
10/19/2021,22:36,Tuesday,BATHURST STATION,SUDP,4,10,E,BD,5252
10/19/2021,23:07,Tuesday,SPADINA BD STATION,SUDP,7,13,E,BD,5032
10/19/2021,23:10,Tuesday,EGLINTON STATION,SUDP,0,0,S,YU,5416
10/19/2021,00:35,Tuesday,YORK MILLS STATION,SUDP,0,0,,YU,0
10/19/2021,00:39,Tuesday,SHEPPARD STATION,PUTWZ,8,13,N,YU,5841
10/19/2021,06:00,Tuesday,TORONTO TRANSIT COMMIS,MUO,0,0,,SHP,0
10/19/2021,06:19,Tuesday,BESSARION STATION,TUMVS,7,12,E,SHP,6171
10/19/2021,12:37,Tuesday,LESLIE STATION,TUSC,0,0,W,SHP,6151
10/19/2021,12:52,Tuesday,LESLIE STATION,MUIS,0,0,,SHP,0
10/19/2021,21:08,Tuesday,DON MILLS STATION,TUSC,0,0,W,SHP,6186
10/19/2021,01:14,Tuesday,LESLIE STATION,MUIS,0,0,,SHP,0
10/20/2021,18:18,Wednesday,MCCOWAN STATION,PRSA,20,25,N,SRT,3004
10/20/2021,02:24,Wednesday,SHEPPARD STATION,MUIRS,0,0,,YU,0
10/20/2021,03:17,Wednesday,HIGH PARK STATION,SUUT,0,0,W,BD,0
10/20/2021,22:00,Wednesday,LAWRENCE EAST TO KENNE,MRO,0,0,,SRT,0
10/20/2021,05:32,Wednesday,YORK MILLS STATION,MUATC,5,0,N,YU,5546
10/20/2021,05:55,Wednesday,CHRISTIE STATION,EUVE,4,0,W,BD,5262
10/20/2021,05:58,Wednesday,KEELE YARD,EUME,5,10,W,BD,5144
10/20/2021,06:15,Wednesday,DONLANDS STATION,EUSC,0,0,W,BD,5310
10/20/2021,06:15,Wednesday,OSGOODE STATION,SUDP,0,0,,YU,0
10/20/2021,07:11,Wednesday,UNION STATION,MUIS,0,0,,YU,0
10/20/2021,07:11,Wednesday,LAWRENCE STATION,MUTD,3,6,N,YU,6936
10/20/2021,07:44,Wednesday,ST GEORGE BD STATION,SUDP,0,0,W,BD,5292
10/20/2021,08:39,Wednesday,VAUGHAN MC STATION,SUDP,17,20,S,YU,5486
10/20/2021,09:11,Wednesday,FINCH STATION,SUAE,0,0,,YU,0
10/20/2021,10:32,Wednesday,NORTH YORK CTR STATION,EUSC,0,0,S,YU,5401
10/20/2021,13:48,Wednesday,ST PATRICK STATION,PUMEL,0,0,,YU,0
10/20/2021,14:37,Wednesday,ST CLAIR WEST STATION,MUIS,0,0,,YU,0
10/20/2021,14:59,Wednesday,CHRISTIE STATION,SUDP,0,0,E,BD,5169
10/20/2021,15:32,Wednesday,FINCH STATION,MUIRS,0,0,,YU,0
10/20/2021,16:28,Wednesday,VAUGHAN MC STATION,TUNOA,3,6,S,YU,0
10/20/2021,16:34,Wednesday,FINCH WEST STATION,PUMEL,0,0,,YU,0
10/20/2021,16:54,Wednesday,VICTORIA PARK STATION,TUMVS,3,6,E,BD,5241
10/20/2021,17:10,Wednesday,DONLANDS STATION,MUIS,0,0,W,BD,5288
10/20/2021,17:22,Wednesday,DUNDAS STATION,MUIRS,0,0,S,YU,5696
10/20/2021,17:38,Wednesday,VAUGHAN MC STATION,TUNOA,3,6,S,YU,0
10/20/2021,17:52,Wednesday,KIPLING STATION,SUO,3,6,W,BD,5208
10/20/2021,17:54,Wednesday,LAWRENCE STATION,SUDP,0,0,S,YU,5796
10/20/2021,17:56,Wednesday,EGLINTON STATION,PUMEL,0,0,,YU,0
10/20/2021,18:30,Wednesday,EGLINTON WEST STATION,MUDD,3,6,N,YU,6001
10/20/2021,18:51,Wednesday,WILSON STATION,MUTO,3,6,N,YU,5706
10/20/2021,18:53,Wednesday,VAUGHAN MC STATION,EUPI,5,8,S,YU,5741
10/20/2021,18:59,Wednesday,VAUGHAN MC STATION,TUNOA,3,6,S,YU,0
10/20/2021,19:48,Wednesday,DONLANDS STATION,MUIS,0,0,,BD,0
10/20/2021,19:49,Wednesday,ST GEORGE YUS STATION,MUSAN,3,6,N,YU,5882
10/20/2021,20:09,Wednesday,ISLINGTON STATION,MUO,0,0,W,BD,5171
10/20/2021,20:12,Wednesday,BROADVIEW STATION,TUO,3,6,E,BD,5241
10/20/2021,20:20,Wednesday,DUFFERIN STATION,MUIS,0,0,,BD,0
10/20/2021,22:00,Wednesday,YONGE-UNIVERSITY AND B,MUO,0,0,,YU / BD,0
10/20/2021,22:28,Wednesday,HIGH PARK STATION,SUUT,21,27,W,BD,5288
10/20/2021,23:38,Wednesday,KENNEDY BD STATION,MUIS,0,0,,BD,0
10/20/2021,23:54,Wednesday,MAIN STREET STATION,SUUT,15,21,E,BD,5192
10/20/2021,00:01,Wednesday,ROSEDALE STATION,SUBT,38,45,N,YU,5751
10/20/2021,00:22,Wednesday,SHERBOURNE STATION,SUO,10,16,E,BD,5003
10/20/2021,00:54,Wednesday,EGLINTON STATION,MUIS,0,0,,YU,0
10/20/2021,01:30,Wednesday,ST GEORGE YUS STATION,SUAP,0,0,N,YU,0
10/20/2021,01:38,Wednesday,SHEPPARD WEST STATION,SUO,4,9,S,YU,5836
10/20/2021,14:19,Wednesday,BESSARION STATION,MUIR,5,10,W,SHP,6151
10/20/2021,17:40,Wednesday,BESSARION STATION,MUSC,5,10,E,SHP,6181
10/21/2021,16:06,Thursday,SCARBOROUGH CTR STATIO,ERDO,10,15,N,SRT,3007
10/21/2021,02:24,Thursday,SPADINA BD STATION,MUIS,0,0,,BD,0
10/21/2021,18:42,Thursday,ELLESMERE STATION,MRO,0,0,,SRT,0
10/21/2021,02:28,Thursday,VAUGHAN MC STATION,SUDP,0,0,S,YU,5491
10/21/2021,05:50,Thursday,FINCH STATION,EUBO,3,6,S,YU,5536
10/21/2021,22:00,Thursday,LAWRENCE EAST TO KENNE,MRO,0,0,,SRT,0
10/21/2021,06:13,Thursday,DAVISVILLE STATION,MUATC,8,11,S,YU,5861
10/21/2021,06:49,Thursday,EGLINTON STATION,MUSC,3,6,N,YU,5466
10/21/2021,07:02,Thursday,BAY STATION,MUIRS,0,0,,BD,0
10/21/2021,07:24,Thursday,FINCH STATION,MUIS,0,0,,YU,0
10/21/2021,08:11,Thursday,DUNDAS WEST STATION,SUDP,0,0,,YU,0
10/21/2021,10:15,Thursday,GLENCAIRN STATION,SUUT,5,8,N,YU,5591
10/21/2021,11:02,Thursday,BLOOR STATION,MUIR,3,6,S,YU,6066
10/21/2021,11:12,Thursday,EGLINTON STATION,MUATC,9,12,S,YU,6001
10/21/2021,12:02,Thursday,VAUGHAN MC STATION,TUNOA,3,6,S,YU,5426
10/21/2021,12:41,Thursday,BLOOR STATION,SUDP,0,0,N,YU,5666
10/21/2021,12:43,Thursday,DAVISVILLE STATION,MUATC,4,7,N,YU,5626
10/21/2021,12:50,Thursday,DAVISVILLE STATION,MUATC,3,6,N,YU,5666
10/21/2021,13:35,Thursday,DUFFERIN STATION,MUIRS,0,0,,BD,0
10/21/2021,13:54,Thursday,VAUGHAN MC STATION,TUNOA,3,6,S,YU,5756
10/21/2021,14:10,Thursday,WILSON STATION,MUATC,5,8,S,YU,5426
10/21/2021,14:16,Thursday,DUFFERIN STATION,MUPAA,0,0,E,BD,5292
10/21/2021,15:00,Thursday,FINCH STATION,MUSC,3,6,S,YU,5836
10/21/2021,15:08,Thursday,ST CLAIR WEST STATION,PUMEL,0,0,,YU,0
10/21/2021,15:12,Thursday,DUNDAS WEST STATION,MUPAA,0,0,W,BD,5031
10/21/2021,15:15,Thursday,DUNDAS WEST STATION,TUMVS,3,6,W,BD,5252
10/21/2021,15:48,Thursday,SHEPPARD WEST STATION,EUBO,3,6,S,YU,5561
10/21/2021,16:54,Thursday,ISLINGTON STATION,PUSTS,7,10,E,BD,5274
10/21/2021,16:55,Thursday,ISLINGTON STATION,TUMVS,0,0,E,BD,5180
10/21/2021,17:12,Thursday,GLENCAIRN STATION,MUIS,0,0,N,YU,5766
10/21/2021,17:41,Thursday,SPADINA YUS STATION,SUUT,0,0,S,YU,5441
10/21/2021,17:43,Thursday,EGLINTON STATION,MUI,5,8,N,YU,5466
10/21/2021,17:54,Thursday,DAVISVILLE STATION,SUAP,9,12,S,YU,5481
10/21/2021,18:03,Thursday,VAUGHAN MC STATION,TUNOA,3,6,S,YU,0
10/21/2021,18:21,Thursday,PAPE STATION,MUPAA,0,0,E,BD,5149
10/21/2021,19:37,Thursday,YONGE BD STATION,MUPAA,0,0,E,BD,5171
10/21/2021,21:20,Thursday,UNION STATION,MUIE,0,0,,YU,0
10/21/2021,21:32,Thursday,COLLEGE STATION,SUDP,0,0,N,YU,5546
10/21/2021,22:00,Thursday,YONGE-UNIVERSITY AND B,MUO,0,0,,YU/BD,0
10/21/2021,23:18,Thursday,SHEPPARD WEST STATION,SUAE,0,0,,YU,0
10/21/2021,23:39,Thursday,COXWELL STATION,TUNOA,6,12,E,BD,0
10/21/2021,23:41,Thursday,EGLINTON STATION,MUTO,5,10,N,YU,5441
10/21/2021,00:37,Thursday,BLOOR STATION,SUDP,4,9,S,YU,5396
10/21/2021,01:49,Thursday,DUNDAS STATION,SUAE,0,0,N,YU,0
10/21/2021,06:59,Thursday,SHEPPARD-YONGE STATION,MUIS,0,0,,SHP,0
10/21/2021,13:37,Thursday,LESLIE STATION,MUSC,0,0,W,SHP,6196
10/21/2021,22:10,Thursday,BAYVIEW STATION,PUMO,0,0,,SHP,0
10/22/2021,22:00,Friday,LAWRENCE EAST STATION,MRO,0,0,,SRT,0
10/22/2021,02:15,Friday,VAUGHAN MC STATION,MUIS,0,0,S,YU,5911
10/22/2021,02:29,Friday,OSSINGTON STATION,MUIRS,0,0,E,BD,0
10/22/2021,02:44,Friday,FINCH STATION,MUIS,0,0,,YU,0
10/22/2021,06:17,Friday,DUNDAS WEST STATION,MUIRS,0,0,W,BD,0
10/22/2021,06:28,Friday,DONLANDS STATION,TUO,0,0,W,BD,5000
10/22/2021,06:53,Friday,KIPLING STATION,MUTO,3,6,E,BD,5363
10/22/2021,07:28,Friday,DUNDAS WEST STATION,MUIRS,0,0,,BD,0
10/22/2021,07:33,Friday,VAUGHAN MC STATION,TUNIP,4,7,S,YU,5751
10/22/2021,07:52,Friday,EGLINTON STATION,MUATC,3,6,S,YU,5911
10/22/2021,07:58,Friday,KENNEDY BD STATION,MUIS,0,0,,BD,0
10/22/2021,08:35,Friday,DUNDAS WEST STATION,SUAP,0,0,,BD,0
10/22/2021,08:43,Friday,LANSDOWNE STATION,EUDO,4,7,W,BD,5354
10/22/2021,08:49,Friday,UNION STATION,MUPAA,0,0,N,YU,6051
10/22/2021,09:28,Friday,KENNEDY BD STATION,TUNOA,3,6,W,BD,0
10/22/2021,09:37,Friday,FINCH STATION,TUSC,3,6,N,YU,5486
10/22/2021,09:40,Friday,EGLINTON STATION,MUATC,3,6,S,YU,5921
10/22/2021,09:46,Friday,DAVISVILLE STATION,MUIS,0,0,N,YU,0
10/22/2021,10:51,Friday,EGLINTON STATION,MUATC,0,0,S,YU,5401
10/22/2021,11:45,Friday,VICTORIA PARK STATION,EUOE,0,0,W,BD,5354
10/22/2021,12:38,Friday,WILSON STATION,TUNOA,3,6,S,YU,0
10/22/2021,12:53,Friday,DUNDAS STATION,MUIS,0,0,N,YU,5886
10/22/2021,13:03,Friday,BROADVIEW STATION,PUSTC,3,6,W,BD,5050
10/22/2021,13:10,Friday,OSSINGTON STATION,TUMVS,6,9,E,BD,5241
10/22/2021,13:12,Friday,VAUGHAN MC STATION,TUNOA,3,6,S,YU,0
10/22/2021,13:15,Friday,CHRISTIE STATION,TUO,3,6,E,BD,5241
10/22/2021,13:34,Friday,QUEEN STATION,SUO,0,0,,YU,0
10/22/2021,13:38,Friday,QUEEN'S PARK STATION,SUDP,0,0,,YU,0
10/22/2021,13:46,Friday,PAPE STATION,TUNOA,3,6,E,BD,5041
10/22/2021,14:08,Friday,BLOOR STATION,SUDP,5,8,S,YU,5591
10/22/2021,14:34,Friday,UNION STATION,SUDP,0,0,,YU,0
10/22/2021,15:18,Friday,YONGE BD STATION,PUEWZ,0,0,W,BD,5026
10/22/2021,15:32,Friday,VAUGHAN MC STATION,TUNOA,3,6,S,YU,0
10/22/2021,15:47,Friday,DAVISVILLE STATION,SUDP,3,6,S,YU,6016
10/22/2021,16:06,Friday,YORK MILLS STATION,SUEAS,12,15,S,YU,5606
10/22/2021,16:15,Friday,LAWRENCE WEST STATION,SUUT,19,22,N,YU,6131
10/22/2021,16:45,Friday,DUNDAS STATION,SUUT,4,7,S,YU,5616
10/22/2021,16:46,Friday,VAUGHAN MC STATION,TUNOA,3,6,S,YU,0
10/22/2021,17:06,Friday,FINCH STATION,MUPAA,0,0,S,YU,5391
10/22/2021,17:14,Friday,VAUGHAN MC STATION,TUNOA,3,6,S,YU,0
10/22/2021,17:17,Friday,KEELE STATION,MUIS,0,0,,BD,0
10/22/2021,17:32,Friday,OSGOODE STATION,SUUT,0,0,S,YU,5926
10/22/2021,17:39,Friday,EGLINTON STATION,TUATC,3,6,S,YU,5671
10/22/2021,17:48,Friday,WELLESLEY STATION,MUIS,0,0,N,YU,0
10/22/2021,18:25,Friday,DUNDAS WEST STATION,MUI,19,22,W,BD,5008
10/22/2021,19:19,Friday,DONLANDS STATION,PUMST,0,0,,BD,0
10/22/2021,19:31,Friday,WARDEN STATION,TUMVS,0,0,W,BD,5248
10/22/2021,20:00,Friday,SPADINA YUS STATION,SUDP,0,0,N,YU,5766
10/22/2021,20:09,Friday,VAUGHAN MC STATION,MUATC,4,7,S,YU,5496
10/22/2021,20:16,Friday,EGLINTON STATION,MUATC,4,7,S,YU,5576
10/22/2021,20:46,Friday,DAVISVILLE STATION,SUDP,3,6,S,YU,6056
10/22/2021,21:08,Friday,ST ANDREW STATION,MUIS,0,0,N,YU,0
10/22/2021,21:57,Friday,RUNNYMEDE STATION,SUAP,8,14,E,BD,5265
10/22/2021,22:00,Friday,YONGE-UNIVERSITY AND B,MUO,0,0,,YU/BD,0
10/22/2021,22:42,Friday,KING STATION,PUMST,0,0,,YU,0
10/22/2021,22:51,Friday,KIPLING STATION,MUIS,0,0,,BD,0
10/22/2021,23:02,Friday,SHEPPARD WEST STATION,SUAP,0,0,N,YU,5766
10/22/2021,23:15,Friday,BLOOR STATION,MUIS,0,0,N,YU,0
10/22/2021,23:23,Friday,ROSEDALE STATION,SUUT,33,38,N,YU,6066
10/22/2021,23:41,Friday,VAUGHAN MC STATION,MUIR,3,8,S,YU,5831
10/22/2021,00:40,Friday,ST GEORGE YUS STATION,MUIR,16,21,N,YU,5796
10/22/2021,00:43,Friday,OSSINGTON STATION,SUDP,0,0,E,BD,5239
10/22/2021,01:55,Friday,VAUGHAN MC STATION,SUDP,14,19,N,YU,5401
10/22/2021,02:15,Friday,SHEPPARD-YONGE STATION,MUIS,0,0,,SHP,0
10/22/2021,23:58,Friday,SHEPPARD-YONGE STATION,MUIS,0,0,,SHP,0
10/23/2021,02:01,Saturday,FINCH STATION,SUDP,0,0,S,YU,6131
10/23/2021,14:21,Saturday,MCCOWAN STATION,TRNOA,6,12,S,SRT,0
10/23/2021,06:00,Saturday,FINCH STATION TO ST CL,MUO,0,0,,YU,0
10/23/2021,16:45,Saturday,LAWRENCE EAST STATION,MRPAA,3,9,S,SRT,3008
10/23/2021,18:46,Saturday,MCCOWAN STATION,TRNOA,8,14,S,SRT,3004
10/23/2021,06:11,Saturday,ST CLAIR STATION,MUATC,3,8,S,YU,5826
10/23/2021,06:36,Saturday,EGLINTON WEST STATION,MUPAA,0,0,N,YU,6056
10/23/2021,19:39,Saturday,SCARBOROUGH CTR STATIO,TRNCA,0,0,,SRT,0
10/23/2021,07:38,Saturday,DUNDAS WEST STATION,MUIS,0,0,,BD,0
10/23/2021,22:00,Saturday,LAWRENCE EAST TO KENNE,MRO,0,0,B,SRT,0
10/23/2021,07:51,Saturday,DOWNSVIEW PARK STATION,SUO,0,0,N,YU,5816
10/23/2021,08:03,Saturday,YORK UNIVERSITY STATIO,SUO,6,12,N,YU,5816
10/23/2021,08:45,Saturday,COXWELL STATION,TUNOA,4,8,E,BD,5000
10/23/2021,13:12,Saturday,COXWELL STATION,TUNOA,4,8,W,BD,0
10/23/2021,13:30,Saturday,YONGE BD STATION,MUSC,3,8,W,BD,5048
10/23/2021,13:54,Saturday,KENNEDY BD STATION,EUDO,8,12,W,BD,5145
10/23/2021,14:26,Saturday,WELLESLEY STATION,SUDP,5,10,S,YU,6056
10/23/2021,15:14,Saturday,ROSEDALE STATION,MUPAA,0,0,N,YU,6041
10/23/2021,15:17,Saturday,CHESTER STATION,MUIS,0,0,W,BD,0
10/23/2021,16:51,Saturday,ST CLAIR WEST STATION,SUAP,0,0,,YU,0
10/23/2021,17:06,Saturday,WARDEN STATION,PUMEL,0,0,,BD,0
10/23/2021,17:26,Saturday,ISLINGTON STATION,TUNCA,0,0,,BD,0
10/23/2021,17:31,Saturday,YONGE BD STATION,SUDP,0,0,W,BD,5304
10/23/2021,17:43,Saturday,KEELE STATION,SUO,22,26,E,BD,5200
10/23/2021,18:05,Saturday,COXWELL STATION,TUNOA,4,8,E,BD,0
10/23/2021,18:05,Saturday,COXWELL STATION,TUNOA,4,8,E,BD,0
10/23/2021,18:17,Saturday,HIGH PARK STATION,MUSAN,0,0,E,BD,5050
10/23/2021,18:42,Saturday,COXWELL STATION,TUNOA,4,8,E,BD,5117
10/23/2021,18:42,Saturday,COXWELL STATION,TUNOA,4,8,E,BD,0
10/23/2021,19:22,Saturday,VICTORIA PARK STATION,SUO,0,0,W,BD,5192
10/23/2021,19:58,Saturday,ISLINGTON STATION,PUSTS,7,11,E,BD,5318
10/23/2021,21:28,Saturday,PIONEER VILLAGE STATIO,SUDP,0,0,,YU,0
10/23/2021,22:00,Saturday,YONGE UNIVERSITY SUBWA,MUO,0,0,,YU/BD,0
10/23/2021,22:44,Saturday,GLENCAIRN STATION,SUDP,9,16,S,YU,5831
10/23/2021,23:26,Saturday,VAUGHAN MC STATION,SUUT,7,14,,YU,5666
10/23/2021,23:36,Saturday,SHEPPARD WEST STATION,EUDO,5,12,S,YU,5746
10/23/2021,23:51,Saturday,BLOOR STATION,SUEAS,9,16,S,YU,6021
10/23/2021,00:04,Saturday,SUMMERHILL STATION,MUATC,7,14,N,YU,5811
10/24/2021,13:22,Sunday,LAWRENCE EAST STATION,ERTC,46,52,N,SRT,3017
10/24/2021,02:46,Sunday,VAUGHAN MC STATION,MUIS,0,0,,YU,0
10/24/2021,22:00,Sunday,LAWRENCE EAST TO KENNE,MRO,0,0,B,SRT,0
10/24/2021,08:00,Sunday,YONGE UNIVERSITY SUBWA,MUO,0,0,,YU,0
10/24/2021,08:12,Sunday,GREENWOOD STATION,TUNOA,5,10,E,BD,0
10/24/2021,08:23,Sunday,OSSINGTON STATION,SUO,0,0,W,BD,5012
10/24/2021,08:30,Sunday,OSSINGTON STATION,MUO,0,0,W,BD,5026
10/24/2021,11:05,Sunday,BROADVIEW STATION,SUO,0,0,W,BD,5306
10/24/2021,11:08,Sunday,BROADVIEW STATION,SUUT,64,69,E,BD,5195
10/24/2021,11:13,Sunday,KIPLING STATION,SUDP,0,0,,BD,0
10/24/2021,11:58,Sunday,LAWRENCE STATION,PUMEL,0,0,,YU,0
10/24/2021,12:10,Sunday,COXWELL STATION,TUNOA,5,10,E,BD,0
10/24/2021,12:15,Sunday,SHERBOURNE STATION,MUSC,0,0,W,BD,5308
10/24/2021,12:33,Sunday,WARDEN STATION,MUIS,0,0,,BD,0
10/24/2021,12:42,Sunday,ST GEORGE YUS STATION,PUOPO,3,8,N,YU,5911
10/24/2021,14:12,Sunday,VAUGHAN MC STATION,PUOPO,0,0,S,YU,5521
10/24/2021,14:15,Sunday,HIGHWAY 407 STATION,PUOPO,6,11,S,YU,5521
10/24/2021,14:23,Sunday,PIONEER VILLAGE STATIO,PUOPO,5,10,S,YU,5521
10/24/2021,15:08,Sunday,QUEEN STATION,SUUT,0,0,S,YU,5531
10/24/2021,15:40,Sunday,WARDEN STATION,SUAP,12,17,E,BD,5152
10/24/2021,16:17,Sunday,HIGHWAY 407 STATION,PUOPO,4,9,S,YU,5656
10/24/2021,16:20,Sunday,PIONEER VILLAGE STATIO,PUOPO,0,0,S,YU,5656
10/24/2021,16:24,Sunday,YORK UNIVERSITY STATIO,PUOPO,5,10,S,YU,5656
10/24/2021,16:35,Sunday,ST CLAIR STATION,MUTO,5,10,S,YU,5716
10/24/2021,16:55,Sunday,ST PATRICK STATION,MUNCA,0,0,,YU,0
10/24/2021,18:01,Sunday,SPADINA BD STATON,MUIRS,0,0,,BD,0
10/24/2021,19:05,Sunday,CHRISTIE STATION,MUIS,0,0,E,BD,0
10/24/2021,19:49,Sunday,VAUGHAN MC STATION,SUPOL,0,0,S,YU,5711
10/24/2021,20:06,Sunday,RUNNYMEDE STATION,MUPAA,0,0,E,BD,5070
10/24/2021,22:00,Sunday,YONGE-UNIVERSITY AND B,MUO,0,0,,YU/BD,0
10/24/2021,00:09,Sunday,UNION STATION,MUIE,0,0,,YU,0
10/24/2021,00:13,Sunday,CASTLE FRANK STATION,MUPAA,7,14,W,BD,5167
10/24/2021,00:34,Sunday,ST CLAIR STATION,MUIS,0,0,S,YU,0
10/24/2021,01:06,Sunday,COXWELL STATION,MUIS,0,0,W,BD,0
10/24/2021,01:24,Sunday,SHEPPARD WEST STATION,MUIS,0,0,,YU,0
10/24/2021,13:24,Sunday,SHEPPARD-YONGE STATION,PUOPO,5,10,E,SHP,6181
10/25/2021,05:45,Monday,FINCH STATION,PUSNT,0,0,N,YU,5906
10/25/2021,13:37,Monday,KENNEDY SRT STATION,ERDO,0,0,N,SRT,3027
10/25/2021,05:46,Monday,EGLINTON STATION,MUATC,7,0,S,YU,5791
10/25/2021,22:00,Monday,LAWRENCE EAST TO KENNE,MRO,0,0,,SRT,0
10/25/2021,05:53,Monday,KEELE STATION,EUYRD,9,14,W,BD,5018
10/25/2021,05:55,Monday,ST CLAIR WEST STATION,EUO,4,0,S,YU,5686
10/25/2021,05:55,Monday,GREENWOOD STATION,MUSC,12,17,E,BD,5259
10/25/2021,06:40,Monday,YORK MILLS STATION,SUDP,10,13,N,YU,5666
10/25/2021,07:16,Monday,LANSDOWNE STATION,MUDD,3,6,E,BD,5060
10/25/2021,08:01,Monday,EGLINTON STATION,MUATC,10,13,S,YU,5751
10/25/2021,08:47,Monday,ST CLAIR WEST STATION,MUTO,3,6,N,YU,5551
10/25/2021,09:24,Monday,EGLINTON STATION,MUATC,7,10,S,YU,5421
10/25/2021,09:25,Monday,VAUGHAN MC STATION,TUNOA,3,6,S,YU,5906
10/25/2021,09:26,Monday,KIPLING STATION,SUDP,0,0,,BD,0
10/25/2021,09:49,Monday,VAUGHAN MC STATION,TUNOA,3,6,S,YU,0
10/25/2021,10:02,Monday,DUNDAS WEST STATION,SUAP,0,0,W,BD,0
10/25/2021,11:21,Monday,VAUGHAN MC STATION,TUNIP,3,6,S,YU,5831
10/25/2021,11:26,Monday,WILSON STATION,MUIRS,0,0,,YU,0
10/25/2021,11:56,Monday,BLOOR STATION,SUO,0,0,S,YU,6131
10/25/2021,12:00,Monday,PIONEER VILLAGE STATIO,MUI,25,27,S,YU,5846
10/25/2021,12:25,Monday,EGLINTON STATION,MUATC,8,11,S,YU,5746
10/25/2021,12:42,Monday,EGLINTON STATION,MUATC,3,6,S,YU,5786
10/25/2021,13:32,Monday,EGLINTON STATION,MUTD,10,13,S,YU,5931
10/25/2021,13:50,Monday,PAPE STATION,TUNOA,3,6,E,BD,0
10/25/2021,13:56,Monday,WELLESLEY STATION,MUPR1,7,10,S,YU,6131
10/25/2021,14:16,Monday,PAPE STATION,MUPAA,0,0,E,BD,5275
10/25/2021,14:50,Monday,BAY STATION,SUAE,10,13,W,BD,5213
10/25/2021,14:52,Monday,WOODBINE STATION,SUDP,0,0,W,BD,0
10/25/2021,15:28,Monday,KIPLING STATION,MUTO,3,6,E,BD,5163
10/25/2021,15:28,Monday,YONGE BD STATION,PUMEL,0,0,,BD,0
10/25/2021,15:35,Monday,FINCH STATION,TUSC,0,0,N,YU,5826
10/25/2021,16:04,Monday,DONLANDS STATION,MUI,12,15,W,BD,5159
10/25/2021,16:07,Monday,UNION STATION,PUMEL,0,0,,YU,0
10/25/2021,16:27,Monday,KENNEDY BD STATION,MUIS,0,0,,BD,0
10/25/2021,16:31,Monday,SHEPPARD WEST STATION,SUO,0,0,,YU,0
10/25/2021,17:12,Monday,VAUGHAN MC STATION,TUNIP,3,6,S,YU,6116
10/25/2021,18:35,Monday,KING STATION,MUIS,0,0,,YU,0
10/25/2021,19:20,Monday,KEELE STATION,SUDP,0,0,,BD,0
10/25/2021,19:44,Monday,SHERBOURNE STATION,PUMST,0,0,,BD,0
10/25/2021,19:47,Monday,BLOOR STATION,MUSAN,3,6,N,YU,6121
10/25/2021,19:47,Monday,DAVISVILLE STATION,MUIS,0,0,,YU,0
10/25/2021,20:10,Monday,SHEPPARD STATION,SUDP,0,0,N,YU,5506
10/25/2021,21:17,Monday,EGLINTON STATION,MUATC,0,0,S,YU,5716
10/25/2021,21:30,Monday,COXWELL STATION,PUMEL,0,0,,BD,0
10/25/2021,22:00,Monday,YONGE-UNIVERSITY AND B,MUO,0,0,,YU/BD,0
10/25/2021,22:15,Monday,KENNEDY BD STATION,TUNOA,6,12,W,BD,0
10/25/2021,22:52,Monday,UNION STATION,MUWR,0,0,,YU,0
10/25/2021,23:06,Monday,SHEPPARD STATION,TUSC,0,0,N,YU,5496
10/25/2021,23:36,Monday,DUNDAS STATION,MUIRS,0,0,,YU,0
10/25/2021,23:58,Monday,VAUGHAN MC STATION,SUO,0,0,,YU,0
10/25/2021,00:00,Monday,UNION STATION,MUIS,0,0,,YU,0
10/25/2021,00:07,Monday,BLOOR STATION,MUIRS,0,0,,YU,0
10/25/2021,01:34,Monday,ST CLAIR STATION,SUDP,3,8,S,YU,5786
10/25/2021,20:49,Monday,BAYVIEW STATION,SUDP,0,0,W,SHP,6161
10/26/2021,02:09,Tuesday,CHESTER STATION,TUMVS,0,0,W,BD,0
10/26/2021,09:01,Tuesday,MCCOWAN STATION,ERTR,5,10,S,SRT,3000
10/26/2021,05:38,Tuesday,EGLINTON STATION,MUO,5,0,N,YU,5556
10/26/2021,10:28,Tuesday,ELLESMERE STATION,ERME,19,24,S,SRT,3018
10/26/2021,05:42,Tuesday,FINCH STATION,TUNOA,4,8,S,YU,5681
10/26/2021,13:40,Tuesday,SCARBOROUGH CTR STATIO,ERTC,5,10,S,SRT,3018
10/26/2021,05:47,Tuesday,EGLINTON STATION,MUO,5,0,S,YU,5501
10/26/2021,16:18,Tuesday,SCARBOROUGH CTR STATIO,ERCD,5,10,S,SRT,3018
10/26/2021,06:09,Tuesday,DONLANDS STATION,EUDO,4,9,W,BD,5060
10/26/2021,16:26,Tuesday,ELLESMERE STATION,ERCD,48,53,S,SRT,3027
10/26/2021,20:42,Tuesday,SCARBOROUGH CTR STATIO,SRDP,0,0,,SRT,0
10/26/2021,06:23,Tuesday,VICTORIA PARK STATION,MUSC,3,8,W,BD,5260
10/26/2021,06:58,Tuesday,EGLINTON STATION,MUATC,6,9,S,YU,5661
10/26/2021,22:00,Tuesday,LAWRENCE EAST TO KENNE,MRO,0,0,B,SRT,0
10/26/2021,07:19,Tuesday,ST GEORGE YUS STATION,MUIS,0,0,,YU,0
10/26/2021,07:35,Tuesday,VAUGHAN MC STATION,EUAC,3,6,S,YU,5736
10/26/2021,07:52,Tuesday,WELLESLEY STATION,SUAP,0,0,,YU,0
10/26/2021,08:03,Tuesday,MAIN STREET STATION,SUDP,0,0,,BD,0
10/26/2021,08:20,Tuesday,DUFFERIN STATION,MUPAA,0,0,W,BD,5223
10/26/2021,08:57,Tuesday,KENNEDY BD STATION,MUSAN,3,6,W,BD,5206
10/26/2021,09:09,Tuesday,FINCH STATION,MUIRS,0,0,,YU,0
10/26/2021,09:46,Tuesday,KIPLING STATION,MUPAA,0,0,E,BD,5173
10/26/2021,10:38,Tuesday,FINCH STATION,MUSC,0,0,S,YU,5696
10/26/2021,10:49,Tuesday,DAVISVILLE STATION,MUATC,9,12,S,YU,5451
10/26/2021,10:56,Tuesday,COLLEGE STATION,SUUT,12,15,S,YU,6116
10/26/2021,10:59,Tuesday,WARDEN STATION,SUUT,3,6,E,BD,5268
10/26/2021,11:01,Tuesday,SPADINA BD STATION,MUPAA,0,0,E,BD,5144
10/26/2021,11:04,Tuesday,EGLINTON STATION,MUSC,0,0,N,YU,5771
10/26/2021,11:12,Tuesday,ST CLAIR STATION,MUPAA,0,0,S,YU,5641
10/26/2021,11:16,Tuesday,EGLINTON STATION (APPR,MUTD,13,16,S,YU,5531
10/26/2021,11:37,Tuesday,FINCH STATION,MUIS,0,0,,YU,0
10/26/2021,12:48,Tuesday,NORTH YORK CTR STATION,EUSC,0,0,N,YU,5981
10/26/2021,13:02,Tuesday,KENNEDY BD STATION,TUNOA,3,6,W,BD,0
10/26/2021,13:26,Tuesday,DAVISVILLE STATION,TUNOA,0,0,S,YU,0
10/26/2021,13:47,Tuesday,SHEPPARD STATION,MUIRS,0,0,,YU,0
10/26/2021,14:45,Tuesday,NORTH YORK CTR STATION,MUSC,0,0,S,YU,5721
10/26/2021,15:02,Tuesday,FINCH STATION,MUTO,3,6,S,YU,6081
10/26/2021,15:09,Tuesday,FINCH STATION,TUO,3,6,S,YU,5396
10/26/2021,15:13,Tuesday,FINCH WEST STATION,SUDP,0,0,,YU,0
10/26/2021,15:21,Tuesday,FINCH STATION,TUMVS,0,0,N,YU,5436
10/26/2021,15:34,Tuesday,NORTH YORK CTR STATION,EUSC,0,0,N,YU,5981
10/26/2021,15:55,Tuesday,EGLINTON STATION (APPR,TUATC,3,6,S,YU,5521
10/26/2021,16:45,Tuesday,VAUGHAN MC STATION,TUNOA,3,6,S,YU,0
10/26/2021,16:49,Tuesday,VAUGHAN MC STATION,TUNOA,3,6,S,YU,0
10/26/2021,17:16,Tuesday,COXWELL STATION,TUNOA,3,6,E,BD,5000
10/26/2021,17:17,Tuesday,VAUGHAN MC STATION,TUNOA,3,6,S,YU,5000
10/26/2021,17:33,Tuesday,EGLINTON STATION,MUATC,3,6,S,YU,5561
10/26/2021,17:36,Tuesday,ST GEORGE BD STATION,MUIRS,0,0,,BD,0
10/26/2021,17:39,Tuesday,GREENWOOD STATION,SUDP,0,0,,BD,0
10/26/2021,18:12,Tuesday,COXWELL STATION,TUNOA,3,6,E,BD,5000
10/26/2021,18:13,Tuesday,BLOOR STATION,SUDP,7,10,S,YU,5881
10/26/2021,18:27,Tuesday,COXWELL STATION,TUNOA,3,6,,BD,5000
10/26/2021,18:29,Tuesday,COLLEGE STATION,SUDP,6,9,S,YU,5881
10/26/2021,18:36,Tuesday,ST CLAIR WEST STATION,MUIS,0,0,,YU,0
10/26/2021,19:58,Tuesday,WARDEN STATION,SUDP,0,0,,BD,0
10/26/2021,20:27,Tuesday,SPADINA YUS STATION,SUUT,0,0,N,YU,5896
10/26/2021,20:54,Tuesday,FINCH STATION,MUIS,0,0,,YU,0
10/26/2021,21:56,Tuesday,FINCH WEST STATION,EUDO,4,9,N,YU,5746
10/26/2021,22:00,Tuesday,YONGE UNIVERSITY SUBWA,MUO,0,0,,YU/BD,0
10/26/2021,22:11,Tuesday,BLOOR STATION,MUIS,0,0,,YU,0
10/26/2021,22:15,Tuesday,COXWELL STATION,TUNOA,7,14,E,BD,5000
10/26/2021,22:31,Tuesday,VAUGHAN MC STATION,MUIS,0,0,,YU,0
10/26/2021,22:45,Tuesday,COXWELL STATION,TUNOA,6,12,E,BD,0
10/26/2021,22:45,Tuesday,COXWELL STATION,TUNOA,7,14,E,BD,5000
10/26/2021,23:10,Tuesday,SPADINA YUS STATION,MUATC,7,10,N,YU,6076
10/26/2021,00:27,Tuesday,KIPLING STATION,MUIS,0,0,,BD,0
10/26/2021,14:51,Tuesday,SHEPPARD-YONGE STATION,SUAP,0,0,,SHP,0
10/27/2021,05:45,Wednesday,FINCH STATION,MUSC,0,0,S,YU,5696
10/27/2021,22:00,Wednesday,LAWRENCE EAST TO KENNE,MRO,0,0,,SRT,0
10/27/2021,05:53,Wednesday,KIPLING STATION,TUSUP,3,9,E,BD,5108
10/27/2021,06:20,Wednesday,FINCH STATION,TUNOA,3,6,S,YU,0
10/27/2021,06:25,Wednesday,LAWRENCE WEST STATION,PUMEL,0,0,,YU,0
10/27/2021,06:58,Wednesday,KIPLING STATION,TUO,3,6,E,BD,5190
10/27/2021,07:03,Wednesday,YORK MILLS STATION,PUSTS,8,11,S,YU,5501
10/27/2021,07:21,Wednesday,GREENWOOD STATION,MUSC,0,0,E,BD,5318
10/27/2021,07:51,Wednesday,VAUGHAN MC STATION,MUPAA,3,6,S,YU,5771
10/27/2021,08:00,Wednesday,ST CLAIR WEST STATION,MUI,33,36,N,YU,5406
10/27/2021,09:09,Wednesday,COXWELL STATION,TUNOA,3,6,E,BD,0
10/27/2021,09:29,Wednesday,VAUGHAN MC STATION,MUIRS,0,0,,YU,0
10/27/2021,09:32,Wednesday,YORK MILLS STATION,TUMVS,3,6,S,YU,5481
10/27/2021,09:40,Wednesday,RUNNYMEDE STATION,SUDP,5,8,E,BD,5144
10/27/2021,09:46,Wednesday,DUNDAS WEST STATION,MUPAA,3,6,E,BD,5190
10/27/2021,10:08,Wednesday,FINCH STATION,MUSC,0,0,S,YU,5396
10/27/2021,11:46,Wednesday,EGLINTON STATION,MUSC,0,0,N,YU,5466
10/27/2021,11:55,Wednesday,FINCH STATION,MUSC,0,0,S,YU,5986
10/27/2021,12:13,Wednesday,COXWELL STATION,TUNOA,4,7,E,BD,5122
10/27/2021,12:35,Wednesday,SHEPPARD STATION,PUMO,0,0,,YU,0
10/27/2021,12:38,Wednesday,SHERBOURNE STATION,MUPAA,0,0,E,BD,5033
10/27/2021,13:27,Wednesday,KENNEDY BD STATION,TUNOA,3,6,W,BD,5036
10/27/2021,13:33,Wednesday,VAUGHAN MC STATION,TUNOA,3,6,S,YU,0
10/27/2021,13:52,Wednesday,DUPONT STATION,MUNCA,0,0,,YU,0
10/27/2021,13:54,Wednesday,VAUGHAN MC STATION,TUNOA,3,6,S,YU,0
10/27/2021,14:23,Wednesday,UNION STATION,MUPAA,3,6,N,YU,5641
10/27/2021,14:26,Wednesday,KENNEDY BD STATION,TUNOA,3,6,,BD,5094
10/27/2021,15:01,Wednesday,VICTORIA PARK STATION,SUO,3,6,W,BD,5308
10/27/2021,15:12,Wednesday,UNION STATION,TUATC,0,0,N,YU,5596
10/27/2021,15:26,Wednesday,KING STATION,MUPAA,0,0,S,YU,5531
10/27/2021,15:30,Wednesday,KENNEDY BD STATION,TUNOA,3,6,,BD,5036
10/27/2021,15:46,Wednesday,YONGE BD STATION,SUAP,0,0,E,BD,0
10/27/2021,16:49,Wednesday,VAUGHAN MC STATION,TUNOA,3,6,S,YU,0
10/27/2021,17:16,Wednesday,COXWELL STATION,TUNOA,3,6,E,BD,5124
10/27/2021,17:35,Wednesday,VAUGHAN MC STATION,TUNOA,3,6,S,YU,0
10/27/2021,17:36,Wednesday,KIPLING STATION,EUBK,3,6,E,BD,5247
10/27/2021,18:18,Wednesday,BROADVIEW STATION,SUO,0,0,,BD,0
10/27/2021,18:23,Wednesday,VICTORIA PARK STATION,SUO,0,0,,BD,0
10/27/2021,18:33,Wednesday,KING STATION,SUDP,0,0,N,YU,5691
10/27/2021,19:06,Wednesday,VAUGHAN MC STATION,TUNOA,3,6,S,YU,0
10/27/2021,19:37,Wednesday,VAUGHAN MC STATION,TUNOA,3,6,S,YU,0
10/27/2021,19:46,Wednesday,DUFFERIN STATION,SUPOL,0,0,W,BD,0
10/27/2021,19:48,Wednesday,KIPLING STATION,SUO,0,0,,BD,0
10/27/2021,20:07,Wednesday,SHEPPARD STATION,SUDP,0,0,,YU,0
10/27/2021,20:35,Wednesday,LAWRENCE STATION,SUDP,23,26,S,YU,5786
10/27/2021,20:39,Wednesday,OLD MILL STATION,EUNT,4,10,W,BD,5136
10/27/2021,21:38,Wednesday,FINCH WEST STATION,SUO,26,29,S,YU,5661
10/27/2021,21:39,Wednesday,COXWELL STATION,TUNOA,6,12,E,BD,5000
10/27/2021,21:47,Wednesday,ST PATRICK STATION,MUPAA,0,0,S,YU,5911
10/27/2021,22:00,Wednesday,YONGE-UNIVERSITY AND B,MUO,0,0,,YU/BD,0
10/27/2021,22:02,Wednesday,KIPLING STATION,MUI,6,12,E,BD,5059
10/27/2021,22:04,Wednesday,NORTH YORK CTR STATION,MUPAA,0,0,S,YU,5711
10/27/2021,22:15,Wednesday,EGLINTON STATION,EUSC,0,0,S,YU,5651
10/27/2021,22:36,Wednesday,VAUGHAN MC STATION,TUNOA,5,10,S,YU,0
10/27/2021,22:45,Wednesday,COXWELL STATION,TUNOA,6,12,E,BD,5000
10/27/2021,23:00,Wednesday,EGLINTON STATION TO SH,MUO,0,0,,YU,0
10/27/2021,00:10,Wednesday,MAIN STREET STATION,SUDP,0,0,E,BD,5055
10/27/2021,00:27,Wednesday,DUPONT STATION,SUAP,15,20,S,YU,5911
10/27/2021,00:30,Wednesday,NORTH YORK CTR STATION,MUSC,0,0,S,YU,6081
10/27/2021,00:46,Wednesday,UNION STATION,MUPAA,0,0,S,YU,5651
10/27/2021,01:45,Wednesday,EGLINTON STATION,SUAE,0,0,S,YU,0
10/27/2021,11:49,Wednesday,LESLIE STATION,TUMVS,7,12,E,SHP,6181
10/27/2021,11:58,Wednesday,DON MILLS STATION,TUO,5,10,W,SHP,6181
10/27/2021,13:34,Wednesday,SHEPPARD-YONGE STATION,TUNOA,5,10,E,SHP,6146
10/28/2021,09:31,Thursday,ELLESMERE STATION,ERDO,0,0,N,SRT,3013
10/28/2021,05:33,Thursday,UNION STATION,SUO,0,0,,YU,0
10/28/2021,05:38,Thursday,COLLEGE STATION,MUNCA,0,0,,YU,0
10/28/2021,11:32,Thursday,KENNEDY SRT STATION,MRTO,18,23,S,SRT,3013
10/28/2021,06:06,Thursday,FINCH STATION,MUSC,0,0,S,YU,5531
10/28/2021,21:57,Thursday,KENNEDY SRT TO LAWREN,MRO,0,0,,SRT,0
10/28/2021,07:06,Thursday,WILSON STATION,TUNOA,3,6,S,YU,0
10/28/2021,07:22,Thursday,YONGE BD STATION,MUO,3,6,W,BD,5351
10/28/2021,08:16,Thursday,MUSEUM STATION,MUPAA,3,6,S,YU,5981
10/28/2021,08:21,Thursday,FINCH STATION,SUDP,0,0,,YU,0
10/28/2021,09:02,Thursday,FINCH STATION,TUSC,0,0,N,YU,5876
10/28/2021,09:53,Thursday,VICTORIA PARK STATION,MUIS,0,0,W,BD,0
10/28/2021,09:58,Thursday,VAUGHAN MC STATION,SUDP,3,6,S,YU,5381
10/28/2021,10:55,Thursday,COLLEGE STATION,SUDP,0,0,S,YU,5456
10/28/2021,10:58,Thursday,GREENWOOD CARHOUSE,PUMO,0,0,,BD,0
10/28/2021,11:06,Thursday,UNION STATION,SUDP,10,13,N,YU,5876
10/28/2021,11:18,Thursday,BLOOR STATION,MUIS,0,0,,YU,0
10/28/2021,12:48,Thursday,EGLINTON STATION,MUATC,3,6,S,YU,5996
10/28/2021,12:57,Thursday,COXWELL STATION,TUNOA,3,6,E,BD,5000
10/28/2021,13:12,Thursday,FINCH WEST STATION,MUWR,3,6,S,YU,5836
10/28/2021,13:13,Thursday,KENNEDY BD STATION,TUNOA,3,6,W,BD,0
10/28/2021,13:54,Thursday,VAUGHAN MC STATION,TUNOA,3,6,S,YU,0
10/28/2021,13:55,Thursday,UNION STATION,SUDP,7,10,S,YU,6026
10/28/2021,14:18,Thursday,VICTORIA PARK STATION,MUIS,0,0,,,0
10/28/2021,14:28,Thursday,ST CLAIR STATION,MUPAA,0,0,N,YU,5891
10/28/2021,14:29,Thursday,VAUGHAN MC STATION,TUNOA,3,6,S,YU,0
10/28/2021,14:35,Thursday,COXWELL STATION,TUNOA,3,6,E,BD,5000
10/28/2021,14:54,Thursday,COXWELL STATION,TUNOA,3,6,E,BD,5000
10/28/2021,14:57,Thursday,FINCH STATION,MUSAN,3,6,S,YU,5981
10/28/2021,15:00,Thursday,ROYAL YORK STATION,MUSC,0,0,E,BD,5055
10/28/2021,15:12,Thursday,COXWELL STATION,TUNOA,3,6,E,BD,5000
10/28/2021,15:54,Thursday,UNION STATION,MUWR,0,0,,YU,0
10/28/2021,16:23,Thursday,WOODBINE STATION,SUAP,6,9,E,BD,5117
10/28/2021,16:24,Thursday,ST CLAIR WEST STATION,MUPAA,0,0,N,YU,6136
10/28/2021,16:51,Thursday,WARDEN STATION,SUO,10,13,E,BD,5154
10/28/2021,17:16,Thursday,COXWELL STATION,TUNOA,3,6,E,BD,5000
10/28/2021,17:17,Thursday,VAUGHAN MC STATION,TUNOA,3,6,S,YU,0
10/28/2021,17:35,Thursday,VAUGHAN MC STATION,TUNOA,3,6,S,YU,0
10/28/2021,17:41,Thursday,RUNNYMEDE STATION,MUI,25,28,W,BD,5233
10/28/2021,17:52,Thursday,FINCH STATION,SUDP,0,0,,YU,0
10/28/2021,17:55,Thursday,EGLINTON STATION,MUIRS,0,0,,YU,0
10/28/2021,18:13,Thursday,ST CLAIR WEST STATION,MUIS,0,0,N,YU,5551
10/28/2021,18:22,Thursday,WELLESLEY STATION,MUIRS,0,0,,YU,0
10/28/2021,18:24,Thursday,COXWELL STATION,TUNOA,3,6,E,BD,5000
10/28/2021,18:43,Thursday,KEELE STATION,MUIS,0,0,,BD,0
10/28/2021,18:51,Thursday,HIGH PARK STATION,MUO,0,0,,BD,0
10/28/2021,18:59,Thursday,DONLANDS STATION,EUOE,0,0,E,BD,5063
10/28/2021,19:34,Thursday,MAIN STREET STATION,SUDP,0,0,W,BD,5312
10/28/2021,20:13,Thursday,VICTORIA PARK STATION,MUIS,0,0,,BD,0
10/28/2021,20:20,Thursday,COXWELL STATION,SUDP,0,0,,BD,0
10/28/2021,20:32,Thursday,SPADINA BD STATION,MUPAA,0,0,W,BD,5279
10/28/2021,20:52,Thursday,CHESTER STATION,SUO,0,0,W,BD,5286
10/28/2021,21:04,Thursday,DAVISVILLE STATION,MUIRS,0,0,S,YU,0
10/28/2021,21:15,Thursday,COXWELL STATION,TUNOA,6,12,E,BD,5000
10/28/2021,21:15,Thursday,ST GEORGE YUS STATION,SUUT,0,0,N,YU,0
10/28/2021,21:24,Thursday,FINCH STATION,SUDP,3,6,S,YU,6126
10/28/2021,22:00,Thursday,YONGE-UNIVERSITY AND B,MUO,0,0,,YU/BD,0
10/28/2021,22:00,Thursday,KIPLING STATION,SUAP,0,0,,BD,0
10/28/2021,22:09,Thursday,ST GEORGE BD STATION,PUSTC,0,0,W,BD,5279
10/28/2021,22:45,Thursday,COXWELL STATION,TUNOA,6,12,E,BD,0
10/28/2021,23:00,Thursday,EGLINTON TO SHEPPARD S,MUO,0,0,,YU,0
10/28/2021,01:02,Thursday,BLOOR STATION,SUUT,33,37,S,YU,5766
10/28/2021,01:04,Thursday,FINCH STATION,SUO,0,0,,YU,0
10/28/2021,01:18,Thursday,SPADINA YUS STATION,MUIS,0,0,S,YU,6131
10/29/2021,04:40,Friday,MCCOWAN CARHOUSE,MRO,0,0,,SRT,0
10/29/2021,05:35,Friday,UNION STATION,MUIS,0,0,,YU,0
10/29/2021,08:50,Friday,KENNEDY SRT STATION,ERDO,12,17,N,SRT,3009
10/29/2021,06:25,Friday,SHEPPARD WEST STATION,MUATC,11,14,N,YU,5786
10/29/2021,18:04,Friday,ELLESMERE STATION,TRNCA,0,0,,SRT,0
10/29/2021,06:28,Friday,ST CLAIR WEST STATION,MUNCA,0,0,,YU,0
10/29/2021,06:53,Friday,HIGH PARK STATION,SUDP,9,14,E,BD,5152
10/29/2021,22:05,Friday,LAWRENCE EAST - KENNED,MRO,0,0,,SRT,0
10/29/2021,06:53,Friday,FINCH STATION,MUSC,0,0,S,YU,5661
10/29/2021,07:12,Friday,JANE STATION,MUPAA,4,7,W,BD,5270
10/29/2021,07:17,Friday,EGLINTON STATION,MUATC,3,6,S,YU,5791
10/29/2021,08:10,Friday,EGLINTON STATION,MUATC,6,9,S,YU,5751
10/29/2021,08:20,Friday,WILSON YARD,MUIE,0,0,,YU,0
10/29/2021,08:32,Friday,FINCH STATION,MUIR,3,6,S,YU,5841
10/29/2021,09:11,Friday,HIGH PARK STATION,SUDP,0,0,E,BD,0
10/29/2021,10:14,Friday,FINCH STATION,MUIR,3,6,S,YU,6106
10/29/2021,10:50,Friday,OLD MILL STATION,TUMVS,0,0,E,BD,5080
10/29/2021,11:14,Friday,EGLINTON STATION,MUSC,3,6,S,YU,5696
10/29/2021,11:22,Friday,KIPLING STATION,MUIS,0,0,,BD,0
10/29/2021,11:45,Friday,OSSINGTON STATION,MUIRS,0,0,W,BD,0
10/29/2021,11:57,Friday,ST PATRICK STATION,SUDP,3,6,S,YU,6116
10/29/2021,12:01,Friday,HIGH PARK STATION,EUDO,4,7,E,BD,5070
10/29/2021,12:53,Friday,VAUGHAN MC STATION,TUNOA,3,6,S,YU,0
10/29/2021,12:53,Friday,BLOOR STATION,MUIRS,0,0,S,YU,0
10/29/2021,13:48,Friday,VAUGHAN MC STATION,PUMEL,0,0,,YU,0
10/29/2021,14:15,Friday,PAPE STATION,TUNOA,3,6,E,BD,0
10/29/2021,15:13,Friday,COXWELL STATION,SUDP,3,6,E,BD,5177
10/29/2021,15:22,Friday,LANSDOWNE STATION,MUD,3,6,W,BD,5282
10/29/2021,15:23,Friday,KENNEDY BD STATION,MUIS,0,0,,BD,0
10/29/2021,16:00,Friday,NORTH YORK CTR STATION,EUSC,0,0,S,YU,5981
10/29/2021,16:50,Friday,FINCH STATION,SUAP,3,6,S,YU,6136
10/29/2021,17:22,Friday,BAY STATION,PUMEL,0,0,,BD,0
10/29/2021,17:57,Friday,SHERBOURNE STATION,SUUT,10,13,E,BD,5053
10/29/2021,18:01,Friday,SHEPPARD WEST STATION,MUIE,4,7,S,YU,5781
10/29/2021,18:11,Friday,SHERBOURNE STATION,MUIE,3,6,E,BD,5053
10/29/2021,18:13,Friday,BLOOR STATION,PUTDN,4,7,S,YU,5991
10/29/2021,18:58,Friday,KIPLING STATION,TUNIP,3,6,E,BD,5230
10/29/2021,19:14,Friday,DUNDAS STATION,EUDO,5,8,N,YU,5826
10/29/2021,20:09,Friday,GLENCAIRN STATION,MUPAA,3,6,S,YU,5876
10/29/2021,21:18,Friday,CHRISTIE STATION,SUAP,12,18,W,BD,5213
10/29/2021,21:28,Friday,FINCH STATION,MUSAN,3,6,S,YU,5981
10/29/2021,21:49,Friday,GREENWOOD STATION,SUDP,0,0,W,BD,5111
10/29/2021,22:00,Friday,YONGE-UNIVERSITY AND B,MUO,0,0,,YU/BD,0
10/29/2021,22:03,Friday,FINCH STATION,SUDP,0,0,S,YU,5626
10/29/2021,22:16,Friday,WELLESLEY STATION,SUDP,0,0,N,YU,5416
10/29/2021,22:17,Friday,SUMMERHILL STATION,SUO,7,12,N,YU,5676
10/29/2021,22:42,Friday,SHEPPARD WEST STATION,SUDP,3,8,S,YU,5876
10/29/2021,23:15,Friday,HIGH PARK STATION,MUIR,13,19,W,BD,5136
10/29/2021,23:33,Friday,WILSON STATION,SUDP,4,9,S,YU,5781
10/29/2021,23:49,Friday,WELLESLEY STATION,MUPR1,25,30,S,YU,5791
10/29/2021,23:56,Friday,CHRISTIE STATION,SUDP,0,0,W,BD,5286
10/29/2021,00:21,Friday,KENNEDY BD STATION,SUDP,0,0,,BD,0
10/29/2021,00:24,Friday,BLOOR STATION,MUIS,0,0,,YU,0
10/29/2021,00:34,Friday,ST GEORGE YUS STATION,MUI,4,9,N,YU,5551
10/29/2021,00:51,Friday,CASTLE FRANK STATION,MUIR,8,14,E,BD,5080
10/29/2021,00:54,Friday,BLOOR STATION,MUIS,0,0,,YU,0
10/29/2021,01:11,Friday,EGLINTON STATION,MUPAA,3,8,S,YU,5626
10/29/2021,01:38,Friday,YORK MILLS STATION,TUMVS,0,0,S,YU,5736
10/29/2021,01:46,Friday,KIPLING STATION,MUIRS,0,0,,BD,0
10/29/2021,16:33,Friday,LESLIE STATION,EUSC,0,0,W,SHP,6186
10/30/2021,12:04,Saturday,KENNEDY SRT STATION,ERDO,0,0,N,SRT,3009
10/30/2021,02:06,Saturday,VAUGHAN MC STATION,MUIS,0,0,,YU,0
10/30/2021,02:09,Saturday,FINCH STATION,SUDP,0,0,,YU,0
10/30/2021,22:00,Saturday,LAWRENCE EAST - KENNE,MRO,0,0,,SRT,0
10/30/2021,02:31,Saturday,JANE STATION,SUAE,0,0,,BD,0
10/30/2021,05:45,Saturday,QUEEN'S PARK STATION,SUO,0,0,,YU,0
10/30/2021,05:56,Saturday,GREENWOOD STATION,TUNOA,6,12,E,BD,5000
10/30/2021,05:57,Saturday,KIPLING STATION,TUNOA,6,12,E,BD,5000
10/30/2021,06:08,Saturday,WOODBINE STATION,EUO,5,10,E,BD,5250
10/30/2021,06:13,Saturday,VICTORIA PARK STATION,MUSC,0,0,E,BD,5250
10/30/2021,06:34,Saturday,NORTH YORK CTR STATION,TUSC,0,0,N,YU,5981
10/30/2021,07:34,Saturday,SPADINA BD STATION,SUDP,0,0,,BD,0
10/30/2021,08:14,Saturday,ROYAL YORK STATION,MUSC,3,7,E,BD,5113
10/30/2021,08:15,Saturday,SHEPPARD STATION,MUSC,0,0,N,YU,5551
10/30/2021,09:04,Saturday,COXWELL STATION,TUNOA,4,8,E,BD,5000
10/30/2021,09:28,Saturday,BLOOR STATION,SUO,0,0,N,YU,5571
10/30/2021,09:45,Saturday,COXWELL STATION,TUNOA,4,8,E,BD,5000
10/30/2021,09:46,Saturday,YONGE BD STATION,SUO,0,0,W,BD,5230
10/30/2021,10:34,Saturday,QUEEN STATION,MUNCA,0,0,,YU,0
10/30/2021,11:03,Saturday,ROYAL YORK STATION,MUIS,0,0,,BD,0
10/30/2021,11:48,Saturday,FINCH STATION,TUNOA,4,8,S,YU,5561
10/30/2021,12:15,Saturday,PIONEER VILLAGE STATIO,MUIS,0,0,,YU,0
10/30/2021,13:17,Saturday,JANE STATION,MUIS,0,0,,BD,0
10/30/2021,13:18,Saturday,ST CLAIR STATION,MUSAN,4,8,N,YU,5536
10/30/2021,13:21,Saturday,CHRISTIE STATION,EUNT,0,0,E,BD,5089
10/30/2021,13:22,Saturday,CHRISTIE STATION,EUCD,5,10,E,BD,5089
10/30/2021,13:52,Saturday,EGLINTON WEST STATION,SUDP,4,8,N,YU,5766
10/30/2021,13:54,Saturday,ROYAL YORK STATION,MUSC,0,0,E,BD,5113
10/30/2021,14:04,Saturday,LAWRENCE WEST STATION,SUDP,10,14,N,YU,5766
10/30/2021,14:20,Saturday,VAUGHAN MC STATION,TUNOA,4,8,S,YU,0
10/30/2021,14:30,Saturday,VAUGHAN MC STATION,TUNOA,4,8,S,YU,0
10/30/2021,15:58,Saturday,OSGOODE STATION,MUIRS,0,0,,YU,0
10/30/2021,16:02,Saturday,VAUGHAN MC STATION,TUNIP,4,8,S,YU,5981
10/30/2021,16:11,Saturday,SHERBOURNE STATION,SUDP,0,0,E,BD,5154
10/30/2021,16:34,Saturday,KENNEDY BD STATION,SUDP,4,8,E,BD,5154
10/30/2021,17:12,Saturday,KENNEDY BD STATION,EUOE,0,0,W,BD,5183
10/30/2021,17:39,Saturday,CASTLE FRANK STATION,MUIS,0,0,W,BD,5168
10/30/2021,17:42,Saturday,VAUGHAN MC STATION,TUNOA,4,8,S,YU,0
10/30/2021,18:20,Saturday,OSGOODE STATION,MUIRS,0,0,,YU,0
10/30/2021,18:22,Saturday,KENNEDY BD STATION,MUIS,0,0,,BD,0
10/30/2021,18:27,Saturday,SHERBOURNE STATION,MUPAA,0,0,E,BD,5092
10/30/2021,19:09,Saturday,BLOOR STATION,PUMEL,0,0,N,YU,0
10/30/2021,19:27,Saturday,ST ANDREW STATION,MUIRS,0,0,N,YU,0
10/30/2021,20:15,Saturday,KEELE STATION,SUAP,0,0,W,BD,0
10/30/2021,20:34,Saturday,JANE STATION,MUNCA,0,0,,BD,0
10/30/2021,20:43,Saturday,DONLANDS STATION,SUDP,0,0,E,BD,5248
10/30/2021,21:07,Saturday,SPADINA BD STATION,SUDP,0,0,W,BD,5135
10/30/2021,21:25,Saturday,ST CLAIR WEST STATION,SUDP,5,10,S,YU,5936
10/30/2021,21:30,Saturday,ST ANDREW STATION,MUPAA,5,10,S,YU,5873
10/30/2021,21:55,Saturday,CHRISTIE STATION,SUDP,0,0,E,BD,5092
10/30/2021,22:00,Saturday,YONGE-UNIVERSITY AND B,MUO,0,0,,YU/BD,0
10/30/2021,22:37,Saturday,DUFFERIN STATION,MUPAA,0,0,W,BD,5080
10/30/2021,22:46,Saturday,BLOOR STATION,MUSAN,7,14,S,YU,5671
10/30/2021,23:01,Saturday,DUNDAS STATION,SUUT,24,31,S,YU,5441
10/30/2021,00:09,Saturday,MAIN STREET STATION,MUIS,0,0,,BD,0
10/30/2021,00:26,Saturday,WARDEN STATION,SUAP,23,30,E,BD,5053
10/30/2021,00:45,Saturday,ST ANDREW STATION,MUIS,0,0,,YU,0
10/30/2021,01:42,Saturday,WILSON STATION,SUDP,0,0,S,YU,5761
10/30/2021,17:56,Saturday,BAYVIEW STATION,MUSAN,5,10,E,SHP,6146
10/30/2021,20:20,Saturday,DON MILLS STATION,SUDP,0,0,,SHP,0
10/31/2021,23:00,Sunday,KENNEDY SRT - LAWRENCE,MRO,0,0,,SRT,0
10/31/2021,07:30,Sunday,WOODBINE STATION,MUNCA,0,0,,BD,0
10/31/2021,08:04,Sunday,KEELE STATION,MUNCA,0,0,,BD,0
10/31/2021,08:06,Sunday,EGLINTON STATION,MUATC,4,0,N,YU,5571
10/31/2021,08:42,Sunday,GREENWOOD STATION,TUNOA,5,10,E,BD,0
10/31/2021,08:51,Sunday,DAVISVILLE STATION,MUATC,6,12,N,YU,5486
10/31/2021,09:05,Sunday,ROSEDALE STATION,MUPAA,4,9,S,YU,5766
10/31/2021,09:09,Sunday,ST GEORGE YUS STATION,PUOPO,3,8,N,YU,5576
10/31/2021,09:13,Sunday,SPADINA YUS STATION,PUOPO,7,12,N,YU,5576
10/31/2021,09:25,Sunday,GLENCAIRN STATION,MUIE,0,0,N,YU,0
10/31/2021,09:59,Sunday,DAVISVILLE STATION,MUATC,0,0,N,YU,5666
10/31/2021,10:32,Sunday,EGLINTON STATION,SUDP,24,29,N,YU,5861
10/31/2021,10:52,Sunday,PIONEER VILLAGE STATIO,PUOPO,5,10,S,YU,5781
10/31/2021,11:17,Sunday,NORTH YORK CTR STATION,EUSC,0,0,N,YU,5981
10/31/2021,12:12,Sunday,ST PATRICK STATION,MUIS,0,0,,YU,0
10/31/2021,12:12,Sunday,WELLESLEY STATION,SUAP,5,10,S,YU,6001
10/31/2021,12:38,Sunday,SHEPPARD WEST STATION,EUOE,4,9,S,YU,5826
10/31/2021,13:01,Sunday,JANE STATION,SUDP,8,13,E,BD,5135
10/31/2021,13:31,Sunday,KIPLING STATION,MUI,5,10,E,BD,5113
10/31/2021,13:47,Sunday,CHESTER STATION,MUIS,3,8,W,BD,5223
10/31/2021,14:56,Sunday,KENNEDY BD STATION,TUNOA,5,10,W,BD,0
10/31/2021,15:00,Sunday,RUNNYMEDE STATION,SUO,0,0,W,BD,0
10/31/2021,15:11,Sunday,WARDEN STATION,SUUT,0,0,E,BD,5087
10/31/2021,15:36,Sunday,CASTLE FRANK STATION,MUIS,0,0,,BD,0
10/31/2021,15:47,Sunday,KIPLING STATION,MUSC,5,10,E,BD,5247
10/31/2021,16:04,Sunday,ST CLAIR STATION,MUPAA,0,0,S,YU,5736
10/31/2021,16:21,Sunday,FINCH WEST STATION,PUOPO,0,0,S,YU,5451
10/31/2021,16:24,Sunday,YORKDALE STATION,PUOPO,0,0,S,YU,5486
10/31/2021,17:15,Sunday,PAPE STATION,MUNCA,0,0,,BD,0
10/31/2021,17:42,Sunday,MUSEUM STATION,MUPAA,3,8,N,YU,5661
10/31/2021,17:47,Sunday,SHEPPARD STATION,MUTO,0,0,N,YU,5846
10/31/2021,18:03,Sunday,WARDEN STATION,TUO,0,0,W,BD,5286
10/31/2021,18:09,Sunday,EGLINTON STATION,MUSC,0,0,N,YU,5761
10/31/2021,18:28,Sunday,ST GEORGE BD STATION,MUTO,5,10,W,BD,5126
10/31/2021,18:42,Sunday,DONLANDS STATION,SUO,0,0,,BD,0
10/31/2021,18:45,Sunday,WELLESLEY STATION,MUIRS,0,0,S,YU,5501
10/31/2021,19:35,Sunday,KENNEDY BD STATION,MUIRS,0,0,,BD,0
10/31/2021,19:40,Sunday,BROADVIEW STATION,SUUT,0,0,W,BD,5221
10/31/2021,19:46,Sunday,VAUGHAN MC STATION,SUBT,21,28,S,YU,5846
10/31/2021,20:51,Sunday,BLOOR STATION,MUIS,0,0,,YU,0
10/31/2021,20:56,Sunday,MAIN STREET STATION,MUPAA,0,0,W,BD,5135
10/31/2021,20:59,Sunday,DUNDAS STATION,SUUT,0,0,S,YU,5391
10/31/2021,21:30,Sunday,YONGE BD STATION,SUAE,0,0,W,BD,5221
10/31/2021,21:36,Sunday,BATHURST STATION,SUO,7,14,W,BD,5221
10/31/2021,22:00,Sunday,YONGE-UNIVERSITY AND B,MUO,0,0,,YU/BD,0
10/31/2021,22:42,Sunday,CHRISTIE STATION,SUDP,6,13,W,BD,5030
10/31/2021,00:53,Sunday,COLLEGE STATION,EUTRD,6,13,S,YU,5991
