Date,Time,Day,Station,Code,Min Delay,Min Gap,Bound,Line,Vehicle
10/1/2020,00:00,Thursday,MCCOWAN STATION,ERTC,6,12,S,SRT,3026
10/1/2020,00:08,Thursday,LANSDOWNE STATION,EUNT,5,11,W,BD,5021
10/1/2020,07:44,Thursday,BAY STATION,SUDP,0,0,E,BD,5167
10/1/2020,09:01,Thursday,KENNEDY BD STATION,MUTO,3,6,W,BD,5167
10/1/2020,09:08,Thursday,LESLIE STATION,TUSC,0,0,W,SHP,6181
10/1/2020,09:16,Thursday,BLOOR STATION,SUDP,3,6,S,YU,5846
10/1/2020,09:48,Thursday,BLOOR STATION,MUIS,0,0,S,YU,0
10/1/2020,10:16,Thursday,KEELE STATION,MUIS,0,0,,BD,0
10/1/2020,11:18,Thursday,EGLINTON STATION,SUDP,3,6,N,YU,6016
10/1/2020,12:21,Thursday,MCCOWAN STATION,MRTO,7,14,N,SRT,3025
10/1/2020,13:53,Thursday,ISLINGTON STATION,MUIRS,0,0,,BD,0
10/1/2020,14:07,Thursday,MCCOWAN STATION,ERNEA,6,13,N,SRT,3019
10/1/2020,14:33,Thursday,COXWELL STATION,TUNIP,9,12,E,BD,5141
10/1/2020,15:05,Thursday,MCCOWAN STATION,ERNEA,5,10,S,SRT,0
10/1/2020,15:37,Thursday,OLD MILL STATION,MUIR,0,0,E,BD,5159
10/1/2020,15:51,Thursday,BATHURST STATION,PUMEL,0,0,,BD,0
10/1/2020,15:53,Thursday,DUNDAS STATION,MUPAA,0,0,S,YU,5916
10/1/2020,16:07,Thursday,OLD MILL STATION,TUMVS,3,6,W,BD,5283
10/1/2020,16:49,Thursday,DAVISVILLE STATION,MUIS,0,0,N,YU,0
10/1/2020,17:01,Thursday,QUEEN STATION,MUPR1,66,69,N,YU,6046
10/1/2020,17:22,Thursday,VAUGHAN MC STATION,TUNOA,3,6,S,YU,0
10/1/2020,18:38,Thursday,DONLANDS STATION,SUDP,3,6,E,BD,5005
10/1/2020,18:55,Thursday,LANSDOWNE STATION,MUSAN,3,6,E,BD,5238
10/1/2020,19:22,Thursday,FINCH STATION,EUSC,0,0,S,YU,5731
10/1/2020,19:25,Thursday,KENNEDY BD STATION,PUSSW,6,12,W,BD,5257
10/1/2020,19:26,Thursday,BROADVIEW STATION,MUIR,3,6,E,BD,5141
10/1/2020,19:54,Thursday,BLOOR STATION,SUDP,3,6,N,YU,5531
10/1/2020,19:56,Thursday,LAWRENCE STATION,SUDP,6,9,N,YU,5456
10/1/2020,20:23,Thursday,WARDEN STATION,MUPAA,3,6,N,YU,6136
10/1/2020,20:29,Thursday,KENNEDY BD STATION,EUYRD,3,6,W,BD,5227
10/1/2020,21:18,Thursday,WARDEN STATION,TUSC,0,0,N,YU,6126
10/1/2020,22:00,Thursday,WARDEN STATION,MUO,0,0,,YU/BD,0
10/1/2020,22:22,Thursday,LANSDOWNE STATION,MUIS,0,0,,BD,0
10/1/2020,23:00,Thursday,WARDEN STATION,MUO,0,0,,YU,0
10/1/2020,23:47,Thursday,WARDEN STATION,MUIS,0,0,N,YU,0
10/2/2020,00:08,Friday,LESLIE STATION,MUPAA,5,10,E,SHP,6186
10/2/2020,00:36,Friday,QUEEN STATION,SUDP,7,12,N,YU,5681
10/2/2020,01:08,Friday,FINCH WEST STATION,SUUT,17,22,N,YU,5766
10/2/2020,01:43,Friday,QUEEN STATION,SUDP,6,11,S,YU,5431
10/2/2020,02:03,Friday,LAWRENCE STATION,MUIS,0,0,,BD,0
10/2/2020,06:07,Friday,MCCOWAN STATION,ERNEA,5,10,S,SRT,0
10/2/2020,06:21,Friday,LAWRENCE STATION,TUMVS,0,0,N,YU,5586
10/2/2020,06:40,Friday,KENNEDY BD STATION,PUSSW,10,15,W,BD,5293
10/2/2020,06:54,Friday,FINCH STATION,SUAP,4,7,S,YU,5561
10/2/2020,08:22,Friday,DUNDAS STATION,SUDP,3,6,N,YU,5546
10/2/2020,08:26,Friday,KIPLING STATION,MUIR,8,11,E,BD,5339
10/2/2020,08:48,Friday,ST CLAIR WEST STATION,PUMEL,0,0,,YU,0
10/2/2020,08:56,Friday,KENNEDY BD STATION,SUDP,0,0,,BD,0
10/2/2020,09:10,Friday,DUPONT STATION,EUBO,8,11,N,YU,5836
10/2/2020,09:18,Friday,KIPLING STATION,TUMVS,0,0,W,BD,5233
10/2/2020,09:27,Friday,OSSINGTON STATION,TUMVS,3,6,E,BD,5311
10/2/2020,09:51,Friday,OSGOODE STATION,SUDP,0,0,N,YU,0
10/2/2020,10:03,Friday,RUNNYMEDE STATION,MUIS,0,0,,71 RUNNYMEDE,0
10/2/2020,10:33,Friday,BLOOR STATION,MUIS,0,0,,YU,0
10/2/2020,11:12,Friday,COLLEGE STATION,SUAE,10,13,S,YU,5441
10/2/2020,11:15,Friday,VICTORIA PARK STATION,SUO,0,0,W,BD,5005
10/2/2020,11:50,Friday,WARDEN STATION,TUSC,0,0,N,YU,5751
10/2/2020,12:33,Friday,VAUGHAN MC STATION,MUNOA,3,6,S,YU,0
10/2/2020,13:06,Friday,EGLINTON WEST STATION,EUDO,3,6,S,YU,5871
10/2/2020,13:33,Friday,VAUGHAN MC STATION,MUNOA,3,6,S,YU,0
10/2/2020,13:47,Friday,VAUGHAN MC STATION,MUNOA,3,6,S,YU,0
10/2/2020,14:06,Friday,MCCOWAN STATION,ERNEA,5,10,N,SRT,3025
10/2/2020,14:13,Friday,MCCOWAN STATION,ERNEA,5,10,S,SRT,0
10/2/2020,15:05,Friday,MCCOWAN STATION,ERNEA,5,10,S,SRT,0
10/2/2020,15:25,Friday,KENNEDY BD STATION,MUIRS,0,0,,BD,0
10/2/2020,16:50,Friday,LANSDOWNE STATION,SUDP,0,0,W,BD,0
10/2/2020,17:46,Friday,FINCH STATION,EUTRD,3,6,S,YU,5621
10/2/2020,19:27,Friday,VAUGHAN MC STATION,MUNOA,5,10,S,YU,0
10/2/2020,20:22,Friday,BATHURST STATION,SUDP,5,11,W,BD,5261
10/2/2020,22:00,Friday,WARDEN STATION,MUO,0,0,,YU/BD,0
10/2/2020,22:11,Friday,VAUGHAN MC STATION,MUNOA,5,10,S,YU,0
10/2/2020,22:37,Friday,EGLINTON STATION,MUIRS,0,0,,YU,0
10/3/2020,01:29,Saturday,DAVISVILLE STATION,TUMVS,5,10,S,YU,5741
10/3/2020,02:08,Saturday,DON MILLS STATION,TUSC,0,0,E,SHP,6156
10/3/2020,02:15,Saturday,DUFFERIN STATION,SUDP,0,0,,BD,0
10/3/2020,02:16,Saturday,FINCH STATION,SUDP,0,0,,YU,0
10/3/2020,05:46,Saturday,FINCH STATION,TUSC,0,0,S,YU,5646
10/3/2020,06:00,Saturday,KENNEDY STATION TO WOO,MUO,0,0,,BD,0
10/3/2020,06:27,Saturday,SHEPPARD-YONGE STATION,MUSC,3,8,E,SHP,6176
10/3/2020,07:54,Saturday,QUEEN STATION,MUSC,0,0,N,YU,6091
10/3/2020,08:35,Saturday,SHEPPARD-YONGE STATION,TUSC,0,0,W,SHP,6171
10/3/2020,09:35,Saturday,OSSINGTON STATION,SUDP,0,0,E,BD,5290
10/3/2020,10:05,Saturday,LAWRENCE STATION,EUSC,0,0,N,YU,5566
10/3/2020,11:13,Saturday,KENNEDY BD STATION,MUIS,0,0,,BD,0
10/3/2020,12:01,Saturday,WARDEN STATION,PUSTP,3,6,S,YU,5676
10/3/2020,12:02,Saturday,GREENWOOD STATION,SUO,3,7,E,BD,5167
10/3/2020,12:15,Saturday,DUNDAS STATION,EUSC,3,6,N,YU,5751
10/3/2020,12:21,Saturday,QUEEN STATION,MUSC,0,0,N,YU,5566
10/3/2020,12:30,Saturday,SPADINA YUS STATION,SUO,0,0,,YU,0
10/3/2020,13:25,Saturday,UNION STATION,MUIS,0,0,,YU,0
10/3/2020,14:34,Saturday,ISLINGTON STATION,MUIR,4,8,E,BD,5038
10/3/2020,16:32,Saturday,SCARBOROUGH CTR STATIO,MRUI,0,0,,SRT,0
10/3/2020,17:16,Saturday,ISLINGTON STATION,PUSTS,0,0,W,BD,5151
10/3/2020,17:20,Saturday,EGLINTON STATION,MUIRS,0,0,,YU,0
10/3/2020,17:29,Saturday,KIPLING STATION,SUDP,10,14,E,BD,5146
10/3/2020,17:46,Saturday,FINCH STATION,MUNOA,3,6,S,YU,0
10/3/2020,17:52,Saturday,FINCH STATION,MUNOA,3,6,S,YU,0
10/3/2020,18:38,Saturday,ST ANDREW STATION,MUIRS,0,0,,YU,0
10/3/2020,18:43,Saturday,BATHURST STATION,MUIR,12,16,W,BD,5168
10/3/2020,18:55,Saturday,VICTORIA PARK STATION,MUIS,0,0,,BD,0
10/3/2020,20:06,Saturday,ROYAL YORK STATION,MUIS,0,0,,BD,0
10/3/2020,21:01,Saturday,COLLEGE STATION,SUDP,4,9,N,YU,5486
10/3/2020,21:10,Saturday,WARDEN STATION,MUIS,0,0,,BD,0
10/3/2020,21:20,Saturday,DUNDAS STATION,SUUT,4,8,N,YU,5976
10/3/2020,21:42,Saturday,DONLANDS STATION,MUIS,0,0,,BD,0
10/3/2020,22:00,Saturday,WARDEN STATION,MUO,0,0,,YU/BD,0
10/3/2020,23:03,Saturday,BATHURST STATION,MUD,3,8,W,BD,5198
10/3/2020,23:26,Saturday,FINCH WEST STATION,PUMEL,0,0,,YU,0
10/3/2020,23:46,Saturday,DUNDAS WEST STATION,MUIS,0,0,,BD,0
10/3/2020,23:48,Saturday,WARDEN STATION,MUPAA,0,0,S,YU,5866
10/4/2020,01:40,Sunday,KING STATION,MUPAA,0,0,S,YU,5806
10/4/2020,08:00,Sunday,BLOOR DANFORTH LINE,MUO,0,0,,BD,0
10/4/2020,08:00,Sunday,WARDEN STATION,MUO,0,0,N,YU,5951
10/4/2020,08:06,Sunday,FINCH STATION,TUSC,0,0,S,YU,6096
10/4/2020,08:33,Sunday,DONLANDS STATION,MUSC,0,0,W,BD,5228
10/4/2020,08:35,Sunday,DAVISVILLE STATION,MUCL,5,10,N,YU,5756
10/4/2020,08:40,Sunday,DAVISVILLE STATION,MUCL,5,10,N,YU,5706
10/4/2020,08:40,Sunday,KENNEDY STATION,SUAE,0,0,,BD,0
10/4/2020,09:11,Sunday,QUEEN STATION,MUSC,0,0,N,YU,5961
10/4/2020,09:54,Sunday,WARDEN STATION,MUSC,0,0,W,BD,5228
10/4/2020,10:33,Sunday,QUEEN TO FINCH STATION,TUS,5,10,N,YU,6106
10/4/2020,11:41,Sunday,JANE STATION,MUSC,0,0,E,BD,5302
10/4/2020,12:57,Sunday,CASTLE FRANK STATION,PUSTS,0,0,W,BD,5228
10/4/2020,13:05,Sunday,VICTORIA PARK STATION,SUAE,0,0,,BD,0
10/4/2020,13:06,Sunday,VAUGHAN MC STATION,MUTO,5,9,S,YU,5436
10/4/2020,14:36,Sunday,DUNDAS STATION,MUIRS,0,0,N,YU,0
10/4/2020,15:06,Sunday,WARDEN STATION,TUSC,3,7,N,YU,5906
10/4/2020,15:35,Sunday,WARDEN STATION,SUDP,0,0,,YU,0
10/4/2020,15:57,Sunday,QUEEN STATION,EUSC,3,7,N,YU,5701
10/4/2020,16:27,Sunday,VAUGHAN MC STATION,MUNOA,5,10,S,YU,0
10/4/2020,16:34,Sunday,QUEEN STATION,MUATC,5,9,S,YU,6026
10/4/2020,16:44,Sunday,KING STATION,MUATC,5,9,S,YU,6026
10/4/2020,17:00,Sunday,VAUGHAN MC STATION,MUPLA,0,0,S,YU,5656
10/4/2020,18:11,Sunday,VAUGHAN MC STATION,MUNOA,4,8,S,YU,0
10/4/2020,18:34,Sunday,LAWRENCE STATION,EUSC,0,0,N,YU,6021
10/4/2020,18:39,Sunday,QUEEN STATION,MUSC,0,0,N,YU,5701
10/4/2020,21:13,Sunday,DUNDAS WEST STATION,MUNCA,0,0,,BD,0
10/4/2020,21:25,Sunday,VAUGHAN MC STATION,MUNOA,5,10,S,YU,0
10/4/2020,22:00,Sunday,WARDEN STATION,MUO,0,0,,YU/BD,0
10/4/2020,23:15,Sunday,VAUGHAN MC STATION,MUNOA,5,10,S,YU,0
10/4/2020,23:21,Sunday,DUNDAS STATION,MUIS,0,0,,YU,0
10/4/2020,23:43,Sunday,LAWRENCE STATION,MUPAA,0,0,S,YU,6001
10/5/2020,01:33,Monday,SHEPPARD WEST STATION,MUPAA,0,0,S,YU,5516
10/5/2020,01:56,Monday,EGLINTON STATION,SUAE,0,0,,YU,0
10/5/2020,05:31,Monday,FINCH STATION,TUSC,0,0,S,YU,6026
10/5/2020,05:53,Monday,KIPLING STATION,MUNOA,5,10,E,BD,5156
10/5/2020,06:02,Monday,MCCOWAN STATION,ERBO,5,10,S,SRT,3025
10/5/2020,06:03,Monday,WARDEN STATION,MUIRS,0,0,E,BD,0
10/5/2020,06:07,Monday,MCCOWAN STATION,ERNEA,5,10,S,SRT,0
10/5/2020,06:33,Monday,GREENWOOD YARD,MUSC,3,6,E,BD,5412
10/5/2020,07:11,Monday,QUEEN'S PARK STATION,MUDD,3,6,S,YU,5461
10/5/2020,08:40,Monday,CHRISTIE STATION,SUDP,5,8,E,BD,5219
10/5/2020,08:40,Monday,VAUGHAN MC STATION,TUO,3,6,S,YU,5586
10/5/2020,09:24,Monday,QUEEN STATION,MUDD,3,6,N,YU,5656
10/5/2020,09:42,Monday,VAUGHAN MC STATION,TUNIP,3,6,S,YU,5681
10/5/2020,10:24,Monday,BROADVIEW STATION,PUMEL,0,0,,BD,0
10/5/2020,10:24,Monday,WARDEN STATION,MUIRS,0,0,,YU,0
10/5/2020,10:29,Monday,ST CLAIR STATION,SUAP,0,0,,YU,0
10/5/2020,11:12,Monday,WARDEN STATION,SUDP,6,9,S,YU,5661
10/5/2020,11:27,Monday,SHEPPARD STATION,MUI,4,7,N,YU,5956
10/5/2020,11:56,Monday,KEELE STATION,MUO,0,0,,BD,0
10/5/2020,12:05,Monday,EGLINTON STATION,MUIRS,0,0,S,YU,0
10/5/2020,12:12,Monday,FINCH STATION,TUNIP,3,6,S,YU,5831
10/5/2020,12:43,Monday,KENNEDY BD STATION,SUDP,3,6,W,BD,5215
10/5/2020,12:51,Monday,MCCOWAN STATION,ERNEA,5,10,S,SRT,3026
10/5/2020,13:32,Monday,WARDEN STATION,SUUT,0,0,E,BD,5156
10/5/2020,14:57,Monday,DUNDAS STATION,MUIS,0,0,,YU,0
10/5/2020,15:05,Monday,MCCOWAN STATION,ERNEA,5,10,S,SRT,0
10/5/2020,15:36,Monday,COXWELL STATION,SUDP,5,8,E,BD,5283
10/5/2020,16:39,Monday,LAWRENCE WEST STATION,SUUT,11,14,S,YU,5801
10/5/2020,16:56,Monday,GLENCAIRN STATION,TUO,5,8,S,YU,5801
10/5/2020,17:01,Monday,BAYVIEW STATION,SUO,0,0,,SHP,0
10/5/2020,17:37,Monday,BATHURST STATION,SUDP,0,0,W,BD,5111
10/5/2020,17:44,Monday,EGLINTON STATION,MUIS,0,0,,YU,0
10/5/2020,18:05,Monday,SCARBOROUGH CTR STATIO,SRDP,0,0,,SRT,0
10/5/2020,18:36,Monday,SPADINA YUS STATION,SUUT,20,23,S,YU,5641
10/5/2020,19:25,Monday,BATHURST STATION,MUIS,0,0,E,BD,0
10/5/2020,20:07,Monday,LESLIE STATION,MUIS,0,0,,SHP,0
10/5/2020,20:15,Monday,ST PATRICK STATION,SUDP,3,6,N,YU,5386
10/5/2020,20:28,Monday,LESLIE STATION,MUIS,0,0,,SHP,0
10/5/2020,22:00,Monday,WARDEN STATION,MUO,0,0,,YU/BD,0
10/5/2020,22:14,Monday,KING STATION,MUPAA,6,11,S,YU,6021
10/5/2020,22:33,Monday,BLOOR STATION,MUIRS,0,0,S,YU,6116
10/5/2020,22:50,Monday,BAY STATION,MUIRS,0,0,,BD,0
10/5/2020,23:00,Monday,ENGLINTON TO SHEPPARD,MUO,0,0,,YU,0
10/5/2020,23:09,Monday,UNION STATION,MUNCA,0,0,,YU,0
10/5/2020,23:17,Monday,BROADVIEW STATION,MUIS,0,0,,BD,0
10/5/2020,23:23,Monday,FINCH STATION,TUSC,0,0,N,YU,5716
10/6/2020,00:53,Tuesday,FINCH STATION,MUIS,0,0,,YU,0
10/6/2020,01:16,Tuesday,FINCH STATION,MUIS,0,0,,YU,0
10/6/2020,01:21,Tuesday,SHEPPARD STATION,MUSC,0,0,S,YU,5841
10/6/2020,01:58,Tuesday,LAWRENCE WEST STATION,SUO,0,0,N,YU,5761
10/6/2020,02:42,Tuesday,PIONEER VILLAGE STATIO,MUIS,0,0,,YU,0
10/6/2020,05:31,Tuesday,DON MILLS STATION,MUSC,0,0,W,SHP,6181
10/6/2020,05:37,Tuesday,SHEPPARD STATION,TUSC,0,0,E,SHP,6176
10/6/2020,05:40,Tuesday,FINCH STATION,MUNOA,3,6,S,YU,0
10/6/2020,05:41,Tuesday,DON MILLS STATION,MUSC,0,0,W,SHP,6196
10/6/2020,05:53,Tuesday,GREENWOOD STATION,MUSC,0,0,E,BD,5238
10/6/2020,06:06,Tuesday,EGLINTON STATION,EUNEA,3,6,N,YU,5831
10/6/2020,06:51,Tuesday,LAWRENCE EAST STATION,TRNCA,0,0,,SRT,0
10/6/2020,07:34,Tuesday,WARDEN STATION,TUMVS,4,7,S,YU,6126
10/6/2020,07:59,Tuesday,WARDEN STATION,SUDP,4,7,E,BD,5265
10/6/2020,08:12,Tuesday,CHESTER STATION,TUSC,0,0,E,BD,5132
10/6/2020,08:16,Tuesday,ROYAL YORK STATION,EUSC,0,0,E,BD,5234
10/6/2020,09:51,Tuesday,ROYAL YORK STATION,TUSC,0,0,E,BD,5224
10/6/2020,10:01,Tuesday,ST GEORGE BD STATION,SUDP,3,6,E,BD,5188
10/6/2020,10:31,Tuesday,VAUGHAN MC STATION,MUNOA,3,6,S,YU,0
10/6/2020,11:14,Tuesday,VAUGHAN MC STATION,MUNOA,3,6,S,YU,0
10/6/2020,11:41,Tuesday,KING STATION,MUI,41,43,N,YU,5881
10/6/2020,13:27,Tuesday,OSGOODE STATION,MUATC,0,0,N,YU,5686
10/6/2020,13:29,Tuesday,DUNDAS STATION,MUPAA,0,0,S,YU,6031
10/6/2020,13:37,Tuesday,VAUGHAN MC STATION,MUNOA,3,6,S,YU,0
10/6/2020,13:50,Tuesday,COXWELL STATION,TUMVS,0,0,E,BD,5038
10/6/2020,15:29,Tuesday,WARDEN STATION,EUSC,0,0,S,YU,5731
10/6/2020,15:31,Tuesday,OLD MILL STATION,TUSC,0,0,E,BD,5356
10/6/2020,15:47,Tuesday,MCCOWAN STATION,ERNEA,5,10,S,SRT,0
10/6/2020,15:57,Tuesday,FINCH STATION,MUIRS,0,0,,YU,1232
10/6/2020,16:46,Tuesday,ROYAL YORK STATION,MUSC,0,0,E,BD,5234
10/6/2020,17:06,Tuesday,DOWNSVIEW PARK STATION,SUROB,0,0,N,YU,5711
10/6/2020,17:28,Tuesday,DAVISVILLE STATION,PUMEL,0,0,,YU,0
10/6/2020,18:21,Tuesday,MCCOWAN CARHOUSE,MRO,0,0,,SRT,0
10/6/2020,18:48,Tuesday,ST CLAIR WEST STATION,EUBO,3,6,S,YU,5871
10/6/2020,21:52,Tuesday,RUNNYMEDE STATION,SUUT,11,17,W,BD,5076
10/6/2020,22:00,Tuesday,WARDEN STATION,MUO,0,0,,YU/BD,0
10/6/2020,22:51,Tuesday,INGLIS BUILDING,MUIE,0,0,,999,0
10/6/2020,23:00,Tuesday,WARDEN STATION,MUO,0,0,,YU,0
10/6/2020,23:21,Tuesday,FINCH STATION,MUSC,0,0,N,YU,6101
10/7/2020,00:41,Wednesday,VAUGHAN MC STATION,MUIS,0,0,,YU,0
10/7/2020,01:15,Wednesday,DOWNSVIEW PARK STATION,SUAP,4,9,S,YU,5546
10/7/2020,02:43,Wednesday,SHEPPARD STATION,SUO,0,0,,YU,0
10/7/2020,03:03,Wednesday,SHEPPARD STATION,SUDP,0,0,,YU,0
10/7/2020,05:59,Wednesday,OLD MILL STATION,MUSC,0,0,E,BD,5148
10/7/2020,06:07,Wednesday,MCCOWAN STATION,ERNEA,5,10,S,SRT,3000
10/7/2020,06:25,Wednesday,UNION STATION,MUIR,0,0,N,YU,0
10/7/2020,07:17,Wednesday,EGLINTON STATION,MUTD,0,0,N,YU,6136
10/7/2020,07:55,Wednesday,SHEPPARD WEST STATION,MUATC,3,6,N,YU,5686
10/7/2020,08:36,Wednesday,KIPLING STATION,MUTO,3,6,E,BD,5038
10/7/2020,08:43,Wednesday,CASTLE FRANK STATION,SUAP,0,0,W,BD,0
10/7/2020,08:44,Wednesday,SHERBOURNE STATION,SUDP,0,0,W,BD,5041
10/7/2020,09:06,Wednesday,BLOOR STATION,MUIRS,0,0,,YU,0
10/7/2020,09:43,Wednesday,COXWELL STATION,TUO,3,6,W,BD,5211
10/7/2020,10:48,Wednesday,FINCH STATION,SUAP,0,0,,YU,0
10/7/2020,11:46,Wednesday,ISLINGTON STATION,MUIE,0,0,,BD,0
10/7/2020,12:07,Wednesday,JANE STATION,MUPAA,6,9,W,BD,5290
10/7/2020,12:10,Wednesday,FINCH WEST STATION,MUIS,0,0,,YU,0
10/7/2020,13:59,Wednesday,MCCOWAN STATION,MRTO,5,10,S,SRT,3009
10/7/2020,14:02,Wednesday,COLLEGE STATION,EUSC,0,0,S,YU,5731
10/7/2020,14:16,Wednesday,ISLINGTON STATION,PUTDN,0,0,E,BD,5301
10/7/2020,15:05,Wednesday,MCCOWAN STATION,ERNEA,5,10,S,SRT,3000
10/7/2020,15:49,Wednesday,CASTLE FRANK STATION,MUPAA,3,6,E,BD,5165
10/7/2020,15:54,Wednesday,ISLINGTON STATION,TUMVS,0,0,E,BD,5302
10/7/2020,16:01,Wednesday,WARDEN STATION,SUUT,0,0,E,BD,5038
10/7/2020,16:20,Wednesday,BROADVIEW STATION,SUAP,0,0,E,BD,5293
10/7/2020,17:04,Wednesday,SUMMERHILL STATION,PUSNT,0,0,S,YU,5851
10/7/2020,18:25,Wednesday,VAUGHAN MC STATION,EUDO,3,6,S,YU,5566
10/7/2020,18:45,Wednesday,LAWRENCE STATION,MUIR,5,8,S,YU,5806
10/7/2020,18:58,Wednesday,VAUGHAN MC STATION,MUSAN,3,6,S,YU,5556
10/7/2020,20:14,Wednesday,VAUGHAN MC STATION,TUO,3,6,S,YU,5651
10/7/2020,20:17,Wednesday,DAVISVILLE STATION,PUSTS,5,8,N,YU,5441
10/7/2020,21:14,Wednesday,WARDEN STATION,PUSTS,0,0,N,YU,6126
10/7/2020,21:32,Wednesday,WARDEN STATION,SUROB,0,0,E,BD,5156
10/7/2020,22:00,Wednesday,WARDEN STATION,MUO,0,0,,,0
10/7/2020,22:21,Wednesday,BLOOR STATION,SUROB,5,10,S,YU,5516
10/7/2020,22:23,Wednesday,KEELE STATION,SUDP,0,0,W,BD,5371
10/7/2020,22:33,Wednesday,FINCH STATION,TUO,5,10,S,YU,5561
10/7/2020,23:00,Wednesday,WARDEN STATION,MUO,0,0,,YU,0
10/7/2020,23:09,Wednesday,ST. ANDREW STATION,MUIS,0,0,S,YU,6121
10/7/2020,23:51,Wednesday,DUNDAS WEST STATION,SUUT,0,0,W,BD,5296
10/8/2020,00:39,Thursday,BLOOR STATION,SUAP,3,8,N,YU,6036
10/8/2020,01:37,Thursday,WARDEN STATION,MUSAN,6,12,W,BD,5041
10/8/2020,02:12,Thursday,VAUGHAN MC STATION,MUIRS,0,0,,YU,0
10/8/2020,05:58,Thursday,KEELE STATION,EUOE,5,10,W,BD,5005
10/8/2020,06:00,Thursday,TORONTO TRANSIT COMMIS,MUO,0,0,,YU,0
10/8/2020,06:00,Thursday,TORONTO TRANSIT COMMIS,MUO,0,0,,SHP,0
10/8/2020,06:00,Thursday,TORONTO TRANSIT COMMIS,MRO,0,0,,SRT,0
10/8/2020,06:07,Thursday,MCCOWAN STATION,ERNEA,5,10,S,SRT,0
10/8/2020,07:15,Thursday,ST CLAIR WEST STATION,MUPAA,0,0,N,YU,5456
10/8/2020,07:37,Thursday,GLENCAIRN STATION,SUROB,0,0,,YU,0
10/8/2020,07:39,Thursday,WARDEN STATION,PUMST,0,0,,YU,0
10/8/2020,08:28,Thursday,CHESTER STATION,TUSC,0,0,E,BD,5322
10/8/2020,09:43,Thursday,QUEEN STATION,MUSC,0,0,N,YU,5481
10/8/2020,10:43,Thursday,WARDEN STATION,TUO,3,6,N,YU,5741
10/8/2020,11:17,Thursday,DON MILLS STATION,PUSTS,4,9,E,SHP,6196
10/8/2020,11:49,Thursday,WARDEN STATION,MUIS,0,0,,BD,0
10/8/2020,12:20,Thursday,ELLESMERE STATION,TRNCA,0,0,,SRT,0
10/8/2020,12:48,Thursday,COLLEGE STATION,MUIS,0,0,,YU,0
10/8/2020,13:32,Thursday,DUNDAS STATION,MUIRS,0,0,N,YU,0
10/8/2020,13:49,Thursday,DONLANDS STATION,SUDP,0,0,W,BD,5301
10/8/2020,14:02,Thursday,MCCOWAN STATION,ERNEA,5,10,S,SRT,0
10/8/2020,14:17,Thursday,VAUGHAN MC STATION,MUNOA,4,8,S,YU,0
10/8/2020,14:31,Thursday,EGLINTON STATION,MUIRS,0,0,,YU,0
10/8/2020,15:14,Thursday,PAPE STATION,MUIS,0,0,W,BD,0
10/8/2020,15:17,Thursday,DAVISVILLE STATION,MUIRS,0,0,,YU,0
10/8/2020,15:59,Thursday,KENNEDY BD STATION,SUROB,3,6,W,BD,5331
10/8/2020,16:10,Thursday,EGLINTON STATION,SUDP,5,8,S,YU,5756
10/8/2020,16:14,Thursday,CASTLE FRANK STATION,MUPAA,3,6,E,BD,5236
10/8/2020,16:25,Thursday,EGLINTON STATION,PUMEL,0,0,,YU,0
10/8/2020,16:35,Thursday,WARDEN STATION,PUMEL,0,0,,YU,0
10/8/2020,17:05,Thursday,DUPONT STATION,MUI,25,28,N,YU,5606
10/8/2020,17:14,Thursday,WARDEN STATION,SUAE,0,0,,BD,0
10/8/2020,17:17,Thursday,KENNEDY BD STATION,PUMEL,0,0,,BD,0
10/8/2020,18:00,Thursday,EGLINTON STATION,MUPAA,4,7,N,YU,5471
10/8/2020,18:31,Thursday,OSGOODE STATION,SUO,0,0,N,YU,5886
10/8/2020,19:10,Thursday,WARDEN STATION,EUDO,9,15,W,BD,5306
10/8/2020,19:30,Thursday,VAUGHAN MC STATION,TUNIP,4,7,S,YU,5846
10/8/2020,20:05,Thursday,KIPLING STATION,MUSAN,6,12,E,BD,5232
10/8/2020,21:47,Thursday,MAIN STREET STATION,MUIS,0,0,,BD,0
10/8/2020,21:50,Thursday,FINCH STATION,EUDO,3,8,S,YU,5706
10/8/2020,22:00,Thursday,WARDEN STATION,MUO,0,0,,YU/BD,0
10/8/2020,22:01,Thursday,VICTORIA PARK STATION,MUIS,0,0,,BD,0
10/8/2020,23:00,Thursday,WARDEN STATION,MUO,0,0,,YU,0
10/8/2020,23:16,Thursday,FINCH STATION,MUSC,0,0,N,YU,5481
10/9/2020,00:32,Friday,FINCH WEST STATION,MUPAA,0,0,N,YU,5541
10/9/2020,02:04,Friday,PIONEER VILLAGE STATIO,SUDP,0,0,,YU,0
10/9/2020,02:23,Friday,WARDEN STATION,SUO,0,0,,YU,0
10/9/2020,02:53,Friday,MCCOWAN YARD,SRO,0,0,,SRT,3013
10/9/2020,05:50,Friday,WARDEN STATION,PUTWZ,5,0,E,BD,5144
10/9/2020,06:02,Friday,WARDEN STATION,TUOS,0,0,N,YU,5401
10/9/2020,06:05,Friday,WARDEN STATION,TUOS,0,0,N,YU,5536
10/9/2020,06:07,Friday,MCCOWAN STATION,ERNEA,5,10,S,SRT,0
10/9/2020,07:06,Friday,KEELE STATION,MUSC,0,0,W,BD,5070
10/9/2020,08:59,Friday,CASTLE FRANK STATION,SUO,4,7,W,BD,5121
10/9/2020,09:02,Friday,ISLINGTON STATION,MUSC,0,0,W,BD,5296
10/9/2020,09:24,Friday,KEELE STATION,MUSC,0,0,W,BD,5354
10/9/2020,10:51,Friday,BLOOR STATION,MUIRS,0,0,,YU,0
10/9/2020,10:56,Friday,OLD MILL STATION,EUSC,0,0,W,BD,5224
10/9/2020,11:20,Friday,WARDEN STATION,MUO,0,0,S,YU,5921
10/9/2020,12:00,Friday,SUMMERHILL STATION,SUDP,3,6,N,YU,5471
10/9/2020,12:16,Friday,SUMMERHILL STATION,SUDP,0,0,S,YU,5531
10/9/2020,12:22,Friday,VAUGHAN MC STATION,TUNIP,3,6,S,YU,5711
10/9/2020,12:44,Friday,MAIN STREET STATION,MUSC,0,0,W,BD,5331
10/9/2020,12:53,Friday,VICTORIA PARK STATION,MUPAA,0,0,E,BD,5256
10/9/2020,13:05,Friday,WARDEN STATION,PUMEL,0,0,,BD,0
10/9/2020,14:01,Friday,WARDEN STATION,TUSC,0,0,N,YU,5791
10/9/2020,14:18,Friday,FINCH STATION,MUTO,3,6,N,YU,5564
10/9/2020,14:37,Friday,WARDEN STATION,MUPLB,14,17,S,YU,5891
10/9/2020,14:55,Friday,ST CLAIR STATION,PUMST,0,0,,YU,0
10/9/2020,15:31,Friday,OLD MILL STATION,PUMEL,0,0,,BD,0
10/9/2020,15:52,Friday,VAUGHAN MC STATION,MUIE,3,6,S,YU,5466
10/9/2020,18:14,Friday,UNION STATION,MUDD,5,8,N,YU,5671
10/9/2020,18:59,Friday,EGLINTON STATION,MUIS,0,0,,YU,0
10/9/2020,19:09,Friday,QUEEN STATION,MUATC,5,8,S,YU,5386
10/9/2020,20:07,Friday,DOWNSVIEW PARK STATION,MUATC,3,6,S,YU,5996
10/9/2020,21:58,Friday,CASTLE FRANK STATION,MUIS,0,0,,BD,0
10/9/2020,22:00,Friday,WARDEN STATION,MUO,0,0,,YU/BD,0
10/9/2020,22:49,Friday,SHEPPARD WEST STATION,MUATC,4,9,S,YU,5996
10/9/2020,22:51,Friday,FINCH STATION,MUIE,3,8,S,YU,5846
10/9/2020,23:13,Friday,DUNDAS WEST STATION,MUIS,0,0,W,BD,0
10/9/2020,23:16,Friday,WARDEN STATION,SUDP,0,0,W,BD,5065
10/9/2020,23:33,Friday,JANE STATION,PUSRA,3,9,E,BD,5063
10/9/2020,23:45,Friday,MAIN STREET STATION,MUIS,0,0,E,BD,0
10/9/2020,23:57,Friday,PAPE STATION,PUSRA,3,9,E,BD,5063
10/10/2020,00:03,Saturday,OSGOODE STATION,MUATC,4,9,N,YU,5896
10/10/2020,00:10,Saturday,ST GEORGE BD STATION,SUUT,0,0,W,BD,5098
10/10/2020,00:22,Saturday,WARDEN STATION,MUATC,7,12,S,YU,5996
10/10/2020,00:54,Saturday,QUEEN STATION,MUSC,3,8,N,YU,5996
10/10/2020,01:20,Saturday,ROYAL YORK STATION,MUIS,0,0,,BD,0
10/10/2020,01:40,Saturday,DUNDAS WEST STATION,MUIS,0,0,,BD,0
10/10/2020,01:44,Saturday,FINCH STATION,MUIS,0,0,,YU,0
10/10/2020,05:53,Saturday,EGLINTON STATION,TUNOA,5,10,N,YU,0
10/10/2020,06:12,Saturday,SHEPPARD WEST STATION,MUATC,14,34,N,YU,6066
10/10/2020,06:30,Saturday,VAUGHAN MC STATION,MUO,10,25,N,YU,5921
10/10/2020,06:51,Saturday,ST CLAIR WEST STATION,MUTO,0,0,S,YU,5536
10/10/2020,06:58,Saturday,MAIN STREET STATION,EUSC,0,0,W,BD,5224
10/10/2020,07:32,Saturday,BATHURST STATION,MUSC,0,0,W,BD,5223
10/10/2020,08:08,Saturday,KENNEDY BD STATION,MUPAA,0,0,W,BD,5156
10/10/2020,10:23,Saturday,MAIN STREET STATION,EUSC,0,0,W,BD,5224
10/10/2020,11:03,Saturday,PIONEER VILLAGE STATIO,MUATC,8,12,N,YU,5911
10/10/2020,12:50,Saturday,VAUGHAN MC STATION,TUNOA,3,6,S,YU,0
10/10/2020,13:11,Saturday,DUNDAS STATION,MUIRS,0,0,N,YU,0
10/10/2020,13:25,Saturday,WARDEN STATION,SUDP,3,6,S,YU,5896
10/10/2020,13:53,Saturday,VAUGHAN MC STATION,MUNOA,3,6,S,YU,0
10/10/2020,14:08,Saturday,QUEEN STATION,SUPOL,6,9,S,YU,5411
10/10/2020,14:31,Saturday,ST GEORGE YUS STATION,SUAP,6,9,S,YU,5701
10/10/2020,14:39,Saturday,BAY STATION,SUAP,6,10,E,BD,5167
10/10/2020,15:24,Saturday,SHEPPARD-YONGE STATION,MUIR,5,10,E,SHP,6176
10/10/2020,15:33,Saturday,BAYVIEW STATION,TUMVS,9,14,W,SHP,6191
10/10/2020,15:34,Saturday,BLOOR STATION,MUIRS,0,0,,YU,0
10/10/2020,17:08,Saturday,KIPLING STATION,MUIS,0,0,,BD,0
10/10/2020,17:17,Saturday,KENNEDY BD STATION,XXXXX,0,0,,BD,0
10/10/2020,17:41,Saturday,VAUGHAN MC STATION,MUCL,5,8,S,YU,0
10/10/2020,18:32,Saturday,DUFFERIN STATION,SUO,20,24,W,BD,5168
10/10/2020,18:40,Saturday,OSSINGTON STATION,TUCC,8,13,E,BD,5356
10/10/2020,18:44,Saturday,MAIN STREET STATION,MUIS,0,0,W,BD,0
10/10/2020,19:15,Saturday,GREENWOOD STATION,SUAP,0,0,E,BD,5050
10/10/2020,19:41,Saturday,VAUGHAN MC STATION,MUNOA,5,10,S,YU,0
10/10/2020,20:06,Saturday,PAPE STATION,MUIRS,0,0,E,BD,5348
10/10/2020,20:16,Saturday,SUMMERHILL STATION,SUDP,12,17,N,YU,5921
10/10/2020,21:29,Saturday,VAUGHAN MC STATION,MUTO,5,10,S,YU,6041
10/10/2020,21:44,Saturday,BATHURST STATION,MUIS,0,0,W,BD,0
10/10/2020,22:00,Saturday,WARDEN STATION,MUO,0,0,,YU/BD,0
10/10/2020,22:19,Saturday,KENNEDY BD STATION,TUMVS,0,0,E,BD,5167
10/10/2020,23:22,Saturday,OSGOODE STATION,MUATC,0,0,N,YU,5991
10/10/2020,23:42,Saturday,DON MILLS STAITON,MUIS,0,0,,,0
10/11/2020,00:50,Sunday,DUNDAS WEST STATION,MUIRS,0,0,,BD,0
10/11/2020,01:17,Sunday,ST GEORGE BD STATION,MUIS,0,0,W,BD,0
10/11/2020,07:39,Sunday,WARDEN STATION,PUTWZ,120,0,S,YU,5786
10/11/2020,07:58,Sunday,DAVISVILLE STATION,TUNIP,5,10,S,YU,5706
10/11/2020,08:41,Sunday,OSSINGTON STATION,PUSNT,0,0,E,BD,5142
10/11/2020,09:55,Sunday,VICTORIA PARK STATION,SUO,0,0,,BD,0
10/11/2020,11:00,Sunday,QUEEN STATION,MUIS,0,0,N,YU,0
10/11/2020,11:05,Sunday,DUNDAS WEST STATION,SUO,0,0,,BD,0
10/11/2020,12:01,Sunday,QUEEN STATION,MUATC,5,10,N,YU,5711
10/11/2020,12:45,Sunday,BLOOR STATION,EUDO,5,9,S,YU,5871
10/11/2020,13:04,Sunday,LAWRENCE STATION,SUDP,6,10,N,YU,5791
10/11/2020,13:12,Sunday,DAVISVILLE STATION,SUO,3,7,S,YU,5561
10/11/2020,14:00,Sunday,MAIN STREET STATION,SUUT,9,14,W,BD,5089
10/11/2020,14:24,Sunday,EGLINTON STATION,PUTSC,3,7,S,YU,6096
10/11/2020,14:29,Sunday,COLLEGE STATION,SUDP,9,13,N,YU,6111
10/11/2020,14:40,Sunday,WARDEN STATION,MUI,7,11,N,YU,5961
10/11/2020,15:03,Sunday,OSGOODE STATION,MUATC,3,7,S,YU,5896
10/11/2020,15:42,Sunday,DUFFERIN STATION,SUDP,0,0,W,BD,0
10/11/2020,15:52,Sunday,OLD MILL STATION,TUOS,6,11,E,BD,5145
10/11/2020,15:55,Sunday,WARDEN STATION,PUSTC,0,0,E,BD,5302
10/11/2020,16:02,Sunday,VAUGHAN MC STATION,TUSUP,3,7,S,YU,0
10/11/2020,16:23,Sunday,VAUGHAN MC STATION,TUSUP,6,10,S,YU,0
10/11/2020,16:27,Sunday,FINCH STATION,MUIS,0,0,,YU,0
10/11/2020,16:34,Sunday,LAWRENCE EAST STATION,SRDP,0,0,,SRT,0
10/11/2020,17:11,Sunday,WARDEN STATION,PUSTC,4,9,E,BD,5156
10/11/2020,17:21,Sunday,WARDEN STATION,TUSC,0,0,N,YU,5466
10/11/2020,17:28,Sunday,VICTORIA PARK STATION,SUAE,0,0,W,BD,5156
10/11/2020,17:43,Sunday,COXWELL STATION,SUAE,4,9,W,BD,5156
10/11/2020,17:45,Sunday,WARDEN STATION,MUATC,0,0,N,YU,5991
10/11/2020,18:09,Sunday,ST CLAIR WEST STATION,MUNCA,0,0,,YU,0
10/11/2020,18:36,Sunday,WARDEN STATION,TUSC,0,0,S,YU,5561
10/11/2020,18:38,Sunday,BAYVIEW STATION,MUPAA,0,0,W,SHP,6171
10/11/2020,18:44,Sunday,WARDEN STATION,MUIS,0,0,,YU,0
10/11/2020,18:46,Sunday,WARDEN STATION,SUDP,0,0,W,BD,5063
10/11/2020,19:55,Sunday,ST ANDREW STATION,MUATC,3,8,N,YU,5991
10/11/2020,20:19,Sunday,EGLINTON STATION,MUIRS,0,0,,YU,0
10/11/2020,20:24,Sunday,SHEPPARD WEST STATION,MUATC,5,10,S,YU,5991
10/11/2020,20:42,Sunday,ROSEDALE STATION,SUUT,17,22,S,YU,6116
10/11/2020,20:50,Sunday,WARDEN STATION,MUIR,0,0,W,BD,5089
10/11/2020,21:03,Sunday,WARDEN STATION,TUSC,0,0,N,YU,5831
10/11/2020,21:33,Sunday,ST CLAIR STATION,MUPAA,0,0,N,YU,5566
10/11/2020,21:49,Sunday,WARDEN STATION,SUO,0,0,,YU,0
10/11/2020,22:00,Sunday,WARDEN STATION,MUO,0,0,,YU/BD,0
10/11/2020,22:17,Sunday,DUNDAS STATION,SUO,0,0,S,YU,0
10/11/2020,23:21,Sunday,FINCH STATION,EUSC,0,0,N,YU,5586
10/11/2020,23:54,Sunday,JANE STATION,MUD,0,0,W,BD,5063
10/12/2020,00:36,Monday,WARDEN STATION,PUMEL,0,0,,YU,0
10/12/2020,00:47,Monday,ST GEORGE BD STATION,TUMVS,5,10,W,BD,5281
10/12/2020,00:54,Monday,SHEPPARD-YONGE STATION,TUO,3,8,E,SHP,6176
10/12/2020,01:14,Monday,ISLINGTON STATION,TUMVS,6,11,W,BD,5270
10/12/2020,03:12,Monday,WARDEN STATION,MUIE,0,0,,YU,0
10/12/2020,05:54,Monday,DUFFERIN STATION,PUMST,0,0,,BD,0
10/12/2020,06:47,Monday,GREENWOOD STATION,MUO,5,0,E,BD,5069
10/12/2020,07:42,Monday,QUEEN TO KING STATIONS,MUATC,7,12,S,YU,5446
10/12/2020,07:47,Monday,SHEPPARD WEST STATION,SUAE,0,0,,YU,0
10/12/2020,07:59,Monday,KIPLING STATION,MUIE,0,0,,BD,0
10/12/2020,08:12,Monday,DUFFERIN STATION,MUNCA,0,0,,BD,0
10/12/2020,08:21,Monday,ISLINGTON STATION,SUDP,0,0,E,BD,5188
10/12/2020,08:23,Monday,LAWRENCE STATION,EUSC,0,0,N,YU,5941
10/12/2020,08:49,Monday,HIGH PARK STATION,MUIRS,0,0,,BD,0
10/12/2020,09:13,Monday,ST GEORGE BD STATION,SUDP,6,10,E,BD,5261
10/12/2020,09:20,Monday,KENNEDY BD STATION,MUIR,4,8,W,BD,5191
10/12/2020,09:27,Monday,SPADINA YUS STATION,SUDP,0,0,N,YU,5966
10/12/2020,09:48,Monday,FINCH STATION,MUSC,0,0,S,YU,5446
10/12/2020,11:00,Monday,WARDEN STATION,MUATC,6,10,S,YU,5891
10/12/2020,11:28,Monday,PAPE STATION,MUNOA,4,8,E,BD,0
10/12/2020,11:59,Monday,UNION STATION,MUIR,4,8,N,YU,6006
10/12/2020,12:42,Monday,PAPE STATION,MUNOA,4,8,E,BD,0
10/12/2020,14:17,Monday,KIPLING STATION,MUIR,5,10,E,BD,5261
10/12/2020,15:10,Monday,VICTORIA PARK STATION,SUAP,0,0,,BD,0
10/12/2020,15:39,Monday,JANE STATION,SUDP,11,16,E,BD,5111
10/12/2020,16:00,Monday,FINCH STATION,EUSC,3,7,S,YU,6106
10/12/2020,16:46,Monday,LAWRENCE EAST STATION,ERME,5,10,N,SRT,3027
10/12/2020,17:01,Monday,UNION STATION,SUO,0,0,,YU,0
10/12/2020,17:51,Monday,DUNDAS STATION,SUAP,0,0,,YU,0
10/12/2020,18:10,Monday,SPADINA YUS STATION,SUUT,0,0,S,YU,0
10/12/2020,18:42,Monday,CHRISTIE STATION,MUIRS,0,0,,BD,0
10/12/2020,19:15,Monday,EGLINTON STATION,SUO,0,0,,YU,0
10/12/2020,19:20,Monday,WARDEN STATION,SUDP,0,0,,BD,0
10/12/2020,19:31,Monday,OSSINGTON STATION,MUPAA,3,8,E,BD,5197
10/12/2020,20:03,Monday,LAWRENCE STATION,EUSC,0,0,N,YU,5876
10/12/2020,20:09,Monday,KIPLING STATION,MUNCA,0,0,,BD,0
10/12/2020,20:38,Monday,FINCH STATION,SUO,0,0,,YU,0
10/12/2020,21:58,Monday,FINCH STATION,SUDP,0,0,S,YU,5471
10/12/2020,22:00,Monday,WARDEN STATION,MUO,0,0,,YU/BD,0
10/12/2020,22:43,Monday,LAWRENCE WEST STATION,MUIS,0,0,,YU,0
10/12/2020,22:59,Monday,WARDEN STATION,MUPLC,0,0,,BD,0
10/13/2020,00:27,Tuesday,FINCH STATION,TUSC,0,0,N,YU,5641
10/13/2020,01:25,Tuesday,BAYVIEW STATION,EUO,22,27,W,SHP,6191
10/13/2020,01:59,Tuesday,DUNDAS WEST STATION,SUDP,0,0,,BD,0
10/13/2020,02:10,Tuesday,LESLIE STATION,TUOS,4,9,E,SHP,6181
10/13/2020,05:36,Tuesday,FINCH STATION,TUO,5,8,S,YU,5946
10/13/2020,05:40,Tuesday,FINCH STATION,MUNCA,0,0,,YU,0
10/13/2020,05:56,Tuesday,ST ANDREW STATION,MUNCA,0,0,,YU,0
10/13/2020,08:31,Tuesday,ST GEORGE YUS STATION,MUI,0,0,S,YU,6131
10/13/2020,09:21,Tuesday,COLLEGE STATION,SUO,4,7,S,YU,5516
10/13/2020,09:38,Tuesday,EGLINTON STATION,PUTIJ,3,6,S,YU,6116
10/13/2020,09:52,Tuesday,GLENCAIRN STATION,MUATC,3,6,N,YU,5966
10/13/2020,10:00,Tuesday,WARDEN STATION,TUSC,0,0,N,YU,6006
10/13/2020,10:04,Tuesday,GREENWOOD STATION,MUTO,7,10,W,BD,5310
10/13/2020,10:19,Tuesday,EGLINTON STATION,PUTIJ,3,6,S,YU,5551
10/13/2020,10:33,Tuesday,KIPLING STATION,MUTO,3,6,E,BD,5149
10/13/2020,10:41,Tuesday,FINCH STATION,MUSC,0,0,S,YU,5541
10/13/2020,11:07,Tuesday,EGLINTON STATION,PUSSW,3,6,N,YU,5581
10/13/2020,11:25,Tuesday,KENNEDY SRT STATION,PRSA,33,38,N,SRT,3009
10/13/2020,11:27,Tuesday,SHEPPARD WEST STATION,MUI,16,19,S,YU,5801
10/13/2020,11:29,Tuesday,QUEEN STATION,MUSAN,3,6,N,YU,5641
10/13/2020,11:49,Tuesday,PIONEER VILLAGE STATIO,MUATC,3,6,S,YU,6006
10/13/2020,12:04,Tuesday,COLLEGE STATION,SUAP,7,10,S,YU,5486
10/13/2020,12:21,Tuesday,WARDEN STATION,SUAE,0,0,E,YU,0
10/13/2020,13:20,Tuesday,FINCH STATION,MUSC,0,0,S,YU,5541
10/13/2020,13:52,Tuesday,BATHURST STATION,PUTDN,4,7,W,BD,5278
10/13/2020,14:55,Tuesday,VICTORIA PARK STATION,EULT,3,6,E,BD,5333
10/13/2020,15:00,Tuesday,EGLINTON STATION,MUI,3,6,N,YU,5901
10/13/2020,15:00,Tuesday,WARDEN STATION,SUDP,0,0,N,YU,5586
10/13/2020,15:27,Tuesday,EGLINTON STATION,PUMEL,0,0,,YU,0
10/13/2020,17:08,Tuesday,COXWELL STATION,SUROB,0,0,E,BD,5111
10/13/2020,17:13,Tuesday,ROYAL YORK STATION,EUSC,0,0,E,BD,5238
10/13/2020,17:41,Tuesday,KING STATION,MUIR,8,11,N,YU,6006
10/13/2020,18:13,Tuesday,WARDEN STATION,SUUT,9,12,S,YU,5881
10/13/2020,18:17,Tuesday,DONLANDS STATION,SUDP,3,6,W,BD,5358
10/13/2020,19:05,Tuesday,BLOOR STATION,MUIS,0,0,S,YU,0
10/13/2020,19:34,Tuesday,VICTORIA PARK STATION,EUDO,3,8,W,BD,5340
10/13/2020,20:42,Tuesday,KEELE STATION,SUAP,0,0,,BD,0
10/13/2020,21:12,Tuesday,COLLEGE STATION,SUO,3,8,N,YU,5751
10/13/2020,22:00,Tuesday,WARDEN STATION,MUO,0,0,,YU/BD,0
10/13/2020,22:40,Tuesday,CHESTER STATION,MUIS,0,0,,BD,0
10/13/2020,23:08,Tuesday,ST CLAIR WEST STATION,SUDP,0,0,S,YU,5861
10/14/2020,00:19,Wednesday,SPADINA YUS STATION,SUDP,0,0,N,YU,5431
10/14/2020,01:09,Wednesday,DON MILLS STATION,TUO,6,11,E,SHP,6156
10/14/2020,01:16,Wednesday,UNION STATION,MUIS,0,0,,YU,0
10/14/2020,01:36,Wednesday,VAUGHAN MC STATION,MUIS,0,0,,YU,0
10/14/2020,04:08,Wednesday,PIONEER VILLAGE STATIO,SUO,0,0,,YU,0
10/14/2020,05:27,Wednesday,BAYVIEW STATION,TUSC,0,0,E,SHP,6156
10/14/2020,06:17,Wednesday,MAIN STREET STATION,EUNT,0,0,W,BD,5355
10/14/2020,06:27,Wednesday,LAWRENCE STATION,TUSC,0,0,N,YU,6091
10/14/2020,07:53,Wednesday,CHESTER STATION,TUSC,0,0,E,BD,5003
10/14/2020,08:06,Wednesday,ROYAL YORK STATION,MUSC,0,0,E,BD,5361
10/14/2020,08:11,Wednesday,WARDEN STATION,PUTIJ,3,6,E,BD,5158
10/14/2020,08:29,Wednesday,DUPONT STATION,SUDP,0,0,S,YU,5481
10/14/2020,08:38,Wednesday,SHEPPARD-YONGE STATION,MUIE,0,0,,SHP,0
10/14/2020,09:43,Wednesday,CHRISTIE STATION,SUDP,4,7,W,BD,5191
10/14/2020,09:46,Wednesday,BROADVIEW STATION,MUPAA,0,0,W,BD,5220
10/14/2020,09:46,Wednesday,OLD MILL STATION,EUSC,0,0,W,BD,5238
10/14/2020,10:45,Wednesday,PRINCE EDWARD SUBSTATI,MUIE,0,0,,YU,0
10/14/2020,10:58,Wednesday,MAIN STREET STATION,EUSC,0,0,W,BD,5238
10/14/2020,11:36,Wednesday,WARDEN STATION,EUBK,0,0,S,YU,5681
10/14/2020,11:52,Wednesday,DUNDAS STATION,SUO,0,0,N,YU,0
10/14/2020,12:25,Wednesday,GREENWOOD STATION,MUIS,0,0,,BD,0
10/14/2020,13:00,Wednesday,ISLINGTON STATION,MUIS,0,0,,BD,0
10/14/2020,14:14,Wednesday,WARDEN STATION,MUIS,0,0,,YU,0
10/14/2020,16:00,Wednesday,EGLINTON STATION,MUIR,3,6,N,YU,5781
10/14/2020,16:17,Wednesday,COLLEGE STATION,EUDO,8,11,S,YU,5871
10/14/2020,16:23,Wednesday,ST GEORGE YUS STATION,MUIS,0,0,N,YU,0
10/14/2020,16:57,Wednesday,DUFFERIN STATION,SUDP,3,6,W,BD,5263
10/14/2020,17:13,Wednesday,ISLINGTON STATION,MUSC,0,0,W,BD,5263
10/14/2020,17:23,Wednesday,FINCH STATION,TUSC,0,0,N,YU,5561
10/14/2020,18:28,Wednesday,DAVISVILLE STATION,MUIR,10,13,N,YU,5436
10/14/2020,18:55,Wednesday,HIGH PARK STATION,PUMEL,0,0,,BD,0
10/14/2020,19:52,Wednesday,FINCH STATION,MUSC,0,0,S,YU,5731
10/14/2020,20:10,Wednesday,WARDEN STATION,MUIRS,0,0,,YU,0
10/14/2020,20:22,Wednesday,BAYVIEW STATION,EUOPO,0,0,W,SHP,6151
10/14/2020,20:42,Wednesday,KENNEDY SRT STATION,TRO,9,14,N,SRT,3027
10/14/2020,21:13,Wednesday,WARDEN STATION,PUMST,0,0,,BD,0
10/14/2020,21:46,Wednesday,VICTORIA PARK STATION,SUDP,13,19,E,BD,5277
10/14/2020,22:00,Wednesday,WARDEN STATION,MUO,0,0,,YU/BD,0
10/14/2020,22:09,Wednesday,VICTORIA PARK STATION,SUDP,6,12,W,BD,5261
10/14/2020,22:24,Wednesday,WARDEN STATION,SUDP,5,11,W,BD,5261
10/14/2020,22:35,Wednesday,DAVISVILLE STATION,MUIS,0,0,,YU,0
10/14/2020,22:54,Wednesday,MAIN STREET STATION,MUIR,3,9,E,BD,5145
10/14/2020,23:00,Wednesday,WARDEN STATION,MUO,0,0,,YU,0
10/14/2020,23:50,Wednesday,WARDEN STATION,MUIS,0,0,,BD,0
10/15/2020,00:20,Thursday,WARDEN STATION,PUSTC,0,0,E,BD,5020
10/15/2020,01:07,Thursday,EGLINTON STATION,MUPLB,10,15,S,YU,5886
10/15/2020,01:09,Thursday,COXWELL STATION,SUO,0,0,E,BD,5192
10/15/2020,01:35,Thursday,DOWNSVIEW PARK STATION,MUSC,0,0,S,YU,5846
10/15/2020,01:59,Thursday,ST CLAIR STATION,MUIS,0,0,N,YU,0
10/15/2020,03:16,Thursday,ST GEORGE TO BLOOR STA,PUSRA,0,0,N,YU,0
10/15/2020,05:31,Thursday,FINCH STATION,TUSC,0,0,S,YU,5951
10/15/2020,05:58,Thursday,DAVISVILLE STATION,TUMVS,0,0,S,YU,5621
10/15/2020,06:15,Thursday,COXWELL STATION,MUIRS,3,8,E,BD,5274
10/15/2020,06:30,Thursday,DUPONT STATION,PUMO,0,0,S,YU,0
10/15/2020,06:52,Thursday,KEELE STATION,MUSC,0,0,W,BD,5314
10/15/2020,07:00,Thursday,ROYAL YORK STATION,MUSC,0,0,W,BD,5314
10/15/2020,07:25,Thursday,LAWRENCE WEST STATION,MUIS,0,0,,YU,0
10/15/2020,07:39,Thursday,FINCH STATION,TUSC,0,0,N,YU,5811
10/15/2020,07:44,Thursday,WARDEN STATION,PUSTC,3,6,E,BD,5269
10/15/2020,07:55,Thursday,WARDEN STATION,PUSTC,0,0,E,BD,5145
10/15/2020,08:21,Thursday,WARDEN STATION,PUSTC,3,6,E,BD,5199
10/15/2020,09:15,Thursday,CASTLE FRANK STATION,MUPAA,0,0,E,BD,5155
10/15/2020,09:19,Thursday,DAVISVILLE STATION,PUSO,4,7,S,YU,5411
10/15/2020,09:53,Thursday,LAWRENCE WEST STATION,MUIS,0,0,,YU,0
10/15/2020,09:59,Thursday,FINCH STATION,MUIRS,0,0,,YU,0
10/15/2020,10:01,Thursday,QUEEN STATION,MUIR,0,0,N,YU,5581
10/15/2020,10:15,Thursday,WARDEN STATION,TUSC,0,0,E,BD,5352
10/15/2020,10:15,Thursday,WARDEN STATION,MUATC,3,6,S,YU,5741
10/15/2020,10:24,Thursday,KIPLING STATION,MUIS,0,0,,BD,0
10/15/2020,10:39,Thursday,WARDEN STATION,MUPAA,0,0,S,YU,5991
10/15/2020,11:19,Thursday,FINCH STATION,PUMO,22,26,N,YU,5876
10/15/2020,11:34,Thursday,OSGOODE STATION,SUPOL,12,15,S,YU,6041
10/15/2020,12:31,Thursday,SPADINA BD STATION,SUAE,5,8,W,BD,5328
10/15/2020,12:33,Thursday,FINCH STATION,MUTO,0,0,S,YU,5541
10/15/2020,12:38,Thursday,WARDEN STATION,TUMVS,0,0,W,BD,5265
10/15/2020,12:56,Thursday,WARDEN STATION,MUATC,22,26,S,YU,5746
10/15/2020,13:01,Thursday,SPADINA BD STATION,SUAP,0,0,,BD,0
10/15/2020,13:13,Thursday,FINCH STATION,SUAP,0,0,,YU,0
10/15/2020,13:36,Thursday,BLOOR STATION,SUAP,0,0,S,YU,0
10/15/2020,14:29,Thursday,WARDEN STATION,MUIRS,0,0,N,YU,0
10/15/2020,14:36,Thursday,DUNDAS STATION,MUIRS,0,0,N,YU,0
10/15/2020,16:01,Thursday,ROYAL YORK STATION,TUSC,0,0,W,BD,5278
10/15/2020,16:15,Thursday,PAPE STATION,MUSC,0,0,E,BD,5366
10/15/2020,16:21,Thursday,OSSINGTON STATION,TUSC,0,0,W,BD,5220
10/15/2020,16:34,Thursday,OSSINGTON STATION,EUCA,6,9,W,BD,5281
10/15/2020,16:52,Thursday,OSSINGTON STATION,MUIRS,0,0,E,BD,0
10/15/2020,17:20,Thursday,ROSEDALE STATION,SUUT,9,12,N,YU,6111
10/15/2020,17:23,Thursday,SHEPPARD-YONGE STATION,TUSC,3,8,E,SHP,5176
10/15/2020,18:14,Thursday,ST GEORGE BD STATION,SUUT,4,7,W,BD,5340
10/15/2020,18:43,Thursday,NORTH YORK CTR STATION,MUIS,0,0,,YU,0
10/15/2020,18:45,Thursday,UNION STATION,MUPLB,97,101,N,YU,6136
10/15/2020,20:35,Thursday,ROSEDALE STATION,SUUT,15,18,S,YU,5971
10/15/2020,21:00,Thursday,KIPLING STATION,TUO,3,9,E,BD,5274
10/15/2020,21:25,Thursday,OSGOODE STATION,SUUT,19,24,N,YU,5571
10/15/2020,22:00,Thursday,WARDEN STATION,MUO,0,0,,YU/BD,0
10/15/2020,22:09,Thursday,QUEEN STATION,EUSC,5,10,N,YU,6131
10/15/2020,22:27,Thursday,BLOOR STATION,SUUT,10,15,N,YU,5406
10/15/2020,22:40,Thursday,WARDEN STATION,MUIS,0,0,,BD,0
10/15/2020,23:08,Thursday,WARDEN STATION,MUPAA,4,10,W,BD,5368
10/15/2020,23:24,Thursday,BATHURST STATION,MUIS,0,0,E,BD,5192
10/15/2020,23:47,Thursday,ROYAL YORK STATION,MUIS,0,0,,BD,0
10/16/2020,00:16,Friday,WARDEN STATION,SUDP,7,13,W,BD,5191
10/16/2020,00:30,Friday,BATHURST STATION,MUIS,0,0,,BD,0
10/16/2020,00:55,Friday,DON MILLS STATION,MUIE,0,0,,,0
10/16/2020,00:58,Friday,WARDEN STATION,MUO,0,0,,YU,0
10/16/2020,01:07,Friday,DAVISVILLE STATION,MUIS,0,0,,YU,0
10/16/2020,02:32,Friday,KENNEDY BD STATION,MUIS,0,0,,BD,0
10/16/2020,06:27,Friday,VICTORIA PARK TO WARDE,PUEO,0,0,E,BD,5158
10/16/2020,06:39,Friday,WARDEN STATION,EUDO,4,7,S,YU,5466
10/16/2020,07:09,Friday,FINCH STATION,PUMST,0,0,,YU,0
10/16/2020,07:12,Friday,WARDEN STATION,TUSC,0,0,S,YU,5686
10/16/2020,08:19,Friday,COXWELL STATION,MUTO,4,7,E,BD,5274
10/16/2020,09:48,Friday,SHEPPARD STATION,EUBK,3,6,S,YU,5686
10/16/2020,10:08,Friday,PAPE STATION,PUMEL,0,0,,BD,0
10/16/2020,10:28,Friday,OSSINGTON STATION,TUSC,0,0,W,BD,5242
10/16/2020,10:40,Friday,FINCH STATION,MUTO,3,6,S,YU,5996
10/16/2020,11:02,Friday,WARDEN STATION,TUSC,0,0,E,BD,5354
10/16/2020,11:09,Friday,ST GEORGE YUS STATION,MUPAA,3,6,S,YU,6026
10/16/2020,11:26,Friday,FINCH STATION,MUO,3,6,S,YU,5551
10/16/2020,11:39,Friday,DOWNSVIEW PARK STATION,MUPAA,3,6,S,YU,5651
10/16/2020,12:36,Friday,SHEPPARD-YONGE STATION,PUSO,7,12,E,SHP,6146
10/16/2020,13:30,Friday,WARDEN STATION,MUPAA,0,0,S,YU,5541
10/16/2020,14:28,Friday,WARDEN STATION,PUEO,0,0,E,BD,5152
10/16/2020,14:34,Friday,GREENWOOD STATION,MUSAN,3,6,W,BD,5361
10/16/2020,14:39,Friday,ST CLAIR STATION,MUPAA,0,0,N,YU,6041
10/16/2020,14:53,Friday,EGLINTON WEST STATION,PUMST,0,0,,YU,0
10/16/2020,14:57,Friday,SHERBOURNE STATION,SUDP,11,14,E,BD,5364
10/16/2020,15:04,Friday,ISLINGTON STATION,PUSNT,0,0,E,BD,5335
10/16/2020,15:40,Friday,DUNDAS WEST STATION,MUNCA,0,0,,BD,0
10/16/2020,16:07,Friday,DUNDAS STATION,MUIS,0,0,S,YU,0
10/16/2020,17:04,Friday,DUFFERIN STATION,MUSC,0,0,E,BD,5274
10/16/2020,17:07,Friday,VAUGHAN MC STATION,TUO,3,6,S,YU,5461
10/16/2020,17:13,Friday,LAWRENCE EAST STATION,TRNCA,0,0,,SRT,0
10/16/2020,17:29,Friday,MAIN STREET STATION,MUIS,0,0,,BD,0
10/16/2020,17:30,Friday,VAUGHAN MC STATION,MUTO,3,6,S,YU,5711
10/16/2020,17:40,Friday,FINCH WEST STATION,SUDP,3,6,N,YU,5756
10/16/2020,18:02,Friday,BLOOR STATION,MUIS,0,0,,YU,0
10/16/2020,18:06,Friday,KENNEDY BD STATION,TUMVS,0,0,E,BD,5161
10/16/2020,18:56,Friday,ST CLAIR WEST STATION,MUIRS,0,0,,YU,0
10/16/2020,19:33,Friday,GLENCAIRN STATION,SUAE,0,0,,YU,0
10/16/2020,20:33,Friday,RUNNYMEDE STATION,SUDP,4,10,E,BD,5352
10/16/2020,21:40,Friday,VAUGHAN MC STATION,MUATC,10,15,N,YU,5671
10/16/2020,22:00,Friday,WARDEN STATION,MUO,0,0,,YU/BD,0
10/16/2020,23:27,Friday,WARDEN STATION,PUEO,0,0,E,BD,5310
10/17/2020,00:16,Saturday,ST GEORGE YUS STATION,SUUT,6,11,N,YU,5921
10/17/2020,01:12,Saturday,COLLEGE STATION,MUIRS,0,0,N,YU,0
10/17/2020,01:21,Saturday,COLLEGE STATION,MUI,0,0,N,YU,5641
10/17/2020,01:30,Saturday,KENNEDY SRT STATION,SRO,6,12,N,SRT,3025
10/17/2020,01:39,Saturday,DAVISVILLE STATION,MUIS,0,0,N,YU,0
10/17/2020,02:25,Saturday,FINCH STATION,PUMEL,0,0,,YU,0
10/17/2020,03:41,Saturday,WARDEN STATION,MUIE,0,0,E,BD,88
10/17/2020,05:55,Saturday,BAYVIEW STATION,MUSC,4,0,W,SHP,6146
10/17/2020,05:58,Saturday,WARDEN STATION,EUPI,0,0,W,BD,5036
10/17/2020,06:00,Saturday,WARDEN STATION,MUO,0,0,,YU,0
10/17/2020,06:18,Saturday,SHEPPARD WYE,PUCSC,0,0,S,YU,0
10/17/2020,07:38,Saturday,BAYVIEW STATION,TUSC,0,0,E,SHP,6156
10/17/2020,08:50,Saturday,WARDEN STATION,PUEO,3,8,E,BD,5099
10/17/2020,08:58,Saturday,WARDEN STATION,PUEO,0,0,E,BD,5358
10/17/2020,09:16,Saturday,DUNDAS STATION,MUPAA,0,0,S,YU,5861
10/17/2020,10:05,Saturday,BATHURST STATION,SUDP,0,0,E,BD,0
10/17/2020,10:08,Saturday,BLOOR STATION,SUDP,0,0,,YU,0
10/17/2020,11:04,Saturday,CASTLE FRANK STATION,MUIS,0,0,,BD,0
10/17/2020,11:20,Saturday,PAPE STATION,SUDP,0,0,W,BD,5038
10/17/2020,11:50,Saturday,FINCH STATION,MUIS,0,0,,YU,0
10/17/2020,12:56,Saturday,BAY STATION,EUTR,5,9,W,BD,5308
10/17/2020,13:37,Saturday,LESLIE STATION,MUNCA,0,0,E,SHP,0
10/17/2020,13:45,Saturday,DON MILLS STATION,MUIRS,0,0,,SHP,0
10/17/2020,14:07,Saturday,ST GEORGE YUS STATION,MUIS,0,0,,YU,0
10/17/2020,14:57,Saturday,WARDEN STATION,PUMST,0,0,,BD,0
10/17/2020,16:38,Saturday,KEELE STATION,MUIS,0,0,,BD,0
10/17/2020,17:27,Saturday,BAYVIEW STATION,TUSC,0,0,E,SHP,6156
10/17/2020,17:48,Saturday,FINCH STATION,SUO,0,0,,YU,0
10/17/2020,17:49,Saturday,WARDEN STATION,SUAP,0,0,E,BD,0
10/17/2020,18:04,Saturday,WARDEN STATION,MUPAA,3,8,N,YU,5956
10/17/2020,18:14,Saturday,ST CLAIR WEST STATION,SUDP,0,0,,YU,0
10/17/2020,18:16,Saturday,ROYAL YORK STATION,MUIR,0,0,E,BD,5100
10/17/2020,18:18,Saturday,DUNDAS STATION,SUDP,0,0,,YU,0
10/17/2020,19:11,Saturday,COXWELL STATION,SUDP,4,8,E,BD,5234
10/17/2020,20:25,Saturday,WARDEN STATION,SUPOL,13,18,N,YU,5866
10/17/2020,20:57,Saturday,OSSINGTON STATION,MUIS,0,0,,BD,0
10/17/2020,21:30,Saturday,DUFFERIN STATION,SUDP,0,0,W,BD,5314
10/17/2020,22:00,Saturday,WARDEN STATION,MUO,0,0,,YU/BD,0
10/17/2020,22:03,Saturday,BAY STATION,SUDP,6,12,W,BD,5199
10/17/2020,22:07,Saturday,WARDEN STATION,MUIS,0,0,,YU,0
10/17/2020,23:24,Saturday,KIPLING STATION,SUDP,0,0,,BD,0
10/18/2020,00:52,Sunday,EGLINTON STATION,MUIRS,0,0,,YU,8827
10/18/2020,01:56,Sunday,CHRISTIE STATION,MUIS,0,0,,BD,0
10/18/2020,07:35,Sunday,RUNNYMEDE STATION,MUNCA,0,0,,BD,0
10/18/2020,07:55,Sunday,WARDEN STATION,SUDP,0,0,,BD,0
10/18/2020,08:00,Sunday,WARDEN STATION,MUO,0,0,,YU,0
10/18/2020,08:09,Sunday,GREENWOOD STATION,MUO,3,8,E,BD,5325
10/18/2020,08:14,Sunday,KIPLING STATION,SUG,4,8,E,BD,5183
10/18/2020,08:19,Sunday,WARDEN STATION,PUEO,5,9,E,BD,5371
10/18/2020,08:33,Sunday,DAVISVILLE STATION,TUMVS,0,0,S,YU,5761
10/18/2020,10:14,Sunday,ST CLAIR STATION,SUO,6,11,N,YU,5556
10/18/2020,12:40,Sunday,EGLINTON STATION,SUUT,9,14,S,YU,5766
10/18/2020,13:13,Sunday,VICTORIA PARK STATION,SUO,0,0,W,BD,0
10/18/2020,14:00,Sunday,OLD MILL STATION,MUI,11,15,E,BD,5310
10/18/2020,14:33,Sunday,MAIN STREET STATION,MUI,6,10,E,BD,5040
10/18/2020,14:50,Sunday,BLOOR STATION,SUDP,15,20,S,YU,5551
10/18/2020,15:04,Sunday,CHRISTIE STATION,TUSC,0,0,W,BD,5148
10/18/2020,15:14,Sunday,QUEEN STATION,MUATC,0,0,S,YU,6006
10/18/2020,15:19,Sunday,ISLINGTON STATION,MUSC,0,0,W,BD,5340
10/18/2020,16:53,Sunday,WARDEN STATION,MUD,3,7,E,BD,5197
10/18/2020,17:33,Sunday,BATHURST STATION,SUAP,0,0,,BD,0
10/18/2020,20:35,Sunday,ST CLAIR WEST STATION,SUUT,0,0,S,YU,5956
10/18/2020,21:27,Sunday,FINCH WEST STATION,MUPR1,59,64,S,YU,6011
10/18/2020,22:00,Sunday,WARDEN STATION,MUO,0,0,,YU/BD,0
10/18/2020,22:47,Sunday,WARDEN STATION,MUIS,0,0,,YU,0
10/18/2020,22:55,Sunday,DUFFERIN STATION,SUDP,8,13,W,BD,5206
10/18/2020,23:24,Sunday,VAUGHAN MC STATION,SUDP,5,10,S,YU,5546
10/18/2020,23:32,Sunday,DUPONT STATION,MUATC,9,14,N,YU,6041
10/19/2020,02:33,Monday,SHEPPARD-YONGE STATION,TUSC,0,0,W,SHP,6151
10/19/2020,05:47,Monday,FINCH STATION,MUCL,4,8,S,YU,0
10/19/2020,05:51,Monday,UNION STATION,MUNCA,0,0,,YU,0
10/19/2020,05:52,Monday,KEELE STATION,MUO,3,7,W,BD,5313
10/19/2020,06:00,Monday,TORONTO TRANSIT COMMIS,MUO,0,0,,YU / BD,0
10/19/2020,06:00,Monday,TORONTO TRANSIT COMMIS,MUO,0,0,,YU,0
10/19/2020,06:00,Monday,TORONTO TRANSIT COMMIS,MUO,0,0,,SHP,0
10/19/2020,06:00,Monday,TORONTO TRANSIT COMMIS,MUO,0,0,,SHP,0
10/19/2020,06:00,Monday,TORONTO TRANSIT COMMIS,MRO,0,0,,SRT,0
10/19/2020,06:00,Monday,TORONTO TRANSIT COMMIS,MRO,0,0,,SRT,0
10/19/2020,06:06,Monday,BATHURST STATION,TUSC,0,0,W,BD,5234
10/19/2020,06:47,Monday,OLD MILL STATION,EUSC,0,0,W,BD,5314
10/19/2020,07:04,Monday,WARDEN STATION,MUATC,4,7,S,YU,5741
10/19/2020,07:11,Monday,WARDEN STATION,MUATC,3,6,S,YU,5991
10/19/2020,07:31,Monday,OSSINGTON STATION,MUPAA,3,6,E,BD,5337
10/19/2020,07:57,Monday,KENNEDY BD STATION,MUSC,0,0,W,BD,5339
10/19/2020,08:11,Monday,VAUGHAN MC STATION,MUSAN,3,6,S,YU,5641
10/19/2020,08:15,Monday,WARDEN STATION,EUSC,0,0,N,YU,5811
10/19/2020,08:42,Monday,WARDEN STATION,TUSC,0,0,E,BD,5310
10/19/2020,09:42,Monday,MAIN STREET STATION,EUSC,0,0,W,BD,5314
10/19/2020,10:04,Monday,WARDEN STATION,MUIRS,0,0,,BD,0
10/19/2020,10:08,Monday,DUPONT STATION,MUPAA,0,0,S,YU,5711
10/19/2020,10:56,Monday,RUNNYMEDE STATION,PUMEL,0,0,,BD,0
10/19/2020,11:10,Monday,CHRISTIE STATION,TUSC,0,0,E,BD,5234
10/19/2020,11:16,Monday,SCARBOROUGH CTR STATIO,ERDO,5,12,N,SRT,3023
10/19/2020,11:29,Monday,WARDEN STATION,PUMST,0,0,,BD,0
10/19/2020,12:17,Monday,LANSDOWNE STATION,SUDP,3,6,W,BD,5259
10/19/2020,12:54,Monday,FINCH STATION,SUAE,0,0,S,YU,0
10/19/2020,13:02,Monday,WARDEN STATION,SUAE,0,0,,YU,0
10/19/2020,13:18,Monday,KENNEDY BD STATION,MUO,3,6,W,BD,5161
10/19/2020,13:35,Monday,EGLINTON STATION,MUIS,0,0,,YU,0
10/19/2020,14:10,Monday,OSSINGTON STATION,MUIRS,0,0,,BD,0
10/19/2020,14:12,Monday,COXWELL STATION,MUSAN,6,9,E,BD,5358
10/19/2020,14:22,Monday,KEELE STATION,MUSC,0,0,W,BD,5293
10/19/2020,14:57,Monday,SHEPPARD-YONGE STATION,TUSC,3,8,E,SHP,6181
10/19/2020,15:00,Monday,SHERBOURNE STATION,MUIR,10,13,W,BD,5129
10/19/2020,15:09,Monday,ST GEORGE BD STATION,MUPAA,3,6,W,BD,5220
10/19/2020,17:24,Monday,COLLEGE STATION,MUIRS,0,0,,YU,0
10/19/2020,17:35,Monday,DOWNSVIEW PARK STATION,SUO,0,0,,YU,0
10/19/2020,17:53,Monday,EGLINTON STATION,TUMVS,3,6,N,YU,5971
10/19/2020,18:11,Monday,MAIN STREET STATION,MUSC,0,0,W,BD,5112
10/19/2020,19:18,Monday,CHESTER STATION,SUDP,3,8,W,BD,5254
10/19/2020,20:55,Monday,SHERBOURNE STATION,SUDP,0,0,,BD,0
10/19/2020,21:36,Monday,SHEPPARD WEST STATION,SUAE,0,0,,YU,0
10/19/2020,22:00,Monday,WARDEN STATION,MUO,0,0,,YU/BD,0
10/19/2020,22:48,Monday,KENNEDY BD STATION,MUIS,0,0,,BD,0
10/19/2020,23:00,Monday,WARDEN STATION,MUO,0,0,,YU,0
10/20/2020,00:08,Tuesday,UNION STATION,MUD,14,19,N,YU,5791
10/20/2020,02:32,Tuesday,KENNEDY BD STATION,SUO,0,0,,BD,0
10/20/2020,05:35,Tuesday,SHEPPARD-YONGE STATION,MUNOA,5,10,E,SHP,6156
10/20/2020,06:21,Tuesday,JANE STATION,MUDD,3,8,E,BD,5325
10/20/2020,06:28,Tuesday,QUEEN STATION,MUATC,5,8,S,YU,5566
10/20/2020,07:51,Tuesday,DON MILLS STATION,MUIRS,0,0,,SHP,0
10/20/2020,08:18,Tuesday,BAY STATION,SUDP,3,6,W,BD,5211
10/20/2020,08:18,Tuesday,DUFFERIN STATION,SUAP,0,0,,BD,0
10/20/2020,08:50,Tuesday,LAWRENCE STATION,TUO,3,6,S,YU,5501
10/20/2020,09:23,Tuesday,SUMMERHILL STATION,MUTD,0,0,S,YU,5891
10/20/2020,11:02,Tuesday,DONLANDS STATION,MUPAA,0,0,E,BD,5063
10/20/2020,11:42,Tuesday,LAWRENCE STATION,SUDP,0,0,N,YU,6046
10/20/2020,12:50,Tuesday,DUNDAS WEST STATION,PUMEL,0,0,,BD,0
10/20/2020,13:05,Tuesday,DON MILLS STATION,MUIS,0,0,,SHP,0
10/20/2020,14:04,Tuesday,PAPE STATION,EUME,42,45,E,BD,5037
10/20/2020,14:41,Tuesday,SCARBOROUGH CTR STATIO,PREL,0,0,,SRT,0
10/20/2020,15:02,Tuesday,EGLINTON STATION,MUIS,0,0,,YU,0
10/20/2020,15:10,Tuesday,QUEEN STATION,MUPAA,0,0,S,YU,5966
10/20/2020,16:33,Tuesday,FINCH STATION,MUNOA,3,6,S,YU,0
10/20/2020,16:49,Tuesday,EGLINTON WEST STATION,MUTO,3,6,N,YU,0
10/20/2020,17:12,Tuesday,BLOOR STATION,SUAP,0,0,,YU,0
10/20/2020,17:37,Tuesday,BLOOR STATION,MUIS,0,0,N,YU,0
10/20/2020,18:05,Tuesday,VICTORIA PARK STATION,SUDP,4,7,W,BD,5259
10/20/2020,18:19,Tuesday,COLLEGE STATION,MUD,6,9,S,YU,5866
10/20/2020,18:41,Tuesday,ST GEORGE YUS STATION,SUDP,3,6,N,YU,5511
10/20/2020,18:48,Tuesday,SPADINA BD STATION,SUDP,18,21,W,BD,5100
10/20/2020,18:55,Tuesday,SPADINA YUS STATION,SUDP,18,21,S,YU,5676
10/20/2020,19:27,Tuesday,QUEEN STATION,SUDP,3,6,N,YU,5656
10/20/2020,21:21,Tuesday,GREENWOOD STATION,SUDP,18,24,W,BD,5247
10/20/2020,21:38,Tuesday,COXWELL STATION,MUPAA,0,0,W,BD,5352
10/20/2020,21:44,Tuesday,ISLINGTON STATION,MUIS,0,0,,BD,0
10/20/2020,21:58,Tuesday,SPADINA BD STATION,SUO,12,18,W,BD,5352
10/20/2020,22:00,Tuesday,SPADINA YUS STATION,SUDP,0,0,N,YU,5851
10/20/2020,22:00,Tuesday,WARDEN STATION,MUO,0,0,,YU/BD,0
10/20/2020,22:15,Tuesday,KENNEDY BD STATION,TUNOA,6,12,E,BD,5147
10/20/2020,22:55,Tuesday,SHEPPARD-YONGE STATION,TUMVS,8,14,W,SHP,6151
10/20/2020,23:00,Tuesday,WARDEN STATION,MUO,0,0,,YU,0
10/21/2020,01:35,Wednesday,SHEPPARD WEST STATION,SUO,0,0,,YU,0
10/21/2020,03:02,Wednesday,MAIN STREET STATION,PUMO,0,0,,BD,0
10/21/2020,05:45,Wednesday,KEELE STATION,MUSC,0,0,W,BD,5366
10/21/2020,06:03,Wednesday,WARDEN STATION,TUNIP,3,6,S,YU,5966
10/21/2020,06:08,Wednesday,WARDEN STATION,SUDP,0,0,S,YU,6116
10/21/2020,08:32,Wednesday,ISLINGTON STATION,TUSC,3,6,E,BD,5071
10/21/2020,08:48,Wednesday,QUEEN STATION,MUIRS,0,0,,YU,0
10/21/2020,09:47,Wednesday,MAIN STREET STATION,TUSC,0,0,W,BD,5031
10/21/2020,09:48,Wednesday,NORTH YORK CTR STATION,EUDO,8,11,N,YU,5661
10/21/2020,09:56,Wednesday,MAIN STREET STATION,MUIRS,0,0,,BD,0
10/21/2020,10:46,Wednesday,COLLEGE STATION,MUIS,0,0,N,YU,0
10/21/2020,10:59,Wednesday,SHEPPARD-YONGE STATION,PUMEL,0,0,,SHP,0
10/21/2020,11:10,Wednesday,LAWRENCE STATION,MUO,4,7,S,YU,5996
10/21/2020,12:44,Wednesday,WARDEN STATION,MUPAA,0,0,N,YU,6126
10/21/2020,13:21,Wednesday,WARDEN STATION,MUPR1,137,140,N,YU,5576
10/21/2020,13:43,Wednesday,SHEPPARD STATION,TUO,12,15,S,YU,5841
10/21/2020,13:45,Wednesday,VAUGHAN MC STATION,MUCL,3,6,S,YU,0
10/21/2020,14:37,Wednesday,LAWRENCE STATION,MUIRS,0,0,,YU,0
10/21/2020,14:52,Wednesday,PAPE STATION,EUTR,3,6,E,BD,5063
10/21/2020,15:02,Wednesday,SHEPPARD STATION,TUSC,5,8,N,YU,5846
10/21/2020,15:24,Wednesday,COLLEGE STATION,MUIS,0,0,,YU,0
10/21/2020,15:25,Wednesday,LAWRENCE STATION,MUPAA,0,0,N,YU,5916
10/21/2020,15:27,Wednesday,SPADINA BD STATION,MUI,15,18,W,BD,5091
10/21/2020,15:45,Wednesday,MCCOWAN STATION,ERTC,5,10,S,SRT,3024
10/21/2020,17:44,Wednesday,QUEEN STATION,MUATC,3,6,S,YU,5791
10/21/2020,19:06,Wednesday,HIGH PARK STATION,SUDP,7,13,E,BD,5195
10/21/2020,19:08,Wednesday,BLOOR STATION,MUIS,0,0,S,YU,0
10/21/2020,19:09,Wednesday,DUNDAS STATION,MUIS,0,0,,YU,0
10/21/2020,19:38,Wednesday,KENNEDY SRT STATION,MRUIR,0,0,N,SRT,3007
10/21/2020,20:20,Wednesday,SUMMERHILL STATION,MUPAA,0,0,S,YU,5791
10/21/2020,20:59,Wednesday,WARDEN STATION,MUPLC,5,11,W,BD,5340
10/21/2020,21:02,Wednesday,EGLINTON STATION,MUIRS,0,0,,YU,0
10/21/2020,21:24,Wednesday,DUNDAS WEST STATION,TUMVS,0,0,W,BD,5220
10/21/2020,21:31,Wednesday,OSGOODE STATION,MUATC,3,6,N,YU,5566
10/21/2020,21:56,Wednesday,FINCH STATION,TUSC,0,0,N,YU,6111
10/21/2020,21:59,Wednesday,WARDEN STATION,MUWR,7,10,N,YU,5566
10/21/2020,22:00,Wednesday,WARDEN STATION,MUO,0,0,,BD/YU,0
10/21/2020,22:11,Wednesday,HIGH PARK STATION,MUIS,0,0,,BD,0
10/21/2020,22:44,Wednesday,DUNDAS WEST STATION,PUMEL,0,0,,BD,0
10/22/2020,00:03,Thursday,SHEPPARD-YONGE STATION,TUSC,0,0,E,SHP,6181
10/22/2020,00:13,Thursday,ST GEORGE YUS STATION,MUFS,60,65,N,YU,5936
10/22/2020,00:17,Thursday,ST GEORGE BD STATION,MUPLB,0,0,W,BD,5361
10/22/2020,00:27,Thursday,SHERBOURNE STATION,SUDP,0,0,W,BD,5368
10/22/2020,00:53,Thursday,QUEEN STATION,MUIS,0,0,S,YU,0
10/22/2020,02:02,Thursday,VAUGHAN MC STATION,MUIS,0,0,,YU,0
10/22/2020,05:51,Thursday,GREENWOOD STATION,EUCA,4,9,E,BD,5221
10/22/2020,06:33,Thursday,QUEEN STATION,MUATC,3,6,S,YU,5671
10/22/2020,06:58,Thursday,FINCH STATION,TUSC,0,0,N,YU,5601
10/22/2020,06:58,Thursday,WARDEN STATION,EUTL,8,11,W,BD,5356
10/22/2020,07:55,Thursday,DON MILLS STATION,TUMVS,0,0,E,SHP,6156
10/22/2020,08:16,Thursday,BLOOR STATION,EUDO,7,10,N,YU,6046
10/22/2020,08:39,Thursday,SHEPPARD WEST STATION,MUATC,4,7,N,YU,5891
10/22/2020,08:51,Thursday,ST CLAIR WEST STATION,MUIE,0,0,,YU,0
10/22/2020,09:38,Thursday,KENNEDY BD STATION,MUO,0,0,,BD,0
10/22/2020,10:21,Thursday,HIGHWAY 407 STATION,MUATC,4,7,S,YU,5871
10/22/2020,10:33,Thursday,VICTORIA PARK STATION,SUDP,11,14,W,BD,5368
10/22/2020,12:00,Thursday,BROADVIEW STATION,TUSC,0,0,W,BD,5267
10/22/2020,12:24,Thursday,BAY STATION,MUPAA,4,7,E,BD,5155
10/22/2020,12:55,Thursday,EGLINTON WEST STATION,MUATC,9,12,N,YU,5471
10/22/2020,13:04,Thursday,WARDEN STATION,MFO,0,0,,102 MARKHAM ROAD,9238
10/22/2020,13:44,Thursday,KENNEDY BD STATION,SUO,0,0,,BD,0
10/22/2020,13:47,Thursday,BAY STATION,MUIRS,0,0,,BD,0
10/22/2020,13:47,Thursday,DONLANDS STATION,MUIS,0,0,,BD,0
10/22/2020,13:48,Thursday,MAIN STREET STATION,PUMEL,0,0,,BD,0
10/22/2020,13:57,Thursday,MAIN STREET STATION,MUIS,0,0,,BD,0
10/22/2020,14:01,Thursday,WARDEN STATION,EUDO,4,7,N,YU,5871
10/22/2020,15:09,Thursday,ST CLAIR STATION,MUO,0,0,S,YU,0
10/22/2020,16:44,Thursday,OLD MILL STATION,PUMEL,0,0,,BD,0
10/22/2020,18:03,Thursday,COXWELL STATION,TUNIP,5,8,W,BD,5206
10/22/2020,18:13,Thursday,RUNNYMEDE STATION,EUCA,3,6,W,BD,5235
10/22/2020,18:37,Thursday,ST GEORGE BD STATION,SUDP,6,9,W,BD,5111
10/22/2020,18:43,Thursday,ST GEORGE YUS STATION,SUDP,0,0,N,YU,6116
10/22/2020,18:45,Thursday,SPADINA BD STATION,TUO,7,9,W,BD,5111
10/22/2020,19:05,Thursday,KENNEDY SRT STATION,MRO,9,14,S,SRT,3011
10/22/2020,19:18,Thursday,COXWELL STATION,EUME,5,11,W,BD,5368
10/22/2020,19:25,Thursday,WARDEN STATION,SUAP,0,0,,BD,0
10/22/2020,19:26,Thursday,SHEPPARD WEST STATION,MUATC,4,7,N,YU,5891
10/22/2020,19:48,Thursday,WARDEN STATION,MUPAA,0,0,S,YU,5651
10/22/2020,20:19,Thursday,WARDEN STATION,TUMVS,0,0,S,YU,5471
10/22/2020,20:33,Thursday,OSSINGTON STATION,MUTO,5,11,E,BD,5155
10/22/2020,21:01,Thursday,COXWELL STATION,MUI,4,10,W,BD,5368
10/22/2020,21:16,Thursday,DUNDAS STATION,MUIS,0,0,,YU,0
10/22/2020,21:55,Thursday,KEELE STATION,MUIS,0,0,,BD,0
10/22/2020,22:00,Thursday,WARDEN STATION,MUO,0,0,,YU/BD,0
10/23/2020,01:47,Friday,WARDEN STATION,TUSC,0,0,S,YU,5621
10/23/2020,05:48,Friday,WARDEN STATION,TUO,3,0,S,YU,6021
10/23/2020,05:57,Friday,VAUGHAN MC STATION,MUO,5,8,S,YU,5661
10/23/2020,07:22,Friday,DON MILLS STATION,TUMVS,3,8,E,SHP,6191
10/23/2020,07:43,Friday,DUPONT STATION,MUATC,8,11,N,YU,5761
10/23/2020,07:59,Friday,BATHURST STATION,SUAE,0,0,,BD,0
10/23/2020,08:06,Friday,WARDEN STATION,MUIR,0,0,E,BD,5208
10/23/2020,08:47,Friday,DONLANDS STATION,MUNCA,0,0,,BD,0
10/23/2020,08:56,Friday,ST PATRICK STATION,MUPLA,7,10,S,YU,5921
10/23/2020,09:23,Friday,COLLEGE STATION,SUUT,5,8,S,YU,5506
10/23/2020,09:33,Friday,COXWELL STATION,TUSUP,3,6,W,BD,5132
10/23/2020,11:13,Friday,COXWELL STATION,MUSC,0,0,E,BD,5111
10/23/2020,11:16,Friday,SUMMERHILL STATION,SUDP,5,8,N,YU,5501
10/23/2020,11:32,Friday,WARDEN STATION,TUSC,0,0,N,YU,5501
10/23/2020,11:56,Friday,WARDEN STATION,TUS,4,7,N,YU,5626
10/23/2020,12:43,Friday,KENNEDY TO KIPLING,MUTD,6,9,W,BD,0
10/23/2020,13:24,Friday,QUEEN STATION,MUIS,0,0,,YU,0
10/23/2020,15:58,Friday,COXWELL STATION,TUNIP,7,10,W,BD,5038
10/23/2020,16:41,Friday,ST CLAIR WEST STATION,SUDP,3,6,S,YU,5916
10/23/2020,17:24,Friday,WARDEN STATION,SUDP,0,0,N,YU,5766
10/23/2020,17:37,Friday,LAWRENCE STATION,SUDP,6,9,S,YU,6016
10/23/2020,17:46,Friday,SHEPPARD WEST STATION,MUIR,6,9,N,YU,5731
10/23/2020,18:37,Friday,SCARBOROUGH CTR STATIO,SRDP,5,10,S,SRT,3000
10/23/2020,19:20,Friday,LAWRENCE STATION,EUSC,0,0,N,YU,5846
10/23/2020,19:36,Friday,ST CLAIR STATION,SUDP,0,0,,YU,0
10/23/2020,21:31,Friday,MUSEUM STATION,MUPAA,3,6,N,YU,5621
10/23/2020,21:37,Friday,BATHURST STATION,MUPAA,0,0,W,BD,5108
10/23/2020,21:55,Friday,LESLIE STATION,MUIS,0,0,,SHP,0
10/23/2020,22:00,Friday,WARDEN STATION,MUO,0,0,,YU/BD,0
10/23/2020,22:27,Friday,PIONEER VILLAGE STATIO,MUPAA,5,8,N,YU,5136
10/23/2020,22:45,Friday,WARDEN STATION,MUO,0,0,N,YU,5471
10/23/2020,23:00,Friday,SHEPPARD WEST STATION,MUO,0,0,,YU,0
10/23/2020,23:50,Friday,VICTORIA PARK STATION,SUDP,5,0,E,BD,5310
10/24/2020,00:01,Saturday,MCCOWAN STATION,ERCD,0,0,N,SRT,3007
10/24/2020,00:14,Saturday,SHEPPARD WEST STATION,EUDO,8,14,N,YU,6046
10/24/2020,00:32,Saturday,MCCOWAN STATION,ERCD,5,10,N,SRT,3007
10/24/2020,02:12,Saturday,WARDEN STATION,MUIR,0,0,S,YU,5531
10/24/2020,06:00,Saturday,WARDEN STATION,MUO,0,0,,YU,0
10/24/2020,06:11,Saturday,ST GEORGE BD STATION,PUSRA,5,0,E,BD,5084
10/24/2020,06:18,Saturday,WARDEN STATION,EUSC,0,0,E,BD,5084
10/24/2020,08:47,Saturday,WARDEN STATION,SUUT,3,8,N,YU,5541
10/24/2020,08:59,Saturday,SHEPPARD WEST STATION,TUMVS,10,15,S,YU,5881
10/24/2020,09:22,Saturday,DUNDAS STATION,MUPAA,0,0,S,YU,5666
10/24/2020,09:23,Saturday,VAUGHAN MC STATION,TUO,5,10,N,YU,5886
10/24/2020,11:08,Saturday,WARDEN STATION,SUDP,4,9,E,BD,5221
10/24/2020,11:14,Saturday,WARDEN STATION,SUO,0,0,,BD,0
10/24/2020,11:19,Saturday,BLOOR STATION,MUIS,0,0,S,YU,0
10/24/2020,12:08,Saturday,KENNEDY BD STATION,MUIS,0,0,,BD,0
10/24/2020,12:17,Saturday,KIPLING STATION,TUMVS,0,0,W,BD,5111
10/24/2020,12:24,Saturday,KING STATION,MUIS,0,0,N,YU,0
10/24/2020,16:18,Saturday,FINCH STATION,MUTO,5,10,N,YU,5756
10/24/2020,16:53,Saturday,EGLINTON STATION,SUO,0,0,,YU,0
10/24/2020,17:10,Saturday,GREENWOOD STATION,SUO,4,8,W,BD,0
10/24/2020,17:23,Saturday,GLENCAIRN STATION,MUNCA,0,0,,YU,0
10/24/2020,18:06,Saturday,NORTH YORK CTR STATION,MUPAA,0,0,N,YU,5741
10/24/2020,19:07,Saturday,SHEPPARD-YONGE STATION,MUSC,0,0,W,SHP,6176
10/24/2020,19:18,Saturday,SCARBOROUGH CTR STATIO,SRO,0,0,,SRT,0
10/24/2020,19:23,Saturday,DUNDAS STATION,MUIS,0,0,S,YU,0
10/24/2020,19:30,Saturday,ISLINGTON STATION,SUDP,0,0,W,BD,5191
10/24/2020,19:32,Saturday,LESLIE STATION,MUSC,0,0,W,SHP,6176
10/24/2020,19:37,Saturday,WARDEN STATION,MUIRS,0,0,,YU,0
10/24/2020,21:00,Saturday,VAUGHAN MC STATION,MUNOA,5,10,S,YU,5791
10/24/2020,21:07,Saturday,VAUGHAN MC STATION,PUATC,0,0,N,YU,5791
10/24/2020,21:52,Saturday,VAUGHAN MC STATION,MUPAA,0,0,S,YU,5851
10/24/2020,22:00,Saturday,WARDEN STATION,MUO,0,0,,YU/BD,0
10/24/2020,22:28,Saturday,SHEPPARD WEST STATION,SUDP,9,14,S,YU,5461
10/24/2020,22:41,Saturday,MCCOWAN STATION,ERTC,5,10,N,SRT,3007
10/24/2020,22:56,Saturday,QUEEN'S PARK STATION,MUIS,0,0,,YU,0
10/24/2020,23:23,Saturday,DOWNSVIEW PARK STATION,MUIS,0,0,,YU,0
10/25/2020,07:57,Sunday,FINCH STATION,MUSC,0,0,S,YU,5976
10/25/2020,08:00,Sunday,WARDEN STATION,MUO,0,0,,YU,0
10/25/2020,08:30,Sunday,BAY STATION,MUDD,8,12,E,BD,5221
10/25/2020,08:34,Sunday,WARDEN STATION,MUATC,8,14,S,YU,6046
10/25/2020,08:39,Sunday,QUEEN STATION,MUSC,0,0,N,YU,5931
10/25/2020,08:52,Sunday,FINCH STATION,MUSC,0,0,S,YU,5481
10/25/2020,08:55,Sunday,ST CLAIR WEST STATION,EUDO,5,10,S,YU,5741
10/25/2020,11:54,Sunday,QUEEN STATION,MUATC,10,15,S,YU,5746
10/25/2020,12:22,Sunday,VAUGHAN MC STATION,EUNT,10,15,S,YU,6061
10/25/2020,13:21,Sunday,BAY STATION,SUO,0,0,,BD,0
10/25/2020,13:25,Sunday,LANSDOWNE STATION,SUAP,5,9,W,BD,5210
10/25/2020,15:05,Sunday,SPADINA BD STATION,MUIR,10,14,E,BD,5129
10/25/2020,15:35,Sunday,SHEPPARD WEST STATION,MUATC,12,17,S,YU,5921
10/25/2020,16:05,Sunday,CASTLE FRANK STATION,MUIS,0,0,,BD,0
10/25/2020,16:05,Sunday,WARDEN STATION,TUSC,0,0,N,YU,5741
10/25/2020,16:46,Sunday,FINCH STATION,SUAE,35,40,N,YU,5836
10/25/2020,17:15,Sunday,KIPLING STATION,SUDP,0,0,,BD,0
10/25/2020,17:16,Sunday,COXWELL STATION,MUSAN,4,8,E,BD,5310
10/25/2020,17:34,Sunday,VAUGHAN MC STATION,MUNOA,5,10,S,YU,0
10/25/2020,17:39,Sunday,SHEPPARD STATION,MUIR,4,9,N,YU,5971
10/25/2020,18:09,Sunday,ISLINGTON STATION,MUIS,0,0,,BD,0
10/25/2020,19:04,Sunday,CASTLE FRANK STATION,SUDP,3,7,E,BD,5089
10/25/2020,19:04,Sunday,PIONEER VILLAGE STATIO,MUSC,0,0,S,YU,5926
10/25/2020,19:30,Sunday,SHEPPARD WEST STATION,MUATC,3,8,S,YU,5511
10/25/2020,19:56,Sunday,COLLEGE STATION,MUIRS,0,0,N,YU,6051
10/25/2020,19:56,Sunday,ROYAL YORK STATION,SUAP,0,0,,BD,0
10/25/2020,20:03,Sunday,DOWNSVIEW PARK STATION,MUATC,4,9,S,YU,5381
10/25/2020,20:27,Sunday,WARDEN STATION,MUIS,0,0,E,BD,0
10/25/2020,20:49,Sunday,LANSDOWNE STATION,MUSAN,3,7,E,BD,5286
10/25/2020,20:52,Sunday,GREENWOOD YARD,SUG,0,0,,BD,5181
10/25/2020,21:02,Sunday,ROSEDALE STATION,SUDP,21,26,S,YU,6116
10/25/2020,21:42,Sunday,SHEPPARD-YONGE STATION,SUAE,0,0,,SHP,0
10/25/2020,21:52,Sunday,MAIN STREET STATION,SUDP,4,8,E,BD,5024
10/25/2020,22:00,Sunday,WARDEN STATION,MUO,0,0,,YU/BD,0
10/25/2020,22:01,Sunday,BLOOR STATION,MUIS,5,10,S,YU,5701
10/25/2020,22:51,Sunday,SHEPPARD STATION,MUATC,3,8,S,YU,5921
10/25/2020,23:21,Sunday,MAIN STREET STATION,TUS,4,8,W,BD,5193
10/26/2020,01:23,Monday,WARDEN STATION,SUDP,3,8,S,YU,6041
10/26/2020,03:06,Monday,FINCH STATION,SUDP,0,0,,YU,0
10/26/2020,04:20,Monday,ST CLAIR WEST STATION,SUUT,0,0,N,YU,6116
10/26/2020,05:57,Monday,MCCOWAN STATION,ERRA,3,8,S,SRT,3015
10/26/2020,06:15,Monday,OLD MILL STATION,MUSC,0,0,E,BD,5352
10/26/2020,06:36,Monday,WARDEN STATION,MUNOA,5,8,S,YU,5581
10/26/2020,07:42,Monday,BLOOR STATION,MUIS,0,0,,YU,0
10/26/2020,08:20,Monday,FINCH STATION,TUO,3,6,S,YU,6056
10/26/2020,08:21,Monday,EGLINTON STATION,MUIS,0,0,,YU,0
10/26/2020,08:44,Monday,VAUGHAN MC STATION,MUATC,8,11,N,YU,5811
10/26/2020,09:01,Monday,BAYVIEW STATION,MUIRS,0,0,,SHP,0
10/26/2020,09:05,Monday,EGLINTON STATION,TUCC,4,7,S,YU,5911
10/26/2020,09:32,Monday,BATHURST STATION,PUSNT,0,0,W,BD,5155
10/26/2020,09:45,Monday,WARDEN STATION,TUKEY,4,8,W,BD,5084
10/26/2020,09:53,Monday,VICTORIA PARK STATION,TUKEY,8,12,W,BD,5088
10/26/2020,10:32,Monday,BATHURST STATION,PUSNT,0,0,W,BD,5042
10/26/2020,10:43,Monday,KEELE STATION,MUSC,0,0,W,BD,5042
10/26/2020,10:56,Monday,WARDEN STATION,SUUT,16,19,S,YU,5486
10/26/2020,11:02,Monday,LAWRENCE STATION,TUMVS,0,0,N,YU,5501
10/26/2020,13:06,Monday,JANE STATION,MUPAA,0,0,E,BD,5224
10/26/2020,13:07,Monday,BLOOR STATION,SUDP,3,6,S,YU,5886
10/26/2020,13:53,Monday,DUPONT STATION,SUO,0,0,N,YU,6116
10/26/2020,13:57,Monday,MCCOWAN STATION,ERTC,10,15,S,SRT,3007
10/26/2020,14:13,Monday,ISLINGTON STATION,PUSNT,4,7,W,BD,5118
10/26/2020,15:14,Monday,ST GEORGE YUS STATION,PUMST,0,0,,YU,0
10/26/2020,15:29,Monday,WARDEN STATION,SUDP,4,9,E,BD,5193
10/26/2020,15:32,Monday,GREENWOOD STATION,MUIS,0,0,,BD,0
10/26/2020,16:01,Monday,DON MILLS STATION,TUMVS,0,0,E,SHP,6161
10/26/2020,16:18,Monday,ISLINGTON STATION,TUMVS,3,6,E,BD,5352
10/26/2020,16:46,Monday,KIPLING STATION,MUIRS,0,0,,BD,0
10/26/2020,17:21,Monday,LAWRENCE STATION,SUAP,7,10,S,YU,6041
10/26/2020,17:43,Monday,BLOOR STATION,SUO,3,6,N,YU,5851
10/26/2020,18:52,Monday,ST GEORGE YUS STATION,SUO,5,5,N,YU,5811
10/26/2020,18:59,Monday,GREENWOOD YARD,PUTOE,0,0,,BD,0
10/26/2020,19:01,Monday,OSSINGTON STATION,SUDP,0,0,W,BD,5208
10/26/2020,19:11,Monday,PAPE STATION,MUO,4,10,W,BD,5322
10/26/2020,19:17,Monday,MIDLAND STATION,ERTC,6,11,S,SRT,3018
10/26/2020,19:49,Monday,KIPLING STATION,SUDP,6,11,E,BD,5151
10/26/2020,19:52,Monday,BAYVIEW STATION,MUIS,0,0,,SHP,0
10/26/2020,19:56,Monday,KENNEDY BD STATION,SUDP,0,0,W,BD,5142
10/26/2020,20:05,Monday,LAWRENCE EAST STATION,MRPAA,3,8,N,SRT,3007
10/26/2020,20:30,Monday,VAUGHAN MC STATION,MUATC,6,9,N,YU,6056
10/26/2020,21:01,Monday,FINCH STATION,TUSC,0,0,N,YU,5546
10/26/2020,22:00,Monday,WARDEN STATION,MUO,0,0,,YU/BD,0
10/26/2020,22:30,Monday,LESLIE STATION,TUOPO,0,0,E,SHP,6146
10/26/2020,22:42,Monday,VAUGHAN MC STATION,MUNOA,5,10,,YU,0
10/26/2020,22:56,Monday,SHERBOURNE STATION,MUIRS,0,0,,BD,0
10/26/2020,23:54,Monday,LAWRENCE EAST STATION,ERCD,5,10,N,SRT,3007
10/27/2020,00:39,Tuesday,DUPONT STATION,SUO,0,0,S,YU,5531
10/27/2020,01:56,Tuesday,SHEPPARD WEST STATION,MUIS,0,0,,YU,0
10/27/2020,05:38,Tuesday,EGLINTON STATION,MUO,3,0,N,YU,5626
10/27/2020,05:56,Tuesday,SHEPPARD WEST STATION,MUATC,4,0,N,YU,5811
10/27/2020,05:59,Tuesday,EGLINTON STATION,MUTO,4,9,N,YU,5756
10/27/2020,06:41,Tuesday,MUSEUM STATION,EUBK,3,6,S,YU,5471
10/27/2020,07:04,Tuesday,ST CLAIR STATION,EUBK,3,6,N,YU,5471
10/27/2020,07:15,Tuesday,VAUGHAN MC STATION,MUO,3,6,S,YU,5621
10/27/2020,07:18,Tuesday,FINCH STATION,PUSSW,3,6,N,YU,5546
10/27/2020,07:24,Tuesday,FINCH STATION,MUTO,3,6,S,YU,5546
10/27/2020,07:33,Tuesday,QUEEN STATION,MUSC,0,0,N,YU,5851
10/27/2020,07:56,Tuesday,WARDEN STATION,MUSC,0,0,S,YU,6056
10/27/2020,08:14,Tuesday,FINCH STATION,EUTRD,3,6,S,YU,6036
10/27/2020,10:10,Tuesday,KENNEDY BD STATION,SUAE,0,0,,BD,0
10/27/2020,10:42,Tuesday,LANSDOWNE STATION,SUDP,6,9,E,BD,5223
10/27/2020,11:44,Tuesday,WARDEN STATION,TUSC,0,0,N,YU,5601
10/27/2020,12:30,Tuesday,QUEEN STATION,TUATC,4,7,S,YU,5536
10/27/2020,12:43,Tuesday,FINCH STATION,TUSC,0,0,N,YU,5511
10/27/2020,13:27,Tuesday,DON MILLS STATION,SUAP,0,0,,SHP,0
10/27/2020,13:37,Tuesday,DON MILLS STATION,TUMVS,0,0,W,SHP,6161
10/27/2020,13:55,Tuesday,EGLINTON WEST STATION,SUAP,0,0,N,YU,5666
10/27/2020,14:08,Tuesday,VICTORIA PARK STATION,SUO,0,0,,BD,0
10/27/2020,14:46,Tuesday,KIPLING STATION,MUIR,3,6,E,BD,5074
10/27/2020,15:21,Tuesday,SHERBOURNE STATION,MUIRS,0,0,,BD,0
10/27/2020,15:31,Tuesday,DONLANDS STATION,MUIRS,0,0,,BD,0
10/27/2020,15:38,Tuesday,SUMMERHILL STATION,MUIRS,0,0,N,YU,0
10/27/2020,15:43,Tuesday,LAWRENCE STATION,EUSC,3,6,N,YU,6051
10/27/2020,15:54,Tuesday,MAIN STREET STATION,MUIS,0,0,,BD,0
10/27/2020,16:31,Tuesday,WARDEN STATION,SUAE,0,0,W,BD,5274
10/27/2020,17:35,Tuesday,KENNEDY SRT STATION,MRTO,0,0,S,SRT,3026
10/27/2020,17:56,Tuesday,VICTORIA PARK STATION,MUIS,0,0,,BD,0
10/27/2020,18:05,Tuesday,EGLINTON STATION,SUDP,0,0,,YU,0
10/27/2020,18:12,Tuesday,WARDEN STATION,MUDD,6,9,W,BD,5313
10/27/2020,18:18,Tuesday,SHEPPARD STATION,SUSA,0,0,,YU,0
10/27/2020,18:29,Tuesday,NORTH YORK CTR STATION,MUPAA,0,0,N,YU,6051
10/27/2020,18:34,Tuesday,DUFFERIN STATION,MUIS,0,0,,BD,0
10/27/2020,18:43,Tuesday,DONLANDS STATION,MUPAA,0,0,E,BD,5336
10/27/2020,18:58,Tuesday,LAWRENCE STATION,EUSC,0,0,N,YU,5966
10/27/2020,18:59,Tuesday,BLOOR STATION,SUDP,3,6,S,YU,6056
10/27/2020,20:17,Tuesday,FINCH STATION,MUSC,0,0,S,YU,6011
10/27/2020,20:58,Tuesday,WARDEN STATION,MUIS,0,0,,BD,0
10/27/2020,21:22,Tuesday,DUNDAS WEST STATION,MUPAA,5,10,W,BD,5132
10/27/2020,21:32,Tuesday,QUEEN STATION,EUSC,0,0,N,YU,5741
10/27/2020,21:56,Tuesday,SUMMERHILL STATION,MUPAA,3,8,N,YU,5881
10/27/2020,22:00,Tuesday,WARDEN STATION,MUO,0,0,,YU/BD,0
10/27/2020,22:34,Tuesday,BLOOR STATION,SUUT,6,11,N,YU,5816
10/27/2020,23:48,Tuesday,COXWELL STATION,MUIS,0,0,,BD,0
10/27/2020,23:52,Tuesday,SHEPPARD-YONGE STATION,TUMVS,0,0,E,SHP,6161
10/28/2020,00:15,Wednesday,EGLINTON STATION,MUIS,0,0,,YU,0
10/28/2020,01:20,Wednesday,DON MILLS STATION,PUMO,0,0,,SHP,0
10/28/2020,03:17,Wednesday,SPADINA BD STATION,MUIRS,0,0,,BD,0
10/28/2020,05:20,Wednesday,SHEPPARD-YONGE STATION,TUSC,0,0,E,SHP,6146
10/28/2020,05:36,Wednesday,QUEEN STATION,MUSC,0,0,N,YU,5986
10/28/2020,05:43,Wednesday,DON MILLS STATION,MUSC,0,0,W,SHP,6166
10/28/2020,05:52,Wednesday,KENNEDY BD STATION,EUCA,6,12,W,YU,0
10/28/2020,06:05,Wednesday,WARDEN STATION,MUNOA,4,8,S,YU,5871
10/28/2020,08:29,Wednesday,WARDEN STATION,MUPAA,0,0,N,YU,6051
10/28/2020,10:33,Wednesday,SHEPPARD STATION,SUAE,3,6,S,YU,5791
10/28/2020,10:53,Wednesday,HIGH PARK STATION,PUSNT,0,0,W,BD,5161
10/28/2020,12:30,Wednesday,KEELE STATION,MUSC,4,7,W,BD,5324
10/28/2020,12:33,Wednesday,VICTORIA PARK STATION,SUDP,8,11,W,BD,5280
10/28/2020,12:34,Wednesday,KEELE STATION,TUSC,0,0,W,BD,5161
10/28/2020,12:40,Wednesday,VICTORIA PARK STATION,TUMVS,0,0,W,BD,5280
10/28/2020,13:10,Wednesday,LAWRENCE STATION,EUDO,3,6,N,YU,5741
10/28/2020,13:45,Wednesday,WARDEN STATION,TUSC,0,0,N,YU,5556
10/28/2020,14:15,Wednesday,VAUGHAN MC STATION,TUNIP,4,7,S,YU,5651
10/28/2020,14:50,Wednesday,VAUGHAN MC STATION,MUATC,6,9,S,YU,5741
10/28/2020,15:22,Wednesday,FINCH STATION,SUSA,0,0,,YU,0
10/28/2020,15:50,Wednesday,COXWELL STATION,SUDP,4,7,E,BD,5014
10/28/2020,15:53,Wednesday,VICTORIA PARK STATION,PUMST,0,0,W,BD,0
10/28/2020,15:53,Wednesday,WARDEN STATION,MUIS,0,0,,BD,0
10/28/2020,16:24,Wednesday,WARDEN STATION,MUPAA,0,0,E,BD,5297
10/28/2020,16:43,Wednesday,DON MILLS STATION,PUMO,0,0,W,SHP,6166
10/28/2020,16:47,Wednesday,QUEEN STATION,MUSC,3,6,N,YU,6066
10/28/2020,16:59,Wednesday,DON MILLS STATION,PUMO,0,0,W,SHP,6176
10/28/2020,17:16,Wednesday,WARDEN STATION,TUSC,0,0,N,YU,5991
10/28/2020,17:18,Wednesday,OSSINGTON STATION,SUAP,0,0,W,BD,5108
10/28/2020,17:20,Wednesday,VAUGHAN MC STATION,TUNIP,3,6,S,YU,6071
10/28/2020,17:22,Wednesday,DON MILLS STATION,PUMO,22,27,W,SHP,6176
10/28/2020,17:29,Wednesday,ROYAL YORK STATION,PUMEL,0,0,,BD,0
10/28/2020,17:32,Wednesday,WARDEN STATION,MUPAA,4,6,S,YU,5941
10/28/2020,17:45,Wednesday,VAUGHAN MC STATION,MUNOA,3,6,S,YU,0
10/28/2020,17:56,Wednesday,EGLINTON STATION,TUMVS,8,11,N,YU,6036
10/28/2020,18:09,Wednesday,SHEPPARD WEST STATION,MUATC,0,0,S,YU,5416
10/28/2020,18:13,Wednesday,LESLIE STATION,PUMO,0,0,W,SHP,6166
10/28/2020,18:40,Wednesday,DUPONT STATION,SUDP,0,0,N,YU,6006
10/28/2020,19:05,Wednesday,UNION STATION,MUO,6,9,N,YU,5986
10/28/2020,19:41,Wednesday,DUNDAS WEST STATION,MUIS,0,0,,BD,0
10/28/2020,20:44,Wednesday,SHEPPARD STATION,MUSC,6,9,N,YU,5581
10/28/2020,20:51,Wednesday,WARDEN STATION,MUSC,0,0,N,YU,5951
10/28/2020,21:25,Wednesday,DAVISVILLE YARD - T&S,MUIE,0,0,,YU,0
10/28/2020,22:00,Wednesday,WARDEN STATION,MUO,0,0,,YU/BD,0
10/29/2020,01:09,Thursday,BATHURST STATION,MUIS,0,0,,BD,0
10/29/2020,01:51,Thursday,KENNEDY BD STATION,MUIS,0,0,W,BD,0
10/29/2020,01:56,Thursday,QUEEN STATION,EUOE,0,0,S,YU,5461
10/29/2020,02:11,Thursday,SHEPPARD WEST STATION,MUIS,0,0,,YU,0
10/29/2020,02:23,Thursday,UNION STATION,MUIS,0,0,,YU,0
10/29/2020,07:56,Thursday,ST. CLAIR STATION,EUTR,3,6,N,YU,5466
10/29/2020,08:15,Thursday,WARDEN STATION,MUIS,0,0,,BD,0
10/29/2020,08:59,Thursday,ST CLAIR STATION,SUDP,0,0,,YU,0
10/29/2020,09:29,Thursday,SPADINA BD STATION,SUDP,0,0,E,BD,5024
10/29/2020,09:38,Thursday,QUEEN STATION,MUATC,7,10,S,YU,5546
10/29/2020,11:04,Thursday,FINCH STATION,EUDO,3,6,S,YU,5976
10/29/2020,12:20,Thursday,KENNEDY BD STATION,TUSC,0,0,E,BD,5315
10/29/2020,12:35,Thursday,SHERBOURNE STATION,SUDP,6,9,E,BD,5142
10/29/2020,13:05,Thursday,BLOOR STATION,SUAP,0,0,S,YU,0
10/29/2020,13:13,Thursday,ST CLAIR STATION,MUO,0,0,N,YU,5681
10/29/2020,13:34,Thursday,WARDEN STATION,MUPAA,0,0,S,YU,6056
10/29/2020,13:41,Thursday,SPADINA BD STATION,SUDP,3,6,W,BD,0
10/29/2020,14:12,Thursday,WARDEN STATION,MUPAA,0,0,N,YU,5881
10/29/2020,15:18,Thursday,BAY STATION,MUIRS,0,0,,BD,0
10/29/2020,16:21,Thursday,FINCH STATION,EUDO,3,6,S,YU,5686
10/29/2020,16:38,Thursday,BAYVIEW STATION,MUIRS,0,0,,SHP,0
10/29/2020,16:52,Thursday,BAYVIEW STATION,MUIR,5,10,E,SHP,6161
10/29/2020,17:08,Thursday,COXWELL STATION,TUO,3,6,E,BD,5018
10/29/2020,17:55,Thursday,EGLINTON STATION,MUNCA,0,0,,YU,0
10/29/2020,18:28,Thursday,EGLINTON WEST STATION,SUDP,5,8,N,YU,5841
10/29/2020,18:42,Thursday,KENNEDY BD STATION,EUDO,5,8,W,BD,5118
10/29/2020,18:58,Thursday,EGLINTON WEST STATION,SUDP,4,7,N,YU,6006
10/29/2020,19:23,Thursday,VICTORIA PARK STATION,SUAP,0,0,,BD,0
10/29/2020,19:45,Thursday,LAWRENCE EAST STATION,ERAC,5,10,S,SRT,3027
10/29/2020,20:46,Thursday,QUEEN STATION,MUIRS,0,0,N,YU,0
10/29/2020,20:57,Thursday,DUNDAS WEST STATION,MUIS,0,0,,BD,0
10/29/2020,21:11,Thursday,VICTORIA PARK STATION,MUIS,0,0,E,BD,0
10/29/2020,21:32,Thursday,HIGH PARK STATION,MUSC,0,0,E,BD,5236
10/29/2020,22:00,Thursday,WARDEN STATION,MUO,0,0,,YU/BD,0
10/29/2020,22:27,Thursday,MCCOWAN STATION,TRNIP,6,12,S,SRT,3000
10/29/2020,23:00,Thursday,FINCH STATION,MUO,0,0,,YU,0
10/29/2020,23:33,Thursday,ST CLAIR STATION,SUDP,7,13,N,YU,5556
10/29/2020,23:51,Thursday,EGLINTON STATION,MUPAA,0,0,N,YU,5641
10/30/2020,02:23,Friday,KENNEDY BD STATION,MUIS,0,0,,BD,0
10/30/2020,03:16,Friday,KIPLING STATION,MUIS,0,0,,BD,0
10/30/2020,05:47,Friday,SCARBOROUGH CTR STATIO,MRO,3,0,S,SRT,3004
10/30/2020,06:45,Friday,ST GEORGE BD STATION,TUO,0,0,W,BD,5346
10/30/2020,07:03,Friday,DAVISVILLE STATION,PUTR,0,0,S,YU,5456
10/30/2020,07:42,Friday,ELLESMERE STATION,MRTO,6,11,S,SRT,3019
10/30/2020,08:06,Friday,KENNEDY SRT STATION,ERTC,5,10,N,SRT,3019
10/30/2020,08:22,Friday,KENNEDY BD STATION,MUO,3,6,W,BD,5118
10/30/2020,09:00,Friday,EGLINTON STATION,MUIS,0,0,,YU,0
10/30/2020,09:06,Friday,EGLINTON STATION,MUIE,0,0,,YU,0
10/30/2020,09:12,Friday,MCCOWAN STATION,ERCD,5,10,N,SRT,3019
10/30/2020,10:03,Friday,UNION STATION,MUFS,0,0,,YU,0
10/30/2020,11:42,Friday,WARDEN STATION,SUO,16,19,N,YU,6126
10/30/2020,11:56,Friday,FINCH STATION,EUSC,0,0,N,YU,5871
10/30/2020,13:22,Friday,VAUGHAN MC STATION,MUNOA,3,6,S,YU,0
10/30/2020,13:31,Friday,UNION STATION,MUPAA,0,0,N,YU,6006
10/30/2020,13:56,Friday,WARDEN STATION,TUOS,0,0,E,BD,5130
10/30/2020,13:58,Friday,FINCH STATION,EUATC,3,6,S,YU,5646
10/30/2020,14:38,Friday,UNION STATION,MUIR,3,6,S,YU,5854
10/30/2020,14:59,Friday,SHEPPARD STATION,MUIS,0,0,E,SHP,0
10/30/2020,15:03,Friday,EGLINTON STATION,MUO,0,0,S,YU,6031
10/30/2020,15:35,Friday,WARDEN STATION,MUIS,0,0,,BD,0
10/30/2020,15:40,Friday,SHERBOURNE STATION,SUAP,0,0,E,BD,5193
10/30/2020,15:43,Friday,LAWRENCE WEST STATION,SUDP,0,0,,YU,0
10/30/2020,16:04,Friday,QUEEN STATION,MUIRS,0,0,,YU,0
10/30/2020,16:24,Friday,OSSINGTON STATION,MUSC,4,7,E,BD,5336
10/30/2020,16:29,Friday,MCCOWAN STATION,ERAC,5,10,N,SRT,3027
10/30/2020,16:46,Friday,VAUGHAN MC STATION,TUNOA,5,10,S,YU,0
10/30/2020,16:54,Friday,KEELE STATION,SUUT,4,7,W,BD,5322
10/30/2020,16:54,Friday,VAUGHAN MC STATION,MUNOA,5,10,S,YU,0
10/30/2020,17:07,Friday,VAUGHAN MC STATION,SUROB,0,0,S,YU,0
10/30/2020,17:37,Friday,LAWRENCE STATION,PUSTS,0,0,S,YU,5961
10/30/2020,17:56,Friday,SCARBOROUGH CTR STATIO,MRUI,0,0,,SRT,0
10/30/2020,18:01,Friday,OSGOODE STATION,MUIS,0,0,,YU,0
10/30/2020,18:52,Friday,ROSEDALE STATION,MUIS,0,0,,YU,0
10/30/2020,18:59,Friday,LAWRENCE STATION,PUSTS,0,0,S,YU,5836
10/30/2020,19:08,Friday,LAWRENCE STATION,PUSTS,0,0,S,YU,5816
10/30/2020,19:23,Friday,VAUGHAN MC STATION,TUNOA,5,10,S,YU,0
10/30/2020,20:10,Friday,QUEEN'S PARK STATION,MUIS,0,0,N,YU,5896
10/30/2020,20:13,Friday,PAPE STATION,SUDP,0,0,E,BD,5224
10/30/2020,20:31,Friday,COLLEGE STATION,MUIRS,0,0,S,YU,0
10/30/2020,20:55,Friday,DUFFERIN STATION,EUNT,6,11,E,BD,5286
10/30/2020,21:06,Friday,WARDEN STATION,MUI,13,18,E,BD,5091
10/30/2020,21:12,Friday,ST GEORGE BD STATION,MUI,8,12,E,BD,5286
10/30/2020,21:16,Friday,VICTORIA PARK STATION,SUDP,8,14,W,BD,5279
10/30/2020,21:31,Friday,MAIN STREET STATION,MUIS,0,0,E,BD,0
10/30/2020,22:00,Friday,WARDEN STATION,MUO,0,0,,YU/BD,0
10/30/2020,22:38,Friday,WARDEN STATION,SUO,9,14,N,YU,6061
10/31/2020,01:06,Saturday,RUNNYMEDE STATION,MUIRS,0,0,,BD,0
10/31/2020,01:47,Saturday,QUEEN'S PARK STATION,SUDP,5,11,N,YU,5516
10/31/2020,02:08,Saturday,FINCH STATION,MUSC,0,0,,YU,5386
10/31/2020,06:12,Saturday,WARDEN STATION,TUSC,0,0,S,YU,5901
10/31/2020,07:16,Saturday,QUEEN STATION,MUATC,6,9,S,YU,5746
10/31/2020,07:35,Saturday,KIPLING STATION,EUNT,5,10,E,BD,5314
10/31/2020,07:58,Saturday,CHESTER STATION,SUDP,0,0,E,BD,5069
10/31/2020,08:22,Saturday,QUEEN STATION,SUDP,4,9,S,YU,5716
10/31/2020,08:34,Saturday,SCARBOROUGH CTR STATIO,SRAP,0,0,,SRT,0
10/31/2020,09:11,Saturday,ST PATRICK STATION,MUATC,0,0,N,YU,5961
10/31/2020,10:18,Saturday,DON MILLS STATION,TUMVS,3,8,E,SHP,6171
10/31/2020,10:28,Saturday,DUNDAS STATION,SUAP,30,35,S,YU,5796
10/31/2020,11:08,Saturday,DAVISVILLE STATION,EUDO,3,6,S,YU,6081
10/31/2020,12:03,Saturday,NORTH YORK CTR STATION,SUAE,0,0,,YU,0
10/31/2020,13:08,Saturday,DUNDAS WEST STATION,TUO,0,0,E,BD,5351
10/31/2020,15:16,Saturday,LAWRENCE STATION,MUIR,4,7,N,YU,5476
10/31/2020,16:19,Saturday,MAIN STREET STATION,SUDP,0,0,,BD,0
10/31/2020,17:20,Saturday,KENNEDY BD STATION,TUMVS,0,0,E,BD,5351
10/31/2020,17:49,Saturday,COLLEGE STATION,PUMEL,0,0,,YU,0
10/31/2020,17:58,Saturday,VAUGHAN MC STATION,MUNOA,5,10,S,YU,0
10/31/2020,18:15,Saturday,VAUGHAN MC STATION,MUNOA,5,10,S,YU,0
10/31/2020,18:31,Saturday,BROADVIEW STATION,PUMEL,0,0,,BD,0
10/31/2020,18:54,Saturday,ST GEORGE BD STATION,SUDP,7,12,W,BD,5042
10/31/2020,19:32,Saturday,FINCH STATION,MUNOA,4,10,S,YU,0
10/31/2020,19:34,Saturday,VAUGHAN MC STATION,MUNOA,4,8,S,YU,0
10/31/2020,19:35,Saturday,VAUGHAN MC STATION,MUNOA,5,10,S,YU,0
10/31/2020,19:39,Saturday,DON MILLS STATION,TUSC,0,0,E,SHP,6186
10/31/2020,19:41,Saturday,SPADINA BD STATION,SUEAS,19,24,W,BD,5362
10/31/2020,19:43,Saturday,NORTH YORK CTR STATION,MUPAA,0,0,S,YU,5896
10/31/2020,20:13,Saturday,CASTLE FRANK STATION,PUMEL,0,0,,BD,0
10/31/2020,20:22,Saturday,ELLESMERE STATION,SRDP,5,10,N,SRT,3025
10/31/2020,22:00,Saturday,WARDEN STATION,MUO,0,0,,YU/BD,0
10/31/2020,22:03,Saturday,BLOOR STATION,MUIS,0,0,,YU,0
10/31/2020,22:22,Saturday,WARDEN STATION,MUIS,0,0,W,BD,5161
10/31/2020,22:55,Saturday,RUNNYMEDE STATION,MUIS,0,0,,BD,0
10/31/2020,23:25,Saturday,LESLIE STATION,TUSC,0,0,W,SHP,6181
