Date,Time,Day,Station,Code,Min Delay,Min Gap,Bound,Line,Vehicle
9/1/2020,00:08,Tuesday,DAVISVILLE STATION,MUIR,3,8,N,YU,5791
9/1/2020,01:04,Tuesday,KIPLING STATION,SUDP,5,11,E,BD,5031
9/1/2020,02:08,Tuesday,WILSON YARD,TUO,0,0,S,YU,5926
9/1/2020,05:30,Tuesday,LESLIE STATION,TUNIP,7,0,E,SHP,6146
9/1/2020,05:36,Tuesday,WOODBINE STATION,MUNCA,0,0,,BD,0
9/1/2020,05:45,Tuesday,SCARBOROUGH RAPID TRAN,MRWEA,0,0,S,SRT,0
9/1/2020,05:47,Tuesday,DONLANDS STATION,MUNOA,5,10,W,BD,5230
9/1/2020,06:07,Tuesday,MCCOWAN STATION,ERNEA,5,10,S,SRT,0
9/1/2020,06:19,Tuesday,GREENWOOD YARD,MUIE,0,0,,BD,0
9/1/2020,06:29,Tuesday,WARDEN STATION,SUDP,5,8,E,BD,5289
9/1/2020,07:22,Tuesday,DUNDAS STATION,MUPAA,0,0,S,YU,5851
9/1/2020,07:32,Tuesday,SHEPPARD-YONGE STATION,TUSC,0,0,E,SHP,6191
9/1/2020,08:30,Tuesday,YONGE SHEP STATION,TUSC,0,0,W,SHP,6151
9/1/2020,08:56,Tuesday,KEELE STATION,MUO,0,0,,BD,0
9/1/2020,09:16,Tuesday,LESLIE STATION,MUTD,0,0,E,SHP,6186
9/1/2020,09:33,Tuesday,EGLINTON STATION,SUROB,4,7,S,YU,5741
9/1/2020,09:53,Tuesday,VAUGHAN MC STATION,MUNOA,3,6,S,YU,0
9/1/2020,10:04,Tuesday,DUNDAS STATION,TUSC,0,0,N,YU,5731
9/1/2020,10:22,Tuesday,ST ANDREW STATION,EUTRD,5,8,S,YU,5626
9/1/2020,11:50,Tuesday,PAPE STATION,PUMEL,0,0,,BD,0
9/1/2020,13:05,Tuesday,VAUGHAN MC STATION,MUNOA,3,6,S,YU,0
9/1/2020,13:11,Tuesday,SCARBOROUGH CTR STATIO,ERTC,16,23,N,SRT,3015
9/1/2020,14:26,Tuesday,DON MILLS STATION,TUSC,0,0,E,SHP,6186
9/1/2020,14:43,Tuesday,UNION STATION,MUATC,7,10,S,YU,5661
9/1/2020,15:05,Tuesday,MCCOWAN STATION,ERNEA,5,10,S,SRT,3000
9/1/2020,15:10,Tuesday,KENNEDY BD STATION,PUCSC,0,0,W,BD,5222
9/1/2020,15:16,Tuesday,KEELE STATION,PUSTS,6,9,E,BD,5281
9/1/2020,15:20,Tuesday,PIONEER VILLAGE STATIO,MUO,0,0,,YU,0
9/1/2020,16:56,Tuesday,BROADVIEW STATION,MUPAA,0,0,E,BD,5011
9/1/2020,17:59,Tuesday,SHEPPARD STATION,SUUT,5,8,S,YU,5536
9/1/2020,18:15,Tuesday,KENNEDY BD STATION,EUPI,4,8,W,BD,5349
9/1/2020,18:33,Tuesday,BAYVIEW STATION,MUIS,0,0,,SHP,0
9/1/2020,18:55,Tuesday,KENNEDY BD STATION,PUMEL,0,0,,BD,0
9/1/2020,19:07,Tuesday,COLLEGE STATION,MUPAA,0,0,N,YU,6096
9/1/2020,20:24,Tuesday,YONGE BD STATION,SUDP,4,10,W,BD,5306
9/1/2020,21:45,Tuesday,LAWRENCE STATION,SUDP,0,0,S,YU,6101
9/1/2020,22:00,Tuesday,YONGE-UNIVERSITY AND B,MUO,0,0,,YU/BD,0
9/1/2020,23:00,Tuesday,EGLINTON STATION,MUO,0,0,,YU,0
9/1/2020,23:07,Tuesday,LAWRENCE STATION,SUO,0,0,N,YU,6002
9/1/2020,23:14,Tuesday,YONGE BD STATION,MUIR,4,10,W,BD,5090
9/2/2020,01:45,Wednesday,KENNEDY BD STATION,PUCSC,0,0,W,BD,5247
9/2/2020,05:45,Wednesday,SCARBOROUGH RAPID TRAN,MRWEA,0,0,B,SRT,0
9/2/2020,06:07,Wednesday,MCCOWAN STATION,ERNEA,5,10,S,SRT,0
9/2/2020,06:30,Wednesday,QUEEN STATION,EUSC,0,0,N,YU,5881
9/2/2020,06:44,Wednesday,KENNEDY BD STATION,TUO,4,8,W,BD,5050
9/2/2020,07:57,Wednesday,SPADINA YUS STATION,EUBK,3,6,N,YU,5436
9/2/2020,08:03,Wednesday,DUNDAS STATION,SUDP,0,0,N,YU,6096
9/2/2020,08:19,Wednesday,YORKDALE STATION,MUPLB,6,9,N,YU,5646
9/2/2020,08:20,Wednesday,CHESTER STATION,PUSRA,3,6,W,BD,5065
9/2/2020,08:49,Wednesday,EGLINTON STATION,MUTO,4,7,S,YU,5381
9/2/2020,09:46,Wednesday,UNION STATION,MUPAA,0,0,S,YU,5581
9/2/2020,10:21,Wednesday,SCARBOROUGH CTR STATIO,ERTC,5,10,N,SRT,3015
9/2/2020,11:04,Wednesday,SHEPPARD STATION,SUAP,0,0,N,YU,6096
9/2/2020,11:10,Wednesday,KENNEDY BD STATION,MUTO,3,6,W,BD,5295
9/2/2020,11:28,Wednesday,BROADVIEW STATION,PUSO,3,6,W,BD,0
9/2/2020,11:55,Wednesday,OSSINGTON STATION,PUSTS,3,6,E,BD,5217
9/2/2020,12:03,Wednesday,FINCH STATION,MUIS,0,0,,YU,0
9/2/2020,12:19,Wednesday,DON MILLS STATION,TUMVS,3,8,E,SHP,6146
9/2/2020,12:26,Wednesday,VAUGHAN MC STATION,TUNIP,5,8,S,YU,5736
9/2/2020,14:03,Wednesday,YORK MILLS STATION,MUPAA,3,6,N,YU,5946
9/2/2020,14:19,Wednesday,WELLESLEY STATION,SUUT,0,0,N,YU,6116
9/2/2020,14:30,Wednesday,KENNEDY BD STATION,EUDO,3,6,W,BD,5121
9/2/2020,15:05,Wednesday,MCCOWAN STATION,ERNEA,5,10,S,SRT,3000
9/2/2020,15:09,Wednesday,BAY STATION,MUI,12,15,W,BD,5335
9/2/2020,15:09,Wednesday,ST CLAIR STATION,SUDP,0,0,N,YU,5581
9/2/2020,15:33,Wednesday,YONGE SHEP STATION,MUIS,0,0,E,SHP,0
9/2/2020,15:40,Wednesday,EGLINTON STATION,SUO,4,7,N,YU,5841
9/2/2020,15:42,Wednesday,LAWRENCE WEST STATION,MUIR,4,8,S,YU,5871
9/2/2020,16:19,Wednesday,QUEEN STATION,EUSC,0,0,N,YU,5731
9/2/2020,16:24,Wednesday,DUNDAS STATION,MUPAA,0,0,N,YU,5801
9/2/2020,16:32,Wednesday,OLD MILL STATION,MUPAA,0,0,E,BD,5159
9/2/2020,17:14,Wednesday,KENNEDY BD STATION,SUAP,0,0,,BD,0
9/2/2020,17:26,Wednesday,ST CLAIR WEST STATION,PUMEL,0,0,,YU,0
9/2/2020,17:37,Wednesday,OSSINGTON STATION,SUDP,0,0,,BD,0
9/2/2020,18:00,Wednesday,GREENWOOD STATION,MUPAA,0,0,E,BD,5153
9/2/2020,18:13,Wednesday,SHEPPARD STATION,SUDP,3,6,N,YU,5531
9/2/2020,18:24,Wednesday,ROYAL YORK STATION,MUIS,0,0,,BD,0
9/2/2020,18:27,Wednesday,FINCH STATION,SUDP,0,0,N,YU,5701
9/2/2020,18:43,Wednesday,ST CLAIR STATION,SUDP,3,6,S,YU,5536
9/2/2020,19:13,Wednesday,HIGHWAY 407 STATION,SUDP,4,7,S,YU,5666
9/2/2020,19:56,Wednesday,QUEEN STATION,MUIRS,0,0,,YU,0
9/2/2020,20:29,Wednesday,DON MILLS STATION,MUTD,0,0,E,SHP,6156
9/2/2020,20:35,Wednesday,DON MILLS STATION,TUMVS,0,0,E,SHP,6191
9/2/2020,20:35,Wednesday,FINCH STATION,EUSC,0,0,N,YU,5666
9/2/2020,20:53,Wednesday,DON MILLS STATION,MUTO,0,0,,SHP,0
9/2/2020,22:00,Wednesday,YONGE-UNIVERSITY AND B,MUO,0,0,,YU/BD,0
9/2/2020,22:26,Wednesday,CASTLE FRANK STATION,SUAP,19,25,E,BD,5081
9/2/2020,22:46,Wednesday,QUEEN STATION,EUSC,0,0,N,YU,5666
9/2/2020,23:08,Wednesday,GREENWOOD STATION,MUIS,0,0,W,BD,0
9/3/2020,00:03,Thursday,KENNEDY SRT STATION,ERDO,4,11,,SRT,3009
9/3/2020,04:34,Thursday,MCCOWAN STATION,ERNEA,6,12,S,SRT,0
9/3/2020,05:42,Thursday,YORK MILLS STATION,TUSC,0,0,S,YU,5626
9/3/2020,06:13,Thursday,DUNDAS STATION,SUDP,0,0,,YU,0
9/3/2020,06:18,Thursday,LAWRENCE STATION TO YO,TUMVS,0,0,N,YU,6021
9/3/2020,06:59,Thursday,MAIN STREET STATION,MUSC,0,0,W,BD,5218
9/3/2020,08:41,Thursday,MAIN STREET STATION,MUSC,0,0,W,BD,5218
9/3/2020,08:46,Thursday,RUNNYMEDE STATION,MUIRS,0,0,W,BD,0
9/3/2020,09:00,Thursday,FINCH STATION,MUTO,3,6,S,YU,6031
9/3/2020,11:52,Thursday,EGLINTON STATION,EUOE,0,0,S,YU,6156
9/3/2020,11:52,Thursday,ST GEORGE YUS STATION,MUATC,4,7,S,YU,5751
9/3/2020,11:56,Thursday,KENNEDY BD STATION,TUMVS,0,0,E,BD,5349
9/3/2020,12:38,Thursday,ROYAL YORK STATION,PUMEL,0,0,,BD,0
9/3/2020,12:47,Thursday,JANE STATION,MUI,0,0,,BD,5293
9/3/2020,13:02,Thursday,VAUGHAN MC STATION,PUSZC,51,54,N,YU,5836
9/3/2020,13:07,Thursday,UNION STATION,MUPAA,0,0,N,YU,5996
9/3/2020,14:35,Thursday,CASTLE FRANK STATION,MUPR1,150,154,W,BD,5171
9/3/2020,14:40,Thursday,ST CLAIR WEST STATION,MUPAA,0,0,N,YU,5756
9/3/2020,17:19,Thursday,GREENWOOD STATION,EUNT,3,6,E,BD,5049
9/3/2020,17:49,Thursday,SHEPPARD WEST STATION,MUATC,4,7,S,YU,5666
9/3/2020,18:05,Thursday,YONGE BD STATION,TUS,4,8,E,BD,5306
9/3/2020,18:23,Thursday,PAPE STATION,SUUT,3,7,E,BD,5290
9/3/2020,18:36,Thursday,SPADINA BD STATION,MUPAA,0,0,W,BD,5225
9/3/2020,18:53,Thursday,BATHURST STATION,MUIS,0,0,,BD,0
9/3/2020,19:20,Thursday,EGLINTON STATION,SUDP,5,8,N,YU,5866
9/3/2020,19:34,Thursday,CASTLE FRANK STATION,SUDP,0,0,W,BD,5159
9/3/2020,21:48,Thursday,EGLINTON STATION,SUDP,0,0,N,YU,6096
9/3/2020,21:57,Thursday,ST CLAIR WEST STATION,SUAP,4,9,S,YU,6051
9/3/2020,22:00,Thursday,YONGE-UNIVERSITY AND B,MUO,0,0,,YU/BD,0
9/3/2020,22:02,Thursday,OSGOODE STATION,MUATC,4,9,N,YU,5681
9/3/2020,22:57,Thursday,QUEEN STATION,MUI,7,12,N,YU,5746
9/3/2020,23:00,Thursday,EGLINTON STATION,MUO,0,0,,YU,0
9/3/2020,23:24,Thursday,BLOOR STATION,MUIS,0,0,,YU,0
9/4/2020,01:30,Friday,SHEPPARD WEST STATION,SUAE,8,13,S,YU,5946
9/4/2020,01:41,Friday,SPADINA YUS STATION,SUG,0,0,N,YU,5801
9/4/2020,01:46,Friday,SPADINA BD STATION,SUO,0,0,W,BD,5161
9/4/2020,05:32,Friday,DUNDAS STATION,SUO,0,0,,YU,0
9/4/2020,06:07,Friday,MCCOWAN STATION,ERNEA,5,10,S,SRT,0
9/4/2020,06:11,Friday,SHEPPARD WEST STATION,MUNOA,6,9,N,YU,0
9/4/2020,07:02,Friday,GREENWOOD STATION,MUSC,0,0,E,BD,5154
9/4/2020,07:50,Friday,DUFFERIN STATION,MUDD,3,6,E,BD,5165
9/4/2020,09:13,Friday,KEELE STATION,EUBK,12,15,W,BD,5305
9/4/2020,09:28,Friday,KEELE STATION,MUPLB,3,6,W,BD,5323
9/4/2020,09:37,Friday,YORK MILLS STATION,TUSC,0,0,S,YU,6061
9/4/2020,09:42,Friday,FINCH STATION,MUTO,3,6,S,YU,6036
9/4/2020,10:15,Friday,VAUGHAN MC STATION,MUIS,0,0,,YU,0
9/4/2020,11:36,Friday,KENNEDY BD STATION,SUO,3,6,W,BD,5279
9/4/2020,12:21,Friday,VICTORIA PARK STATION,SUROB,8,11,W,BD,5225
9/4/2020,12:42,Friday,SHEPPARD STATION,EUPI,3,6,S,YU,5571
9/4/2020,12:44,Friday,VAUGHAN MC STATION,TUNIP,7,10,S,YU,5686
9/4/2020,13:14,Friday,BAY STATION,MUIR,5,8,E,BD,5007
9/4/2020,13:25,Friday,GREENWOOD CARHOUSE,EUO,0,0,,BD,0
9/4/2020,13:26,Friday,EGLINTON STATION,EUSC,0,0,N,YU,5731
9/4/2020,14:48,Friday,SCARBOROUGH CTR STATIO,PREL,0,0,,SRT,0
9/4/2020,14:52,Friday,YONGE BD STATION,SUO,0,0,E,BD,5161
9/4/2020,14:53,Friday,BLOOR STATION,SUO,0,0,S,YU,5886
9/4/2020,15:05,Friday,MCCOWAN STATION,ERNEA,5,10,S,SRT,0
9/4/2020,15:30,Friday,BLOOR STATION,SUDP,4,8,N,YU,5926
9/4/2020,15:36,Friday,DUNDAS STATION,MUIRS,0,0,S,YU,0
9/4/2020,15:40,Friday,VAUGHAN MC STATION,MUTO,3,6,S,YU,5706
9/4/2020,15:46,Friday,VAUGHAN MC STATION,TUNIP,5,8,S,YU,5861
9/4/2020,16:21,Friday,DONLANDS STATION,EUNT,3,6,E,BD,5247
9/4/2020,16:55,Friday,BLOOR STATION,SUAE,0,0,N,YU,0
9/4/2020,16:55,Friday,ISLINGTON STATION,MUDD,4,7,W,BD,5136
9/4/2020,17:02,Friday,ISLINGTON STATION,TUMVS,0,0,E,BD,5179
9/4/2020,17:27,Friday,FINCH STATION,MUNCA,0,0,,YU,0
9/4/2020,18:38,Friday,DUFFERIN STATION,MUDD,0,0,W,BD,5192
9/4/2020,19:19,Friday,VICTORIA PARK STATION,TUMVS,0,0,W,BD,5200
9/4/2020,20:21,Friday,EGLINTON STATION,EUSC,0,0,N,YU,6011
9/4/2020,21:41,Friday,ROYAL YORK STATION,SUDP,0,0,,BD,0
9/4/2020,21:58,Friday,ROYAL YORK STATION,SUPOL,6,12,E,BD,5344
9/4/2020,22:00,Friday,YONGE-UNIVERSITY AND B,MUO,0,0,,YU/BD,0
9/4/2020,23:23,Friday,BATHURST STATION,MUIR,0,0,W,BD,5250
9/4/2020,23:50,Friday,YONGE BD STATION,SUUT,8,14,W,BD,5101
9/5/2020,00:24,Saturday,EGLINTON STATION,SUO,5,10,N,YU,6026
9/5/2020,01:08,Saturday,QUEEN STATION,MUATC,10,16,S,YU,5651
9/5/2020,02:14,Saturday,FINCH STATION,MUIS,0,0,S,YU,0
9/5/2020,06:16,Saturday,GREENWOOD STATION,EUSC,0,0,E,BD,5225
9/5/2020,08:16,Saturday,BATHURST STATION,SUDP,0,0,E,BD,5065
9/5/2020,10:28,Saturday,ST CLAIR WEST STATION,MUIR,19,24,S,YU,5666
9/5/2020,10:33,Saturday,YORK MILLS STATION,EUSC,0,0,N,YU,5671
9/5/2020,11:18,Saturday,WELLESLEY STATION,SUDP,7,10,N,YU,5531
9/5/2020,11:49,Saturday,BLOOR STATION,MUIR,0,0,S,YU,5386
9/5/2020,12:19,Saturday,KENNEDY BD STATION,PUCSC,3,7,W,BD,5189
9/5/2020,12:31,Saturday,KIPLING STATION,MUIR,5,9,E,BD,5163
9/5/2020,12:59,Saturday,FINCH STATION,MUSC,0,0,S,YU,6006
9/5/2020,15:31,Saturday,VAUGHAN MC STATION,MUNOA,4,8,S,YU,5746
9/5/2020,15:48,Saturday,BROADVIEW STATION,MUI,0,0,W,BD,5275
9/5/2020,16:19,Saturday,BLOOR STATION,MUIR,4,8,N,YU,5476
9/5/2020,16:42,Saturday,DOWNSVIEW PARK STATION,MUIR,3,7,S,YU,5706
9/5/2020,17:12,Saturday,ISLINGTON STATION,MUIS,0,0,,BD,0
9/5/2020,17:16,Saturday,VICTORIA PARK STATION,TUMVS,7,11,W,BD,5044
9/5/2020,18:01,Saturday,WARDEN STATION,MUDD,3,7,E,BD,5179
9/5/2020,18:02,Saturday,KIPLING STATION,TUMVS,4,8,W,BD,5044
9/5/2020,18:46,Saturday,ST CLAIR WEST STATION,SUDP,3,6,N,YU,6004
9/5/2020,18:54,Saturday,GREENWOOD CARHOUSE,SUG,0,0,,BD,5309
9/5/2020,18:55,Saturday,ST GEORGE BD STATION,MUPAA,0,0,W,BD,5148
9/5/2020,19:17,Saturday,JANE STATION,TUMVS,0,0,E,BD,5284
9/5/2020,19:27,Saturday,DUFFERIN STATION,MUIS,0,0,,BD,0
9/5/2020,19:45,Saturday,COLLEGE STATION,TUOS,4,9,N,YU,6051
9/5/2020,20:08,Saturday,GREENWOOD STATION,MUNCA,0,0,,BD,0
9/5/2020,20:22,Saturday,YONGE SHEP STATION,PUOPO,6,11,E,SHP,6161
9/5/2020,20:57,Saturday,PAPE STATION,MUIS,0,0,,BD,0
9/5/2020,21:22,Saturday,BATHURST STATION,MUIS,0,0,E,BD,0
9/5/2020,21:33,Saturday,EGLINTON STATION,EUSC,0,0,S,YU,5876
9/5/2020,22:00,Saturday,YONGE-UNIVERSITY AND B,MUO,0,0,,YU/BD,0
9/5/2020,22:42,Saturday,SPADINA BD STATION,SUAP,0,0,E,BD,5290
9/5/2020,22:43,Saturday,SPADINA YUS STATION,SUAP,0,0,S,YU,6131
9/5/2020,23:34,Saturday,WILSON STATION,MUNOA,5,10,N,YU,5566
9/6/2020,01:44,Sunday,WILSON STATION,MUIR,0,0,S,YU,5901
9/6/2020,02:10,Sunday,KENNEDY BD STATION,MUIRS,0,0,,BD,0
9/6/2020,02:14,Sunday,BAYVIEW STATION,MUSC,0,0,W,SHP,6176
9/6/2020,03:45,Sunday,KEELE YARD,SUG,0,0,W,BD,5273
9/6/2020,05:39,Sunday,UNION STATION,MUIS,0,0,,YU,0
9/6/2020,08:05,Sunday,YONGE BD STATION,SUAP,0,0,,BD,0
9/6/2020,08:32,Sunday,GREENWOOD STATION,EUYRD,4,8,E,BD,5150
9/6/2020,08:38,Sunday,BAYVIEW STATION,MUSC,0,0,W,SHP,6176
9/6/2020,08:41,Sunday,GREENWOOD STATION,EULV,4,8,E,BD,5183
9/6/2020,12:40,Sunday,BAYVIEW STATION,MUSC,0,0,W,SHP,6176
9/6/2020,14:09,Sunday,BAYVIEW STATION,MUSC,0,0,W,SHP,6176
9/6/2020,14:14,Sunday,YORK MILLS STATION,TUSC,0,0,S,YU,5611
9/6/2020,14:52,Sunday,EGLINTON STATION,SUUT,0,0,N,YU,5501
9/6/2020,17:10,Sunday,DUNDAS WEST STATION,MUNCA,0,0,,BD,0
9/6/2020,18:41,Sunday,SHEPPARD STATION,MUIS,0,0,,YU,0
9/6/2020,18:41,Sunday,YORK MILLS STATION,TUSC,4,9,S,YU,5866
9/6/2020,19:20,Sunday,COLLEGE STATION,MUIS,10,15,N,YU,6096
9/6/2020,19:45,Sunday,EGLINTON STATION,SUDP,0,0,,YU,0
9/6/2020,20:22,Sunday,PAPE STATION,MUIS,0,0,,BD,0
9/6/2020,21:06,Sunday,ST GEORGE BD STATION,EUCA,4,9,W,BD,5258
9/6/2020,21:10,Sunday,KENNEDY BD STATION,MUIS,0,0,,BD,0
9/6/2020,21:12,Sunday,YONGE BD STATION,MUIS,0,0,,BD,0
9/6/2020,21:28,Sunday,DUFFERIN STATION,SUSA,3,8,W,BD,5038
9/6/2020,22:00,Sunday,YONGE-UNIVERSITY AND B,MUO,0,0,,YU/BD,0
9/6/2020,23:02,Sunday,KIPLING STATION,SUG,4,8,E,BD,5124
9/7/2020,00:22,Monday,DUNDAS WEST STATION,MUIS,0,0,,BD,0
9/7/2020,02:25,Monday,BAYVIEW STATION,MUSC,0,0,W,SHP,6156
9/7/2020,04:28,Monday,ROYAL YORK TO ISLINGTO,PUSIS,15,19,E,BD,5290
9/7/2020,05:32,Monday,WILSON DIVISION,MUIE,0,0,S,YU,5601
9/7/2020,07:07,Monday,MAIN STREET STATION,MUIS,0,0,,BD,0
9/7/2020,08:04,Monday,KENNEDY BD STATION,MUTO,4,8,W,BD,5150
9/7/2020,09:09,Monday,GREENWOOD GATEHOUSE,PUMO,0,0,,BD,0
9/7/2020,09:19,Monday,GREENWOOD STATION,EUBO,4,8,W,BD,5023
9/7/2020,09:22,Monday,WARDEN STATION,EUNT,4,8,W,BD,5177
9/7/2020,09:36,Monday,YONGE SHEP STATION,PUCSC,9,14,E,SHP,6176
9/7/2020,09:52,Monday,OSSINGTON STATION,MUO,0,0,,BD,0
9/7/2020,09:53,Monday,KIPLING STATION,SUO,4,8,E,BD,5077
9/7/2020,09:58,Monday,ST GEORGE BD STATION,SUDP,3,7,W,BD,5282
9/7/2020,10:34,Monday,BAYVIEW STATION,TUMVS,0,0,W,SHP,6156
9/7/2020,10:46,Monday,EGLINTON STATION,EUDO,3,7,N,YU,5501
9/7/2020,11:48,Monday,KENNEDY BD STATION,TUNIP,3,7,W,BD,5313
9/7/2020,13:10,Monday,FINCH STATION,TUMVS,0,0,N,YU,5926
9/7/2020,13:38,Monday,ST GEORGE BD STATION,TUMVS,3,7,W,BD,5288
9/7/2020,13:40,Monday,FINCH STATION,SUO,0,0,,YU,0
9/7/2020,15:36,Monday,BAYVIEW STATION,MUSC,0,0,E,SHP,6156
9/7/2020,15:48,Monday,SUBWAY OPERATIONS BLDG,PUMEL,0,0,,,0
9/7/2020,16:10,Monday,VAUGHAN MC STATION,MUATC,5,9,S,YU,5751
9/7/2020,18:23,Monday,PIONEER VILLAGE STATIO,SUAP,0,0,,YU,0
9/7/2020,19:46,Monday,KENNEDY BD STATION,MUIS,0,0,,BD,0
9/7/2020,20:08,Monday,FINCH STATION,MUESA,5,10,S,YU,5696
9/7/2020,20:41,Monday,UNION STATION,MUIS,0,0,,YU,0
9/7/2020,22:00,Monday,YONGE-UNIVERSITY AND B,MUO,0,0,,YU/BD,0
9/7/2020,23:39,Monday,ISLINGTON STATION,TUMVS,20,25,E,BD,5121
9/8/2020,00:19,Tuesday,EGLINTON STATION,SUDP,3,8,S,YU,6041
9/8/2020,05:52,Tuesday,EGLINTON STATION,MUNOA,5,10,N,YU,6026
9/8/2020,06:01,Tuesday,COLLEGE STATION,MUIRS,0,0,N,YU,0
9/8/2020,06:07,Tuesday,MCCOWAN STATION,ERNEA,5,10,S,SRT,0
9/8/2020,07:26,Tuesday,FINCH STATION,EUBK,3,6,S,YU,5751
9/8/2020,07:26,Tuesday,KENNEDY BD STATION,MUPAA,3,6,W,BD,5262
9/8/2020,08:07,Tuesday,MAIN STREET STATION,MUIRS,0,0,,BD,0
9/8/2020,09:16,Tuesday,YORK MILLS STATION,PUMEL,0,0,,YU,0
9/8/2020,09:28,Tuesday,YONGE SHEP STATION,EUME,4,9,E,SHP,6196
9/8/2020,10:11,Tuesday,QUEEN STATION,TUO,6,9,S,YU,5851
9/8/2020,10:44,Tuesday,KENNEDY SRT STATION,PRSA,40,45,B,SRT,3011
9/8/2020,12:08,Tuesday,KENNEDY BD STATION,TUNIP,3,6,W,BD,5247
9/8/2020,15:05,Tuesday,MCCOWAN STATION,ERNEA,5,10,S,SRT,0
9/8/2020,15:41,Tuesday,CHRISTIE STATION,MUI,13,16,W,BD,5106
9/8/2020,16:10,Tuesday,KENNEDY BD STATION,MUTO,3,6,E,BD,5200
9/8/2020,16:19,Tuesday,ST CLAIR WEST STATION,MUPLB,29,32,S,YU,5946
9/8/2020,16:32,Tuesday,ISLINGTON STATION,TUMVS,0,0,E,BD,5199
9/8/2020,17:03,Tuesday,MARKDALE EE,SUUT,14,17,N,YU,5881
9/8/2020,17:28,Tuesday,VAUGHAN MC STATION,TUNIP,6,9,S,YU,6136
9/8/2020,18:29,Tuesday,DUNDAS STATION,SUDP,0,0,,YU,0
9/8/2020,19:10,Tuesday,DON MILLS STATION,SUDP,5,10,W,SHP,6191
9/8/2020,19:12,Tuesday,PAPE STATION,MUIS,0,0,,BD,0
9/8/2020,20:08,Tuesday,WARDEN STATION,SUDP,0,0,,BD,0
9/8/2020,20:35,Tuesday,HIGH PARK STATION,MUIRS,0,0,,BD,0
9/8/2020,22:00,Tuesday,YONGE-UNIVERSITY AND B,MUO,0,0,,YU/BD,0
9/8/2020,22:34,Tuesday,KENNEDY BD STATION,EUBK,3,9,W,BD,5177
9/8/2020,23:16,Tuesday,YONGE UNIVERSITY SUBWA,MUO,0,0,,YU,0
9/9/2020,00:31,Wednesday,YONGE BD STATION,SUEAS,8,14,E,BD,5235
9/9/2020,00:50,Wednesday,BROADVIEW STATION,MUIS,0,0,,BD,0
9/9/2020,01:15,Wednesday,CASTLE FRANK STATION,MUIS,0,0,,BD,0
9/9/2020,05:32,Wednesday,WOODBINE STATION,MUNCA,0,0,,BD,0
9/9/2020,05:41,Wednesday,KIPLING STATION,EUNT,3,0,E,BD,5038
9/9/2020,05:55,Wednesday,JANE STATION,MUSC,0,0,E,BD,5282
9/9/2020,07:06,Wednesday,DUNDAS WEST STATION,SUSP,6,9,E,BD,5003
9/9/2020,07:36,Wednesday,FINCH STATION,PUSNT,3,6,N,YU,5896
9/9/2020,07:47,Wednesday,MCCOWAN YARD,MRLD,0,0,,SRT,0
9/9/2020,09:19,Wednesday,EGLINTON WEST STATION,MUNCA,0,0,,YU,0
9/9/2020,09:26,Wednesday,WOODBINE STATION,PUMST,0,0,,BD,0
9/9/2020,09:32,Wednesday,SHEPPARD STATION,SUDP,23,26,S,YU,5511
9/9/2020,09:41,Wednesday,WILSON STATION,PUMO,0,0,,YU,0
9/9/2020,11:07,Wednesday,BAYVIEW STATION,MUSC,0,0,W,SHP,6156
9/9/2020,11:21,Wednesday,BLOOR STATION,MUIRS,0,0,N,YU,0
9/9/2020,11:27,Wednesday,WILSON YARD,MUPLB,0,0,,YU,0
9/9/2020,12:11,Wednesday,BAY STATION,SUAE,0,0,,BD,0
9/9/2020,12:43,Wednesday,COXWELL STATION,TUNIP,6,9,W,BD,5136
9/9/2020,12:46,Wednesday,MCCOWAN YARD,MRO,0,0,,SRT,0
9/9/2020,13:43,Wednesday,MCCOWAN STATION,ERTR,5,10,,SRT,0
9/9/2020,15:51,Wednesday,COXWELL STATION,SUDP,0,0,W,BD,5284
9/9/2020,16:30,Wednesday,BLOOR STATION,SUDP,3,6,S,YU,5921
9/9/2020,16:36,Wednesday,SUMMERHILL STATION,SUDP,5,8,N,YU,6061
9/9/2020,16:54,Wednesday,WOODBINE STATION,MUIR,0,0,W,BD,5076
9/9/2020,17:43,Wednesday,SHEPPARD WEST STATION,PUMEL,0,0,S,YU,0
9/9/2020,18:08,Wednesday,SHERBOURNE STATION,MUIE,0,0,,BD,0
9/9/2020,19:04,Wednesday,PAPE STATION,MUIS,0,0,,BD,0
9/9/2020,19:13,Wednesday,COXWELL STATION,MUIS,0,0,E,BD,0
9/9/2020,20:29,Wednesday,COLLEGE STATION,MUIS,0,0,,YU,0
9/9/2020,21:05,Wednesday,YORK MILLS STATION,TUMVS,5,8,S,YU,5996
9/9/2020,21:06,Wednesday,MCCOWAN STATION,ERDO,3,9,W,SRT,3018
9/9/2020,22:00,Wednesday,YONGE-UNIVERSITY AND B,MUO,0,0,,YU/BD,0
9/9/2020,23:00,Wednesday,BATHURST STATION,SUDP,4,10,E,BD,5179
9/9/2020,23:34,Wednesday,YONGE UNIVERSITY LINE,MUO,0,0,,YU,0
9/10/2020,00:06,Thursday,VICTORIA PARK STATION,MUIS,0,0,E,BD,0
9/10/2020,00:40,Thursday,OLD MILL STATION,MUIS,0,0,,BD,0
9/10/2020,06:03,Thursday,WILSON STATION,MUWEA,5,8,S,YU,5556
9/10/2020,06:07,Thursday,MCCOWAN STATION,ERNEA,5,10,S,SRT,0
9/10/2020,06:13,Thursday,BESSARION STATION,MUIE,0,0,,SHP,0
9/10/2020,06:14,Thursday,DUNDAS STATION,MUIRS,0,0,S,YU,0
9/10/2020,06:33,Thursday,DUNDAS STATION,EUSC,0,0,S,YU,5996
9/10/2020,07:45,Thursday,YORK MILLS STATION,TUSC,0,0,S,YU,5786
9/10/2020,08:12,Thursday,KENNEDY BD STATION,EUTR,3,6,W,BD,5106
9/10/2020,08:16,Thursday,YONGE SHEP STATION,TUSC,0,0,E,SHP,6141
9/10/2020,08:45,Thursday,ST CLAIR WEST STATION,MUPAA,0,0,S,YU,6116
9/10/2020,08:56,Thursday,BLOOR STATION,EUSC,0,0,S,YU,5996
9/10/2020,09:43,Thursday,ST CLAIR WEST STATION,MUATC,7,10,N,YU,6041
9/10/2020,11:01,Thursday,PIONEER VILLAGE STATIO,MUIS,0,0,,YU,0
9/10/2020,11:20,Thursday,VAUGHAN MC STATION,TUNOA,3,6,S,YU,6046
9/10/2020,11:23,Thursday,CASTLE FRANK STATION,MUPAA,4,7,W,BD,5164
9/10/2020,12:41,Thursday,SCARBOROUGH RAPID TRAN,MRO,0,0,,SRT,0
9/10/2020,13:00,Thursday,COXWELL STATION,MUCL,6,9,W,BD,5212
9/10/2020,14:21,Thursday,MCCOWAN STATION,ERTC,17,22,S,SRT,3018
9/10/2020,14:21,Thursday,OSSINGTON STATION,TUSC,0,0,W,BD,5150
9/10/2020,14:43,Thursday,ROSEDALE STATION,SUUT,7,10,S,YU,5736
9/10/2020,15:05,Thursday,MCCOWAN STATION,ERNEA,5,10,S,SRT,0
9/10/2020,16:37,Thursday,KIPLING STATION,SUDP,3,6,W,BD,5212
9/10/2020,17:36,Thursday,WARDEN STATION,TUOS,0,0,W,BD,5212
9/10/2020,17:52,Thursday,ROSEDALE STATION,MUIR,0,0,S,YU,5461
9/10/2020,18:04,Thursday,YORK MILLS STATION,MUIR,0,0,S,YU,5901
9/10/2020,18:52,Thursday,YORK MILLS STATION,MUTD,0,0,S,YU,5876
9/10/2020,19:35,Thursday,NORTH YORK CTR STATION,EUSC,0,0,N,YU,5731
9/10/2020,20:57,Thursday,KENNEDY BD STATION,MUIS,0,0,,BD,0
9/10/2020,22:00,Thursday,YONGE-UNIVERSITY AND B,MUO,0,0,,YU/BD,0
9/10/2020,22:51,Thursday,FINCH WEST STATION,MUIRS,0,0,N,YU,5446
9/10/2020,22:57,Thursday,KENNEDY BD STATION,MUIS,0,0,,BD,0
9/10/2020,23:36,Thursday,YONGE UNIVERSITY LINE,MUO,0,0,,,0
9/10/2020,23:46,Thursday,WARDEN STATION,SUROB,29,35,E,BD,5273
9/11/2020,00:41,Friday,KENNEDY BD STATION,MUSAN,3,9,W,BD,5183
9/11/2020,02:07,Friday,KIPLING STATION,MUIR,0,0,,BD,0
9/11/2020,02:10,Friday,LEAVING DON MILLS,TUMVS,4,10,W,SHP,6156
9/11/2020,02:26,Friday,YONGE SHEP STATION,TUMVS,0,0,W,SHP,6166
9/11/2020,05:50,Friday,ST ANDREW STATION,MUO,0,0,,YU,0
9/11/2020,06:07,Friday,MCCOWAN STATION,ERNEA,5,10,S,SRT,0
9/11/2020,06:45,Friday,EGLINTON STATION,MUIS,0,0,,YU,0
9/11/2020,06:53,Friday,VICTORIA PARK STATION,MUIRS,0,0,,BD,0
9/11/2020,08:23,Friday,DUNDAS WEST STATION,MUPR1,102,105,W,BD,5344
9/11/2020,09:03,Friday,MAIN STREET STATION,EUAL,4,8,W,BD,5161
9/11/2020,11:29,Friday,ROYAL YORK STATION,SUROB,6,9,E,BD,5080
9/11/2020,11:48,Friday,CHRISTIE STATION,TUMVS,6,9,E,BD,5203
9/11/2020,13:07,Friday,VICTORIA PARK STATION,SUDP,0,0,,BD,0
9/11/2020,14:09,Friday,ROSEDALE STATION,SUUT,4,7,N,YU,5406
9/11/2020,14:28,Friday,QUEEN STATION,MUATC,3,6,S,YU,5551
9/11/2020,14:36,Friday,BLOOR STATION,SUUT,3,6,S,YU,5811
9/11/2020,14:43,Friday,WILSON STATION,MUIS,0,0,,YU,0
9/11/2020,14:44,Friday,COXWELL STATION,TUNIP,5,8,W,BD,5249
9/11/2020,15:05,Friday,MCCOWAN STATION,ERNEA,5,10,S,SRT,0
9/11/2020,15:16,Friday,ISLINGTON STATION,TUMVS,3,6,E,BD,5203
9/11/2020,15:38,Friday,COLLEGE STATION,SUO,0,0,,YU,0
9/11/2020,15:41,Friday,BROADVIEW STATION,EUNT,3,6,E,BD,5140
9/11/2020,16:36,Friday,MAIN STREET STATION,MUIS,0,0,,BD,0
9/11/2020,17:00,Friday,QUEEN STATION,MUPAA,3,6,N,YU,5531
9/11/2020,18:02,Friday,VAUGHAN MC STATION,MUNOA,3,6,S,YU,0
9/11/2020,18:05,Friday,COXWELL STATION,MUTO,4,7,W,BD,5094
9/11/2020,19:39,Friday,BROADVIEW STATION,MUIRS,0,0,W,BD,0
9/11/2020,20:13,Friday,PAPE STATION,MUIS,0,0,,BD,0
9/11/2020,21:04,Friday,ST GEORGE BD STATION,TUMVS,0,0,W,BD,5164
9/11/2020,21:39,Friday,ST CLAIR STATION,TUSC,0,0,S,YU,5866
9/11/2020,22:00,Friday,YONGE-UNIVERSITY AND B,MUO,0,0,,YU/BD,0
9/11/2020,22:26,Friday,COXWELL STATION,EUNT,4,10,E,BD,5136
9/11/2020,23:14,Friday,HIGH PARK STATION,MUSC,3,9,W,BD,5138
9/11/2020,23:17,Friday,FINCH STATION,TUSC,0,0,N,YU,6096
9/11/2020,23:18,Friday,RUNNYMEDE STATION,MUPAA,0,0,W,BD,5138
9/11/2020,23:33,Friday,PAPE STATION,SUO,9,15,W,BD,5234
9/11/2020,23:55,Friday,ST. ANDREW STATION,SUDP,0,0,N,YU,6036
9/12/2020,00:05,Saturday,SPADINA YUS STATION,SUDP,0,0,N,YU,5566
9/12/2020,00:11,Saturday,SHEPPARD WEST STATION,MUIS,0,0,,YU,0
9/12/2020,01:16,Saturday,ST CLAIR WEST STATION,MUNOA,5,10,N,YU,5786
9/12/2020,01:29,Saturday,NORTH YORK CTR STATION,MUIS,0,0,S,YU,0
9/12/2020,01:49,Saturday,QUEEN STATION,MUSC,0,0,N,YU,6096
9/12/2020,01:50,Saturday,KIPLING STATION,SUAE,0,0,,BD,0
9/12/2020,06:05,Saturday,GREENWOOD STATION,EUME,11,16,E,BD,5279
9/12/2020,06:17,Saturday,KENNEDY SRT STATION,MRO,0,0,,SRT,0
9/12/2020,07:51,Saturday,VICTORIA PARK STATION,MUIR,3,8,E,BD,5004
9/12/2020,09:43,Saturday,FINCH STATION,MUSC,4,9,S,YU,5661
9/12/2020,09:54,Saturday,ST CLAIR WEST STATION,PUMEL,0,0,,YU,0
9/12/2020,10:41,Saturday,WOODBINE STATION,SUDP,5,10,E,BD,5080
9/12/2020,11:27,Saturday,SHEPPARD STATION,MUSC,0,0,N,YU,5731
9/12/2020,11:44,Saturday,EGLINTON STATION,SUDP,0,0,N,YU,5411
9/12/2020,12:11,Saturday,FINCH STATION,MUIR,4,8,S,YU,5661
9/12/2020,12:23,Saturday,FINCH STATION,MUSC,0,0,S,YU,5661
9/12/2020,12:47,Saturday,COLLEGE STATION,SUDP,3,7,S,YU,5451
9/12/2020,13:05,Saturday,HIGHWAY 407 STATION,MUIS,0,0,,YU,0
9/12/2020,15:17,Saturday,DUNDAS WEST STATION,MUIRS,0,0,,BD,0
9/12/2020,15:43,Saturday,VAUGHAN MC STATION,MUIS,0,0,,YU,0
9/12/2020,16:02,Saturday,ROYAL YORK STATION,SUO,0,0,,BD,0
9/12/2020,16:43,Saturday,SUMMERHILL STATION,MUPAA,0,0,N,YU,5871
9/12/2020,17:13,Saturday,OSGOODE STATION,MUATC,0,0,N,YU,5736
9/12/2020,17:16,Saturday,EGLINTON STATION,TUMVS,0,0,N,YU,5666
9/12/2020,17:19,Saturday,COXWELL STATION,MUD,5,9,W,BD,5249
9/12/2020,17:53,Saturday,QUEEN STATION,MUSC,3,6,N,YU,5561
9/12/2020,17:54,Saturday,VAUGHAN MC STATION,TUATC,3,8,S,YU,6126
9/12/2020,19:00,Saturday,VAUGHAN MC STATION,TUNIP,0,0,S,YU,5756
9/12/2020,19:13,Saturday,SHERBOURNE STATION,SUEAS,17,22,W,BD,5203
9/12/2020,19:36,Saturday,VICTORIA PARK STATION,SUO,0,0,W,BD,5234
9/12/2020,20:29,Saturday,BATHURST STATION,MUO,0,0,,BD,0
9/12/2020,21:03,Saturday,BLOOR STATION,SUAP,0,0,S,YU,0
9/12/2020,21:58,Saturday,FINCH STATION,MUESA,5,10,S,YU,0
9/12/2020,22:00,Saturday,YONGE-UNIVERSITY AND B,MUO,0,0,,YU/BD,0
9/12/2020,22:05,Saturday,QUEEN STATION,TUMVS,6,11,S,YU,5816
9/12/2020,22:23,Saturday,DUPONT STATION,TUO,5,10,N,YU,5816
9/12/2020,23:59,Saturday,ST ANDREW STATION,MUPAA,0,0,S,YU,5461
9/13/2020,00:36,Sunday,EGLINTON WEST STATION,SUO,0,0,,YU,0
9/13/2020,00:44,Sunday,DUNDAS STATION,SUUT,0,0,S,YU,5961
9/13/2020,00:48,Sunday,CHESTER STATION,TUMVS,0,0,E,BD,5124
9/13/2020,00:50,Sunday,YONGE SHEP STATION,MUO,5,11,E,SHP,6181
9/13/2020,01:29,Sunday,ISLINGTON STATION,MUIRS,0,0,E,BD,0
9/13/2020,02:12,Sunday,DONLANDS STATION,TUMVS,0,0,E,BD,74
9/13/2020,07:24,Sunday,YORK MILLS STATION,EUSC,0,0,N,YU,5546
9/13/2020,07:46,Sunday,ST ANDREW STATION,MUNCA,0,0,,YU,0
9/13/2020,08:10,Sunday,VAUGHAN MC STATION,TUNIP,4,9,S,YU,5891
9/13/2020,08:25,Sunday,KENNEDY BD STATION,EUDO,4,8,W,BD,5338
9/13/2020,08:29,Sunday,COLLEGE STATION,MUIRS,0,0,N,YU,5731
9/13/2020,08:36,Sunday,EGLINTON STATION,MUNOA,5,10,N,YU,0
9/13/2020,09:22,Sunday,SHERBOURNE STATION,SUDP,4,8,E,BD,5161
9/13/2020,10:06,Sunday,KENNEDY BD STATION,SUDP,12,16,W,BD,5338
9/13/2020,10:16,Sunday,LAWRENCE STATION,EUSC,0,0,N,YU,6011
9/13/2020,10:28,Sunday,NORTH YORK CTR STATION,EUSC,0,0,N,YU,6011
9/13/2020,10:49,Sunday,DAVISVILLE STATION,TUMVS,4,9,S,YU,6016
9/13/2020,11:26,Sunday,EGLINTON STATION,MUIS,0,0,,YU,0
9/13/2020,12:33,Sunday,OSGOODE STATION,MUIRS,0,0,,YU,0
9/13/2020,12:56,Sunday,YONGE BD STATION,PUMEL,0,0,,BD,0
9/13/2020,13:16,Sunday,ISLINGTON STATION,MUPAA,3,6,E,BD,5263
9/13/2020,13:23,Sunday,PIONEER VILLAGE STATIO,MUATC,8,12,S,YU,5891
9/13/2020,13:48,Sunday,CASTLE FRANK STATION,MUIR,0,0,E,BD,0
9/13/2020,13:48,Sunday,KENNEDY BD STATION,EUAC,3,6,W,BD,5338
9/13/2020,14:41,Sunday,VAUGHAN MC STATION,MUNOA,4,8,S,YU,0
9/13/2020,15:51,Sunday,PIONEER VILLAGE STATIO,MUIS,0,0,,YU,0
9/13/2020,16:02,Sunday,DUFFERIN STATION,MUPR1,58,62,E,BD,5252
9/13/2020,17:31,Sunday,YORKDALE STATION,MUIS,0,0,N,YU,5586
9/13/2020,17:38,Sunday,SUMMERHILL STATION,EUSC,0,0,E,YU,6011
9/13/2020,17:57,Sunday,CHESTER STATION,SUDP,0,0,,BD,0
9/13/2020,17:57,Sunday,YORK MILLS STATION,SUEAS,11,15,S,YU,5476
9/13/2020,18:19,Sunday,KIPLING STATION,EUDO,4,8,W,BD,5212
9/13/2020,18:29,Sunday,BROADVIEW STATION,SUAP,19,24,W,BD,5199
9/13/2020,20:19,Sunday,PAPE STATION,MUIS,0,0,,BD,0
9/13/2020,20:35,Sunday,SHEPPARD STATION,EUSC,0,0,N,YU,6011
9/13/2020,20:37,Sunday,NORTH YORK CTR STATION,EUSC,0,0,N,YU,6011
9/13/2020,21:18,Sunday,VICTORIA PARK STATION,SUDP,0,0,,BD,0
9/13/2020,22:00,Sunday,ELLESMERE STATION,MRO,0,0,,SRT,0
9/13/2020,22:00,Sunday,YONGE-UNIVERSITY AND B,MUO,0,0,,YU/BD,0
9/13/2020,22:35,Sunday,VICTORIA PARK STATION,EUNT,3,7,W,BD,5216
9/13/2020,22:51,Sunday,DUNDAS WEST STATION,TUO,19,23,W,BD,5196
9/13/2020,23:45,Sunday,NORTH YORK CTR STATION,SUO,14,19,N,YU,5536
9/14/2020,00:14,Monday,UNION STATION TO KING,PUSTP,101,107,N,YU,6096
9/14/2020,00:57,Monday,SPADINA BD STATION,MUIS,0,0,,BD,0
9/14/2020,01:01,Monday,BLOOR STATION,MUTO,6,9,N,YU,6046
9/14/2020,06:00,Monday,TORONTO TRANSIT COMMIS,MUO,0,0,,BD,0
9/14/2020,06:00,Monday,TORONTO TRANSIT COMMIS,MUO,0,0,,SHP,0
9/14/2020,06:00,Monday,TORONTO TRANSIT COMMIS,MRO,0,0,,SRT,0
9/14/2020,06:07,Monday,MCCOWAN STATION,ERNEA,5,10,S,SRT,0
9/14/2020,06:09,Monday,FINCH STATION,MUSC,0,0,S,YU,5441
9/14/2020,06:28,Monday,KEELE STATION,SUEAS,9,12,W,BD,5313
9/14/2020,07:28,Monday,ST GEORGE YUS STATION,MUIS,0,0,,YU,0
9/14/2020,08:44,Monday,FINCH STATION,MUSC,0,0,S,YU,5441
9/14/2020,11:07,Monday,LAWRENCE STATION,SUAP,5,8,S,YU,5706
9/14/2020,12:50,Monday,OSGOODE STATION,MUATC,7,10,N,YU,5896
9/14/2020,14:04,Monday,DAVISVILLE STATION,TUSC,0,0,S,YU,5731
9/14/2020,14:54,Monday,MUSEUM STATION,SUDP,3,6,S,YU,5806
9/14/2020,15:05,Monday,MCCOWAN STATION,ERNEA,5,10,S,SRT,0
9/14/2020,15:45,Monday,SHERBOURNE STATION,MUDD,4,8,W,BD,5028
9/14/2020,16:11,Monday,MCCOWAN STATION,MRPAA,0,0,S,SRT,3019
9/14/2020,16:24,Monday,KIPLING STATION,MUTO,4,8,E,BD,5028
9/14/2020,17:44,Monday,DONLANDS STATION,SUDP,0,0,,BD,0
9/14/2020,17:44,Monday,KENNEDY BD STATION,MUIR,4,8,W,BD,5049
9/14/2020,18:09,Monday,FINCH STATION,MUPAA,0,0,S,YU,5466
9/14/2020,18:33,Monday,PAPE STATION,MUIS,0,0,,BD,0
9/14/2020,19:42,Monday,PAPE STATION,MUIS,0,0,,BD,0
9/14/2020,20:19,Monday,OSGOODE STATION,MUPLA,10,13,N,YU,5766
9/14/2020,21:22,Monday,FINCH STATION,MUTD,4,7,N,YU,5546
9/14/2020,21:37,Monday,MCCOWAN STATION,ERNEA,6,12,S,SRT,3008
9/14/2020,22:00,Monday,YONGE-UNIVERSITY AND B,MUO,0,0,,YU/BD,0
9/14/2020,22:08,Monday,KENNEDY BD STATION,EUBO,3,6,W,BD,5218
9/14/2020,23:00,Monday,YONGE UNIVERSITY SPADI,MUO,0,0,,YU,0
9/14/2020,23:41,Monday,KENNEDY SRT STATION,ERDO,0,0,N,SRT,3027
9/15/2020,05:42,Tuesday,WOODBINE STATION,MUNCA,0,0,,BD,0
9/15/2020,06:07,Tuesday,MCCOWAN STATION,ERNEA,5,10,S,SRT,0
9/15/2020,06:32,Tuesday,DUNDAS STATION,TUSC,0,0,N,YU,6011
9/15/2020,07:14,Tuesday,FINCH STATION,MUSC,0,0,S,YU,5441
9/15/2020,08:22,Tuesday,BROADVIEW STATION,SUAP,6,10,W,BD,5272
9/15/2020,09:32,Tuesday,OSGOODE STATION,MUATC,3,6,N,YU,5731
9/15/2020,09:38,Tuesday,ST PATRICK STATION,MUATC,5,8,N,YU,5731
9/15/2020,11:21,Tuesday,UNION STATION,MUIS,0,0,,YU,0
9/15/2020,11:36,Tuesday,LAWRENCE EAST STATION,MRTO,5,10,N,SRT,3019
9/15/2020,11:44,Tuesday,FINCH STATION,SUO,6,9,S,YU,5731
9/15/2020,11:57,Tuesday,ST GEORGE BD STATION,MUIRS,0,0,E,BD,5171
9/15/2020,13:06,Tuesday,LAWRENCE STATION,TUOS,3,6,S,YU,6036
9/15/2020,13:24,Tuesday,LAWRENCE WEST STATION,PUSSW,40,44,S,YU,5806
9/15/2020,13:43,Tuesday,VAUGHAN MC STATION,TUATC,0,0,N,YU,5856
9/15/2020,14:10,Tuesday,ST CLAIR WEST STATION,MUNCA,0,0,,YU,0
9/15/2020,14:40,Tuesday,SCARBOROUGH CTR STATIO,ERNT,36,41,S,SRT,3000
9/15/2020,15:05,Tuesday,MCCOWAN STATION,ERNEA,5,10,S,SRT,0
9/15/2020,15:35,Tuesday,BLOOR STATION,MUIRS,0,0,N,YU,0
9/15/2020,15:53,Tuesday,HIGH PARK STATION,SUAP,0,0,W,BD,5055
9/15/2020,17:20,Tuesday,YORK MILLS STATION,TUOS,0,0,N,YU,5806
9/15/2020,18:43,Tuesday,CHESTER STATION,MUIS,0,0,W,BD,0
9/15/2020,19:12,Tuesday,PAPE STATION,MUIS,0,0,,BD,0
9/15/2020,19:39,Tuesday,SUMMERHILL STATION,EUSC,0,0,S,YU,5731
9/15/2020,20:10,Tuesday,CHESTER STATION,SUO,4,10,E,BD,5233
9/15/2020,20:26,Tuesday,DUNDAS STATION,MUIRS,0,0,,YU,0
9/15/2020,20:51,Tuesday,BAY STATION,SUDP,4,10,E,BD,5338
9/15/2020,21:57,Tuesday,MAIN STREET STATION,MUIS,0,0,,BD,0
9/15/2020,21:59,Tuesday,BLOOR STATION,SUDP,8,12,S,YU,5556
9/15/2020,22:00,Tuesday,YONGE-UNIVERSITY AND B,MUO,0,0,,YU/BD,0
9/15/2020,22:03,Tuesday,YONGE BD STATION,SUO,0,0,E,BD,5161
9/15/2020,22:35,Tuesday,MCCOWAN YARD,ERNEA,6,12,S,SRT,0
9/15/2020,23:00,Tuesday,YONGE / UNIVERSITY - L,MUO,0,0,,YU,0
9/15/2020,23:05,Tuesday,COLLEGE STATION,MUPAA,0,0,N,YU,5546
9/16/2020,00:19,Wednesday,VAUGHAN MC STATION,MUIE,5,10,S,YU,5446
9/16/2020,00:24,Wednesday,KENNEDY BD STATION,MUPAA,0,0,E,BD,5348
9/16/2020,01:10,Wednesday,MAIN STREET STATION,MUIS,0,0,,BD,0
9/16/2020,01:40,Wednesday,DAVISVILLE STATION,PUTOE,0,0,S,YU,38
9/16/2020,06:07,Wednesday,MCCOWAN STATION,ERNEA,5,10,S,SRT,0
9/16/2020,06:16,Wednesday,QUEEN STATION,MUSC,0,0,N,YU,5796
9/16/2020,07:57,Wednesday,KENNEDY BD STATION,PUSCR,3,6,W,BD,5325
9/16/2020,08:31,Wednesday,YONGE SHEP STATION,TUDOE,14,19,E,SHP,6186
9/16/2020,09:45,Wednesday,COXWELL STATION,TUMVS,0,0,E,BD,5056
9/16/2020,12:35,Wednesday,BLOOR STATION,MUIS,0,0,N,YU,0
9/16/2020,13:09,Wednesday,HIGHWAY 407 STATION,TUOS,0,0,S,YU,6061
9/16/2020,13:10,Wednesday,MCCOWAN STATION,ERNEA,6,12,S,SRT,0
9/16/2020,14:15,Wednesday,GLENCAIRN STATION,TUATC,3,6,S,YU,5841
9/16/2020,14:20,Wednesday,FINCH STATION,TUOS,3,6,N,YU,5781
9/16/2020,14:38,Wednesday,MCCOWAN STATION,ERNEA,5,10,S,SRT,0
9/16/2020,16:19,Wednesday,WOODBINE STATION,SUDP,3,6,E,BD,5016
9/16/2020,16:24,Wednesday,SHEPPARD STATION,TUCC,0,0,N,YU,5481
9/16/2020,16:38,Wednesday,WARDEN STATION,MUIS,0,0,,BD,0
9/16/2020,19:00,Wednesday,DUNDAS WEST STATION,SUDP,0,0,,BD,0
9/16/2020,19:27,Wednesday,KIPLING STATION,TUNIP,5,8,E,BD,5126
9/16/2020,19:42,Wednesday,YONGE BD STATION,MUIRS,0,0,,BD,0
9/16/2020,20:04,Wednesday,VICTORIA PARK STATION,TUMVS,4,10,W,BD,5168
9/16/2020,20:16,Wednesday,DUPONT STATION,MUPAA,0,0,S,YU,5901
9/16/2020,20:18,Wednesday,SHEPPARD STATION,MUTD,0,0,N,YU,5531
9/16/2020,21:15,Wednesday,BAY STATION,SUDP,0,0,E,BD,5303
9/16/2020,22:00,Wednesday,YONGE-UNIVERSITY AND B,MUO,0,0,,YU/BD,0
9/16/2020,22:18,Wednesday,MCCOWAN YARD,ERNEA,6,12,S,SRT,0
9/16/2020,23:00,Wednesday,YONGE UNIVERSITY LINE,MUO,0,0,,YU,0
9/16/2020,23:17,Wednesday,GLENCAIRN STATION,SUUT,0,0,N,YU,5441
9/16/2020,23:45,Wednesday,BESSARION STATION,EUDO,8,13,E,SHP,6176
9/17/2020,00:52,Thursday,DAVISVILLE STATION,MUIS,0,0,,YU,0
9/17/2020,01:07,Thursday,KENNEDY BD STATION,MUIS,0,0,,BD,0
9/17/2020,02:01,Thursday,YORK UNIVERSITY STATIO,MUIS,0,0,S,YU,0
9/17/2020,05:38,Thursday,YORK MILLS STATION,PUTWZ,5,0,N,YU,5916
9/17/2020,05:42,Thursday,EGLINTON STATION,TUO,5,10,N,YU,5636
9/17/2020,06:02,Thursday,MCCOWAN STATION,ERNEA,5,10,S,SRT,3008
9/17/2020,06:07,Thursday,MCCOWAN STATION,ERNEA,5,10,S,SRT,3000
9/17/2020,06:31,Thursday,KENNEDY BD STATION,MUIS,4,8,W,BD,5287
9/17/2020,08:11,Thursday,BAY STATION,SUDP,6,10,W,BD,5226
9/17/2020,09:14,Thursday,COLLEGE STATION,MUTD,0,0,S,YU,5566
9/17/2020,09:32,Thursday,MAIN STREET STATION,SUAE,0,0,W,BD,5256
9/17/2020,10:37,Thursday,FINCH STATION,TUMVS,0,0,N,YU,6091
9/17/2020,11:12,Thursday,EGLINTON WEST STATION,SUAP,0,0,S,YU,5461
9/17/2020,11:49,Thursday,COLLEGE STATION,MUO,0,0,S,YU,0
9/17/2020,12:04,Thursday,FINCH STATION,MUSC,0,0,S,YU,6121
9/17/2020,12:06,Thursday,BROADVIEW STATION,PUSO,3,7,W,BD,5014
9/17/2020,12:33,Thursday,BLOOR STATION,MUIS,0,0,S,YU,0
9/17/2020,12:34,Thursday,YORK MILLS STATION,TUMVS,8,12,N,YU,5581
9/17/2020,12:41,Thursday,MCCOWAN STATION,MRPAA,0,0,N,SRT,3019
9/17/2020,12:59,Thursday,YONGE SHEP STATION,TUSC,0,0,W,SHP,6141
9/17/2020,13:58,Thursday,VAUGHAN MC STATION,MUATC,3,6,S,YU,6136
9/17/2020,14:09,Thursday,VICTORIA PARK STATION,TUMVS,0,0,W,BD,5193
9/17/2020,14:25,Thursday,COXWELL STATION,MUIR,6,9,E,BD,5290
9/17/2020,14:38,Thursday,VAUGHAN MC STATION,PUSIO,0,0,S,YU,6091
9/17/2020,15:00,Thursday,SCARBOROUGH CTR STATIO,PREL,0,0,,SRT,0
9/17/2020,16:07,Thursday,ST. ANDREW STATION,SUAP,0,0,,YU,0
9/17/2020,16:13,Thursday,VICTORIA PARK STATION,MUIS,0,0,,BD,0
9/17/2020,16:18,Thursday,YORKDALE STATION,MUPAA,0,0,N,YU,5531
9/17/2020,16:33,Thursday,LAWRENCE WEST STATION,MUPAA,3,6,N,YU,6096
9/17/2020,17:06,Thursday,LAWRENCE STATION,EUSC,0,0,S,YU,5731
9/17/2020,17:36,Thursday,COLLEGE STATION,SUDP,9,12,N,YU,6051
9/17/2020,18:34,Thursday,PAPE STATION,MUIS,0,0,,BD,0
9/17/2020,18:44,Thursday,ROYAL YORK STATION,MUPAA,0,6,E,BD,5171
9/17/2020,19:39,Thursday,OSGOODE STATION,SUAP,24,27,S,YU,5881
9/17/2020,20:23,Thursday,GLENCAIRN STATION,SUO,0,0,,YU,0
9/17/2020,21:58,Thursday,YORK UNIVERSITY STATIO,MUPAA,0,0,N,YU,5536
9/17/2020,21:59,Thursday,OSSINGTON STATION,SUDP,0,0,W,BD,5189
9/17/2020,22:00,Thursday,YONGE-UNIVERSITY AND B,MUO,0,0,,YU/BD,0
9/17/2020,22:21,Thursday,BESSARION STATION,MUPAA,0,0,W,SHP,6166
9/17/2020,22:42,Thursday,BAYVIEW STATION,TUOS,3,8,E,SHP,6186
9/17/2020,23:00,Thursday,YONGE UNIVERSITY LINE,MUO,0,0,,YU,0
9/17/2020,23:34,Thursday,ST CLAIR STATION,MUIRS,0,0,N,YU,0
9/18/2020,00:41,Friday,DUPONT STATION,SUDP,5,10,N,YU,6126
9/18/2020,01:36,Friday,QUEEN STATION,MUATC,15,20,S,YU,6036
9/18/2020,05:16,Friday,DAVISVILLE YARD,PUTOE,0,0,,YU,0
9/18/2020,05:34,Friday,NORTH YORK CTR STATION,TUOS,4,8,S,YU,5816
9/18/2020,05:55,Friday,YONGE BD STATION,TUO,4,0,W,BD,5132
9/18/2020,06:04,Friday,QUEEN STATION,MUATC,4,8,S,YU,5811
9/18/2020,06:07,Friday,MCCOWAN STATION,ERNEA,5,10,S,SRT,3000
9/18/2020,06:15,Friday,DONLANDS STATION,MUIR,0,0,,BD,0
9/18/2020,08:31,Friday,BLOOR STATION,PUMEL,0,0,N,YU,0
9/18/2020,08:55,Friday,MCCOWAN STATION,ERTC,6,12,S,SRT,3008
9/18/2020,10:39,Friday,GREENWOOD YARD,MUODC,0,0,,BD,0
9/18/2020,11:48,Friday,MAIN STREET STATION,SUDP,6,9,W,BD,5303
9/18/2020,12:43,Friday,LESLIE STATION,TUSC,4,9,W,SHP,6181
9/18/2020,13:16,Friday,SPADINA BD STATION,MUTD,4,7,E,BD,5671
9/18/2020,13:58,Friday,KENNEDY BD STATION,MUSAN,3,6,E,BD,5210
9/18/2020,14:00,Friday,COXWELL STATION,TUSUP,5,8,E,BD,0
9/18/2020,14:11,Friday,KIPLING STATION,TUMVS,15,18,W,BD,5021
9/18/2020,14:15,Friday,COXWELL STATION,TUNIP,5,8,E,BD,5287
9/18/2020,14:27,Friday,KIPLING STATION,TUO,3,6,W,BD,0
9/18/2020,14:29,Friday,DAVISVILLE STATION,EUSC,0,0,S,YU,5606
9/18/2020,14:55,Friday,CHRISTIE STATION,TUMVS,0,0,E,BD,5176
9/18/2020,16:03,Friday,SCARBOROUGH CTR STATIO,ERNEA,5,10,S,SRT,0
9/18/2020,17:05,Friday,WARDEN STATION,TUMVS,3,6,E,BD,5199
9/18/2020,17:23,Friday,DUNDAS WEST STATION,MUNCA,0,0,,BD,0
9/18/2020,17:57,Friday,DAVISVILLE STATION,MUIS,0,0,,YU,0
9/18/2020,19:01,Friday,ST GEORGE YUS STATION,MUPAA,3,6,S,YU,6136
9/18/2020,19:16,Friday,VAUGHAN MC STATION,MUI,4,8,N,YU,6021
9/18/2020,19:55,Friday,EGLINTON WEST STATION,MUIR,13,17,N,YU,5626
9/18/2020,20:54,Friday,COXWELL STATION,MUIS,0,0,,BD,0
9/18/2020,20:58,Friday,FINCH STATION,MUPAA,0,0,N,YU,5651
9/18/2020,20:59,Friday,ST CLAIR STATION,SUDP,5,8,S,YU,5896
9/18/2020,21:02,Friday,KIPLING STATION,MUIRS,0,0,,BD,0
9/18/2020,22:00,Friday,YONGE-UNIVERSITY AND B,MUO,0,0,,YU/BD,0
9/18/2020,22:45,Friday,FINCH STATION,TUNOA,5,10,S,YU,0
9/19/2020,00:01,Saturday,KENNEDY BD STATION,MUIR,3,9,W,BD,5156
9/19/2020,00:21,Saturday,CHRISTIE STATION,TUMVS,0,0,E,BD,5069
9/19/2020,00:23,Saturday,BLOOR STATION,MUIRS,0,0,N,YU,0
9/19/2020,00:34,Saturday,SHERBOURNE STATION,MUIRS,0,0,,BD,0
9/19/2020,00:44,Saturday,FINCH WEST STATION,TUO,5,10,N,YU,5626
9/19/2020,02:35,Saturday,LESLIE STATION,SUO,0,0,,SHP,0
9/19/2020,04:39,Saturday,LAWRENCE TO ST CLAIR,MUO,0,0,,YU,0
9/19/2020,05:03,Saturday,KIPLING STATION,MUIS,0,0,,BD,0
9/19/2020,06:08,Saturday,MCCOWAN STATION,MRO,3,9,W,SRT,3010
9/19/2020,08:00,Saturday,EGLINTON STATION,MUIS,0,0,,YU,0
9/19/2020,08:06,Saturday,DOWNSVIEW PARK STATION,PUMEL,0,0,,YU,0
9/19/2020,08:36,Saturday,VICTORIA PARK STATION,MUPLB,6,11,E,BD,5344
9/19/2020,10:15,Saturday,VAUGHAN MC STATION,MUNOA,5,10,S,YU,5641
9/19/2020,10:45,Saturday,VAUGHAN MC STATION,TUNIP,6,11,S,YU,5811
9/19/2020,11:48,Saturday,MAIN STREET STATION,MUIS,0,0,,BD,0
9/19/2020,12:55,Saturday,KIPLING STATION,SUAE,0,0,,BD,0
9/19/2020,13:52,Saturday,QUEEN STATION,EUSC,3,8,S,YU,6026
9/19/2020,14:55,Saturday,ST CLAIR STATION,MUIS,0,0,N,YU,0
9/19/2020,15:40,Saturday,MAIN STREET STATION,MUIS,0,0,,BD,0
9/19/2020,15:52,Saturday,BLOOR STATION,SUAE,0,0,N,YU,0
9/19/2020,16:06,Saturday,JANE STATION,MUI,6,10,W,BD,5065
9/19/2020,16:06,Saturday,MCCOWAN STATION,ERTC,6,12,S,SRT,3008
9/19/2020,18:01,Saturday,DON MILLS STATION,PUSTS,0,0,W,SHP,6171
9/19/2020,19:38,Saturday,KENNEDY BD STATION,SUAP,0,0,,BD,0
9/19/2020,20:05,Saturday,KIPLING STATION,SUDP,5,10,E,BD,5207
9/19/2020,21:24,Saturday,ST CLAIR WEST STATION,MUIS,0,0,,YU,0
9/19/2020,22:00,Saturday,YONGE-UNIVERSITY AND B,MUO,0,0,,YU/BD,0
9/19/2020,22:01,Saturday,BROADVIEW STATION,MUIRS,0,0,E,BD,0
9/19/2020,22:03,Saturday,KENNEDY BD STATION,MUIRS,0,0,,BD,0
9/19/2020,22:12,Saturday,DON MILLS STATION,PUTR,0,0,E,SHP,6186
9/19/2020,22:31,Saturday,DON MILLS STATION,PUTR,0,0,E,SHP,6186
9/19/2020,22:58,Saturday,DON MILLS STATION,PUTR,0,0,E,SHP,6186
9/19/2020,23:09,Saturday,MAIN STREET STATION,MUIS,0,0,,BD,0
9/19/2020,23:12,Saturday,OSGOODE STATION,MUO,23,28,S,YU,5641
9/19/2020,23:43,Saturday,OSGOODE STATION,MUATC,4,9,S,YU,5641
9/20/2020,00:19,Sunday,WILSON STATION,MUI,0,0,N,YU,5901
9/20/2020,01:12,Sunday,KIPLING STATION,MUI,5,10,E,BD,5030
9/20/2020,01:30,Sunday,BAY STATION,MUIS,0,0,,BD,0
9/20/2020,01:41,Sunday,LAWRENCE STATION,PUTDN,8,13,N,YU,5806
9/20/2020,03:28,Sunday,LAWRENCE WEST STATION,SUO,0,0,,YU,0
9/20/2020,04:38,Sunday,MAIN STREET STATION,MUIS,0,0,,BD,0
9/20/2020,08:00,Sunday,BLOOR DANFORTH SUBWAY,PUTWZ,0,0,,BD,0
9/20/2020,08:16,Sunday,EGLINTON STATION,EUNEA,8,10,N,YU,5996
9/20/2020,08:28,Sunday,SHEPPARD WEST STATION,EUBK,7,12,N,YU,5631
9/20/2020,08:35,Sunday,BROADVIEW STATION,PUTWZ,6,10,W,BD,5303
9/20/2020,08:50,Sunday,BLOOR STATION,SUDP,0,0,N,YU,6061
9/20/2020,09:06,Sunday,CHESTER STATION,PUTWZ,7,12,W,BD,5200
9/20/2020,09:20,Sunday,CASTLE FRANK STATION,MUIS,0,0,,BD,0
9/20/2020,09:23,Sunday,DON MILLS STATION,MUSC,0,0,E,SHP,6176
9/20/2020,09:54,Sunday,YORK MILLS STATION,MUIRS,0,0,,YU,0
9/20/2020,10:23,Sunday,ST CLAIR STATION,SUO,3,8,S,YU,5481
9/20/2020,10:41,Sunday,SUMMERHILL STATION,MUIR,0,0,S,YU,5646
9/20/2020,10:44,Sunday,WELLESLEY STATION,MUIRS,0,0,N,YU,0
9/20/2020,11:12,Sunday,KIPLING STATION,TUMVS,0,0,W,BD,5028
9/20/2020,12:18,Sunday,COXWELL STATION,SUDP,5,9,E,BD,5030
9/20/2020,14:57,Sunday,QUEEN STATION,MUPR1,63,72,N,YU,6091
9/20/2020,16:08,Sunday,DUNDAS WEST STATION,EUSC,0,0,W,BD,5250
9/20/2020,16:18,Sunday,MAIN STREET STATION,MUIS,0,0,,BD,0
9/20/2020,16:54,Sunday,BAY STATION,MUIRS,0,0,,BD,0
9/20/2020,17:38,Sunday,WOODBINE STATION,MUIR,0,0,W,BD,5348
9/20/2020,17:58,Sunday,FINCH STATION,TUSC,4,8,N,YU,5871
9/20/2020,18:03,Sunday,SHEPPARD WEST STATION,MUI,17,22,S,YU,5951
9/20/2020,20:24,Sunday,KENNEDY BD STATION,MUIS,0,0,,BD,0
9/20/2020,20:39,Sunday,MUSEUM STATION,MUIRS,0,0,N,YU,5626
9/20/2020,21:25,Sunday,ST CLAIR STATION,MUTO,5,10,N,YU,5951
9/20/2020,21:42,Sunday,EGLINTON STATION,MUIS,0,0,,YU,0
9/20/2020,22:00,Sunday,YONGE-UNIVERSITY AND B,MUO,0,0,,YU/BD,0
9/20/2020,22:05,Sunday,DUNDAS STATION,MUPAA,0,0,S,YU,5961
9/20/2020,22:38,Sunday,YONGE BD STATION,SUAP,0,0,W,BD,5250
9/21/2020,00:24,Monday,BROADVIEW STATION,SUDP,0,0,,BD,0
9/21/2020,01:45,Monday,UNION STATION,SUDP,0,0,,YU,0
9/21/2020,05:25,Monday,YONGE SHEP STATION,EUOE,0,0,E,SHP,6186
9/21/2020,06:00,Monday,QUEEN STATION,MUNCA,0,0,,YU,0
9/21/2020,06:04,Monday,DUNDAS WEST STATION,SUAE,0,0,E,BD,0
9/21/2020,06:07,Monday,MCCOWAN STATION,ERNEA,5,10,S,SRT,0
9/21/2020,06:50,Monday,NORTH YORK CTR STATION,EUSC,0,0,N,YU,5446
9/21/2020,08:35,Monday,NORTH YORK CTR STATION,TUOS,0,0,N,YU,6116
9/21/2020,09:13,Monday,KENNEDY BD STATION,TUMVS,0,0,E,BD,5255
9/21/2020,10:38,Monday,ROSEDALE STATION,TUOS,0,0,N,YU,5886
9/21/2020,10:51,Monday,LAWRENCE STATION,MUPAA,0,0,N,YU,6126
9/21/2020,10:57,Monday,EGLINTON STATION,MUO,5,8,S,YU,5471
9/21/2020,10:59,Monday,COLLEGE STATION,MUIRS,0,0,,YU,0
9/21/2020,11:09,Monday,DONLANDS STATION,MUPAA,0,0,W,BD,5339
9/21/2020,11:21,Monday,LAWRENCE EAST STATION,SRUT,9,14,N,SRT,3007
9/21/2020,12:49,Monday,ST CLAIR WEST STATION,PUMEL,0,0,,YU,0
9/21/2020,13:56,Monday,FINCH STATION,TUMVS,0,0,N,YU,5601
9/21/2020,14:45,Monday,CASTLE FRANK STATION,SUDP,3,6,E,BD,5126
9/21/2020,15:05,Monday,MCCOWAN STATION,ERNEA,5,10,S,SRT,3000
9/21/2020,15:13,Monday,PAPE STATION,EUPI,3,6,E,BD,5021
9/21/2020,15:21,Monday,NORTH YORK CTR STATION,TUSC,0,0,N,YU,5966
9/21/2020,15:24,Monday,ST GEORGE YUS STATION,SUDP,0,0,S,YU,5367
9/21/2020,15:28,Monday,VAUGHAN MC STATION,PUMEL,0,0,,YU,0
9/21/2020,16:11,Monday,BATHURST STATION,MUO,0,0,,BD,0
9/21/2020,16:56,Monday,FINCH STATION,TUSC,0,0,N,YU,6116
9/21/2020,17:00,Monday,COXWELL STATION,TUS,4,7,E,BD,5252
9/21/2020,17:23,Monday,DONLANDS STATION,PUMEL,0,0,,BD,0
9/21/2020,17:34,Monday,ST PATRICK STATION,MUPAA,0,0,S,YU,5965
9/21/2020,17:38,Monday,SPADINA YUS STATION,SUDP,0,0,S,YU,5851
9/21/2020,18:20,Monday,UNION STATION,PUMEL,0,0,,YU,0
9/21/2020,18:38,Monday,VAUGHAN MC STATION,TUNOA,3,6,S,YU,0
9/21/2020,19:46,Monday,SHEPPARD STATION,SUUT,6,9,S,YU,5571
9/21/2020,19:57,Monday,ST CLAIR WEST STATION,SUDP,0,0,N,YU,0
9/21/2020,21:15,Monday,BLOOR STATION,MUIR,0,0,S,YU,5961
9/21/2020,21:47,Monday,VAUGHAN MC STATION,TUNOA,5,10,S,YU,0
9/21/2020,21:54,Monday,BATHURST STATION,MUIS,0,0,,BD,0
9/21/2020,22:00,Monday,COLLEGE STATION,MUPAA,0,0,S,YU,5626
9/21/2020,22:00,Monday,YONGE-UNIVERSITY AND B,MUO,0,0,,YU/BD,0
9/21/2020,23:00,Monday,DUNDAS WEST STATION,SUDP,0,0,,BD,0
9/21/2020,23:05,Monday,EGLINTON TO SHEPPARD,MUO,0,0,S,YU,0
9/21/2020,23:33,Monday,WARDEN STATION,MUIRS,0,0,,BD,0
9/21/2020,23:34,Monday,BATHURST STATION,MUIRS,0,0,,BD,0
9/21/2020,23:45,Monday,QUEEN STATION,SUDP,5,10,N,YU,5876
9/21/2020,23:54,Monday,KENNEDY SRT STATION,MRTO,4,9,N,SRT,3011
9/22/2020,01:37,Tuesday,ST CLAIR STATION,MUSC,0,0,S,YU,5381
9/22/2020,02:05,Tuesday,BLOOR STATION,MUIRS,0,0,N,YU,0
9/22/2020,06:00,Tuesday,YONGE BD STATION,PUSRA,6,11,W,BD,5253
9/22/2020,06:39,Tuesday,RUNNYMEDE STATION,MUI,6,11,E,BD,5253
9/22/2020,07:48,Tuesday,QUEEN STATION,MUSC,0,0,N,YU,5941
9/22/2020,08:02,Tuesday,FINCH STATION,TUNIP,3,6,S,YU,5416
9/22/2020,08:21,Tuesday,KENNEDY BD STATION,TUMVS,0,0,E,BD,5301
9/22/2020,10:54,Tuesday,DONLANDS STATION,SUDP,16,19,E,BD,5126
9/22/2020,11:33,Tuesday,BLOOR STATION,MUIS,0,0,N,YU,0
9/22/2020,11:43,Tuesday,FINCH STATION,EUSC,0,0,N,YU,5546
9/22/2020,12:27,Tuesday,EGLINTON STATION,MUIR,9,12,S,YU,6036
9/22/2020,15:05,Tuesday,MCCOWAN STATION,ERNEA,5,10,S,SRT,3000
9/22/2020,15:31,Tuesday,ST CLAIR WEST STATION,SUO,5,8,N,YU,5401
9/22/2020,15:54,Tuesday,KIPLING STATION,TUS,3,6,W,BD,5168
9/22/2020,16:05,Tuesday,PAPE STATION,EUDO,9,12,W,BD,5348
9/22/2020,17:11,Tuesday,MCCOWAN STATION,ERDB,5,10,S,SRT,3024
9/22/2020,17:25,Tuesday,RUNNYMEDE STATION,PUMST,0,0,,BD,0
9/22/2020,17:42,Tuesday,ST GEORGE BD STATION,MUPAA,0,0,W,BD,5193
9/22/2020,17:51,Tuesday,DUPONT STATION,EUDO,5,8,S,YU,5671
9/22/2020,18:01,Tuesday,KENNEDY BD STATION,MUNOA,3,6,E,BD,0
9/22/2020,18:05,Tuesday,PIONEER VILLAGE STATIO,MUIS,0,0,N,YU,0
9/22/2020,19:34,Tuesday,YORK MILLS STATION,SUO,0,0,,YU,0
9/22/2020,19:49,Tuesday,SPADINA BD STATION,SUDP,0,0,E,BD,5283
9/22/2020,19:52,Tuesday,SPADINA YUS STATION,SUDP,0,0,N,YU,5946
9/22/2020,19:56,Tuesday,BLOOR STATION,MUPAA,0,0,S,YU,5971
9/22/2020,20:02,Tuesday,VAUGHAN MC STATION,MUCL,10,13,S,YU,6021
9/22/2020,20:12,Tuesday,KENNEDY BD STATION,SUO,0,0,,BD,0
9/22/2020,20:13,Tuesday,FINCH STATION,MUTO,3,6,N,YU,5706
9/22/2020,21:49,Tuesday,WARDEN STATION,TUMVS,0,0,E,BD,5126
9/22/2020,22:00,Tuesday,YONGE-UNIVERSITY AND B,MUO,0,0,,YU/BD,0
9/22/2020,22:38,Tuesday,KIPLING STATION,MUNOA,5,10,E,BD,5290
9/22/2020,23:09,Tuesday,YONGE-UNIVERSITY SUBWA,MUO,0,0,,YU,0
9/22/2020,23:29,Tuesday,PIONEER VILLAGE STATIO,SUO,0,0,N,YU,5901
9/22/2020,23:48,Tuesday,ISLINGTON STATION,PUSI,0,0,E,BD,5325
9/23/2020,00:11,Wednesday,ST GEORGE BD STATION,SUDP,6,12,W,BD,5221
9/23/2020,00:45,Wednesday,BLOOR STATION,MUPAA,0,0,N,YU,6031
9/23/2020,00:49,Wednesday,ST CLAIR STATION,MUIS,0,0,,YU,0
9/23/2020,05:53,Wednesday,KEELE STATION,MUNOA,3,6,W,BD,0
9/23/2020,06:07,Wednesday,MCCOWAN STATION,ERNEA,5,10,S,SRT,0
9/23/2020,07:11,Wednesday,KING STATION,SUROB,5,8,N,YU,5556
9/23/2020,07:28,Wednesday,WARDEN STATION,PUSTC,4,7,E,BD,5229
9/23/2020,07:59,Wednesday,VAUGHAN MC STATION,MUTO,3,6,S,YU,5456
9/23/2020,08:22,Wednesday,VAUGHAN MC STATION,MUATC,3,6,N,YU,5996
9/23/2020,08:53,Wednesday,NORTH YORK CTR STATION,MUPAA,0,0,S,YU,5806
9/23/2020,09:16,Wednesday,KIPLING STATION,MUPAA,0,0,E,BD,5208
9/23/2020,09:46,Wednesday,ST CLAIR STATION,MUIS,0,0,,YU,0
9/23/2020,09:49,Wednesday,BATHURST STATION,SUO,0,0,,BD,0
9/23/2020,10:59,Wednesday,WILSON STATION,TUO,0,0,S,YU,5456
9/23/2020,12:19,Wednesday,SHEPPARD WEST STATION,TUO,3,6,S,YU,5876
9/23/2020,12:51,Wednesday,SCARBOROUGH CTR STATIO,ERNEA,5,10,N,SRT,3027
9/23/2020,13:05,Wednesday,FINCH STATION,EUSC,0,0,N,YU,5866
9/23/2020,14:40,Wednesday,KENNEDY BD STATION,MUIS,0,0,,BD,0
9/23/2020,14:52,Wednesday,FINCH STATION,TUSC,3,6,N,YU,69021
9/23/2020,15:05,Wednesday,BAY STATION,EUCA,4,7,W,BD,5242
9/23/2020,15:05,Wednesday,MCCOWAN STATION,ERNEA,5,10,S,SRT,3000
9/23/2020,15:27,Wednesday,PIONEER VILLAGE STATIO,SUDP,17,20,S,YU,5716
9/23/2020,16:12,Wednesday,YORKDALE STATION,MUPAA,0,0,S,YU,5471
9/23/2020,17:05,Wednesday,DUNDAS STATION,SUDP,0,0,S,YU,0
9/23/2020,17:39,Wednesday,UNION STATION,SUAP,0,0,,YU,0
9/23/2020,17:47,Wednesday,KENNEDY BD STATION,MUIS,0,0,,BD,0
9/23/2020,18:10,Wednesday,COLLEGE STATION,TUOS,6,9,S,YU,5706
9/23/2020,18:41,Wednesday,ROYAL YORK STATION,SUUT,5,8,W,BD,5193
9/23/2020,19:44,Wednesday,EGLINTON WEST STATION,SUDP,0,0,S,YU,6116
9/23/2020,20:54,Wednesday,EGLINTON WEST STATION,SUDP,0,0,N,YU,5671
9/23/2020,21:18,Wednesday,YONGE SHEP STATION,MUSC,0,0,W,SHP,6176
9/23/2020,21:53,Wednesday,SPADINA BD STATION,MUIRS,0,0,E,BD,0
9/23/2020,21:54,Wednesday,DUNDAS STATION,EUSC,0,0,N,YU,5731
9/23/2020,22:00,Wednesday,YONGE-UNIVERSITY AND B,MUO,0,0,,YU/BD,0
9/23/2020,23:06,Wednesday,VAUGHAN MC STATION,TUNIP,3,8,S,YU,6106
9/23/2020,23:12,Wednesday,GREENWOOD STATION,SUDP,14,20,E,BD,5126
9/23/2020,23:57,Wednesday,YONGE BD STATION,SUUT,10,16,E,BD,5325
9/24/2020,02:05,Thursday,VAUGHAN MC STATION,SUAE,0,0,S,YU,6126
9/24/2020,02:07,Thursday,KENNEDY BD STATION,MUI,0,0,,BD,5358
9/24/2020,02:22,Thursday,VAUGHAN MC STATION,MUIS,0,0,,YU,0
9/24/2020,02:23,Thursday,ISLINGTON STATION,SUDP,0,0,,BD,0
9/24/2020,05:56,Thursday,GREENWOOD STATION,TUO,3,8,E,BD,5201
9/24/2020,05:56,Thursday,ROYAL YORK STATION,SUDP,0,0,W,BD,5262
9/24/2020,06:07,Thursday,MCCOWAN STATION,ERNEA,5,10,S,SRT,0
9/24/2020,07:15,Thursday,QUEEN STATION,MUIS,0,0,,YU,0
9/24/2020,09:19,Thursday,YONGE SHEP STATION,PUMST,0,0,,SHP,0
9/24/2020,09:52,Thursday,KEELE STATION,MUIS,0,0,,BD,0
9/24/2020,09:58,Thursday,FINCH STATION,TUMVS,0,0,N,YU,5381
9/24/2020,10:06,Thursday,KING STATION,TUO,0,0,N,YU,5651
9/24/2020,11:11,Thursday,YONGE BD STATION,EUCA,8,11,W,BD,5344
9/24/2020,11:29,Thursday,FINCH STATION,MUPAA,0,0,S,YU,5746
9/24/2020,13:58,Thursday,WARDEN STATION,PUSTC,0,0,E,BD,5285
9/24/2020,14:10,Thursday,KENNEDY BD STATION,TUO,3,6,W,BD,5211
9/24/2020,14:15,Thursday,VAUGHAN MC STATION,MUNOA,3,6,S,YU,0
9/24/2020,16:36,Thursday,BLOOR STATION,SUDP,3,6,S,YU,5641
9/24/2020,16:44,Thursday,LAWRENCE STATION,PUMEL,0,0,,YU,0
9/24/2020,16:44,Thursday,SCARBOROUGH CTR STATIO,MRUIR,0,0,,SRT,0
9/24/2020,16:48,Thursday,COXWELL STATION,SUAP,7,10,W,BD,5189
9/24/2020,16:55,Thursday,BAYVIEW STATION,MUPAA,0,0,E,SHP,6186
9/24/2020,17:30,Thursday,GREENWOOD STATION,MUIS,3,6,W,BD,5196
9/24/2020,17:37,Thursday,MCCOWAN STATION,ERNEA,5,10,S,SRT,3000
9/24/2020,17:51,Thursday,SPADINA BD STATION,SUDP,6,9,W,BD,5746
9/24/2020,17:54,Thursday,GREENWOOD STATION,SUO,4,7,E,BD,5101
9/24/2020,18:17,Thursday,MCCOWAN STATION,MRPAA,0,0,S,SRT,3026
9/24/2020,20:04,Thursday,DUFFERIN STATION,MUPAA,0,0,E,BD,5215
9/24/2020,20:27,Thursday,COXWELL STATION,SUDP,0,0,E,BD,5222
9/24/2020,21:19,Thursday,HIGH PARK STATION,EUBK,9,15,W,BD,5222
9/24/2020,21:58,Thursday,COLLEGE STATION,SUSA,25,30,S,YU,6091
9/24/2020,22:00,Thursday,YONGE-UNIVERSITY AND B,MUO,0,0,,YU/BD,0
9/24/2020,22:31,Thursday,SUMMERHILL STATION,TUSC,10,15,S,YU,5816
9/24/2020,22:45,Thursday,VICTORIA PARK STATION,SUDP,4,10,W,BD,5153
9/24/2020,23:13,Thursday,HIGHWAY 407 STATION,MUATC,0,0,N,YU,5631
9/24/2020,23:43,Thursday,YONGE UNIVERSITY LINE,MUO,0,0,,YU,0
9/25/2020,00:01,Friday,KENNEDY BD STATION,TUMVS,0,0,E,BD,5211
9/25/2020,00:02,Friday,DAVISVILLE STATION,MUI,5,10,N,YU,5676
9/25/2020,00:07,Friday,KENNEDY BD STATION,TUO,6,12,W,BD,5285
9/25/2020,00:38,Friday,HIGH PARK STATION,MUIRS,0,0,,BD,0
9/25/2020,01:03,Friday,QUEEN STATION,SUUT,15,20,N,YU,5756
9/25/2020,01:23,Friday,UNION STATION,MUIS,0,0,,YU,0
9/25/2020,01:54,Friday,WILSON STATION,MUI,0,0,S,YU,5401
9/25/2020,01:59,Friday,SPADINA BD STATION,MUIRS,0,0,,BD,0
9/25/2020,02:10,Friday,ISLINGTON STATION,MUIS,0,0,,BD,0
9/25/2020,05:27,Friday,DUNDAS WEST STATION,MUIRS,0,0,,BD,0
9/25/2020,05:57,Friday,ST GEORGE YUS STATION,MUNOA,3,6,S,YU,0
9/25/2020,06:04,Friday,EGLINTON STATION,EUYRD,4,7,N,YU,6106
9/25/2020,06:07,Friday,MCCOWAN STATION,ERNEA,5,10,S,SRT,0
9/25/2020,07:28,Friday,FINCH STATION,MUSC,0,0,S,YU,6091
9/25/2020,10:23,Friday,FINCH STATION,MUIRS,0,0,,YU,0
9/25/2020,12:29,Friday,BLOOR STATION,SUO,0,0,N,YU,0
9/25/2020,12:46,Friday,YONGE BD STATION,MUIR,0,0,E,BD,5301
9/25/2020,12:57,Friday,VAUGHAN MC STATION,MUNOA,4,7,S,YU,0
9/25/2020,15:05,Friday,MCCOWAN STATION,ERNEA,5,10,S,SRT,0
9/25/2020,15:55,Friday,VAUGHAN MC STATION,EUTRD,3,6,S,YU,5666
9/25/2020,17:33,Friday,VAUGHAN MC STATION,TUSUP,3,6,S,YU,5996
9/25/2020,18:04,Friday,CHESTER STATION,MUIS,0,0,W,BD,0
9/25/2020,20:02,Friday,PAPE STATION,MUIS,0,0,,BD,0
9/25/2020,22:00,Friday,YONGE-UNIVERSITY AND B,MUO,0,0,,YU/BD,0
9/25/2020,22:19,Friday,SPADINA BD STATION,SUO,0,0,E,BD,5262
9/25/2020,22:45,Friday,EGLINTON STATION,MUIRS,0,0,,YU,0
9/25/2020,22:51,Friday,BAYVIEW STATION,EUSC,0,0,W,SHP,6176
9/25/2020,23:03,Friday,SUMMERHILL STATION,PUTD,6,11,N,YU,5831
9/26/2020,00:09,Saturday,KING STATION,MUIR,5,10,N,YU,6046
9/26/2020,01:32,Saturday,PAPE STATION,PUMEL,0,0,,BD,0
9/26/2020,05:38,Saturday,UNION STATION,PUSCR,9,0,S,YU,6046
9/26/2020,06:00,Saturday,FINCH STATION TO EGLIN,MUO,0,0,,YU,0
9/26/2020,07:41,Saturday,KIPLING STATION,PUMST,0,0,,BD,0
9/26/2020,10:02,Saturday,YONGE SHEP STATION,EUSC,0,0,W,SHP,6176
9/26/2020,10:07,Saturday,COLLEGE STATION,MUPAA,0,0,S,YU,5946
9/26/2020,10:48,Saturday,ROYAL YORK STATION,SUDP,0,0,W,BD,5002
9/26/2020,11:33,Saturday,WILSON CARHOUSE,PUMO,0,0,,YU,0
9/26/2020,11:43,Saturday,SHERBOURNE STATION,PUMEL,0,0,,BD,0
9/26/2020,13:56,Saturday,ELLESMERE STATION,ERDO,6,12,N,SRT,3019
9/26/2020,14:04,Saturday,SHERBOURNE STATION,MUIS,0,0,W,BD,0
9/26/2020,14:05,Saturday,MCCOWAN STATION,ERDO,6,12,S,SRT,3010
9/26/2020,14:26,Saturday,ISLINGTON STATION,TUMVS,0,0,E,BD,5257
9/26/2020,14:39,Saturday,YONGE BD STATION,MUIRS,0,0,W,BD,0
9/26/2020,15:34,Saturday,DUNDAS WEST STATION,PUMEL,0,0,,40 JUNCTION-DUNDAS WES,0
9/26/2020,15:36,Saturday,DUNDAS STATION,MUIRS,0,0,S,YU,0
9/26/2020,18:12,Saturday,CASTLE FRANK STATION,SUEAS,18,22,E,BD,5161
9/26/2020,18:58,Saturday,YONGE SHEP STATION,MUPAA,3,8,E,SHP,6186
9/26/2020,19:12,Saturday,SHEPPARD WEST STATION,MUIS,0,0,,YU,0
9/26/2020,19:27,Saturday,ST GEORGE BD STATION,EUNT,4,8,E,BD,5219
9/26/2020,19:53,Saturday,KIPLING STATION,SUDP,0,0,,BD,0
9/26/2020,19:54,Saturday,KENNEDY SRT STATION,MRTO,0,0,N,SRT,3015
9/26/2020,20:04,Saturday,PAPE STATION,MUIS,0,0,,BD,0
9/26/2020,21:15,Saturday,HIGH PARK STATION,PUMEL,0,0,,BD,0
9/26/2020,21:16,Saturday,OLD MILL STATION,TUOS,3,8,E,BD,5127
9/26/2020,21:36,Saturday,QUEEN STATION,MUSC,0,0,N,YU,5891
9/26/2020,21:38,Saturday,DUNDAS WEST STATION,MUIS,0,0,,BD,0
9/26/2020,22:00,Saturday,YONGE-UNIVERSITY AND B,MUO,0,0,,YU/BD,0
9/26/2020,22:38,Saturday,PAPE STATION,MUPAA,0,0,W,BD,5295
9/27/2020,01:41,Sunday,KENNEDY BD STATION,SUAE,0,0,,BD,0
9/27/2020,07:43,Sunday,OLD MILL STATION,MUNCA,0,0,,BD,0
9/27/2020,07:57,Sunday,SCARBOROUGH RAPID TRAN,MRWEA,0,0,,SRT,0
9/27/2020,08:00,Sunday,YONGE-UNIVERSITY LINE,MUO,0,0,,YU,0
9/27/2020,08:04,Sunday,GREENWOOD STATION,EUYRD,4,0,E,BD,5029
9/27/2020,08:28,Sunday,EGLINTON STATION,MUNOA,5,10,S,YU,0
9/27/2020,10:10,Sunday,VAUGHAN MC STATION,TUNIP,7,12,S,YU,5451
9/27/2020,12:31,Sunday,SPADINA YUS STATION,MUIE,0,0,,YU,0
9/27/2020,13:39,Sunday,DONLANDS STATION,PUMEL,0,0,E,BD,0
9/27/2020,15:26,Sunday,CHESTER STATION,EULV,4,8,W,BD,5255
9/27/2020,16:47,Sunday,SHERBOURNE STATION,SUO,0,0,E,BD,5189
9/27/2020,16:59,Sunday,KENNEDY BD STATION,MUIS,0,0,,BD,0
9/27/2020,17:49,Sunday,VAUGHAN MC STATION,MUIRS,0,0,,YU,0
9/27/2020,18:14,Sunday,SCARBOROUGH CTR STATIO,ERNEA,6,12,N,SRT,3007
9/27/2020,19:02,Sunday,HIGH PARK STATION,PUMEL,0,0,,BD,0
9/27/2020,19:19,Sunday,YONGE BD STATION,SUAP,4,8,W,BD,5314
9/27/2020,19:23,Sunday,EGLINTON WEST STATION,MUSAN,5,10,S,YU,5626
9/27/2020,20:48,Sunday,UNION STATION,SUDP,3,8,N,YU,5926
9/27/2020,20:55,Sunday,SUMMERHILL STATION,SUDP,4,9,N,YU,5711
9/27/2020,20:59,Sunday,PAPE STATION,SUDP,0,0,,BD,0
9/27/2020,21:07,Sunday,PAPE STATION,MUIRS,0,0,E,BD,0
9/27/2020,21:44,Sunday,SHEPPARD WEST STATION,SUSA,0,0,N,YU,5416
9/27/2020,22:00,Sunday,YONGE-UNIVERSITY AND B,MUO,0,0,,YU/BD,0
9/27/2020,22:48,Sunday,VICTORIA PARK STATION,SUDP,0,0,,BD,0
9/28/2020,00:11,Monday,BLOOR STATION,SUAP,3,9,S,YU,6121
9/28/2020,01:08,Monday,KENNEDY BD STATION,EUBK,5,11,,BD,5314
9/28/2020,02:08,Monday,ST GEORGE YUS STATION,SUDP,0,0,N,YU,0
9/28/2020,02:16,Monday,VAUGHAN MC STATION,SUAE,0,0,,YU,0
9/28/2020,02:17,Monday,YONGE SHEP STATION,TUCC,0,0,W,SHP,6181
9/28/2020,05:43,Monday,GREENWOOD YARD,MUSC,0,0,,BD,5339
9/28/2020,06:07,Monday,MCCOWAN STATION,ERNEA,5,10,S,SRT,0
9/28/2020,06:11,Monday,DAVISVILLE STATION,MUSC,0,0,S,YU,5961
9/28/2020,07:34,Monday,EGLINTON STATION,TUMVS,5,8,N,YU,5761
9/28/2020,08:35,Monday,DAVISVILLE STATION,SUDP,3,6,S,YU,5601
9/28/2020,09:38,Monday,BLOOR STATION,SUDP,5,8,S,YU,5561
9/28/2020,10:10,Monday,WILSON STATION,MUO,4,7,S,YU,5841
9/28/2020,10:48,Monday,DAVISVILLE STATION,MUO,3,6,S,YU,5916
9/28/2020,11:42,Monday,FINCH STATION,MUPAA,0,0,N,YU,5576
9/28/2020,12:19,Monday,VAUGHAN MC STATION,MUNOA,3,6,S,YU,0
9/28/2020,12:26,Monday,SCARBOROUGH RAPID TRAN,MRWEA,0,0,,SRT,0
9/28/2020,13:20,Monday,QUEEN STATION,MUSC,0,0,N,YU,6021
9/28/2020,13:30,Monday,ROSEDALE STATION,SUDP,3,6,S,YU,5916
9/28/2020,13:51,Monday,BATHURST STATION,MUIS,0,0,,BD,0
9/28/2020,14:00,Monday,SCARBOROUGH RAPID TRAN,MRWEA,0,0,,SRT,0
9/28/2020,14:40,Monday,DUFFERIN STATION,PUMEL,0,0,,BD,0
9/28/2020,14:57,Monday,WILSON CARHOUSE,MUO,0,0,,YU,0
9/28/2020,15:05,Monday,MCCOWAN STATION,ERNEA,5,10,S,SRT,0
9/28/2020,15:38,Monday,FINCH STATION,TUO,3,6,S,YU,5971
9/28/2020,15:41,Monday,LANSDOWNE STATION,SUDP,0,0,E,BD,5299
9/28/2020,15:44,Monday,VAUGHAN MC STATION,TUNOA,3,6,N,YU,0
9/28/2020,17:10,Monday,DUFFERIN STATION,MUTO,3,6,W,BD,5203
9/28/2020,17:12,Monday,KEELE STATION,MUTO,8,11,W,BD,5203
9/28/2020,19:21,Monday,YORK MILLS STATION,TUMVS,0,0,N,YU,6131
9/28/2020,20:29,Monday,VAUGHAN MC STATION,TUNOA,4,8,S,YU,5626
9/28/2020,20:33,Monday,KIPLING STATION,MUIE,0,0,,BD,0
9/28/2020,20:34,Monday,KENNEDY BD STATION,MUIS,0,0,,BD,0
9/28/2020,20:42,Monday,SCARBOROUGH CTR STATIO,SRSA,0,0,,SRT,0
9/28/2020,21:10,Monday,NORTH YORK CTR STATION,MUSC,0,0,N,YU,5901
9/28/2020,21:59,Monday,DUNDAS STATION,EUSC,0,0,N,YU,5476
9/28/2020,22:00,Monday,YONGE-UNIVERSITY AND B,MUO,0,0,,YU/BD,0
9/28/2020,22:35,Monday,DUNDAS STATION,SUAE,5,10,N,YU,5991
9/28/2020,23:00,Monday,EARLY CLOSURE EGLINTON,MUO,0,0,,YU,0
9/28/2020,23:19,Monday,YORK UNIVERSITY STATIO,SUEAS,0,0,S,YU,5666
9/28/2020,23:40,Monday,WARDEN STATION,MUTO,0,0,E,BD,5157
9/29/2020,00:03,Tuesday,MUSEUM STATION,EUDO,15,20,N,YU,5571
9/29/2020,00:03,Tuesday,VICTORIA PARK STATION,MUIS,0,0,,BD,0
9/29/2020,00:35,Tuesday,COXWELL STATION,MUIS,0,0,,BD,0
9/29/2020,00:45,Tuesday,EGLINTON WEST STATION,TUO,5,10,N,YU,5571
9/29/2020,01:58,Tuesday,PAPE STATION,MUIRS,0,0,,BD,0
9/29/2020,02:31,Tuesday,SHEPPARD STATION,PUCSC,0,0,,SHP,73
9/29/2020,06:07,Tuesday,MCCOWAN STATION,ERNEA,5,10,S,SRT,0
9/29/2020,07:15,Tuesday,WELLESLEY STATION,MUPAA,0,0,S,YU,6106
9/29/2020,08:54,Tuesday,WILSON YARD,MUO,0,0,,YU,0
9/29/2020,10:38,Tuesday,WELLESLEY STATION,TUOS,3,6,N,YU,5711
9/29/2020,11:20,Tuesday,KING STATION,MUPAA,0,0,N,YU,5661
9/29/2020,11:53,Tuesday,SHEPPARD STATION,MUIR,0,0,N,YU,6111
9/29/2020,13:45,Tuesday,MCCOWAN STATION,ERNEA,5,10,S,SRT,3015
9/29/2020,14:52,Tuesday,OSSINGTON STATION,PUMEL,0,0,,BD,0
9/29/2020,15:05,Tuesday,MCCOWAN STATION,ERNEA,5,10,S,SRT,0
9/29/2020,16:30,Tuesday,YORK MILLS STATION,TUSC,0,0,N,YU,5926
9/29/2020,17:45,Tuesday,NORTH YORK CTR STATION,TUMVS,0,0,N,YU,6036
9/29/2020,17:53,Tuesday,VAUGHAN MC STATION,TUNIP,3,6,S,YU,6091
9/29/2020,17:54,Tuesday,BROADVIEW STATION,MUIS,0,0,W,BD,5198
9/29/2020,18:25,Tuesday,PAPE STATION,MUPAA,3,6,E,BD,5031
9/29/2020,18:56,Tuesday,YONGE SHEP STATION,TUMVS,0,0,W,SHP,6146
9/29/2020,19:00,Tuesday,SHERBOURNE STATION,MUPAA,0,0,W,BD,5094
9/29/2020,19:06,Tuesday,VAUGHAN MC STATION,MUNOA,3,6,S,YU,0
9/29/2020,19:11,Tuesday,SPADINA BD STATION,SUDP,0,0,E,BD,5098
9/29/2020,19:18,Tuesday,DON MILLS STATION,SUDP,10,15,W,SHP,6186
9/29/2020,20:06,Tuesday,BAY STATION,MUPAA,0,0,W,BD,5348
9/29/2020,20:59,Tuesday,SCARBOROUGH CTR STATIO,MRUIR,0,0,,SRT,0
9/29/2020,21:47,Tuesday,SHEPPARD WEST STATION,MUTO,5,10,N,YU,5486
9/29/2020,22:00,Tuesday,YONGE-UNIVERSITY AND B,MUO,0,0,,YU/BD,0
9/29/2020,22:57,Tuesday,GUNN BUILDING,MUO,0,0,,,0
9/29/2020,23:31,Tuesday,LESLIE STATION,MUSC,0,0,W,SHP,6181
9/29/2020,23:51,Tuesday,LESLIE STATION,EUBK,4,9,E,SHP,6141
9/30/2020,00:31,Wednesday,SHEPPARD STATION,PUTWZ,5,10,S,YU,6096
9/30/2020,00:50,Wednesday,KIPLING STATION,MUIS,0,0,,BD,0
9/30/2020,02:25,Wednesday,YONGE SHEP STATION,TUMVS,0,0,W,SHP,6196
9/30/2020,05:53,Wednesday,VAUGHAN MC STATION,EUDO,3,6,S,YU,5761
9/30/2020,06:29,Wednesday,EGLINTON STATION,PUSI,0,0,N,YU,5456
9/30/2020,08:21,Wednesday,SPADINA BD STATION,MUIRS,0,0,,BD,0
9/30/2020,08:51,Wednesday,KEELE STATION,MUSC,0,0,W,BD,5357
9/30/2020,09:13,Wednesday,KIPLING STATION,MUIRS,0,0,,BD,0
9/30/2020,09:58,Wednesday,KEELE STATION,PUTD,3,6,E,BD,5141
9/30/2020,10:04,Wednesday,ROYAL YORK STATION,PUTD,19,22,E,BD,5101
9/30/2020,10:14,Wednesday,KENNEDY BD STATION,MUIS,0,0,,BD,0
9/30/2020,10:38,Wednesday,VAUGHAN MC STATION,TUNIP,6,9,S,YU,5941
9/30/2020,11:03,Wednesday,BLOOR STATION,SUDP,0,0,S,YU,5786
9/30/2020,11:07,Wednesday,FINCH STATION,MUSC,0,0,S,YU,5731
9/30/2020,11:25,Wednesday,FINCH WEST STATION,MUPAA,0,0,S,YU,6091
9/30/2020,11:53,Wednesday,WELLESLEY STATION,SUDP,0,0,S,YU,5796
9/30/2020,11:55,Wednesday,DUPONT STATION,MUIS,0,0,N,YU,0
9/30/2020,12:09,Wednesday,SHEPPARD STATION,EUPI,3,6,S,YU,5546
9/30/2020,12:23,Wednesday,YORKDALE STATION,MUPAA,0,0,S,YU,5781
9/30/2020,12:24,Wednesday,JANE STATION,TUMVS,0,0,E,BD,5354
9/30/2020,12:40,Wednesday,SHEPPARD STATION,TUO,0,0,S,YU,5971
9/30/2020,14:31,Wednesday,ST GEORGE BD STATION,PUMEL,0,0,,BD,0
9/30/2020,14:44,Wednesday,MCCOWAN STATION,ERNEA,5,10,S,SRT,0
9/30/2020,16:31,Wednesday,DUNDAS WEST STATION,MUIRS,0,0,,BD,0
9/30/2020,16:38,Wednesday,NORTH YORK CTR STATION,SUDP,3,6,S,YU,5511
9/30/2020,17:47,Wednesday,KIPLING STATION,MUIS,0,0,,BD,0
9/30/2020,17:56,Wednesday,EGLINTON STATION,SUDP,0,0,,YU,0
9/30/2020,17:59,Wednesday,LAWRENCE STATION,MUNCA,0,0,,YU,0
9/30/2020,18:11,Wednesday,ISLINGTON STATION,PUSTS,0,0,W,BD,5111
9/30/2020,18:11,Wednesday,PAPE STATION,MUPAA,0,0,E,BD,5137
9/30/2020,18:34,Wednesday,DUFFERIN STATION,SUUT,0,0,E,BD,5101
9/30/2020,18:50,Wednesday,DON MILLS STATION,MUI,5,10,W,SHP,6181
9/30/2020,18:51,Wednesday,ISLINGTON STATION,TUKEY,5,8,E,BD,5316
9/30/2020,18:58,Wednesday,VAUGHAN MC STATION,MUNOA,3,6,S,YU,0
9/30/2020,19:18,Wednesday,BAY STATION,TUKEY,14,17,E,BD,5316
9/30/2020,19:21,Wednesday,HIGH PARK STATION,MUO,0,0,,BD,0
9/30/2020,20:40,Wednesday,ROYAL YORK STATION,TUO,6,12,W,BD,5316
9/30/2020,21:58,Wednesday,DONLANDS STATION,PUMEL,0,0,,BD,0
9/30/2020,22:00,Wednesday,YONGE-UNIVERSITY AND B,MUO,0,0,,YU/BD,0
9/30/2020,22:11,Wednesday,FINCH STATION,MUI,0,0,N,YU,5566
9/30/2020,22:17,Wednesday,WILSON STATION,MUNOA,5,10,N,YU,5551
9/30/2020,23:00,Wednesday,EGLINTON TO SHEPPARD,MUO,0,0,,YU,0
9/30/2020,23:53,Wednesday,OSSINGTON STATION,TUMVS,6,12,W,BD,5069
9/30/2020,23:59,Wednesday,SHEPPARD STATION,TUO,0,0,S,YU,6096
