Date,Time,Day,Station,Code,Min Delay,Min Gap,Bound,Line,Vehicle
9/1/2019,00:30,Sunday,FINCH STATION,MUIE,0,0,,,0
9/1/2019,08:12,Sunday,DAVISVILLE STATION,MUO,3,8,N,YU,5896
9/1/2019,08:23,Sunday,DAVISVILLE STATION,MUO,4,9,N,YU,5846
9/1/2019,08:57,Sunday,ST GEORGE BD STATION,MUO,0,0,,BD,0
9/1/2019,10:09,Sunday,SHEPPARD-YONGE STATION,MUTO,0,0,E,SHP,6166
9/1/2019,10:21,Sunday,GLENCAIRN STATION,TUO,4,9,S,YU,5846
9/1/2019,10:26,Sunday,GREENWOOD STATION,SUUT,0,0,E,BD,5326
9/1/2019,10:37,Sunday,COXWELL STATION,MUCL,5,9,W,BD,5018
9/1/2019,10:43,Sunday,YONGE BD STATION,MUIS,0,0,W,BD,0
9/1/2019,11:14,Sunday,CASTLE FRANK STATION,MUDD,5,9,W,BD,5263
9/1/2019,11:22,Sunday,YONGE BD STATION,SUO,0,0,W,BD,0
9/1/2019,12:42,Sunday,VAUGHAN MC STATION,TUNIP,0,0,S,YU,5766
9/1/2019,12:50,Sunday,VAUGHAN MC STATION,TUNIP,0,0,S,YU,5846
9/1/2019,13:19,Sunday,KIPLING STATION,TUMVS,0,0,W,BD,5282
9/1/2019,13:26,Sunday,BAYVIEW STATION,EUOPO,5,10,E,SHP,6156
9/1/2019,13:28,Sunday,ROYAL YORK STATION,TUO,4,8,E,BD,5189
9/1/2019,13:36,Sunday,PIONEER VILLAGE STATIO,MUIS,0,0,,YU,0
9/1/2019,14:10,Sunday,KIPLING STATION,MUSC,0,0,W,BD,5348
9/1/2019,14:27,Sunday,JANE STATION,TUSC,0,0,W,BD,5108
9/1/2019,14:28,Sunday,NORTH YORK CTR STATION,MUPAA,3,7,N,YU,6131
9/1/2019,17:37,Sunday,PIONEER VILLAGE STATIO,PUMEL,0,0,,YU,0
9/1/2019,17:45,Sunday,VAUGHAN MC STATION,PUMEL,0,0,,YU,0
9/1/2019,17:55,Sunday,KENNEDY SRT STATION,MRPAA,0,0,S,SRT,3022
9/1/2019,18:24,Sunday,LAWRENCE WEST STATION,SUDP,0,0,N,YU,5671
9/1/2019,19:07,Sunday,FINCH WEST STATION,MUIS,3,6,S,YU,5721
9/1/2019,19:33,Sunday,YORK MILLS STATION,MUIR,4,9,S,YU,5576
9/1/2019,19:34,Sunday,DUNDAS STATION,MUI,11,16,S,YU,5662
9/1/2019,20:21,Sunday,SHEPPARD STATION,SUO,0,0,N,YU,5776
9/1/2019,21:07,Sunday,GREENWOOD STATION,EUNT,4,8,W,BD,5088
9/1/2019,21:55,Sunday,SHEPPARD-YONGE STATION,TUSC,0,0,E,SHP,6186
9/1/2019,22:00,Sunday,YONGE-UNIVERSITY AND B,MUO,0,0,,YU/BD,0
9/1/2019,22:19,Sunday,WILSON STATION,MUPAA,0,0,N,YU,5796
9/1/2019,23:17,Sunday,WARDEN STATION,MUIRS,0,0,,BD,0
9/2/2019,00:55,Monday,PIONEER VILLAGE STATIO,MUIS,0,0,,YU,0
9/2/2019,05:44,Monday,FINCH STATION,TUSC,3,0,S,YU,5741
9/2/2019,05:47,Monday,COXWELL STATION,MUSC,0,0,E,BD,5336
9/2/2019,05:48,Monday,FINCH STATION,TUSC,0,0,N,YU,5841
9/2/2019,06:57,Monday,YORK MILLS STATION,TUSC,0,0,S,YU,5836
9/2/2019,07:30,Monday,ST PATRICK STATION,TUS,3,8,N,YU,6001
9/2/2019,07:38,Monday,DUNDAS WEST STATION,MUPAA,3,7,E,BD,5222
9/2/2019,07:57,Monday,JANE STATION,TUSC,0,0,W,BD,5057
9/2/2019,08:52,Monday,FINCH STATION,MUPAA,0,0,S,YU,5771
9/2/2019,08:55,Monday,VAUGHAN MC STATION,MUTO,0,0,S,YU,0
9/2/2019,09:32,Monday,FINCH STATION,SUO,3,8,N,YU,5781
9/2/2019,10:10,Monday,ROSEDALE STATION,PUSTS,0,0,S,YU,6016
9/2/2019,10:30,Monday,WELLESLEY STATION,MUIS,0,0,S,YU,0
9/2/2019,10:33,Monday,ISLINGTON STATION,TUSC,0,0,W,BD,5014
9/2/2019,10:53,Monday,SHERBOURNE STATION,SUAE,0,0,,YU,0
9/2/2019,12:11,Monday,YORKDALE STATION,MUPAA,0,0,S,YU,5391
9/2/2019,12:26,Monday,KENNEDY BD STATION,PUMST,0,0,,BD,0
9/2/2019,12:50,Monday,ST GEORGE BD STATION,EUDO,0,0,E,BD,5339
9/2/2019,13:11,Monday,SUMMERHILL STATION,MUPAA,0,0,N,YU,6081
9/2/2019,18:12,Monday,ST GEORGE BD STATION,MUNCA,0,0,,BD,0
9/2/2019,19:02,Monday,WELLESLEY STATION,MUPAA,0,0,N,YU,5596
9/2/2019,19:21,Monday,SHEPPARD STATION,MUPAA,0,0,N,YU,5596
9/2/2019,19:30,Monday,BATHURST STATION,MUPAA,3,7,W,BD,5017
9/2/2019,21:16,Monday,VAUGHAN MC STATION,MUIR,4,9,S,YU,5901
9/2/2019,21:17,Monday,OSSINGTON STATION,TUSC,0,0,W,BD,5017
9/2/2019,21:48,Monday,COLLEGE STATION,SUDP,3,8,S,YU,5771
9/2/2019,22:00,Monday,YONGE-UNIVERSITY AND B,MUO,0,0,,YU/BD,0
9/2/2019,23:47,Monday,COLLEGE STATION,MUPAA,0,0,S,YU,5866
9/3/2019,01:48,Tuesday,EGLINTON STATION,MUIS,0,0,,YU,0
9/3/2019,01:58,Tuesday,ISLINGTON STATION,MUSC,0,0,W,BD,5292
9/3/2019,05:51,Tuesday,SHEPPARD WEST STATION,MUATC,5,0,N,YU,5661
9/3/2019,06:17,Tuesday,DONLANDS STATION,PUSTS,0,0,E,BD,5264
9/3/2019,06:40,Tuesday,GREENWOOD STATION,PUSTS,0,0,E,BD,5339
9/3/2019,07:00,Tuesday,SHERBOURNE STATION,MUIS,0,0,W,BD,0
9/3/2019,07:15,Tuesday,ROSEDALE STATION,MUD,3,5,S,YU,6106
9/3/2019,07:45,Tuesday,SPADINA BD STATION,MUIR,0,0,E,BD,5087
9/3/2019,07:51,Tuesday,YORK UNIVERSITY STATIO,EUDO,3,7,N,YU,5621
9/3/2019,07:59,Tuesday,ST GEORGE BD STATION,MUIS,14,16,W,BD,5183
9/3/2019,08:00,Tuesday,ST GEORGE YUS STATION,MUO,0,0,N,YU,5956
9/3/2019,08:10,Tuesday,SUMMERHILL STATION,MUI,7,9,S,YU,5436
9/3/2019,08:14,Tuesday,OSSINGTON STATION,MUPAA,4,6,E,BD,5308
9/3/2019,08:18,Tuesday,OLD MILL STATION,SUAP,0,0,,BD,0
9/3/2019,08:23,Tuesday,ST PATRICK STATION,TUATC,4,6,N,YU,5416
9/3/2019,08:28,Tuesday,WELLESLEY STATION,SUDP,3,5,N,YU,5761
9/3/2019,08:39,Tuesday,CHRISTIE STATION,MUIRS,0,0,,BD,0
9/3/2019,08:39,Tuesday,SUMMERHILL STATION,MUIRS,0,0,S,YU,0
9/3/2019,09:05,Tuesday,KENNEDY BD STATION,MUSC,0,0,W,BD,5014
9/3/2019,09:09,Tuesday,ST GEORGE YUS STATION,MUNCA,0,0,,YU,0
9/3/2019,09:59,Tuesday,EGLINTON STATION,MUI,6,9,S,YU,6056
9/3/2019,10:04,Tuesday,ST PATRICK STATION,MUI,5,9,S,YU,5541
9/3/2019,10:24,Tuesday,OSSINGTON STATION,MUPAA,0,0,W,BD,5274
9/3/2019,10:24,Tuesday,VAUGHAN MC STATION,TUATC,4,7,S,YU,5851
9/3/2019,10:24,Tuesday,VAUGHAN MC STATION,TUCC,4,7,S,YU,6031
9/3/2019,11:00,Tuesday,GREENWOOD STATION,MUIS,0,0,,BD,0
9/3/2019,11:45,Tuesday,ST CLAIR WEST STATION,MUATC,0,0,S,YU,6046
9/3/2019,11:58,Tuesday,JANE STATION,PUMEL,0,0,,BD,0
9/3/2019,12:06,Tuesday,CASTLE FRANK STATION,PUMEL,0,0,,BD,0
9/3/2019,12:15,Tuesday,JANE STATION,TUSC,0,0,W,BD,5266
9/3/2019,12:47,Tuesday,COLLEGE STATION,SUDP,3,6,S,YU,6026
9/3/2019,13:00,Tuesday,ST CLAIR WEST STATION,MUPAA,0,0,S,YU,5596
9/3/2019,13:13,Tuesday,QUEEN STATION,MUPAA,3,6,N,YU,5966
9/3/2019,13:14,Tuesday,SHEPPARD WEST STATION,PUMEL,0,0,,YU,0
9/3/2019,13:36,Tuesday,CHRISTIE STATION,SUDP,5,8,W,BD,5277
9/3/2019,13:39,Tuesday,WILSON STATION,TUNIP,3,5,S,YU,6021
9/3/2019,13:40,Tuesday,SHEPPARD-YONGE STATION,TUMVS,0,0,E,SHP,6186
9/3/2019,15:09,Tuesday,KIPLING STATION,TUNIP,0,0,E,BD,5087
9/3/2019,15:15,Tuesday,SHEPPARD WEST STATION,MUTO,3,6,S,YU,5461
9/3/2019,15:32,Tuesday,DUPONT STATION,MUI,10,12,S,YU,5461
9/3/2019,15:36,Tuesday,YONGE BD STATION,SUDP,3,5,W,BD,5085
9/3/2019,15:50,Tuesday,KENNEDY BD STATION,MUIS,0,0,,BD,0
9/3/2019,16:45,Tuesday,WARDEN STATION,SUUT,4,6,E,BD,5313
9/3/2019,17:05,Tuesday,FINCH STATION,TUSC,0,0,N,YU,5386
9/3/2019,17:27,Tuesday,DAVISVILLE STATION,MUI,5,3,S,YU,5871
9/3/2019,17:33,Tuesday,ROSEDALE STATION,MUPAA,0,0,N,YU,6127
9/3/2019,18:09,Tuesday,EGLINTON STATION,TUMVS,0,0,S,YU,5621
9/3/2019,18:44,Tuesday,ROYAL YORK STATION,EUDO,6,9,E,BD,5087
9/3/2019,19:14,Tuesday,BLOOR STATION,SUDP,5,8,S,YU,5981
9/3/2019,19:40,Tuesday,KENNEDY BD STATION,TUMVS,0,0,E,BD,5051
9/3/2019,19:52,Tuesday,KENNEDY BD STATION,TUSC,0,0,E,BD,5222
9/3/2019,21:18,Tuesday,FINCH STATION,MUTO,4,7,S,YU,5916
9/3/2019,21:59,Tuesday,VICTORIA PARK STATION,MUSC,0,0,E,BD,5106
9/3/2019,22:00,Tuesday,YONGE-UNIVERSITY AND B,MUO,0,0,,YU/BD,0
9/3/2019,22:13,Tuesday,KIPLING STATION,MUSC,0,0,W,BD,5334
9/3/2019,23:01,Tuesday,FINCH TO EGLINTON STAT,MUO,0,0,,YU,0
9/3/2019,23:33,Tuesday,KIPLING STATION,MUSC,0,0,W,BD,5194
9/3/2019,23:49,Tuesday,YONGE BD STATION,SUAE,0,0,E,BD,5016
9/4/2019,00:02,Wednesday,WELLESLEY STATION,MUPAA,0,0,S,YU,6096
9/4/2019,00:24,Wednesday,SHEPPARD STATION,MUIE,0,0,N,YU,0
9/4/2019,05:38,Wednesday,YORK MILLS STATION,TUSC,0,0,S,YU,5491
9/4/2019,05:47,Wednesday,KEELE STATION,SUG,4,8,W,BD,5292
9/4/2019,06:40,Wednesday,SPADINA BD STATION,EUBK,18,20,W,BD,5241
9/4/2019,07:12,Wednesday,MAIN STREET STATION,MUSC,0,0,E,BD,5169
9/4/2019,07:33,Wednesday,ST PATRICK STATION,MUATC,3,5,N,YU,5906
9/4/2019,08:37,Wednesday,WELLESLEY STATION,MUIR,0,0,S,YU,5631
9/4/2019,08:41,Wednesday,ST GEORGE YUS STATION,EUDO,4,6,N,YU,5571
9/4/2019,09:04,Wednesday,SUMMERHILL STATION,MUIS,0,0,S,YU,0
9/4/2019,09:13,Wednesday,NORTH YORK CTR STATION,EUDO,4,6,N,YU,6136
9/4/2019,09:16,Wednesday,SHEPPARD STATION,MUIR,7,9,N,YU,5966
9/4/2019,09:31,Wednesday,DONLANDS STATION,MUSC,0,0,E,BD,5283
9/4/2019,09:42,Wednesday,GLENCAIRN STATION,PUMST,0,0,,YU,0
9/4/2019,09:43,Wednesday,CHRISTIE STATION,TUSC,0,0,W,BD,5179
9/4/2019,10:15,Wednesday,FINCH STATION,MUIRS,0,0,,YU,0
9/4/2019,10:38,Wednesday,ISLINGTON STATION,TUSC,0,0,W,BD,5222
9/4/2019,10:47,Wednesday,DON MILLS STATION,MUIS,0,0,,SHP,0
9/4/2019,10:59,Wednesday,MUSEUM STATION,MUATC,5,8,S,YU,5666
9/4/2019,11:11,Wednesday,JANE STATION,SUAP,0,0,E,BD,0
9/4/2019,12:03,Wednesday,COXWELL STATION,TUSUP,6,9,W,BD,5304
9/4/2019,12:31,Wednesday,BLOOR DANFORTH SUBWAY,MUGD,0,0,,BD,0
9/4/2019,13:01,Wednesday,ELLESMERE STATION,TRO,8,13,S,SRT,3002
9/4/2019,13:25,Wednesday,LANSDOWNE STATION,MUI,9,12,W,BD,5279
9/4/2019,13:58,Wednesday,LESLIE STATION,MUPAA,0,0,W,SHP,6181
9/4/2019,14:03,Wednesday,SHEPPARD STATION,MUPAA,3,6,N,YU,5586
9/4/2019,16:13,Wednesday,LESLIE STATION,SUDP,0,0,,SHP,0
9/4/2019,16:56,Wednesday,YONGE BD STATION,SUDP,0,0,E,BD,5172
9/4/2019,17:11,Wednesday,SCARBOROUGH CTR STATIO,PUMEL,0,0,,985 SHEPPARD EAST EXPR,9089
9/4/2019,17:14,Wednesday,BLOOR STATION,MUPAA,0,0,N,YU,5961
9/4/2019,17:14,Wednesday,WELLESLEY STATION,MUPAA,0,0,N,YU,5426
9/4/2019,17:30,Wednesday,ST GEORGE BD STATION,TUMVS,0,0,E,BD,5007
9/4/2019,17:38,Wednesday,NORTH YORK CTR STATION,EUDO,3,5,S,YU,5946
9/4/2019,17:51,Wednesday,EGLINTON STATION,EUSC,0,0,S,YU,5886
9/4/2019,19:56,Wednesday,QUEEN STATION,EUSC,0,0,N,YU,5426
9/4/2019,19:58,Wednesday,QUEEN STATION,EUSC,0,0,N,YU,5426
9/4/2019,20:24,Wednesday,UNION TO KING STATION,MUO,3,6,N,YU,5951
9/4/2019,20:30,Wednesday,LAWRENCE STATION,EUSC,3,6,S,YU,5886
9/4/2019,20:49,Wednesday,PIONEER VILLAGE STATIO,MUPAA,0,0,S,YU,5621
9/4/2019,20:59,Wednesday,DON MILLS STATION,MUNCA,0,0,,SHP,0
9/4/2019,21:02,Wednesday,MAIN STREET STATION,PUMST,0,0,,BD,0
9/4/2019,22:00,Wednesday,YONGE-UNIVERSITY & BLO,MUO,0,0,,YU/BD,0
9/4/2019,22:03,Wednesday,BAY STATION,SUDP,0,0,W,BD,5266
9/4/2019,22:34,Wednesday,ST GEORGE YUS STATION,MUIR,5,10,N,YU,8065
9/4/2019,23:00,Wednesday,FINCH TO LAWRENCE STAT,MUO,0,0,,YU,0
9/4/2019,23:43,Wednesday,PIONEER VILLAGE STATIO,EUDO,3,8,S,YU,5866
9/5/2019,01:11,Thursday,KEELE STATION,MUSC,0,0,W,BD,5122
9/5/2019,06:04,Thursday,SHEPPARD-YONGE STATION,TUSC,0,0,E,SHP,6186
9/5/2019,06:11,Thursday,NORTH YORK CTR STATION,MUSC,0,0,N,YU,5771
9/5/2019,06:23,Thursday,WILSON STATION,MUATC,5,9,N,YU,5911
9/5/2019,06:57,Thursday,MCCOWAN STATION,ERCO,41,46,S,SRT,3018
9/5/2019,07:04,Thursday,KIPLING STATION,MUSC,0,0,E,BD,5069
9/5/2019,07:14,Thursday,WARDEN STATION,EUSC,0,0,W,BD,5254
9/5/2019,07:18,Thursday,KENNEDY BD STATION,TUSC,0,0,E,BD,5095
9/5/2019,07:31,Thursday,OSSINGTON STATION,MUIS,0,0,,BD,0
9/5/2019,07:33,Thursday,WILSON STATION,MUATC,3,5,S,YU,5451
9/5/2019,08:23,Thursday,KIPLING STATION,MUTO,3,5,E,BD,5345
9/5/2019,08:47,Thursday,ST CLAIR STATION,MUI,0,0,S,YU,6081
9/5/2019,08:51,Thursday,BROADVIEW STATION,MUIRS,0,0,,BD,0
9/5/2019,08:53,Thursday,BLOOR STATION,MUIS,0,0,S,YU,0
9/5/2019,08:57,Thursday,WARDEN STATION,EUSC,0,0,W,BD,5254
9/5/2019,09:13,Thursday,JANE STATION,TUSC,0,0,W,BD,5179
9/5/2019,09:25,Thursday,WILSON STATION,TUNIP,0,0,N,YU,5771
9/5/2019,11:52,Thursday,BLOOR STATION,SUDP,3,6,S,YU,5496
9/5/2019,12:15,Thursday,ROSEDALE STATION,MUO,3,6,S,YU,6071
9/5/2019,12:27,Thursday,FINCH STATION,TUNIP,3,6,S,YU,5896
9/5/2019,12:33,Thursday,WILSON STATION,MUATC,3,6,N,YU,5631
9/5/2019,13:27,Thursday,SHEPPARD WEST STATION,MUTO,3,6,S,YU,6006
9/5/2019,13:58,Thursday,OSGOODE STATION,TUSC,0,0,N,YU,5601
9/5/2019,14:09,Thursday,SHEPPARD STATION,EUSC,0,0,S,YU,5886
9/5/2019,15:15,Thursday,SHERBOURNE STATION,MUIS,0,0,E,BD,5193
9/5/2019,15:26,Thursday,DONLANDS STATION,EUYRD,4,6,W,BD,5187
9/5/2019,15:28,Thursday,KENNEDY BD STATION,MUIS,0,0,,BD,0
9/5/2019,16:03,Thursday,VICTORIA PARK TO KENNE,PUSI,0,0,E,BD,5368
9/5/2019,16:21,Thursday,SHEPPARD-YONGE STATION,TUSC,0,0,E,SHP,6186
9/5/2019,16:24,Thursday,JANE STATION,TUSC,0,0,W,BD,5088
9/5/2019,16:27,Thursday,LAWRENCE STATION,MUNCA,0,0,,YU,0
9/5/2019,16:30,Thursday,LAWRENCE STATION,MUSC,0,0,N,YU,5876
9/5/2019,16:31,Thursday,QUEEN STATION,MUPAA,3,5,N,YU,5546
9/5/2019,16:32,Thursday,ST PATRICK STATION,TUSC,0,0,N,YU,5601
9/5/2019,16:39,Thursday,FINCH STATION,PUMEL,0,0,,YU,0
9/5/2019,17:21,Thursday,LAWRENCE STATION,MUNCA,0,0,,YU,0
9/5/2019,17:59,Thursday,SHEPPARD WEST STATION,EUATC,4,7,S,YU,5381
9/5/2019,18:43,Thursday,COLLEGE STATION,EUBO,7,9,N,YU,5911
9/5/2019,19:12,Thursday,KENNEDY BD STATION,MUNCA,0,0,,BD,0
9/5/2019,19:16,Thursday,OSGOODE STATION,MUSC,0,0,N,YU,5601
9/5/2019,19:23,Thursday,KENNEDY BD STATION,EUBK,0,0,W,BD,5304
9/5/2019,19:24,Thursday,JANE STATION,TUS,5,8,W,BD,5083
9/5/2019,19:28,Thursday,BROADVIEW STATION,MUIR,0,0,W,BD,5010
9/5/2019,20:54,Thursday,FINCH STATION,SUSP,4,7,S,YU,5821
9/5/2019,21:52,Thursday,YORKDALE STATION,MUIS,10,13,N,YU,5821
9/5/2019,22:00,Thursday,YONGE-UNIVERSITY AND B,MUO,0,0,,YU / BD,0
9/5/2019,22:13,Thursday,YORK MILLS STATION,MUSC,0,0,S,YU,5836
9/5/2019,22:38,Thursday,KING STATION,EUSC,0,0,S,YU,5886
9/5/2019,23:00,Thursday,FINCH TO EGLINTON STAT,MUO,0,0,,YU,0
9/5/2019,23:03,Thursday,YORK MILLS STATION,TUSC,0,0,S,YU,5666
9/6/2019,00:08,Friday,VAUGHAN MC STATION,TUNIP,4,9,S,YU,5516
9/6/2019,00:12,Friday,DUPONT STATION,MUATC,0,0,S,YU,5606
9/6/2019,00:21,Friday,VICTORIA PARK STATION,MUI,0,0,W,BD,5287
9/6/2019,00:29,Friday,MAIN STREET STATION,SUDP,3,7,E,BD,5104
9/6/2019,01:13,Friday,PIONEER VILLAGE STATIO,MUPAA,4,9,N,YU,5671
9/6/2019,01:13,Friday,ST PATRICK STATION,MUATC,0,0,N,YU,5946
9/6/2019,01:49,Friday,LAWRENCE STATION,EUSC,0,0,N,YU,5386
9/6/2019,05:36,Friday,DAVISVILLE YARD,PUSTP,6,12,N,YU,5976
9/6/2019,05:50,Friday,FINCH STATION,MUSC,0,0,S,YU,5601
9/6/2019,06:00,Friday,DAVISVILLE YARD,EUAL,5,10,N,YU,5826
9/6/2019,06:00,Friday,SPADINA BD STATION,MUIRS,0,0,W,BD,0
9/6/2019,06:33,Friday,YORK MILLS STATION,EUSC,0,0,S,YU,5841
9/6/2019,07:25,Friday,CHESTER STATION,MUTD,3,5,W,BD,5095
9/6/2019,07:28,Friday,KENNEDY BD STATION,MUSC,0,0,W,BD,5039
9/6/2019,08:07,Friday,ST ANDREW STATION,TUMVS,7,9,N,YU,6101
9/6/2019,08:53,Friday,BATHURST STATION,MUTD,3,5,W,BD,5136
9/6/2019,09:02,Friday,HIGH PARK STATION,MUPAA,0,0,W,BD,5295
9/6/2019,09:02,Friday,MUSEUM STATION,MUPAA,3,5,S,YU,6016
9/6/2019,09:09,Friday,ROYAL YORK STATION,MUSC,0,0,E,BD,5088
9/6/2019,09:57,Friday,ST PATRICK STATION,EUSC,0,0,N,YU,5841
9/6/2019,10:30,Friday,COXWELL STATION,MUPAA,0,0,W,BD,5124
9/6/2019,10:30,Friday,LAWRENCE STATION,MUIRS,0,0,,YU,0
9/6/2019,10:43,Friday,OSSINGTON STATION,MUSC,0,0,W,BD,5295
9/6/2019,13:20,Friday,PAPE STATION,PUMEL,0,0,,BD,0
9/6/2019,13:53,Friday,SPADINA YUS STATION,SUSP,0,0,S,YU,6091
9/6/2019,14:07,Friday,SPADINA YUS STATION,MUATC,0,0,N,YU,5701
9/6/2019,15:02,Friday,KING STATION,EUSC,0,0,S,YU,5841
9/6/2019,15:13,Friday,WILSON STATION,EUBK,3,5,S,YU,5396
9/6/2019,15:43,Friday,UNION STATION,SUO,0,0,N,YU,5761
9/6/2019,15:51,Friday,KENNEDY BD STATION,TUO,3,5,W,BD,5179
9/6/2019,16:17,Friday,KIPLING STATION,TUSC,0,0,W,BD,5193
9/6/2019,16:31,Friday,KIPLING STATION,MUSC,0,0,W,BD,5124
9/6/2019,16:32,Friday,PIONEER VILLAGE STATIO,SUDP,0,0,S,YU,6106
9/6/2019,16:49,Friday,WILSON STATION,SUUT,10,12,S,YU,5906
9/6/2019,16:59,Friday,FINCH STATION,PUMEL,0,0,,YU,0
9/6/2019,17:09,Friday,KENNEDY BD STATION,MUIS,0,0,,BD,0
9/6/2019,17:34,Friday,FINCH WEST STATION,MUIR,9,11,N,YU,5726
9/6/2019,17:39,Friday,MUSEUM STATION,MUATC,7,9,S,YU,6051
9/6/2019,17:43,Friday,SHERBOURNE STATION,MUIRS,0,0,W,BD,0
9/6/2019,18:01,Friday,SUMMERHILL STATION,SUEAS,9,11,S,YU,5551
9/6/2019,18:24,Friday,FINCH STATION,MUSC,0,0,S,YU,5831
9/6/2019,18:25,Friday,QUEEN'S PARK STATION,TUATC,0,0,S,YU,5461
9/6/2019,18:30,Friday,SHEPPARD STATION,MUPAA,0,0,N,YU,5966
9/6/2019,18:50,Friday,SHEPPARD STATION,MUIR,4,6,N,YU,5636
9/6/2019,19:04,Friday,FINCH STATION,MUSAN,3,5,S,YU,5631
9/6/2019,19:36,Friday,GREENWOOD STATION,SUDP,9,12,E,BD,5351
9/6/2019,20:11,Friday,ROSEDALE STATION,MUPAA,0,0,N,YU,5781
9/6/2019,20:54,Friday,YONGE BD STATION,TUMVS,3,6,W,BD,5174
9/6/2019,21:01,Friday,WELLESLEY STATION,MUIS,0,0,S,YU,0
9/6/2019,21:03,Friday,YORK MILLS CENTRE TRAC,TUMVS,0,0,N,YU,5426
9/6/2019,21:45,Friday,LAWRENCE EAST STATION,ERDB,8,14,S,SRT,3009
9/6/2019,21:46,Friday,MCCOWAN STATION,MRO,5,11,S,SRT,3022
9/6/2019,22:00,Friday,YONGE-UNIVERSITY AND B,MUO,0,0,,YU/BD,0
9/6/2019,23:31,Friday,DUNDAS STATION,SUUT,26,31,S,YU,5381
9/7/2019,00:28,Saturday,DUNDAS WEST STATION,MUIE,0,0,,BD,0
9/7/2019,00:34,Saturday,YONGE BD STATION,MUPAA,0,0,E,BD,5268
9/7/2019,00:42,Saturday,QUEEN'S PARK STATION,SUDP,3,8,N,YU,5841
9/7/2019,00:52,Saturday,GREENWOOD STATION,MUIS,0,0,,BD,0
9/7/2019,01:06,Saturday,KING STATION,SUUT,0,0,S,YU,6061
9/7/2019,01:07,Saturday,KENNEDY BD STATION,MUSC,0,0,W,BD,5222
9/7/2019,01:38,Saturday,ST PATRICK STATION,MUSC,6,11,S,YU,5901
9/7/2019,02:01,Saturday,ROYAL YORK STATION,MUIE,0,0,,BD,0
9/7/2019,07:30,Saturday,KENNEDY BD STATION,EUSC,0,0,W,BD,5190
9/7/2019,08:05,Saturday,VAUGHAN MC STATION,MUSAN,0,0,S,YU,5416
9/7/2019,08:11,Saturday,BLOOR STATION,MUIS,0,0,,YU,0
9/7/2019,08:11,Saturday,KIPLING STATION,EUBK,0,0,E,BD,5124
9/7/2019,08:29,Saturday,JANE STATION,SUDP,0,0,,BD,0
9/7/2019,08:54,Saturday,WARDEN STATION,SUDP,0,0,,BD,0
9/7/2019,09:16,Saturday,YORK MILLS STATION,TUSC,0,0,S,YU,5456
9/7/2019,09:40,Saturday,BATHURST STATION,MUIS,0,0,,BD,0
9/7/2019,10:20,Saturday,MUSEUM STATION,MUIS,0,0,N,YU,5611
9/7/2019,11:03,Saturday,DAVISVILLE STATION,MUIR,0,0,S,YU,5486
9/7/2019,11:08,Saturday,WILSON STATION,MUIRS,11,16,N,YU,5421
9/7/2019,11:56,Saturday,KIPLING STATION,PUMEL,0,0,,BD,0
9/7/2019,12:08,Saturday,GREENWOOD YARD,TUSC,0,0,E,BD,5032
9/7/2019,12:11,Saturday,ST PATRICK STATION,MUPAA,3,6,S,YU,5461
9/7/2019,13:57,Saturday,ROYAL YORK STATION,SUDP,3,7,E,BD,5345
9/7/2019,14:06,Saturday,VAUGHAN MC STATION,MUIS,0,0,,YU,0
9/7/2019,14:15,Saturday,RUNNYMEDE STATION,PUMEL,0,0,,BD,0
9/7/2019,16:09,Saturday,KENNEDY BD STATION,TUSC,0,0,E,BD,5096
9/7/2019,16:45,Saturday,YORK MILLS STATION,SUO,0,0,N,YU,0
9/7/2019,17:05,Saturday,DONLANDS STATION,MUNCA,0,0,,BD,0
9/7/2019,17:16,Saturday,LAWRENCE STATION,EUSC,0,0,N,YU,6051
9/7/2019,18:26,Saturday,RUNNYMEDE STATION,MUI,16,20,W,BD,5131
9/7/2019,19:00,Saturday,PIONEER VILLAGE STATIO,MUIS,0,0,,YU,0
9/7/2019,20:03,Saturday,BLOOR STATION,MUPAA,0,0,N,YU,5426
9/7/2019,21:00,Saturday,DAVISVILLE STATION,SUDP,6,11,N,YU,5386
9/7/2019,21:04,Saturday,ELLESMERE STATION,MRPAA,7,14,N,SRT,3001
9/7/2019,21:36,Saturday,JANE STATION,TUSC,0,0,W,BD,5213
9/7/2019,22:00,Saturday,YONGE-UNIVERSITY & BLO,MUO,0,0,,YU/BD,0
9/7/2019,22:47,Saturday,SPADINA BD STATION,MUIR,6,12,W,BD,5067
9/7/2019,23:12,Saturday,FINCH STATION,MUPAA,0,0,N,YU,5781
9/7/2019,23:16,Saturday,ISLINGTON STATION,MUSC,0,0,W,BD,5000
9/7/2019,23:28,Saturday,LAWRENCE STATION,EUSC,0,0,N,YU,5901
9/8/2019,00:22,Sunday,ISLINGTON STATION,SUDP,0,0,,BD,0
9/8/2019,00:37,Sunday,ST GEORGE BD STATION,TUMVS,8,12,W,BD,5058
9/8/2019,00:56,Sunday,EGLINTON BUS TERMINAL,MUO,0,0,,,0
9/8/2019,01:47,Sunday,EGLINTON STATION,MUIS,0,0,,YU,0
9/8/2019,01:54,Sunday,KEELE STATION,MUIS,0,0,,BD,0
9/8/2019,08:00,Sunday,DAVISVILLE STATION,MUSC,0,0,N,YU,5496
9/8/2019,08:04,Sunday,GREENWOOD STATION,MUPLB,10,15,E,BD,5334
9/8/2019,08:07,Sunday,MAIN STREET STATION,MUPLB,5,0,W,BD,5336
9/8/2019,08:45,Sunday,KENNEDY BD STATION,MUPAA,0,0,W,BD,5274
9/8/2019,11:04,Sunday,YORKDALE STATION,MUPAA,0,0,N,YU,5386
9/8/2019,12:31,Sunday,JANE STATION,EUSC,0,0,E,BD,5164
9/8/2019,14:11,Sunday,KIPLING STATION,EUSC,0,0,E,BD,5164
9/8/2019,14:35,Sunday,WOODBINE STATION,MUSC,0,0,W,BD,5216
9/8/2019,14:46,Sunday,KING STATION,MUPAA,0,0,S,YU,5996
9/8/2019,15:23,Sunday,WILSON STATION,MUPAA,0,0,N,YU,5596
9/8/2019,16:17,Sunday,FINCH STATION,MUTO,4,8,S,YU,5631
9/8/2019,17:03,Sunday,SHEPPARD-YONGE STATION,MUIS,0,0,,SHP,0
9/8/2019,17:43,Sunday,BLOOR STATION,MUIS,0,0,N,YU,0
9/8/2019,19:09,Sunday,ROSEDALE STATION,MUIRS,0,0,N,YU,0
9/8/2019,19:24,Sunday,ROYAL YORK STATION,MUIS,0,0,E,BD,0
9/8/2019,19:37,Sunday,WILSON STATION,MUTO,5,10,N,YU,5851
9/8/2019,19:54,Sunday,SHEPPARD WEST STATION,MUTO,4,9,N,YU,5396
9/8/2019,20:02,Sunday,COLLEGE STATION,EUBO,5,10,S,YU,5911
9/8/2019,20:49,Sunday,NORTH YORK CTR STATION,SUDP,0,0,,YU,0
9/8/2019,20:49,Sunday,NORTH YORK CTR STATION,MUIS,0,0,,YU,0
9/8/2019,21:55,Sunday,FINCH STATION,SUDP,0,0,,YU,0
9/8/2019,22:00,Sunday,YONGE-UNIVERSITY & BLO,MUO,0,0,,YU/BD,0
9/8/2019,23:29,Sunday,HIGHWAY 407 STATION,SUDP,0,0,,YU,0
9/9/2019,00:47,Monday,EGLINTON STATION,MUO,5,10,S,YU,5801
9/9/2019,01:09,Monday,JANE STATION,PUSI,0,0,W,BD,5016
9/9/2019,01:19,Monday,OLD MILL STATION,PUSI,0,0,W,BD,5038
9/9/2019,01:34,Monday,DUPONT STATION,MUATC,9,14,N,YU,5441
9/9/2019,05:32,Monday,FINCH STATION,TUSC,0,0,S,YU,5851
9/9/2019,05:55,Monday,SPADINA BD STATION,PUTD,0,0,W,BD,5072
9/9/2019,05:55,Monday,VAUGHAN MC STATION,MUATC,4,8,S,YU,6081
9/9/2019,06:24,Monday,ISLINGTON STATION,EUSC,0,0,E,BD,5318
9/9/2019,06:27,Monday,COXWELL STATION,MUSC,0,0,E,BD,5168
9/9/2019,06:36,Monday,KIPLING STATION,TUSC,0,0,E,BD,5095
9/9/2019,06:39,Monday,DONLANDS STATION,EUSC,0,0,W,BD,5155
9/9/2019,07:18,Monday,WILSON CARHOUSE,MUO,0,0,,YU,0
9/9/2019,07:29,Monday,FINCH STATION,MUSAN,3,5,S,YU,5541
9/9/2019,08:14,Monday,KENNEDY BD STATION,TUSC,0,0,W,BD,5155
9/9/2019,08:25,Monday,CASTLE FRANK STATION,MUDD,0,0,W,BD,5115
9/9/2019,08:27,Monday,KENNEDY SRT STATION,MRPAA,0,0,S,SRT,3020
9/9/2019,08:30,Monday,QUEEN STATION,SUDP,0,0,,YU,0
9/9/2019,08:32,Monday,EGLINTON STATION,MUTO,3,5,N,YU,5891
9/9/2019,08:33,Monday,BAY STATION,MUIR,3,5,E,BD,5318
9/9/2019,08:46,Monday,BLOOR STATION,MUIRS,0,0,S,YU,0
9/9/2019,09:15,Monday,ST CLAIR STATION,MUTD,0,0,S,YU,5906
9/9/2019,09:28,Monday,BLOOR STATION,EUSC,0,0,S,YU,5566
9/9/2019,09:42,Monday,WELLESLEY STATION,MUPAA,0,0,S,YU,5491
9/9/2019,09:45,Monday,LAWRENCE STATION,EUSC,0,0,S,YU,5886
9/9/2019,09:58,Monday,ISLINGTON STATION,EUSC,0,0,E,BD,5318
9/9/2019,09:59,Monday,ST CLAIR STATION,TUMVS,0,0,N,YU,5576
9/9/2019,10:32,Monday,KENNEDY BD STATION,EUSC,0,0,W,BD,5270
9/9/2019,10:34,Monday,ST CLAIR WEST STATION,PUMEL,0,0,,YU,0
9/9/2019,11:45,Monday,YONGE-UNIVERSITY SUBWA,MUGD,0,0,,YU,0
9/9/2019,12:28,Monday,SPADINA BD STATION,PUMST,0,0,W,BD,0
9/9/2019,13:34,Monday,KENNEDY BD STATION,MUIS,0,0,,BD,0
9/9/2019,13:36,Monday,LESLIE STATION,TUSC,0,0,W,SHP,6181
9/9/2019,13:43,Monday,ISLINGTON STATION,TUSC,0,0,W,BD,5117
9/9/2019,14:02,Monday,UNION STATION,MUSC,0,0,N,YU,5741
9/9/2019,14:20,Monday,LESLIE STATION,TUSC,0,0,E,SHP,6181
9/9/2019,14:29,Monday,ST CLAIR WEST STATION,PUMEL,0,0,,YU,0
9/9/2019,14:48,Monday,WARDEN STATION,PUSTS,3,6,W,BD,5226
9/9/2019,15:25,Monday,KIPLING STATION,EUNT,3,5,,BD,5254
9/9/2019,16:32,Monday,PAPE STATION,EUNT,3,5,E,BD,5254
9/9/2019,16:33,Monday,LANSDOWNE STATION,MUSC,0,0,E,BD,5371
9/9/2019,16:35,Monday,DUNDAS WEST STATION,MUIS,0,0,,BD,0
9/9/2019,16:40,Monday,ISLINGTON STATION,MUSC,0,0,W,BD,5352
9/9/2019,16:59,Monday,KENNEDY BD STATION,TUKEY,3,5,W,BD,5013
9/9/2019,17:18,Monday,KIPLING STATION,TUSC,0,0,W,BD,5174
9/9/2019,17:30,Monday,WARDEN STATION,MUIS,0,0,,BD,0
9/9/2019,17:32,Monday,YORK MILLS STATION,MUIR,8,10,N,YU,5881
9/9/2019,17:52,Monday,KENNEDY BD STATION,MUSC,6,8,E,BD,5015
9/9/2019,18:33,Monday,YONGE AND BLOOR,SUDP,0,0,N,YU,0
9/9/2019,18:45,Monday,FINCH STATION,MUSC,0,0,S,YU,5731
9/9/2019,19:27,Monday,RUNNYMEDE STATION,MUIS,0,0,,BD,0
9/9/2019,19:29,Monday,ROYAL YORK STATION,TUSC,0,0,E,BD,5205
9/9/2019,20:54,Monday,KENNEDY BD STATION,EUBO,3,7,W,BD,5049
9/9/2019,21:07,Monday,ROSEDALE STATION,SUDP,7,10,N,YU,5576
9/9/2019,21:35,Monday,MUSEUM STATION,PUMST,0,0,,YU,0
9/9/2019,21:58,Monday,SUMMERHILL STATION,MUPAA,3,8,N,YU,5976
9/9/2019,22:00,Monday,YONGE-UNIVERSITY & BLO,MUO,0,0,,YU/BD,0
9/9/2019,22:04,Monday,GREENWOOD STATION,PUTIJ,3,7,W,BD,5286
9/9/2019,23:00,Monday,YONGE UNIVERSITY SUBWA,MUO,0,0,,YU,0
9/9/2019,23:38,Monday,YORK MILLS STATION,TUMVS,0,0,S,YU,5751
9/9/2019,23:40,Monday,JANE STATION,MUI,18,22,E,BD,5366
9/10/2019,00:06,Tuesday,OLD MILL STATION,EUSC,0,0,W,BD,5102
9/10/2019,00:13,Tuesday,KIPLING STATION,EUSC,0,0,W,BD,5173
9/10/2019,00:40,Tuesday,VICTORIA PARK STATION,MUSC,0,0,E,BD,5277
9/10/2019,01:33,Tuesday,YORK MILLS CENTRE TRAC,MUSC,0,0,N,YU,5981
9/10/2019,01:43,Tuesday,BAY STATION,MUSC,0,0,W,BD,5274
9/10/2019,04:26,Tuesday,KIPLING STATION,MUIS,0,0,,BD,0
9/10/2019,05:20,Tuesday,BATHURST STATION,MUNCA,0,0,,BD,0
9/10/2019,05:36,Tuesday,FINCH STATION,EUSC,0,0,S,YU,5886
9/10/2019,05:45,Tuesday,QUEEN STATION,MUNCA,0,0,,YU,0
9/10/2019,06:07,Tuesday,DUFFERIN STATION,SUCOL,0,0,W,BD,5148
9/10/2019,07:04,Tuesday,FINCH STATION,MUTO,3,5,S,YU,5831
9/10/2019,07:19,Tuesday,KIPLING STATION,TUSC,3,5,W,BD,5168
9/10/2019,07:21,Tuesday,GREENWOOD YARD,TUSC,0,0,E,BD,5278
9/10/2019,07:26,Tuesday,ROYAL YORK STATION,MUIR,3,5,E,BD,5235
9/10/2019,07:28,Tuesday,FINCH STATION,MUTO,0,0,S,YU,5696
9/10/2019,07:39,Tuesday,QUEEN'S PARK STATION,MUIRS,0,0,,YU,0
9/10/2019,08:29,Tuesday,KIPLING STATION,TUSC,4,6,W,BD,5046
9/10/2019,08:31,Tuesday,NORTH YORK CTR STATION,EUSC,0,0,S,YU,5886
9/10/2019,08:42,Tuesday,EGLINTON STATION,EUSC,0,0,S,YU,5886
9/10/2019,08:47,Tuesday,E13,EUSC,3,5,S,YU,5886
9/10/2019,09:15,Tuesday,COLLEGE STATION,MUIRS,0,0,,YU,0
9/10/2019,09:27,Tuesday,OLD MILL STATION,TUMVS,4,6,E,BD,5038
9/10/2019,09:34,Tuesday,BATHURST STATION,MUIS,0,0,,BD,0
9/10/2019,09:35,Tuesday,KEELE STATION,TUMVS,0,0,W,BD,5087
9/10/2019,10:00,Tuesday,ST PATRICK STATION,EUSC,3,5,S,YU,5576
9/10/2019,10:56,Tuesday,FINCH STATION,MUIRS,0,0,,YU,0
9/10/2019,11:49,Tuesday,FINCH WEST STATION,MUIE,0,0,,YU,0
9/10/2019,12:16,Tuesday,FINCH STATION,PUMEL,0,0,,YU,0
9/10/2019,12:19,Tuesday,SHEPPARD WEST STATION,MUTO,15,18,S,YU,6051
9/10/2019,12:40,Tuesday,BLOOR STATION,MUI,5,8,N,YU,5901
9/10/2019,14:18,Tuesday,SPADINA BD STATION,SUROB,4,7,E,BD,5015
9/10/2019,14:31,Tuesday,YORK MILLS STATION,TUO,0,0,S,YU,5416
9/10/2019,14:33,Tuesday,OLD MILL STATION,TUSC,0,0,W,BD,5213
9/10/2019,14:42,Tuesday,LANSDOWNE STATION,MUSC,0,0,E,BD,5313
9/10/2019,14:47,Tuesday,ISLINGTON STATION,MUNCA,0,0,,BD,0
9/10/2019,15:38,Tuesday,SHEPPARD-YONGE STATION,TUMVS,0,0,E,SHP,6191
9/10/2019,16:27,Tuesday,HIGH PARK STATION,TUKEY,5,7,E,BD,5368
9/10/2019,16:28,Tuesday,ST CLAIR STATION,MUPAA,0,0,S,YU,5946
9/10/2019,16:31,Tuesday,KENNEDY BD STATION,TUSC,0,0,E,BD,5022
9/10/2019,17:14,Tuesday,CHESTER STATION,EUPI,3,5,E,BD,5055
9/10/2019,17:14,Tuesday,LAWRENCE STATION,EUSC,5,7,N,YU,5456
9/10/2019,17:47,Tuesday,LAWRENCE STATION,EUSC,4,6,N,YU,5716
9/10/2019,18:06,Tuesday,UNION STATION,MUIS,0,0,,YU,0
9/10/2019,18:14,Tuesday,ROSEDALE STATION,MUIRS,0,0,N,YU,0
9/10/2019,18:30,Tuesday,SHEPPARD STATION,SUDP,0,0,N,YU,5901
9/10/2019,18:57,Tuesday,SHEPPARD WEST STATION,MUTO,3,5,S,YU,5391
9/10/2019,19:37,Tuesday,ST CLAIR STATION,SUROB,0,0,,YU,0
9/10/2019,20:05,Tuesday,YORK MILLS STATION,TUOS,0,0,N,YU,6096
9/10/2019,20:24,Tuesday,FINCH STATION,TUO,3,5,S,YU,6091
9/10/2019,20:31,Tuesday,SHEPPARD STATION,TUOS,3,6,S,YU,5991
9/10/2019,21:17,Tuesday,ISLINGTON STATION,MUSC,0,0,E,BD,5193
9/10/2019,22:00,Tuesday,YONGE-UNIVERSITY AND B,MUO,0,0,,YU/BD,0
9/10/2019,23:00,Tuesday,YONGE-UNIVERSITY SUBWA,MUO,0,0,,YU,0
9/10/2019,23:49,Tuesday,ISLINGTON STATION,EUSC,0,0,W,BD,5199
9/10/2019,23:58,Tuesday,KIPLING STATION,MUSC,0,0,W,BD,5087
9/11/2019,00:24,Wednesday,MCCOWAN CAR HOUSE,SRO,0,0,,SRT,0
9/11/2019,01:02,Wednesday,YORK MILLS STATION,PUSSW,68,73,,YU,0
9/11/2019,01:43,Wednesday,DAVISVILLE STATION,MUPAA,0,0,N,YU,6061
9/11/2019,05:47,Wednesday,KIPLING STATION,MUSC,0,0,E,BD,5289
9/11/2019,06:43,Wednesday,GREENWOOD STATION,MUO,3,5,E,BD,5316
9/11/2019,06:50,Wednesday,VICTORIA PARK STATION,MUIRS,0,0,,BD,0
9/11/2019,06:54,Wednesday,UNION STATION,PUMEL,0,0,,YU,0
9/11/2019,06:55,Wednesday,DONLANDS STATION,TUDOE,16,18,E,BD,5253
9/11/2019,06:56,Wednesday,GREENWOOD STATION,PUSO,3,5,E,BD,5178
9/11/2019,07:22,Wednesday,GREENWOOD STATION,MUIR,7,9,W,BD,5070
9/11/2019,07:50,Wednesday,DUNDAS STATION,MUPAA,0,0,S,YU,5571
9/11/2019,08:09,Wednesday,BLOOR STATION,MUO,0,0,S,YU,6121
9/11/2019,08:21,Wednesday,DOWNSVIEW PARK STATION,SUDP,3,7,S,YU,5996
9/11/2019,08:23,Wednesday,KENNEDY BD STATION,MUSC,0,0,W,BD,5321
9/11/2019,08:34,Wednesday,BROADVIEW STATION,PUSTC,0,0,W,BD,5022
9/11/2019,09:28,Wednesday,CHESTER STATION,MUIRS,5,7,W,BD,5269
9/11/2019,09:44,Wednesday,ST GEORGE BD STATION,MUIR,3,5,E,BD,5235
9/11/2019,09:49,Wednesday,KIPLING STATION,EUSC,0,0,W,BD,5274
9/11/2019,10:59,Wednesday,DUNDAS STATION,PUMEL,0,0,,YU,0
9/11/2019,11:22,Wednesday,KEELE STATION,SUDP,0,0,,BD,0
9/11/2019,11:42,Wednesday,EGLINTON STATION,MUTO,4,7,S,YU,5901
9/11/2019,11:42,Wednesday,MAIN STREET STATION,PUMEL,0,0,,BD,0
9/11/2019,12:00,Wednesday,SUMMERHILL STATION,MUI,37,40,N,YU,5541
9/11/2019,12:15,Wednesday,ISLINGTON STATION,EUSC,0,0,E,BD,5307
9/11/2019,12:35,Wednesday,YONGE-UNIVERSITY SUBWA,MUGD,0,0,,YU,0
9/11/2019,13:30,Wednesday,BESSARION STATION,MUNCA,0,0,,SHP,0
9/11/2019,14:02,Wednesday,DUNDAS WEST STATION,SUDP,4,7,W,BD,5338
9/11/2019,14:19,Wednesday,WELLESLEY STATION,MUPAA,0,0,S,YU,5786
9/11/2019,14:31,Wednesday,ST PATRICK STATION,TUSC,0,0,N,YU,5676
9/11/2019,14:51,Wednesday,DUNDAS WEST STATION,MUSC,3,6,E,BD,5246
9/11/2019,14:55,Wednesday,SUMMERHILL STATION,MUIRS,0,0,,YU,0
9/11/2019,15:57,Wednesday,BLOOR STATION,PUMST,0,0,,YU,0
9/11/2019,16:22,Wednesday,FINCH STATION,MUPAA,0,0,S,YU,5936
9/11/2019,16:31,Wednesday,BLOOR STATION,MUIRS,0,0,N,YU,0
9/11/2019,16:32,Wednesday,KIPLING STATION,TUSC,0,0,E,BD,5313
9/11/2019,16:35,Wednesday,ST CLAIR WEST STATION,MUTO,3,6,N,YU,5701
9/11/2019,16:45,Wednesday,BLOOR STATION,PUMEL,0,0,S,YU,0
9/11/2019,16:48,Wednesday,BAY STATION,MUIR,0,0,,BD,0
9/11/2019,17:09,Wednesday,EGLINTON STATION,MUPAA,0,0,S,YU,6101
9/11/2019,18:38,Wednesday,KIPLING STATION,TUSC,0,0,W,BD,5167
9/11/2019,18:58,Wednesday,ST GEORGE YUS STATION,MUPAA,0,0,N,YU,5636
9/11/2019,19:06,Wednesday,CASTLE FRANK STATION,PUMEL,0,0,,BD,0
9/11/2019,20:34,Wednesday,SHEPPARD STATION,MUSC,0,0,N,YU,5676
9/11/2019,20:35,Wednesday,ISLINGTON STATION,MUSC,0,0,E,BD,5235
9/11/2019,22:00,Wednesday,YONGE-UNIVERSITY AND,MUO,0,0,,YU/BD,0
9/11/2019,22:46,Wednesday,SHERBOURNE STATION,SUCOL,0,0,E,BD,5136
9/11/2019,23:00,Wednesday,YONGE UNIVERSITY SUBWA,MUO,0,0,,YU,0
9/12/2019,00:23,Thursday,YORK MILLS STATION,PUTWZ,20,25,N,YU,5486
9/12/2019,00:34,Thursday,EGLINTON STATION,PUTWZ,3,8,S,YU,5666
9/12/2019,02:02,Thursday,DAVISVILLE STATION,PUTOE,5,10,N,YU,5436
9/12/2019,02:22,Thursday,KIPLING STATION,SUAE,0,0,,BD,0
9/12/2019,05:28,Thursday,ST PATRICK STATION,MUSC,0,0,S,YU,6006
9/12/2019,05:32,Thursday,FINCH STATION,TUSC,0,0,S,YU,5426
9/12/2019,05:41,Thursday,LAWRENCE STATION,MUSC,0,0,N,YU,5436
9/12/2019,05:48,Thursday,FINCH STATION,MUSC,0,0,S,YU,6131
9/12/2019,06:00,Thursday,TORONTO TRANSIT COMMIS,MUO,0,0,,YU/BD,0
9/12/2019,06:00,Thursday,TORONTO TRANSIT COMMIS,MUO,0,0,,SHP,0
9/12/2019,06:00,Thursday,TORONTO TRANSIT COMMIS,MRO,0,0,,SRT,0
9/12/2019,06:12,Thursday,FINCH STATION,EUTL,5,10,S,YU,5976
9/12/2019,06:32,Thursday,SHEPPARD WEST STATION,EUATC,12,16,N,YU,5586
9/12/2019,06:40,Thursday,GREENWOOD STATION,MUO,5,7,E,BD,5140
9/12/2019,06:55,Thursday,FINCH WEST STATION,MUO,10,13,N,YU,5426
9/12/2019,07:07,Thursday,KENNEDY BD STATION,MUSC,0,0,W,BD,5199
9/12/2019,07:27,Thursday,DOWNSVIEW PARK STATION,MUIR,6,10,S,YU,5736
9/12/2019,07:29,Thursday,ISLINGTON STATION,PUSTS,4,6,W,BD,5345
9/12/2019,07:32,Thursday,BLOOR STATION,PUMEL,0,0,N,YU,0
9/12/2019,07:38,Thursday,ISLINGTON STATION,TUSC,0,0,E,BD,5348
9/12/2019,07:48,Thursday,SHEPPARD-YONGE STATION,SUAP,0,0,,SHP,0
9/12/2019,07:53,Thursday,WARDEN STATION,TUMVS,0,0,E,BD,5139
9/12/2019,08:13,Thursday,VAUGHAN MC STATION,PUMEL,0,0,,YU,0
9/12/2019,08:15,Thursday,SPADINA BD STATION,MUIS,0,0,,BD,0
9/12/2019,08:26,Thursday,GLENCAIRN STATION,EUDO,3,6,S,YU,5471
9/12/2019,08:37,Thursday,BLOOR STATION,MUIRS,0,0,N,YU,5876
9/12/2019,08:39,Thursday,COLLEGE STATION,MUPAA,0,0,S,YU,6086
9/12/2019,08:47,Thursday,QUEEN'S PARK STATION,MUIRS,4,6,S,YU,5601
9/12/2019,08:52,Thursday,COLLEGE STATION,MUIR,3,5,S,YU,6056
9/12/2019,09:20,Thursday,NORTH YORK CTR STATION,EUSC,0,0,N,YU,5886
9/12/2019,09:24,Thursday,SCARBOROUGH CTR STATIO,MRPAA,0,0,N,SRT,3025
9/12/2019,09:35,Thursday,ISLINGTON STATION,SUDP,0,0,W,BD,5354
9/12/2019,10:37,Thursday,VAUGHAN MC STATION,MUO,0,0,,YU,0
9/12/2019,11:09,Thursday,ROYAL YORK STATION,PUSO,10,13,W,BD,5351
9/12/2019,11:21,Thursday,MIDLAND STATION,ERDO,6,12,N,SRT,3007
9/12/2019,11:33,Thursday,ISLINGTON STATION,TUSC,0,0,W,BD,5199
9/12/2019,11:58,Thursday,ISLINGTON STATION,TUSC,0,0,W,BD,5016
9/12/2019,12:04,Thursday,MCCOWAN STATION,TRNIP,0,0,S,SRT,3020
9/12/2019,12:08,Thursday,DUFFERIN STATION,PUMST,0,0,E,BD,0
9/12/2019,12:30,Thursday,YORK MILLS STATION,PUSI,0,0,S,YU,5606
9/12/2019,12:59,Thursday,SPADINA YUS STATION,SUO,5,8,N,YU,5881
9/12/2019,13:38,Thursday,YORK MILLS STATION,SUDP,3,6,S,YU,5861
9/12/2019,15:08,Thursday,SPADINA BD STATION,MUPAA,3,5,W,BD,5307
9/12/2019,15:40,Thursday,FINCH STATION,TUSC,0,0,N,YU,5196
9/12/2019,15:43,Thursday,MCCOWAN STATION,TRO,0,0,S,SRT,3012
9/12/2019,15:48,Thursday,COLLEGE STATION,SUDP,4,7,S,YU,6031
9/12/2019,16:11,Thursday,UNION STATION,SUDP,6,8,N,YU,5591
9/12/2019,16:57,Thursday,COLLEGE STATION,MUPAA,0,0,S,YU,6046
9/12/2019,17:09,Thursday,DAVISVILLE STATION,MUPAA,0,0,S,YU,5591
9/12/2019,17:09,Thursday,MCCOWAN STATION,ERTC,4,9,S,SRT,3012
9/12/2019,17:21,Thursday,BLOOR STATION,PUMEL,0,0,,YU,0
9/12/2019,17:36,Thursday,NORTH YORK CTR STATION,EUSC,0,0,N,YU,5886
9/12/2019,18:18,Thursday,LAWRENCE STATION,MUIR,3,5,N,YU,5951
9/12/2019,18:28,Thursday,ST CLAIR WEST STATION,MUPAA,3,5,N,YU,5456
9/12/2019,18:36,Thursday,JANE STATION,MUIS,0,0,,BD,0
9/12/2019,19:18,Thursday,DAVISVILLE STATION,MUIS,0,0,,YU,0
9/12/2019,19:30,Thursday,KEELE STATION,SUPOL,3,6,W,BD,5128
9/12/2019,19:34,Thursday,KENNEDY BD STATION,MUSC,4,7,W,BD,5314
9/12/2019,20:02,Thursday,LAWRENCE STATION,EUSC,0,0,S,YU,5566
9/12/2019,20:07,Thursday,EGLINTON STATION,MUSC,5,8,S,YU,5566
9/12/2019,20:23,Thursday,YONGE UNIVERSITY SPADI,MUTO,0,0,N,YU,5511
9/12/2019,21:24,Thursday,LAWRENCE WEST STATION,MUIS,0,0,,YU,0
9/12/2019,22:00,Thursday,MAIN STREET STATION,PUSTS,0,0,E,BD,5215
9/12/2019,22:00,Thursday,YONGE-UNIVERSITY AND B,MUO,0,0,,YU - BD,0
9/12/2019,22:06,Thursday,KEELE STATION,MUSC,0,0,W,BD,5274
9/12/2019,22:14,Thursday,COLLEGE STATION,SUUT,24,27,N,YU,5796
9/12/2019,23:38,Thursday,EGLINTON STATION,MUO,0,0,,YU,0
9/12/2019,23:41,Thursday,YORK MILLS STATION,TUSC,0,0,S,YU,6091
9/12/2019,23:43,Thursday,MCCOWAN STATION,ERDB,0,0,S,SRT,3020
9/13/2019,02:17,Friday,ST PATRICK STATION,EUOE,0,0,N,YU,5166
9/13/2019,02:36,Friday,SHEPPARD-YONGE STATION,TUMVS,0,0,W,SHP,6141
9/13/2019,05:17,Friday,DAVISVILLE HOSTLER,MUSC,0,0,N,YU,5976
9/13/2019,05:30,Friday,BATHURST STATION,MUNCA,0,0,,BD,0
9/13/2019,05:53,Friday,FINCH STATION,MUSC,0,0,N,YU,5971
9/13/2019,06:12,Friday,COXWELL STATION,MUSC,0,0,E,BD,5169
9/13/2019,06:12,Friday,WARDEN STATION,PUTR,3,7,W,BD,5171
9/13/2019,06:47,Friday,GREENWOOD STATION,MUO,3,6,E,BD,5296
9/13/2019,06:55,Friday,WELLESLEY STATION,MUO,0,0,,YU,0
9/13/2019,07:04,Friday,OSGOODE STATION,TUSC,0,0,S,YU,5566
9/13/2019,07:07,Friday,JANE STATION,TUSC,0,0,E,BD,5210
9/13/2019,07:18,Friday,DUNDAS STATION,SUAE,0,0,,YU,0
9/13/2019,07:26,Friday,COLLEGE STATION,TUSC,0,0,N,YU,5886
9/13/2019,08:15,Friday,LAWRENCE WEST STATION,MUPAA,0,0,N,YU,6121
9/13/2019,08:23,Friday,SHEPPARD STATION,MUSC,0,0,S,YU,5836
9/13/2019,08:34,Friday,FINCH STATION,MUSC,0,0,S,YU,5831
9/13/2019,08:37,Friday,SHEPPARD STATION,MUSC,0,0,N,YU,5626
9/13/2019,09:25,Friday,MAIN STREET STATION,MUDD,9,12,W,BD,5098
9/13/2019,09:28,Friday,LAWRENCE STATION,MUPAA,0,0,N,YU,5556
9/13/2019,09:49,Friday,DAVISVILLE STATION,MUSC,0,0,S,YU,5956
9/13/2019,10:02,Friday,FINCH STATION,MUSC,0,0,,YU,5666
9/13/2019,11:01,Friday,DAVISVILLE STATION,SUDP,4,8,S,YU,5781
9/13/2019,11:08,Friday,WOODBINE STATION,MUIS,0,0,,BD,0
9/13/2019,11:29,Friday,FINCH STATION,MUSC,0,0,S,YU,5831
9/13/2019,11:35,Friday,KENNEDY SRT STATION,ERDO,0,0,N,SRT,3007
9/13/2019,11:49,Friday,LAWRENCE WEST STATION,SUO,0,0,N,YU,5791
9/13/2019,12:12,Friday,WARDEN STATION,PUTR,4,7,W,BD,5210
9/13/2019,13:05,Friday,KENNEDY SRT STATION,MRD,0,0,N,SRT,3025
9/13/2019,14:05,Friday,MUSEUM STATION,PUMST,0,0,,YU,0
9/13/2019,14:27,Friday,CHRISTIE STATION,MUIS,0,0,,BD,0
9/13/2019,14:31,Friday,SHEPPARD-YONGE STATION,PUMEL,0,0,,SHP,0
9/13/2019,14:43,Friday,PAPE STATION,EUBO,3,6,E,BD,5353
9/13/2019,16:03,Friday,SHEPPARD STATION,PUMEL,0,0,,YU,0
9/13/2019,16:20,Friday,SHEPPARD WEST STATION,MUIRS,0,0,,YU,0
9/13/2019,16:24,Friday,WILSON YARD,EUOE,0,0,,YU,5756
9/13/2019,16:27,Friday,KIPLING STATION,MUSC,0,0,E,BD,5084
9/13/2019,16:48,Friday,KEELE STATION,MUSAN,3,5,,BD,5215
9/13/2019,17:44,Friday,LAWRENCE STATION,MUPAA,0,0,N,YU,5526
9/13/2019,17:46,Friday,KEELE STATION,MUIS,0,0,,BD,0
9/13/2019,17:53,Friday,KENNEDY BD STATION,TUSC,0,0,E,BD,5058
9/13/2019,19:12,Friday,DON MILLS STATION,PUSTS,0,0,W,SHP,6191
9/13/2019,19:30,Friday,ST GEORGE BD STATION,MUPAA,0,0,E,BD,5282
9/13/2019,20:06,Friday,KENNEDY BD STATION,MUIR,0,0,W,BD,5098
9/13/2019,21:02,Friday,ST CLAIR WEST STATION,SUDP,0,0,N,YU,5611
9/13/2019,21:13,Friday,FINCH STATION,EUNT,3,5,S,YU,5411
9/13/2019,21:25,Friday,MAIN STREET STATION,PUMEL,0,0,,BD,0
9/13/2019,21:47,Friday,DUFFERIN STATION,MUPAA,8,12,W,BD,5172
9/13/2019,22:00,Friday,YONGE-UNIVERSITY AND B,MUO,0,0,,YU/BD,0
9/13/2019,22:05,Friday,ST CLAIR WEST STATION,MUIRS,0,0,,YU,0
9/13/2019,22:29,Friday,KEELE STATION,MUSC,0,0,E,BD,5133
9/13/2019,22:49,Friday,PIONEER VILLAGE STATIO,MUATC,4,7,N,YU,5791
9/13/2019,23:41,Friday,CHESTER STATION,MUPAA,0,0,W,BD,5032
9/14/2019,00:14,Saturday,SPADINA BD STATION,MUIS,0,0,E,BD,0
9/14/2019,00:53,Saturday,KIPLING STATION,EUSC,0,0,W,BD,5172
9/14/2019,01:59,Saturday,KEELE STATION,TUSC,0,0,W,BD,5311
9/14/2019,06:15,Saturday,ST CLAIR STATION,EUYRD,4,9,S,YU,5456
9/14/2019,07:00,Saturday,DAVISVILLE STATION,MUSC,0,0,S,YU,5741
9/14/2019,09:21,Saturday,YORK MILLS STATION,TUSC,0,0,S,YU,5821
9/14/2019,09:36,Saturday,FINCH STATION,MUO,0,0,,YU,0
9/14/2019,09:46,Saturday,KENNEDY BD STATION,TUMVS,0,0,E,BD,5055
9/14/2019,11:23,Saturday,LAWRENCE STATION,MUNCA,0,0,,YU,0
9/14/2019,11:48,Saturday,ST PATRICK STATION,TUSC,0,0,S,YU,5571
9/14/2019,12:08,Saturday,KING STATION,MUI,16,21,N,YU,5926
9/14/2019,12:18,Saturday,OSSINGTON STATION,SUDP,7,11,E,BD,5089
9/14/2019,12:41,Saturday,CHESTER STATION,MUDD,11,13,W,BD,5197
9/14/2019,13:01,Saturday,ROYAL YORK STATION,SUEAS,12,16,E,BD,5289
9/14/2019,16:45,Saturday,ST GEORGE YUS STATION,MUIRS,0,0,,YU,0
9/14/2019,18:25,Saturday,DUNDAS STATION,MUIS,0,0,N,YU,0
9/14/2019,18:26,Saturday,YORKDALE STATION,MUIE,0,0,,YU,0
9/14/2019,20:32,Saturday,JANE STATION,TUSC,0,0,W,BD,5197
9/14/2019,20:38,Saturday,ST CLAIR STATION,SUAE,0,0,S,YU,5466
9/14/2019,21:31,Saturday,DUFFERIN STATION,MUSAN,4,9,W,BD,5239
9/14/2019,22:05,Saturday,ST CLAIR STATION,TUNIP,13,18,S,YU,5446
9/14/2019,23:00,Saturday,YONGE-UNIVERSITY AND B,MUO,0,0,,YU / BD,0
9/14/2019,23:00,Saturday,YONGE-UNIVERSITY SUBWA,MUO,0,0,,YU,0
9/14/2019,23:06,Saturday,WELLESLEY STATION,SUDP,13,18,N,YU,5696
9/14/2019,23:16,Saturday,OSSINGTON STATION,TUSC,0,0,W,BD,5241
9/15/2019,01:54,Sunday,SPADINA YUS STATION,MUIS,0,0,N,YU,5491
9/15/2019,02:12,Sunday,LAWRENCE STATION,MUSC,0,0,N,YU,6041
9/15/2019,07:54,Sunday,FINCH STATION,TUSC,0,0,S,YU,6046
9/15/2019,08:00,Sunday,YONGE-UNIVERSITY SUBWA,MUO,0,0,,YU,0
9/15/2019,08:02,Sunday,KEELE STATION,SUG,0,0,W,BD,5068
9/15/2019,08:05,Sunday,KEELE STATION,SUG,0,0,W,BD,5301
9/15/2019,08:14,Sunday,KIPLING STATION,MUO,5,10,E,BD,5193
9/15/2019,08:15,Sunday,KEELE STATION,SUG,0,0,W,BD,5110
9/15/2019,09:30,Sunday,LAWRENCE STATION,MUSC,0,0,N,YU,6041
9/15/2019,09:58,Sunday,BLOOR STATION,SUO,0,0,N,YU,5396
9/15/2019,09:58,Sunday,YONGE BD STATION,SUCOL,0,0,E,BD,5095
9/15/2019,10:00,Sunday,VICTORIA PARK STATION,EUBK,5,10,W,BD,5215
9/15/2019,10:04,Sunday,LAWRENCE STATION,MUSC,0,0,N,YU,5826
9/15/2019,10:37,Sunday,LAWRENCE STATION,MUSC,0,0,N,YU,5901
9/15/2019,10:56,Sunday,ISLINGTON STATION,MUSC,0,0,E,BD,5019
9/15/2019,11:12,Sunday,VICTORIA PARK STATION,MUSC,0,0,W,BD,5056
9/15/2019,11:22,Sunday,ISLINGTON STATION,MUSC,0,0,E,BD,5084
9/15/2019,11:30,Sunday,KIPLING STATION,MUSC,0,0,W,BD,5058
9/15/2019,11:48,Sunday,HIGH PARK STATION,MUIS,0,0,,BD,0
9/15/2019,11:48,Sunday,ROSEDALE STATION,TUOS,0,0,N,YU,6026
9/15/2019,11:56,Sunday,LAWRENCE STATION,EUSC,0,0,N,YU,5901
9/15/2019,12:27,Sunday,ST PATRICK STATION,EUBK,5,10,S,YU,5956
9/15/2019,12:35,Sunday,LAWRENCE STATION,MUSC,0,0,N,YU,6041
9/15/2019,13:28,Sunday,ST CLAIR STATION,MUIS,0,0,N,YU,0
9/15/2019,14:35,Sunday,BESSARION STATION,MUPAA,3,9,W,SHP,6181
9/15/2019,14:53,Sunday,ST GEORGE BD STATION,MUIS,0,0,,BD,0
9/15/2019,15:51,Sunday,DUFFERIN STATION,SUDP,0,0,W,BD,5195
9/15/2019,16:57,Sunday,KENNEDY BD STATION,MUIR,4,8,W,BD,5005
9/15/2019,18:22,Sunday,BATHURST STATION,SUAP,0,0,,BD,0
9/15/2019,19:31,Sunday,DONLANDS STATION,MUI,9,12,W,BD,5055
9/15/2019,19:39,Sunday,KENNEDY BD STATION,EUPI,4,8,W,BD,5227
9/15/2019,20:29,Sunday,KENNEDY BD STATION,MUIS,0,0,,BD,8896
9/15/2019,20:34,Sunday,LAWRENCE STATION,MUPAA,12,17,N,YU,5526
9/15/2019,20:36,Sunday,MAIN STREET STATION,SUDP,16,20,W,BD,5230
9/15/2019,20:55,Sunday,VAUGHAN MC STATION,MUIS,0,0,,YU,0
9/15/2019,22:00,Sunday,YONGE-UNIVERSITY AND B,MUO,0,0,,YU/BD,0
9/15/2019,22:11,Sunday,YORK MILLS STATION,SUAP,11,16,N,YU,6041
9/15/2019,23:20,Sunday,JANE STATION,MUSC,0,0,W,BD,5058
9/15/2019,23:39,Sunday,MUSEUM STATION,MUATC,3,8,N,YU,5491
9/15/2019,23:40,Sunday,COLLEGE STATION,SUAP,0,0,,YU,0
9/16/2019,00:04,Monday,BLOOR STATION,SUAE,0,0,N,,0
9/16/2019,00:33,Monday,VICTORIA PARK STATION,MUIS,0,0,E,BD,0
9/16/2019,00:52,Monday,LAWRENCE STATION,MUSC,0,0,N,YU,5606
9/16/2019,01:53,Monday,VAUGHAN MC STATION,MUIE,0,0,S,YU,5541
9/16/2019,02:28,Monday,WILSON HOSTLER,EUATC,0,0,S,YU,6101
9/16/2019,02:53,Monday,SHEPPARD WEST STATION,MUATC,0,0,S,YU,5631
9/16/2019,05:56,Monday,GREENWOOD STATION,MUSC,0,0,E,BD,5345
9/16/2019,06:10,Monday,GREENWOOD STATION,MUSC,0,0,E,BD,5119
9/16/2019,06:45,Monday,KIPLING STATION,MUSC,0,0,E,BD,5048
9/16/2019,06:55,Monday,KENNEDY BD STATION,MUSAN,3,5,W,BD,5195
9/16/2019,07:24,Monday,YORK MILLS STATION,MUPAA,0,0,N,YU,5696
9/16/2019,07:33,Monday,SHEPPARD STATION,MUTD,0,0,N,YU,5601
9/16/2019,08:35,Monday,ST CLAIR STATION,MUSC,0,0,S,YU,5486
9/16/2019,08:37,Monday,WELLESLEY STATION,MUIR,3,5,S,YU,6031
9/16/2019,08:44,Monday,ST GEORGE YUS STATION,MUD,4,6,S,YU,5471
9/16/2019,08:48,Monday,DAVISVILLE STATION,MUIS,0,0,S,YU,5521
9/16/2019,08:59,Monday,EGLINTON STATION,MUSC,0,0,N,YU,5411
9/16/2019,09:02,Monday,NORTH YORK CTR STATION,PUMEL,0,0,,YU,0
9/16/2019,09:12,Monday,RUNNYMEDE STATION,MUIRS,0,0,,BD,0
9/16/2019,09:26,Monday,BROADVIEW STATION,TUSC,0,0,E,BD,5219
9/16/2019,09:43,Monday,SHEPPARD-YONGE STATION,TUNIP,3,8,E,SHP,6146
9/16/2019,09:50,Monday,WILSON YARD,MUO,0,0,,YU,0
9/16/2019,10:00,Monday,OSGOODE STATION,TUSC,0,0,N,YU,5441
9/16/2019,10:02,Monday,BROADVIEW STATION,MUIS,0,0,,BD,0
9/16/2019,10:07,Monday,EGLINTON STATION,MUPAA,0,0,N,YU,6041
9/16/2019,10:30,Monday,KEELE STATION,TUO,5,8,E,BD,5254
9/16/2019,12:11,Monday,SPADINA BD STATION,MUIRS,7,10,W,BD,5315
9/16/2019,12:32,Monday,WILSON STATION,PUMO,0,0,,YU,0
9/16/2019,12:44,Monday,GREENWOOD YARD,MUODC,0,0,,BD,0
9/16/2019,13:04,Monday,ST GEORGE YUS STATION,MUO,0,0,N,YU,5381
9/16/2019,13:34,Monday,JANE STATION,MUSC,0,0,W,BD,5311
9/16/2019,14:18,Monday,JANE STATION,EUBK,0,0,W,BD,5152
9/16/2019,14:39,Monday,CASTLE FRANK STATION,MUIS,0,0,E,BD,0
9/16/2019,14:47,Monday,SHEPPARD-YONGE STATION,MUPAA,0,0,W,SHP,6186
9/16/2019,14:53,Monday,ST PATRICK STATION,MUSC,0,0,S,YU,5836
9/16/2019,15:15,Monday,ISLINGTON STATION,MUSC,0,0,W,BD,5087
9/16/2019,15:18,Monday,GLENCAIRN STATION,SUDP,3,6,N,YU,5641
9/16/2019,15:21,Monday,LAWRENCE WEST STATION,MUPAA,0,0,N,YU,5641
9/16/2019,15:32,Monday,ELLESMERE STATION,ERNT,3,8,N,SRT,7624
9/16/2019,16:05,Monday,DONLANDS STATION,SUDP,0,0,E,BD,5225
9/16/2019,16:13,Monday,OLD MILL STATION,MUPLB,5,7,W,BD,5053
9/16/2019,16:48,Monday,LAWRENCE WEST STATION,SUEAS,5,7,S,YU,5616
9/16/2019,17:14,Monday,KENNEDY BD STATION,MUSC,0,0,W,BD,5186
9/16/2019,17:28,Monday,CASTLE FRANK STATION,SUDP,5,7,W,BD,5166
9/16/2019,17:49,Monday,SUMMERHILL STATION,MUSC,0,0,N,YU,5466
9/16/2019,19:07,Monday,KING STATION,SUAP,7,10,N,YU,5631
9/16/2019,19:09,Monday,DUFFERIN STATION,MUPAA,0,0,E,BD,5321
9/16/2019,19:12,Monday,KEELE STATION,SUDP,0,0,E,BD,5254
9/16/2019,19:16,Monday,LAWRENCE STATION,EUBO,0,0,S,YU,5401
9/16/2019,20:06,Monday,EGLINTON STATION,TUSC,6,9,N,YU,5416
9/16/2019,20:37,Monday,ROYAL YORK STATION,MUPAA,0,0,E,BD,5289
9/16/2019,21:13,Monday,ISLINGTON STATION,TUMVS,0,0,E,BD,5069
9/16/2019,21:19,Monday,VICTORIA PARK STATION,MUIS,0,0,W,BD,0
9/16/2019,21:21,Monday,JANE STATION,TUO,4,7,E,BD,0
9/16/2019,22:00,Monday,YONGE-UNIVERSITY AND B,MUO,0,0,,YU/BD,0
9/16/2019,23:00,Monday,YONGE-UNIVERSITY SUBWA,MUO,0,0,,YU,0
9/17/2019,00:35,Tuesday,ISLINGTON STATION,MUSC,0,0,W,BD,5332
9/17/2019,01:07,Tuesday,LAWRENCE STATION,MUSAN,5,10,N,YU,6006
9/17/2019,01:31,Tuesday,ST PATRICK STATION,MUSC,0,0,S,YU,5601
9/17/2019,02:16,Tuesday,SPADINA YUS STATION,MUIS,0,0,,YU,0
9/17/2019,02:18,Tuesday,HIGHWAY 407 STATION,SUCOL,5,10,N,YU,5941
9/17/2019,05:42,Tuesday,KEELE STATION,MUO,4,0,W,BD,5362
9/17/2019,05:50,Tuesday,CASTLE FRANK STATION,EUSC,0,0,W,BD,5307
9/17/2019,05:52,Tuesday,KIPLING STATION,SUG,6,12,E,BD,5024
9/17/2019,06:14,Tuesday,KING STATION,EUSC,0,0,S,YU,5726
9/17/2019,06:15,Tuesday,COXWELL STATION,MUSC,0,0,E,BD,5243
9/17/2019,06:23,Tuesday,KENNEDY BD STATION,EUBK,0,0,W,BD,5354
9/17/2019,07:28,Tuesday,MUSEUM STATION,MUI,12,14,S,YU,5616
9/17/2019,07:46,Tuesday,EGLINTON STATION,MUSC,0,0,N,YU,5466
9/17/2019,07:49,Tuesday,ST PATRICK STATION,MUSC,3,5,S,YU,5601
9/17/2019,07:50,Tuesday,EGLINTON STATION,MUSC,0,0,N,YU,5681
9/17/2019,08:16,Tuesday,EGLINTON STATION,MUSC,0,0,N,YU,5411
9/17/2019,08:33,Tuesday,QUEEN'S PARK STATION,MUPAA,0,0,S,YU,6016
9/17/2019,08:39,Tuesday,ST CLAIR WEST STATION,MUIS,0,0,S,YU,0
9/17/2019,08:40,Tuesday,FINCH STATION,MUTO,3,5,S,YU,5411
9/17/2019,08:42,Tuesday,FINCH STATION,MUTO,3,5,S,YU,5726
9/17/2019,08:44,Tuesday,JANE STATION,MUSC,0,0,W,BD,5368
9/17/2019,08:47,Tuesday,SPADINA BD STATION,MUI,0,0,E,BD,5339
9/17/2019,08:47,Tuesday,ST CLAIR STATION,MUIS,0,0,S,YU,0
9/17/2019,08:49,Tuesday,JANE STATION,PUMST,0,0,,BD,0
9/17/2019,08:55,Tuesday,ST PATRICK STATION,TUATC,4,6,N,YU,5686
9/17/2019,09:06,Tuesday,ST PATRICK STATION,MUATC,0,0,N,YU,5936
9/17/2019,09:10,Tuesday,KENNEDY BD STATION,PUMEL,0,0,,BD,0
9/17/2019,09:31,Tuesday,KIPLING STATION,MUSC,0,0,E,BD,5009
9/17/2019,09:31,Tuesday,QUEEN STATION,MUTO,7,9,N,YU,5391
9/17/2019,10:19,Tuesday,LAWRENCE STATION,EUTL,0,0,S,YU,5836
9/17/2019,10:22,Tuesday,KENNEDY BD STATION,MUSC,0,0,W,BD,5353
9/17/2019,10:34,Tuesday,EGLINTON STATION,MUSC,0,0,N,YU,5466
9/17/2019,10:41,Tuesday,ST GEORGE YUS STATION,MUATC,0,0,N,YU,6076
9/17/2019,10:59,Tuesday,ST CLAIR WEST STATION,EUDO,0,0,S,YU,5676
9/17/2019,11:24,Tuesday,QUEEN STATION,PUMEL,0,0,,YU,0
9/17/2019,11:49,Tuesday,ST PATRICK STATION,EUATC,4,7,N,YU,5686
9/17/2019,12:01,Tuesday,QUEEN'S PARK STATION,EUATC,15,18,N,YU,5686
9/17/2019,12:07,Tuesday,PAPE STATION,MUDD,4,7,W,BD,5195
9/17/2019,12:40,Tuesday,LAWRENCE STATION,MUSC,0,0,N,YU,5551
9/17/2019,13:08,Tuesday,DUNDAS WEST STATION,MUPAA,4,7,E,BD,5213
9/17/2019,13:15,Tuesday,COXWELL STATION,TUSC,0,0,W,BD,5232
9/17/2019,13:22,Tuesday,GLENCAIRN STATION,MUATC,4,7,N,YU,6001
9/17/2019,13:38,Tuesday,EGLINTON STATION,MUSC,0,0,N,YU,5411
9/17/2019,14:41,Tuesday,SHEPPARD STATION,MUPAA,0,0,N,YU,5676
9/17/2019,14:53,Tuesday,FINCH WEST STATION,TUO,3,6,S,YU,6111
9/17/2019,15:30,Tuesday,KENNEDY SRT STATION,SRAE,0,0,N,SRT,3000
9/17/2019,17:09,Tuesday,KENNEDY BD STATION,MUSC,0,0,W,BD,5066
9/17/2019,17:16,Tuesday,DUNDAS WEST STATION,MUSC,0,0,W,BD,5107
9/17/2019,17:31,Tuesday,ST CLAIR STATION,MUPAA,0,0,N,YU,5661
9/17/2019,17:34,Tuesday,KING STATION,MUPAA,0,0,S,YU,5981
9/17/2019,17:35,Tuesday,KENNEDY BD STATION,TUO,0,0,E,BD,5245
9/17/2019,17:44,Tuesday,KENNEDY BD STATION,MUIS,0,0,,BD,0
9/17/2019,17:46,Tuesday,COLLEGE STATION,MUNCA,0,0,,YU,0
9/17/2019,17:46,Tuesday,EGLINTON STATION,MUSC,0,0,N,YU,5841
9/17/2019,17:47,Tuesday,FINCH STATION,MUSC,0,0,S,YU,5741
9/17/2019,19:37,Tuesday,ST CLAIR STATION,TUSC,0,0,N,YU,5736
9/17/2019,20:19,Tuesday,WELLESLEY STATION,MUPAA,0,0,N,YU,5571
9/17/2019,20:24,Tuesday,ST PATRICK STATION,MUATC,0,0,N,YU,5981
9/17/2019,21:55,Tuesday,QUEEN STATION,MUIRS,0,0,,YU,0
9/17/2019,22:00,Tuesday,YONGE-UNIVERSITY AND B,MUO,0,0,,YU/BD,0
9/17/2019,23:00,Tuesday,YONGE UNIVERSTIY SUBWA,MUO,0,0,,YU,0
9/17/2019,23:08,Tuesday,KIPLING STATION,MUPAA,0,0,E,BD,5087
9/17/2019,23:14,Tuesday,NORTH YORK CTR STATION,MUSC,0,0,S,YU,5486
9/18/2019,02:08,Wednesday,ST GEORGE YUS STATION,MUIS,0,0,S,YU,0
9/18/2019,02:13,Wednesday,KENNEDY BD STATION,MUIS,0,0,,BD,0
9/18/2019,04:43,Wednesday,WARDEN STATION,SUUT,0,0,,BD,0
9/18/2019,05:43,Wednesday,FINCH STATION,EUSC,0,0,S,YU,5486
9/18/2019,05:44,Wednesday,ROYAL YORK STATION,MUPAA,0,0,E,BD,5349
9/18/2019,05:45,Wednesday,YORK MILLS STATION,EUSC,0,0,S,YU,6001
9/18/2019,05:49,Wednesday,CHESTER STATION,MUSC,0,0,W,BD,5355
9/18/2019,06:04,Wednesday,COXWELL STATION,MUSC,0,0,E,BD,5363
9/18/2019,06:13,Wednesday,EGLINTON WEST STATION,MUATC,0,0,S,YU,5656
9/18/2019,06:16,Wednesday,KENNEDY BD STATION,EUBO,3,7,W,BD,5030
9/18/2019,06:16,Wednesday,SHEPPARD WEST STATION,MUATC,6,10,N,YU,6021
9/18/2019,06:50,Wednesday,WELLESLEY STATION,TUS,0,0,N,YU,5706
9/18/2019,07:36,Wednesday,UNION STATION TO ST AN,MUTO,0,0,N,YU,5836
9/18/2019,07:50,Wednesday,KIPLING STATION,MUO,3,5,E,BD,5278
9/18/2019,08:16,Wednesday,JANE STATION,TUSC,0,0,W,BD,5153
9/18/2019,08:18,Wednesday,NORTH YORK CTR STATION,EUDO,3,5,S,YU,5621
9/18/2019,08:24,Wednesday,SUMMERHILL STATION,MUPAA,0,0,S,YU,6011
9/18/2019,08:32,Wednesday,SHEPPARD-YONGE STATION,SUAE,0,0,,SHP,0
9/18/2019,08:35,Wednesday,ST GEORGE YUS STATION,MUATC,0,0,S,YU,5791
9/18/2019,08:59,Wednesday,ST PATRICK STATION,MUSC,0,0,S,YU,5426
9/18/2019,09:52,Wednesday,EGLINTON STATION,MUSC,0,0,N,YU,5411
9/18/2019,10:07,Wednesday,FINCH WEST STATION,PUMEL,0,0,,YU,0
9/18/2019,10:48,Wednesday,SUMMERHILL STATION,MUPAA,0,0,N,YU,5641
9/18/2019,11:14,Wednesday,GREENWOOD STATION,TUSC,0,0,E,BD,5331
9/18/2019,11:30,Wednesday,MCCOWAN STATION,TRNIP,0,0,S,SRT,3022
9/18/2019,11:46,Wednesday,UNION STATION TO ST AN,TUOS,3,6,N,YU,5406
9/18/2019,12:13,Wednesday,ROYAL YORK STATION,MUI,12,15,E,BD,5351
9/18/2019,12:21,Wednesday,SHEPPARD WEST STATION,SUO,0,0,N,YU,5406
9/18/2019,12:25,Wednesday,LAWRENCE WEST STATION,MUPAA,0,0,S,YU,6071
9/18/2019,12:44,Wednesday,CHRISTIE STATION,MUIS,0,0,,BD,0
9/18/2019,12:46,Wednesday,LAWRENCE STATION,EUSC,0,0,N,YU,5716
9/18/2019,13:43,Wednesday,WARDEN STATION,TUMVS,0,0,E,BD,5183
9/18/2019,13:59,Wednesday,COXWELL STATION,MUTO,0,0,W,BD,5182
9/18/2019,14:14,Wednesday,BLOOR STATION,PUTIJ,5,9,S,YU,6001
9/18/2019,14:31,Wednesday,SHEPPARD STATION,MUTO,0,0,N,YU,6031
9/18/2019,14:56,Wednesday,QUEEN'S PARK STATION,MUTO,0,0,S,YU,5396
9/18/2019,14:58,Wednesday,ST PATRICK STATION,MUSC,0,0,S,YU,5716
9/18/2019,15:36,Wednesday,HIGHWAY 407 STATION,TUATC,5,8,N,YU,5851
9/18/2019,15:43,Wednesday,EGLINTON STATION,EUSC,0,0,S,YU,5886
9/18/2019,15:46,Wednesday,DAVISVILLE STATION,EUSC,0,0,S,YU,5886
9/18/2019,15:51,Wednesday,SHEPPARD-YONGE STATION,EUBO,5,10,E,SHP,6171
9/18/2019,15:53,Wednesday,SUMMERHILL STATION,EUSC,0,0,S,YU,5886
9/18/2019,15:59,Wednesday,VAUGHAN MC STATION,TUATC,8,11,N,YU,6131
9/18/2019,16:02,Wednesday,YONGE BD STATION,PUMEL,0,0,,BD,0
9/18/2019,16:29,Wednesday,DUFFERIN STATION,MUPAA,0,0,W,BD,5232
9/18/2019,16:29,Wednesday,DUNDAS WEST STATION,MUSC,0,0,E,BD,5361
9/18/2019,16:50,Wednesday,ST CLAIR STATION,MUI,8,10,S,YU,6001
9/18/2019,17:22,Wednesday,JANE STATION,SUSA,0,0,,BD,0
9/18/2019,17:51,Wednesday,NORTH YORK CTR STATION,MUPAA,0,0,S,YU,5721
9/18/2019,18:01,Wednesday,JANE STATION,MUSC,9,11,E,BD,5050
9/18/2019,18:38,Wednesday,UNION STATION,TUMVS,3,5,N,YU,6611
9/18/2019,20:38,Wednesday,KIPLING STATION,TUSC,0,0,W,BD,5239
9/18/2019,20:40,Wednesday,WOODBINE STATION,MUIR,3,6,W,BD,5126
9/18/2019,21:27,Wednesday,EGLINTON STATION,MUSC,0,0,N,YU,5841
9/18/2019,21:29,Wednesday,RUNNYMEDE STATION,MUIS,0,0,,BD,0
9/18/2019,21:30,Wednesday,SHEPPARD-YONGE STATION,TUMVS,0,0,W,SHP,6141
9/18/2019,21:41,Wednesday,HIGHWAY 407 STATION,MUPAA,0,0,N,YU,5966
9/18/2019,22:00,Wednesday,YONGE-UNIVERSITY AND B,MUO,0,0,,YU/BD,0
9/18/2019,22:10,Wednesday,NORTH YORK CTR STATION,MUIR,10,15,N,YU,5531
9/18/2019,22:54,Wednesday,YORK UNIVERSITY STATIO,MUIS,0,0,,YU,0
9/18/2019,23:00,Wednesday,YONGE-UNIVERSITY SUBWA,MUO,0,0,,YU,0
9/18/2019,23:01,Wednesday,YORK UNIVERSITY STATIO,MUATC,3,8,S,YU,5976
9/19/2019,00:14,Thursday,DUNDAS WEST STATION,TUMVS,0,0,W,BD,5102
9/19/2019,00:31,Thursday,MCCOWAN STATION,MRTO,11,16,S,SRT,3013
9/19/2019,00:42,Thursday,VAUGHAN MC STATION,MUTO,5,10,S,YU,5511
9/19/2019,00:44,Thursday,LAWRENCE STATION,PUTWZ,13,18,N,YU,5636
9/19/2019,00:53,Thursday,BROADVIEW STATION,TUSC,0,0,W,BD,5026
9/19/2019,01:17,Thursday,VAUGHAN MC STATION,EUYRD,5,10,S,YU,5951
9/19/2019,01:45,Thursday,SHEPPARD-YONGE STATION,TUSC,0,0,E,SHP,6146
9/19/2019,05:43,Thursday,FINCH STATION,TUO,3,5,S,YU,5871
9/19/2019,05:54,Thursday,YORK MILLS STATION,EUSC,3,6,S,YU,5886
9/19/2019,05:58,Thursday,KIPLING STATION,MUSC,0,0,E,BD,5339
9/19/2019,05:58,Thursday,LAWRENCE STATION,EUSC,3,6,S,YU,5886
9/19/2019,06:07,Thursday,ISLINGTON STATION,MUSC,0,0,E,BD,5280
9/19/2019,06:18,Thursday,SPADINA BD STATION,MUIRS,0,0,E,BD,0
9/19/2019,06:27,Thursday,KENNEDY BD STATION,MUSC,0,0,W,BD,5153
9/19/2019,06:28,Thursday,COXWELL STATION,MUSC,0,0,E,BD,5194
9/19/2019,06:30,Thursday,DUFFERIN STATION,MUIRS,0,0,W,BD,0
9/19/2019,06:30,Thursday,WILSON STATION,MUO,3,5,S,YU,5671
9/19/2019,06:38,Thursday,BLOOR STATION,EUBK,0,0,N,YU,6106
9/19/2019,06:58,Thursday,DON MILLS STATION,MUTO,0,0,W,SHP,6141
9/19/2019,07:01,Thursday,DUNDAS STATION,TUO,0,0,N,YU,5466
9/19/2019,07:14,Thursday,EGLINTON STATION,MUSC,0,0,N,YU,5466
9/19/2019,07:18,Thursday,DUNDAS STATION,TUO,3,5,N,YU,5481
9/19/2019,07:18,Thursday,LANSDOWNE STATION,MUIS,0,0,,BD,0
9/19/2019,07:20,Thursday,WILSON STATION,MUATC,3,5,S,YU,5991
9/19/2019,07:33,Thursday,SHEPPARD WEST STATION,EUDO,3,5,S,YU,5676
9/19/2019,08:05,Thursday,BLOOR STATION,EUBK,0,0,N,YU,5961
9/19/2019,08:25,Thursday,ST GEORGE YUS STATION,MUPAA,0,0,S,YU,5751
9/19/2019,08:28,Thursday,UNION TO ST ANDREW,MUPAA,3,5,N,YU,5821
9/19/2019,08:39,Thursday,BATHURST STATION,MUD,3,5,E,BD,5201
9/19/2019,08:43,Thursday,KENNEDY SRT STATION,MRUI,12,17,N,SRT,3014
9/19/2019,08:52,Thursday,LESLIE STATION,TUSC,0,0,W,SHP,6181
9/19/2019,08:59,Thursday,ST GEORGE YUS STATION,TUCC,0,0,S,YU,6061
9/19/2019,09:08,Thursday,CASTLE FRANK STATION,PUMO,0,0,,BD,0
9/19/2019,09:29,Thursday,KING STATION,MUSC,0,0,S,YU,5671
9/19/2019,09:58,Thursday,ST CLAIR STATION,MUSC,0,0,N,YU,5466
9/19/2019,11:12,Thursday,QUEEN'S PARK STATION,EUATC,15,18,N,YU,5681
9/19/2019,12:13,Thursday,YONGE BD STATION,MUIS,0,0,,BD,0
9/19/2019,12:29,Thursday,EGLINTON STATION,TUCC,9,12,S,YU,5786
9/19/2019,12:33,Thursday,EGLINTON WEST STATION,MUIR,0,0,S,YU,5806
9/19/2019,13:07,Thursday,HIGHWAY 407 STATION,MUIR,10,13,N,YU,5381
9/19/2019,13:10,Thursday,OSSINGTON STATION,MUIS,0,0,,BD,0
9/19/2019,13:49,Thursday,QUEEN STATION,MUIS,0,0,N,YU,0
9/19/2019,13:49,Thursday,QUEEN STATION,TUMVS,0,0,N,YU,5701
9/19/2019,15:20,Thursday,WOODBINE STATION,SUUT,8,11,E,BD,5245
9/19/2019,15:20,Thursday,WOODBINE STATION,PUSO,0,0,E,BD,5245
9/19/2019,15:27,Thursday,DAVISVILLE STATION,SUUT,6,9,N,YU,5411
9/19/2019,15:49,Thursday,COXWELL STATION,PUSTC,5,8,W,BD,5227
9/19/2019,15:53,Thursday,VICTORIA PARK STATION,EUBK,0,0,W,BD,5102
9/19/2019,16:05,Thursday,DAVISVILLE STATION,MUTO,0,0,S,YU,5411
9/19/2019,16:06,Thursday,WOODBINE STATION,TUSC,0,0,W,BD,5361
9/19/2019,16:10,Thursday,BLOOR DANFORTH SUBWAY,MUO,0,0,N,YU,6046
9/19/2019,16:10,Thursday,KIPLING STATION,PUMEL,0,0,,BD,0
9/19/2019,16:16,Thursday,BAY STATION,SUDP,0,0,E,BD,5228
9/19/2019,16:17,Thursday,WOODBINE STATION,TUSC,0,0,W,BD,5102
9/19/2019,17:01,Thursday,KING STATION,MUSC,0,0,S,YU,5486
9/19/2019,17:05,Thursday,DAVISVILLE STATION,MUPAA,3,5,N,YU,5616
9/19/2019,17:09,Thursday,YONGE BD STATION BOOTH,MUNCA,0,0,,BD,0
9/19/2019,17:11,Thursday,WARDEN STATION,MUD,3,5,W,BD,5234
9/19/2019,17:12,Thursday,DUNDAS STATION,PUMO,0,0,,YU,0
9/19/2019,17:30,Thursday,BLOOR STATION,MUIR,4,6,N,YU,6006
9/19/2019,17:42,Thursday,MUSEUM STATION,EUDO,3,5,S,YU,5401
9/19/2019,17:54,Thursday,KENNEDY BD STATION,MUSC,0,0,W,BD,5224
9/19/2019,18:10,Thursday,DUNDAS STATION,SUSA,0,0,S,YU,0
9/19/2019,18:12,Thursday,BATHURST STATION,MUIS,0,0,E,BD,0
9/19/2019,18:39,Thursday,KING STATION,MUPAA,5,7,N,YU,5481
9/19/2019,19:24,Thursday,BATHURST STATION,SUDP,4,7,W,BD,5333
9/19/2019,19:32,Thursday,EGLINTON STATION,MUSC,0,0,N,YU,5391
9/19/2019,19:47,Thursday,EGLINTON STATION,MUSC,0,0,N,YU,5526
9/19/2019,20:36,Thursday,EGLINTON WEST STATION,PUMEL,0,0,,YU,0
9/19/2019,21:00,Thursday,EGLINTON STATION,MUSC,0,0,E,YU,5841
9/19/2019,21:04,Thursday,BLOOR STATION,MUIS,0,0,S,YU,0
9/19/2019,21:05,Thursday,EGLINTON STATION,EUNT,4,7,N,YU,5716
9/19/2019,21:15,Thursday,YORK UNIVERSITY STATIO,MUATC,0,0,S,YU,5961
9/19/2019,21:52,Thursday,JANE STATION,TUSC,0,0,W,BD,5174
9/19/2019,22:00,Thursday,YONGE-UNIVERSITY AND B,MUO,0,0,,YU/BD,0
9/19/2019,22:12,Thursday,COLLEGE STATION,MUPAA,4,9,N,YU,5676
9/19/2019,22:16,Thursday,ST CLAIR STATION,MUPAA,4,9,N,YU,5391
9/19/2019,23:00,Thursday,YONGE-UNIVERSITY SUBWA,MUO,0,0,,YU,0
9/19/2019,23:12,Thursday,YORK UNIVERSITY STATIO,EUBK,5,10,S,YU,5976
9/19/2019,23:37,Thursday,BLOOR DANFORTH SUBWAY,MUGD,0,0,,BD,0
9/20/2019,00:05,Friday,NORTH YORK CTR STATION,MUIRS,0,0,N,YU,0
9/20/2019,01:04,Friday,LESLIE STATION,SUDP,0,0,,SHP,0
9/20/2019,02:00,Friday,YORK MILLS STATION,SUUT,11,16,N,YU,6086
9/20/2019,02:21,Friday,KENNEDY BD STATION,MUI,0,0,,BD,5290
9/20/2019,05:31,Friday,FINCH STATION,TUCC,4,0,S,YU,6081
9/20/2019,05:44,Friday,GREENWOOD STATION,EUTL,10,14,E,BD,5256
9/20/2019,06:16,Friday,LAWRENCE STATION,TUSC,0,0,N,YU,5501
9/20/2019,06:37,Friday,WILSON STATION,TUO,4,7,S,YU,5381
9/20/2019,06:39,Friday,COXWELL STATION,MUSC,0,0,E,BD,5194
9/20/2019,06:51,Friday,EGLINTON STATION,MUSC,0,0,N,YU,5466
9/20/2019,07:03,Friday,KENNEDY BD STATION,MUSC,0,0,E,BD,5189
9/20/2019,07:10,Friday,EGLINTON WEST STATION,MUATC,0,0,S,YU,5391
9/20/2019,08:12,Friday,SUMMERHILL STATION,EUSC,3,5,S,YU,5886
9/20/2019,08:33,Friday,YORK MILLS STATION,TUSC,0,0,N,YU,6116
9/20/2019,08:35,Friday,WOODBINE STATION,EUSC,3,5,E,BD,5189
9/20/2019,08:55,Friday,COLLEGE STATION,PUMST,0,0,,YU,0
9/20/2019,08:57,Friday,ST GEORGE BD STATION,TUS,5,7,E,BD,5368
9/20/2019,09:15,Friday,EGLINTON STATION,MUSC,0,0,N,YU,5526
9/20/2019,09:30,Friday,GLENCAIRN STATION,MUPAA,0,0,S,YU,5806
9/20/2019,10:15,Friday,LAWRENCE EAST STATION,ERDO,5,10,N,SRT,3019
9/20/2019,10:23,Friday,ELLESMERE STATION,ERCD,5,10,N,SRT,3019
9/20/2019,10:36,Friday,VAUGHAN MC STATION,PUSSW,44,47,S,YU,5145
9/20/2019,10:41,Friday,ST CLAIR STATION,MUIS,0,0,S,YU,0
9/20/2019,11:27,Friday,VAUGHAN MC STATION,MUIRS,0,0,,YU,0
9/20/2019,11:37,Friday,YORKDALE STATION,MUPAA,0,0,S,YU,5406
9/20/2019,11:45,Friday,QUEEN STATION,MUIR,8,12,N,YU,5486
9/20/2019,12:23,Friday,DONLANDS STATION,EUDO,3,6,E,BD,5191
9/20/2019,12:30,Friday,ROYAL YORK STATION,TUSC,0,0,E,BD,5256
9/20/2019,12:39,Friday,LAWRENCE STATION,EUDO,3,6,S,YU,5481
9/20/2019,13:07,Friday,FINCH WEST STATION,SUCOL,0,0,N,YU,6106
9/20/2019,14:03,Friday,WILSON STATION,MUTO,0,0,N,YU,5446
9/20/2019,14:35,Friday,MAIN STREET STATION,MUSC,0,0,W,BD,5333
9/20/2019,14:40,Friday,FINCH WEST STATION,MUATC,0,0,S,YU,5666
9/20/2019,14:47,Friday,ISLINGTON STATION,PUMST,0,0,,BD,0
9/20/2019,15:38,Friday,ROYAL YORK STATION,MUPAA,0,0,E,BD,5005
9/20/2019,15:55,Friday,ST GEORGE YUS STATION,MUATC,0,0,S,YU,5791
9/20/2019,16:03,Friday,LAWRENCE EAST STATION,MRPAA,0,0,S,SRT,3002
9/20/2019,16:17,Friday,PAPE STATION,MUIS,0,0,,BD,0
9/20/2019,16:49,Friday,YONGE BD STATION,MUPAA,0,0,W,BD,5234
9/20/2019,16:57,Friday,DUNDAS WEST STATION,MUIRS,0,0,,BD,0
9/20/2019,17:00,Friday,RUNNYMEDE STATION,MUNCA,0,0,,BD,0
9/20/2019,17:20,Friday,ST GEORGE YUS STATION,MUPAA,0,0,S,YU,6131
9/20/2019,17:34,Friday,ST GEORGE YUS STATION,MUATC,0,0,S,YU,5536
9/20/2019,17:35,Friday,COLLEGE STATION,SUDP,20,23,S,YU,5771
9/20/2019,17:46,Friday,ROSEDALE STATION,MUPAA,0,0,S,YU,5436
9/20/2019,17:59,Friday,WELLESLEY STATION,MUSC,0,0,S,YU,5816
9/20/2019,18:08,Friday,ST PATRICK STATION,EUDO,0,0,N,YU,5771
9/20/2019,18:31,Friday,KEELE STATION,MUSC,0,0,E,BD,5349
9/20/2019,18:35,Friday,KIPLING STATION,MUIS,0,0,,BD,0
9/20/2019,18:41,Friday,LAWRENCE STATION,EUSC,0,0,N,YU,5881
9/20/2019,18:51,Friday,NORTH YORK CTR STATION,EUSC,0,0,N,YU,5881
9/20/2019,19:06,Friday,BLOOR STATION,MUI,20,23,N,YU,5906
9/20/2019,19:12,Friday,KIPLING STATION,MUI,3,6,E,BD,0
9/20/2019,21:05,Friday,SHERBOURNE STATION,MUIR,0,0,E,BD,5285
9/20/2019,21:35,Friday,BAY STATION,SUUT,8,12,W,BD,5083
9/20/2019,21:36,Friday,SUMMERHILL STATION,MUPAA,0,0,S,YU,5516
9/20/2019,22:00,Friday,YONGE-UNIVERSITY AND B,MUO,0,0,,YU/BD,0
9/20/2019,22:01,Friday,EGLINTON STATION,MUSC,0,0,N,YU,5841
9/20/2019,22:26,Friday,SPADINA YUS STATION,MUIRS,0,0,S,YU,0
9/20/2019,22:40,Friday,FINCH STATION,MUTO,5,10,N,YU,5806
9/20/2019,23:01,Friday,ST PATRICK STATION,MUATC,0,0,N,YU,5901
9/20/2019,23:06,Friday,ST GEORGE BD STATION,MUIS,0,0,W,BD,5035
9/20/2019,23:20,Friday,YONGE-UNIVERSITY SUBWA,MUGD,0,0,,YU,0
9/21/2019,00:15,Saturday,VAUGHAN MC STATION,MUI,5,10,S,YU,5125
9/21/2019,00:16,Saturday,BLOOR STATION,SUUT,18,23,N,YU,5496
9/21/2019,00:46,Saturday,QUEEN STATION,MUPAA,0,0,S,YU,5596
9/21/2019,01:34,Saturday,UNION STATION,SUDP,0,0,N,YU,5676
9/21/2019,01:37,Saturday,BAYVIEW STATION,TUMVS,6,12,W,SHP,6156
9/21/2019,03:02,Saturday,WARDEN STATION,MUIS,0,0,,BD,0
9/21/2019,06:12,Saturday,KENNEDY BD STATION,MUSC,0,0,W,BD,5253
9/21/2019,07:58,Saturday,WELLESLEY STATION,MUPAA,3,8,N,YU,5646
9/21/2019,08:07,Saturday,YONGE BD STATION,SUEAS,7,12,W,BD,5285
9/21/2019,10:51,Saturday,KENNEDY SRT STATION,MRUIR,6,12,E,SRT,3011
9/21/2019,11:04,Saturday,WILSON STATION,EUDO,4,8,S,YU,5501
9/21/2019,11:06,Saturday,ELLESMERE STATION,MRUI,0,0,N,SRT,0
9/21/2019,11:10,Saturday,DUNDAS WEST STATION,MUNCA,0,0,,BD,0
9/21/2019,11:13,Saturday,BROADVIEW STATION,MUDD,9,13,W,BD,5030
9/21/2019,11:13,Saturday,LAWRENCE WEST STATION,MUATC,4,8,S,YU,5501
9/21/2019,11:21,Saturday,YORKDALE STATION,MUATC,6,10,S,YU,5896
9/21/2019,12:14,Saturday,GREENWOOD STATION,TUSC,0,0,E,BD,5289
9/21/2019,13:01,Saturday,OLD MILL STATION,PUMO,0,0,,BD,0
9/21/2019,13:36,Saturday,UNION STATION (TO KING,MUPAA,0,0,N,YU,6106
9/21/2019,13:41,Saturday,ROYAL YORK STATION,MUIS,0,0,,BD,0
9/21/2019,13:41,Saturday,SHEPPARD-YONGE STATION,MUIS,0,0,,SHP,0
9/21/2019,14:11,Saturday,VAUGHAN MC STATION,MUSAN,3,6,S,YU,5836
9/21/2019,14:16,Saturday,BAY STATION,SUROB,3,7,E,BD,5036
9/21/2019,14:48,Saturday,ST CLAIR WEST STATION,SUAP,0,0,N,YU,6102
9/21/2019,15:10,Saturday,EGLINTON WEST STATION,MUIR,8,11,N,YU,5866
9/21/2019,16:58,Saturday,ST CLAIR WEST STATION,SUDP,0,0,S,YU,5916
9/21/2019,18:01,Saturday,KING STATION,SUUT,3,6,S,YU,5521
9/21/2019,18:06,Saturday,CASTLE FRANK STATION,MUPAA,3,7,W,BD,5087
9/21/2019,18:19,Saturday,ST GEORGE YUS STATION,SUAP,3,6,N,YU,6121
9/21/2019,18:22,Saturday,ROYAL YORK STATION,MUNCA,0,0,,BD,0
9/21/2019,18:42,Saturday,UNION STATION (TO ST A,MUDD,5,8,N,YU,5756
9/21/2019,18:44,Saturday,LANSDOWNE STATION,SUDP,0,0,E,BD,5005
9/21/2019,18:54,Saturday,BROADVIEW STATION,MUPAA,0,0,E,BD,5343
9/21/2019,18:58,Saturday,COLLEGE STATION,TUMVS,0,0,S,YU,5641
9/21/2019,18:59,Saturday,DUNDAS STATION,TUO,3,6,S,YU,5641
9/21/2019,19:06,Saturday,KENNEDY BD STATION,TUMVS,0,0,E,BD,5124
9/21/2019,19:21,Saturday,GREENWOOD WYE,PUEWZ,0,0,E,BD,5078
9/21/2019,19:26,Saturday,MAIN STREET STATION,PUMST,0,0,,BD,0
9/21/2019,20:05,Saturday,LAWRENCE STATION,MUSC,5,10,N,YU,5951
9/21/2019,20:44,Saturday,KING STATION,SUDP,0,0,,YU,0
9/21/2019,20:48,Saturday,SUMMERHILL STATION,MUSC,0,0,S,YU,5956
9/21/2019,22:00,Saturday,YONGE-UNIVERSITY & BLO,MUO,0,0,,YU/BD,0
9/21/2019,22:27,Saturday,COXWELL STATION,TUNIP,6,12,E,BD,5124
9/21/2019,23:54,Saturday,DUNDAS STATION,MUPAA,10,15,N,YU,5851
9/22/2019,00:04,Sunday,FINCH STATION,MUIR,5,10,S,YU,6096
9/22/2019,00:31,Sunday,DONLANDS STATION,TUSC,0,0,W,BD,5320
9/22/2019,01:26,Sunday,YONGE STATION,SUDP,5,9,W,BD,5102
9/22/2019,04:28,Sunday,SCARBOROUGH CTR STATIO,MRIE,0,0,,SRT,0
9/22/2019,08:00,Sunday,BLOOR DANFORTH SUBWAY,MUO,0,0,,BD,0
9/22/2019,08:02,Sunday,KIPLING STATION,TUSC,0,0,E,BD,5211
9/22/2019,08:08,Sunday,EGLINTON STATION,TUNIP,3,0,N,YU,5751
9/22/2019,08:34,Sunday,KENNEDY BD STATION,MUSC,0,0,W,BD,5122
9/22/2019,08:37,Sunday,KIPLING STATION,MUSC,0,0,W,BD,5102
9/22/2019,09:05,Sunday,ST PATRICK STATION,MUSC,0,0,S,YU,6011
9/22/2019,09:08,Sunday,VICTORIA PARK STATION,MUSC,0,0,W,BD,5364
9/22/2019,09:19,Sunday,YORK MILLS STATION,EUSC,0,0,N,YU,5881
9/22/2019,09:37,Sunday,DOWNSVIEW PARK STATION,PUSRA,5,10,S,YU,5601
9/22/2019,09:56,Sunday,ST CLAIR STATION,MUPAA,0,0,N,YU,5951
9/22/2019,10:50,Sunday,EGLINTON WEST STATION,PUMST,0,0,S,YU,0
9/22/2019,11:40,Sunday,ST CLAIR WEST STATION,EUNT,3,8,S,YU,5686
9/22/2019,11:46,Sunday,MCCOWAN STATION,TRNIP,6,13,S,SRT,3006
9/22/2019,11:54,Sunday,VICTORIA PARK STATION,MUPAA,0,0,E,BD,5122
9/22/2019,11:57,Sunday,FINCH STATION,MUTO,3,8,S,YU,5816
9/22/2019,12:06,Sunday,ST GEORGE YUS STATION,MUATC,0,0,N,YU,5446
9/22/2019,12:09,Sunday,ST CLAIR STATION,MUIS,0,0,,YU,0
9/22/2019,12:56,Sunday,SCARBOROUGH CTR STATIO,MRPAA,0,0,N,SRT,3009
9/22/2019,13:01,Sunday,DUPONT STATION,EUBK,0,0,N,YU,5551
9/22/2019,13:04,Sunday,CASTLE FRANK STATION,SUO,20,24,W,BD,5128
9/22/2019,13:18,Sunday,KEELE STATION,MUSAN,4,8,W,BD,5180
9/22/2019,13:27,Sunday,BAY STATION,TUSC,0,0,E,BD,5177
9/22/2019,13:42,Sunday,ST CLAIR WEST STATION,MUIS,0,0,,YU,0
9/22/2019,14:05,Sunday,RUNNYMEDE STATION,TUSC,0,0,W,BD,5285
9/22/2019,14:11,Sunday,COXWELL STATION,TUSC,0,0,W,BD,5336
9/22/2019,14:17,Sunday,DUNDAS STATION,MUIS,0,0,,YU,0
9/22/2019,14:26,Sunday,LAWRENCE STATION,EUSC,4,8,N,YU,5881
9/22/2019,14:32,Sunday,EGLINTON WEST STATION,MUPAA,0,0,S,YU,5526
9/22/2019,14:54,Sunday,BROADVIEW STATION,MUIS,0,0,,BD,0
9/22/2019,15:23,Sunday,SHEPPARD WEST STATION,MUTO,0,0,S,YU,5836
9/22/2019,15:38,Sunday,MAIN STREET STATION,MUSAN,4,8,W,BD,5174
9/22/2019,16:32,Sunday,EGLINTON STATION,MUSC,0,0,N,YU,5581
9/22/2019,16:34,Sunday,FINCH STATION,MUTO,4,8,S,YU,5831
9/22/2019,16:59,Sunday,VICTORIA PARK STATION,MUIRS,0,0,E,BD,0
9/22/2019,17:46,Sunday,EGLINTON WEST STATION,MUIS,0,0,,YU,0
9/22/2019,18:01,Sunday,FINCH STATION,MUSC,0,0,S,YU,5771
9/22/2019,18:05,Sunday,KING STATION,MUIS,0,0,,YU,0
9/22/2019,18:27,Sunday,YORK MILLS STATION,TUSC,0,0,S,YU,6081
9/22/2019,19:38,Sunday,KIPLING STATION,MUIS,0,0,,BD,0
9/22/2019,20:08,Sunday,BAY STATION,MUIR,10,14,W,BD,5128
9/22/2019,20:23,Sunday,ROSEDALE STATION,MUIS,0,0,,YU,0
9/22/2019,20:37,Sunday,ST PATRICK STATION,SUDP,4,9,N,YU,5386
9/22/2019,22:00,Sunday,YONGE-UNIVERSITY & BLO,MUO,0,0,,YU/BD,0
9/22/2019,23:22,Sunday,ST GEORGE YUS STATION,MUIS,0,0,,YU,0
9/22/2019,23:49,Sunday,ST GEORGE YUS STATION,SUDP,0,0,S,YU,6106
9/23/2019,01:03,Monday,GREENWOOD STATION,TUSC,0,0,W,BD,5179
9/23/2019,01:16,Monday,LANSDOWNE STATION,MUIS,0,0,E,BD,5234
9/23/2019,02:34,Monday,SHEPPARD-YONGE STATION,TUMVS,4,5,W,SHP,6186
9/23/2019,05:52,Monday,KIPLING STATION,SUG,6,12,E,BD,5054
9/23/2019,05:54,Monday,KENNEDY BD STATION,MUSC,0,0,W,BD,5098
9/23/2019,05:59,Monday,COXWELL STATION,MUSC,0,0,E,BD,5333
9/23/2019,06:00,Monday,TORONTO TRANSIT COMMIS,MUO,0,0,,BD,0
9/23/2019,06:00,Monday,TORONTO TRANSIT COMMIS,MUO,0,0,,SHP,0
9/23/2019,06:00,Monday,TORONTO TRANSIT COMMIS,MRO,0,0,,SRT,0
9/23/2019,06:03,Monday,WILSON STATION,EUBO,5,8,S,YU,5381
9/23/2019,06:24,Monday,WARDEN STATION,MUSC,0,0,E,BD,5277
9/23/2019,06:42,Monday,MCCOWAN STATION,ERO,7,12,S,SRT,3009
9/23/2019,06:43,Monday,ROYAL YORK STATION,MUSC,0,0,E,BD,5222
9/23/2019,07:26,Monday,SPADINA BD STATION,MUIS,0,0,,BD,0
9/23/2019,07:56,Monday,BAY STATION,MUSC,0,0,W,BD,5026
9/23/2019,08:09,Monday,WARDEN STATION,MUSC,0,0,E,BD,5277
9/23/2019,08:53,Monday,SHEPPARD WEST STATION,MUIRS,0,0,,YU,0
9/23/2019,09:28,Monday,DON MILLS STATION,TUSC,0,0,W,SHP,6161
9/23/2019,09:45,Monday,UNION STATION,MUTD,0,0,N,YU,5851
9/23/2019,09:52,Monday,BAY STATION,EUNT,3,6,E,BD,5003
9/23/2019,09:58,Monday,WELLESLEY STATION,MUIR,6,8,S,YU,5766
9/23/2019,10:34,Monday,NORTH YORK CTR STATION,TUSC,0,0,N,YU,5736
9/23/2019,10:36,Monday,ROYAL YORK STATION,TUSC,0,0,E,BD,5065
9/23/2019,10:42,Monday,WILSON STATION,EUYRD,3,6,S,YU,5581
9/23/2019,11:08,Monday,YORK MILLS STATION,TUMVS,3,6,S,YU,5521
9/23/2019,11:54,Monday,CHRISTIE STATION,SUDP,4,7,W,BD,5228
9/23/2019,12:02,Monday,WELLESLEY STATION,SUAE,0,0,,YU,0
9/23/2019,12:19,Monday,COLLEGE STATION,MUIS,0,0,N,YU,0
9/23/2019,12:53,Monday,KENNEDY BD STATION,MUTO,3,6,E,BD,5368
9/23/2019,13:10,Monday,KIPLING STATION,TUSC,0,0,W,BD,5314
9/23/2019,13:37,Monday,EGLINTON STATION,MUTO,3,6,S,YU,6096
9/23/2019,13:47,Monday,KEELE STATION,SUEAS,11,14,W,BD,5228
9/23/2019,14:02,Monday,OSSINGTON STATION,TUMVS,3,6,E,BD,5138
9/23/2019,15:02,Monday,BROADVIEW STATION,TUMVS,5,8,E,BD,5022
9/23/2019,15:15,Monday,WOODBINE STATION,MUIE,0,0,,BD,0
9/23/2019,15:51,Monday,KIPLING STATION,MUIS,0,0,W,BD,5301
9/23/2019,16:23,Monday,KIPLING STATION,MUTO,5,7,E,BD,5234
9/23/2019,16:48,Monday,BAYVIEW STATION,TUSC,0,0,E,SHP,6181
9/23/2019,16:48,Monday,EGLINTON WEST STATION,EUDO,4,7,N,YU,6036
9/23/2019,16:53,Monday,ST ANDREW STATION,TUMVS,6,8,N,YU,6121
9/23/2019,16:58,Monday,DONLANDS STATION,EUNT,3,5,E,BD,5217
9/23/2019,17:01,Monday,HIGH PARK STATION,MUSC,0,0,W,BD,5354
9/23/2019,17:10,Monday,QUEEN'S PARK STATION,PUMST,0,0,,YU,0
9/23/2019,17:12,Monday,ST CLAIR WEST STATION,MUPAA,0,0,N,YU,6121
9/23/2019,17:14,Monday,DUNDAS STATION,MUPAA,0,0,N,YU,5616
9/23/2019,18:24,Monday,COXWELL STATION,TUSC,0,0,W,BD,5320
9/23/2019,18:29,Monday,KENNEDY BD STATION,MUSC,0,0,W,BD,5007
9/23/2019,18:57,Monday,GREENWOOD YARD,SUG,0,0,,BD,5201
9/23/2019,19:09,Monday,KEELE STATION,MUDD,5,8,E,BD,5085
9/23/2019,19:45,Monday,BROADVIEW STATION,TUMVS,7,10,E,BD,5245
9/23/2019,20:03,Monday,KENNEDY BD STATION,SUDP,0,0,,BD,0
9/23/2019,20:09,Monday,FINCH STATION,PUMEL,0,0,,YU,0
9/23/2019,20:59,Monday,GREENWOOD STATION,MUIRS,0,0,,BD,0
9/23/2019,21:06,Monday,PIONEER VILLAGE STATIO,MUI,18,21,N,YU,6136
9/23/2019,22:00,Monday,YONGE-UNIVERSITY & BLO,MUO,0,0,,YU/BD,0
9/23/2019,22:15,Monday,WOODBINE STATION,MUIS,0,0,,BD,0
9/23/2019,22:52,Monday,COXWELL STATION,TUNIP,3,7,W,BD,5274
9/23/2019,22:57,Monday,COXWELL STATION,MUIS,0,0,,BD,0
9/23/2019,23:43,Monday,FINCH STATION,SUUT,6,11,S,YU,5656
9/24/2019,00:16,Tuesday,BLOOR STATION,PUTWZ,5,10,S,YU,5816
9/24/2019,00:27,Tuesday,VICTORIA PARK STATION,SUUT,25,29,W,BD,5245
9/24/2019,00:52,Tuesday,MAIN STREET STATION,SUDP,5,9,E,BD,5312
9/24/2019,00:55,Tuesday,YORK MILLS STATION,MUIRS,0,0,S,YU,6086
9/24/2019,00:59,Tuesday,JANE STATION,MUIRS,0,0,,BD,0
9/24/2019,05:09,Tuesday,ISLINGTON STATION,SUCOL,0,0,,BD,0
9/24/2019,05:37,Tuesday,UNION STATION,PUTO,0,0,N,YU,5946
9/24/2019,05:41,Tuesday,KIPLING STATION,TUSC,0,0,W,BD,5271
9/24/2019,05:43,Tuesday,COLLEGE STATION,MUNCA,0,0,,YU,0
9/24/2019,05:53,Tuesday,KIPLING STATION,MUSC,0,0,E,BD,5290
9/24/2019,05:59,Tuesday,BLOOR STATION,PUTO,4,0,N,YU,5941
9/24/2019,06:33,Tuesday,GREENWOOD STATION,EUTL,3,5,E,BD,5005
9/24/2019,06:35,Tuesday,UNION STATION,TUMVS,0,0,S,YU,5511
9/24/2019,06:48,Tuesday,DONLANDS STATION,MUO,3,5,W,BD,5066
9/24/2019,06:56,Tuesday,DONLANDS STATION,MUO,3,5,W,BD,5044
9/24/2019,07:02,Tuesday,DONLANDS STATION,MUSC,0,0,W,BD,5037
9/24/2019,07:19,Tuesday,KENNEDY BD STATION,MUSC,0,0,W,BD,5094
9/24/2019,07:42,Tuesday,ROSEDALE STATION,MUI,4,6,S,YU,6096
9/24/2019,07:49,Tuesday,OSSINGTON STATION,TUSC,0,0,E,BD,5261
9/24/2019,07:55,Tuesday,ST PATRICK STATION,MUSC,0,0,S,YU,5496
9/24/2019,08:13,Tuesday,ROYAL YORK STATION,EUSC,0,0,W,BD,5368
9/24/2019,08:17,Tuesday,WARDEN STATION,MUIRS,0,0,,BD,0
9/24/2019,08:33,Tuesday,BROADVIEW STATION,MUIRS,0,0,W,BD,0
9/24/2019,08:33,Tuesday,OSSINGTON STATION,TUSC,0,0,W,BD,5371
9/24/2019,08:43,Tuesday,KEELE STATION,MUSC,0,0,E,BD,5118
9/24/2019,08:57,Tuesday,OSSINGTON STATION,TUMVS,3,5,E,BD,5085
9/24/2019,09:11,Tuesday,NORTH YORK CTR STATION,PUMEL,0,0,,YU,0
9/24/2019,09:44,Tuesday,DAVISVILLE STATION,TUSC,0,0,S,YU,5516
9/24/2019,10:11,Tuesday,NORTH YORK CTR STATION,MUSC,0,0,S,YU,6106
9/24/2019,10:58,Tuesday,VAUGHAN MC STATION,TUNIP,0,0,S,YU,6131
9/24/2019,11:01,Tuesday,ST CLAIR WEST STATION,PUSO,0,0,N,YU,5796
9/24/2019,11:40,Tuesday,KENNEDY BD STATION,MUSC,0,0,W,BD,5371
9/24/2019,12:04,Tuesday,OSSINGTON STATION,MUI,24,27,W,BD,5035
9/24/2019,13:05,Tuesday,UNION STATION,PUMEL,0,0,,YU,0
9/24/2019,13:45,Tuesday,FINCH STATION,EUBO,3,6,S,YU,6116
9/24/2019,14:35,Tuesday,ROYAL YORK STATION,MUO,5,8,E,BD,5065
9/24/2019,14:45,Tuesday,DONLANDS STATION,PUSNT,3,5,W,BD,5140
9/24/2019,15:06,Tuesday,GREENWOOD STATION,PUSTC,3,5,E,BD,5213
9/24/2019,15:19,Tuesday,NORTH YORK CTR STATION,MUSC,0,0,S,YU,5576
9/24/2019,16:09,Tuesday,WELLESLEY STATION,MUIR,5,7,N,YU,5531
9/24/2019,16:22,Tuesday,SHEPPARD-YONGE STATION,TUSC,0,0,E,SHP,6191
9/24/2019,16:30,Tuesday,SHERBOURNE STATION,MUIS,0,0,E,BD,0
9/24/2019,17:23,Tuesday,KENNEDY BD STATION,MUSC,0,0,W,BD,5000
9/24/2019,17:25,Tuesday,BAY STATION,MUIR,3,5,W,BD,5179
9/24/2019,17:37,Tuesday,MAIN STREET STATION,MUPAA,0,0,E,BD,5151
9/24/2019,17:48,Tuesday,BLOOR STATION,MUPAA,0,0,N,YU,5896
9/24/2019,18:29,Tuesday,YONGE BD STATION,MUIS,0,0,,BD,0
9/24/2019,18:30,Tuesday,ST GEORGE BD STATION,TUSC,0,0,E,BD,5271
9/24/2019,18:56,Tuesday,SUMMERHILL STATION,MUNCA,0,0,,YU,0
9/24/2019,19:18,Tuesday,WILSON STATION,MUIS,0,0,N,YU,5816
9/24/2019,19:30,Tuesday,MAIN STREET STATION,PUEME,3,6,W,BD,5066
9/24/2019,19:36,Tuesday,ROSEDALE STATION,MUIRS,0,0,N,YU,0
9/24/2019,20:25,Tuesday,ST CLAIR STATION,MUIR,12,15,N,YU,5566
9/24/2019,20:41,Tuesday,WILSON STATION,MUIS,0,0,,YU,0
9/24/2019,20:43,Tuesday,YORKDALE STATION,MUATC,4,7,N,YU,5546
9/24/2019,21:05,Tuesday,YONGE BD STATION,MUSAN,6,9,W,BD,5227
9/24/2019,21:19,Tuesday,FINCH WEST STATION,PUMEL,0,0,,YU,0
9/24/2019,22:00,Tuesday,YONGE-UNIVERSITY & BLO,MUO,0,0,,YU/BD,0
9/24/2019,22:08,Tuesday,COXWELL STATION,TUNIP,3,7,W,BD,5169
9/24/2019,22:16,Tuesday,FINCH STATION,MUIRS,0,0,,YU,0
9/24/2019,22:38,Tuesday,YORK UNIVERSITY STATIO,PUMEL,0,0,,YU,0
9/24/2019,22:53,Tuesday,SHEPPARD WEST STATION,MUATC,0,0,S,YU,5451
9/24/2019,23:13,Tuesday,ST ANDREW STATION,MUO,0,0,,YU,0
9/24/2019,23:37,Tuesday,ST ANDREW STATION,TUNIP,8,13,N,YU,6096
9/25/2019,00:06,Wednesday,BLOOR STATION,PUTWZ,7,12,,YU,0
9/25/2019,00:07,Wednesday,FINCH STATION,MUPAA,0,0,,YU,5446
9/25/2019,00:29,Wednesday,FINCH STATION,MUSAN,5,10,,YU,6121
9/25/2019,02:01,Wednesday,NORTH YORK CTR STATION,SUDP,0,0,S,YU,0
9/25/2019,05:40,Wednesday,GREENWOOD STATION,MUSC,6,10,E,BD,5112
9/25/2019,05:53,Wednesday,VAUGHAN MC STATION,EUDO,4,8,N,YU,5401
9/25/2019,05:57,Wednesday,BATHURST STATION,SUO,0,0,E,BD,5008
9/25/2019,05:57,Wednesday,WOODBINE STATION,SUG,4,8,W,BD,5338
9/25/2019,06:15,Wednesday,KING STATION,MUPLB,19,21,N,YU,6106
9/25/2019,06:47,Wednesday,BAY STATION,PUMEL,0,0,,BD,0
9/25/2019,06:47,Wednesday,KIPLING STATION,MUSC,5,7,E,BD,5112
9/25/2019,06:53,Wednesday,ST GEORGE YUS STATION,MUATC,3,5,S,YU,5836
9/25/2019,07:41,Wednesday,ST PATRICK STATION,MUSC,0,0,S,YU,5541
9/25/2019,08:19,Wednesday,ST CLAIR WEST STATION,MUATC,3,5,S,YU,5981
9/25/2019,08:23,Wednesday,FINCH STATION,SUAP,0,0,,YU,0
9/25/2019,08:32,Wednesday,EGLINTON STATION,MUPAA,3,5,S,YU,6096
9/25/2019,08:51,Wednesday,FINCH STATION,PUMST,0,0,,YU,0
9/25/2019,08:51,Wednesday,MAIN STREET STATION,MUIS,0,0,,BD,0
9/25/2019,09:08,Wednesday,YORK MILLS STATION,MUIS,0,0,,YU,0
9/25/2019,09:14,Wednesday,MUSEUM STATION,MUPAA,0,0,S,YU,6126
9/25/2019,10:14,Wednesday,WELLESLEY STATION,MUPAA,3,5,N,YU,5676
9/25/2019,11:23,Wednesday,FINCH STATION,TUSC,0,0,N,YU,5476
9/25/2019,11:51,Wednesday,NORTH YORK CTR STATION,PUSI,0,0,S,YU,5521
9/25/2019,12:44,Wednesday,FINCH STATION,SUDP,5,8,S,YU,5716
9/25/2019,13:40,Wednesday,EGLINTON STATION,TUO,4,7,N,YU,5676
9/25/2019,13:58,Wednesday,MAIN STREET STATION,PUSO,0,0,W,BD,5213
9/25/2019,14:06,Wednesday,ST GEORGE YUS STATION,MUTO,0,0,N,YU,5451
9/25/2019,14:33,Wednesday,SHEPPARD STATION,MUTO,0,0,N,YU,5061
9/25/2019,14:56,Wednesday,DAVISVILLE STATION,MUPAA,0,0,N,YU,6116
9/25/2019,15:08,Wednesday,KIPLING STATION,MUSAN,2,4,E,BD,0
9/25/2019,15:29,Wednesday,DUNDAS WEST STATION,PUMEL,0,0,,BD,0
9/25/2019,15:49,Wednesday,KING STATION,PUMEL,0,0,,YU,0
9/25/2019,16:32,Wednesday,DUFFERIN STATION,MUIS,0,0,,BD,0
9/25/2019,16:41,Wednesday,OLD MILL STATION,TUSC,0,0,W,BD,5035
9/25/2019,16:52,Wednesday,WARDEN STATION,EUDO,6,8,W,BD,5234
9/25/2019,17:06,Wednesday,NORTH YORK CTR STATION,EUSC,0,0,S,YU,5881
9/25/2019,17:26,Wednesday,DAVISVILLE STATION,MUPAA,0,0,S,YU,5696
9/25/2019,17:34,Wednesday,CASTLE FRANK STATION,EUBK,0,0,W,BD,5314
9/25/2019,17:36,Wednesday,ST CLAIR STATION,MUPAA,0,0,N,YU,5981
9/25/2019,17:39,Wednesday,QUEEN STATION,MUPLB,30,32,S,YU,5881
9/25/2019,17:50,Wednesday,GLENCAIRN STATION,MUPAA,0,0,S,YU,5556
9/25/2019,17:55,Wednesday,ST CLAIR WEST STATION,MUATC,0,0,S,YU,5501
9/25/2019,18:00,Wednesday,KIPLING STATION,TUSC,0,0,W,BD,5306
9/25/2019,18:01,Wednesday,QUEEN STATION,MUNCA,0,0,,YU,0
9/25/2019,18:13,Wednesday,EGLINTON STATION,MUPAA,0,0,N,YU,6166
9/25/2019,18:36,Wednesday,SHEPPARD STATION,MUTO,0,0,N,YU,5551
9/25/2019,18:49,Wednesday,BROADVIEW STATION,PUMEL,0,0,,BD,0
9/25/2019,18:50,Wednesday,DUNDAS STATION,SUO,0,0,,YU,0
9/25/2019,19:01,Wednesday,EGLINTON STATION,PUMEL,0,0,,YU,0
9/25/2019,19:23,Wednesday,KENNEDY BD STATION,MUIRS,0,0,,BD,0
9/25/2019,19:26,Wednesday,WARDEN STATION,TUMVS,0,0,W,BD,5346
9/25/2019,19:27,Wednesday,FINCH STATION,MUNCA,0,0,,YU,0
9/25/2019,19:36,Wednesday,EGLINTON STATION,MUTO,0,0,N,YU,5796
9/25/2019,20:20,Wednesday,UNION STATION,PUSNT,0,0,N,YU,5941
9/25/2019,20:38,Wednesday,BLOOR STATION,PUMEL,0,0,,YU,0
9/25/2019,22:00,Wednesday,YONGE-UNIVERSITY & BLO,MUO,0,0,,YU/BD,0
9/25/2019,22:07,Wednesday,BLOOR STATION,SUAE,0,0,S,YU,0
9/25/2019,22:40,Wednesday,UNION STATION (TO ST A,TUCC,8,13,N,YU,5546
9/25/2019,23:30,Wednesday,ST ANDREW TO BLOOR ST,MUO,0,0,,YU,0
9/25/2019,23:31,Wednesday,BLOOR STATION,TUO,5,10,S,YU,5411
9/26/2019,00:16,Thursday,FINCH STATION,EUBO,5,10,N,YU,5916
9/26/2019,00:45,Thursday,BLOOR STATION,PUTWZ,8,13,S,YU,5646
9/26/2019,05:46,Thursday,GREENWOOD YARD,MUSC,0,0,W,BD,5222
9/26/2019,06:06,Thursday,FINCH STATION,MUSC,0,0,S,YU,6121
9/26/2019,06:17,Thursday,SPADINA BD STATION,PUMO,0,0,,BD,0
9/26/2019,06:23,Thursday,VICTORIA PARK STATION,MUSC,0,0,W,BD,5346
9/26/2019,06:41,Thursday,ISLINGTON STATION,MUSC,0,0,W,BD,5306
9/26/2019,06:48,Thursday,ISLINGTON STATION,MUSC,0,0,W,BD,5132
9/26/2019,07:01,Thursday,SPADINA YUS STATION,SUEAS,8,10,S,YU,5791
9/26/2019,07:03,Thursday,ISLINGTON STATION,EUSC,0,0,E,BD,5121
9/26/2019,07:04,Thursday,SPADINA YUS STATION,MUIS,0,0,S,YU,5791
9/26/2019,07:06,Thursday,KENNEDY BD STATION,TUO,0,0,E,BD,5106
9/26/2019,07:39,Thursday,SHERBOURNE STATION,MUPAA,0,0,W,BD,5000
9/26/2019,07:43,Thursday,ROYAL YORK STATION,MUPAA,0,0,W,BD,5158
9/26/2019,08:22,Thursday,LAWRENCE STATION,MUI,10,12,N,YU,5601
9/26/2019,08:50,Thursday,EGLINTON STATION,MUIR,0,0,S,YU,5591
9/26/2019,08:50,Thursday,MUSEUM STATION,MUIR,0,0,S,YU,5726
9/26/2019,09:31,Thursday,FINCH STATION,MUTO,3,6,S,YU,5571
9/26/2019,10:03,Thursday,ST PATRICK STATION,MUATC,7,9,N,YU,5756
9/26/2019,10:42,Thursday,PAPE STATION,MUIR,3,6,E,BD,5368
9/26/2019,10:55,Thursday,DONLANDS STATION,MUIS,0,0,,BD,0
9/26/2019,11:08,Thursday,SHEPPARD STATION,PUSI,0,0,S,YU,5521
9/26/2019,11:11,Thursday,SHEPPARD STATION,PUSI,0,0,S,YU,5906
9/26/2019,11:26,Thursday,OSGOODE STATION,TUSC,0,0,N,YU,5606
9/26/2019,11:38,Thursday,YORK MILLS STATION,MUPR1,193,196,S,YU,5541
9/26/2019,12:29,Thursday,SHEPPARD STATION,TUO,3,6,S,YU,6011
9/26/2019,12:39,Thursday,QUEEN STATION,MUIS,0,0,N,YU,0
9/26/2019,12:42,Thursday,EGLINTON STATION,MUPAA,0,0,S,YU,5841
9/26/2019,12:43,Thursday,LAWRENCE STATION,MUSC,0,0,S,YU,5866
9/26/2019,13:04,Thursday,LAWRENCE STATION,TUSC,0,0,S,YU,5566
9/26/2019,13:13,Thursday,CHESTER STATION,MUIR,6,9,E,BD,5343
9/26/2019,13:38,Thursday,LANSDOWNE STATION,SUDP,4,7,E,BD,5106
9/26/2019,14:44,Thursday,YORK MILLS STATION,MUSC,0,0,N,YU,6081
9/26/2019,15:07,Thursday,FINCH STATION,TUMVS,3,6,N,YU,5711
9/26/2019,15:07,Thursday,FINCH STATION,MUPAA,3,6,N,YU,5711
9/26/2019,15:14,Thursday,KING STATION,PUTIJ,3,6,S,YU,5801
9/26/2019,15:21,Thursday,YORK MILLS STATION,MUPAA,0,0,S,YU,5841
9/26/2019,15:29,Thursday,LAWRENCE STATION,MUSC,0,0,N,YU,5596
9/26/2019,15:41,Thursday,LAWRENCE STATION,MUPAA,0,0,N,YU,5746
9/26/2019,15:54,Thursday,EGLINTON STATION,MUIS,0,0,,YU,0
9/26/2019,16:12,Thursday,WILSON STATION,MUO,3,8,N,YU,5766
9/26/2019,16:58,Thursday,VAUGHAN MC STATION,SUDP,0,0,,YU,0
9/26/2019,17:08,Thursday,KING STATION,PUTIJ,3,6,N,YU,6116
9/26/2019,17:30,Thursday,JANE STATION,MUIS,0,0,,BD,0
9/26/2019,17:33,Thursday,KING STATION,PUTIJ,0,0,N,YU,5756
9/26/2019,17:49,Thursday,HIGH PARK STATION,PUTIJ,7,9,W,BD,5291
9/26/2019,18:00,Thursday,UNION STATION,TUMVS,0,0,S,YU,5596
9/26/2019,18:25,Thursday,BAY STATION,SUO,0,0,W,BD,5239
9/26/2019,19:21,Thursday,DUNDAS WEST STATION,MUSC,0,0,E,BD,5368
9/26/2019,20:28,Thursday,MCCOWAN STATION,MRTO,5,10,S,SRT,3023
9/26/2019,20:28,Thursday,SCARBOROUGH CTR STATIO,MRTO,7,12,S,SRT,3026
9/26/2019,21:16,Thursday,DON MILLS STATION,EUNT,3,8,W,SHP,6151
9/26/2019,21:23,Thursday,OSGOODE STATION,SUDP,3,6,S,YU,5976
9/26/2019,22:00,Thursday,YONGE-UNIVERSITY AND B,MUO,0,0,,YU/BD,0
9/26/2019,22:14,Thursday,WARDEN STATION,SUDP,4,8,W,BD,5086
9/26/2019,23:02,Thursday,BLOOR STATION,PUMEL,0,0,N,YU,0
9/26/2019,23:06,Thursday,COXWELL STATION,TUNIP,3,7,W,BD,5278
9/26/2019,23:15,Thursday,BLOOR STATION,MUO,0,0,,YU,0
9/26/2019,23:39,Thursday,BROADVIEW STATION,SUDP,0,0,E,BD,0
9/26/2019,23:46,Thursday,COXWELL STATION,TUNIP,3,7,W,BD,5035
9/27/2019,00:11,Friday,KENNEDY BD STATION,MUI,5,9,W,BD,5180
9/27/2019,00:15,Friday,ST CLAIR WEST STATION,MUIS,0,0,,YU,0
9/27/2019,01:00,Friday,FINCH WEST STATION,MUPAA,0,0,S,YU,5741
9/27/2019,01:09,Friday,QUEEN STATION,MUIS,0,0,N,YU,6026
9/27/2019,01:16,Friday,YORK MILLS STATION,MUPLB,17,22,S,YU,5476
9/27/2019,01:19,Friday,ST CLAIR WEST STATION,PUSCA,0,0,N,YU,5556
9/27/2019,03:12,Friday,HIGHWAY 407 STATION,SUDP,0,0,,YU,0
9/27/2019,05:31,Friday,FINCH STATION,TUCC,4,0,S,YU,5641
9/27/2019,05:36,Friday,FINCH STATION,PUTWZ,5,9,S,YU,5816
9/27/2019,06:03,Friday,KIPLING STATION,MUSC,0,0,E,BD,5368
9/27/2019,06:24,Friday,SHEPPARD-YONGE STATION,MUIS,0,0,,SHP,0
9/27/2019,08:27,Friday,ST CLAIR WEST STATION,MUIRS,0,0,,YU,0
9/27/2019,08:40,Friday,SPADINA YUS STATION,MUIR,5,7,S,YU,5836
9/27/2019,08:43,Friday,VICTORIA PARK STATION,MUIS,0,0,,BD,0
9/27/2019,08:53,Friday,ST CLAIR WEST STATION,EUNT,9,11,S,YU,5691
9/27/2019,09:03,Friday,KEELE STATION,MUSC,0,0,W,BD,5343
9/27/2019,09:10,Friday,EGLINTON WEST STATION,MUPAA,0,0,N,YU,6071
9/27/2019,09:15,Friday,ISLINGTON STATION,MUO,18,20,E,BD,5128
9/27/2019,09:47,Friday,ST GEORGE YUS STATION,MUIR,3,5,S,YU,6096
9/27/2019,10:26,Friday,WOODBINE STATION,MUSC,0,0,W,BD,5296
9/27/2019,11:25,Friday,ROSEDALE STATION,EUSC,0,0,N,YU,5881
9/27/2019,11:26,Friday,QUEEN'S PARK STATION,MUPAA,3,6,N,YU,6091
9/27/2019,11:35,Friday,KIPLING STATION,TUSC,0,0,W,BD,5287
9/27/2019,11:52,Friday,ST GEORGE BD STATION,MUD,0,0,W,BD,5180
9/27/2019,11:53,Friday,OLD MILL STATION,TUMVS,3,6,W,BD,5222
9/27/2019,12:18,Friday,OLD MILL STATION,TUMVS,0,0,W,BD,5145
9/27/2019,12:20,Friday,WELLESLEY STATION,SUDP,3,6,S,YU,5886
9/27/2019,12:23,Friday,MUSEUM STATION,TUATC,10,13,S,YU,5871
9/27/2019,13:00,Friday,SPADINA BD STATION,MUDD,4,7,W,BD,5306
9/27/2019,13:09,Friday,ST CLAIR WEST STATION,MUPAA,0,0,S,YU,5911
9/27/2019,13:16,Friday,ST CLAIR STATION,MUPAA,0,0,S,YU,5531
9/27/2019,13:26,Friday,LAWRENCE STATION,MUSC,0,0,N,YU,5931
9/27/2019,14:40,Friday,DUNDAS WEST STATION,EUNT,3,6,E,BD,5301
9/27/2019,14:50,Friday,SHEPPARD STATION,MUTO,0,0,N,YU,5921
9/27/2019,15:08,Friday,COXWELL STATION,TUO,4,7,E,BD,5301
9/27/2019,15:08,Friday,OLD MILL STATION,TUMVS,0,0,W,BD,5035
9/27/2019,15:39,Friday,ST PATRICK STATION,MUATC,0,0,N,YU,5391
9/27/2019,16:04,Friday,SHERBOURNE STATION,MUD,14,16,W,BD,5335
9/27/2019,16:13,Friday,ST GEORGE BD STATION,TUSC,0,0,W,BD,5160
9/27/2019,16:28,Friday,KEELE STATION,TUSC,0,0,W,BD,5323
9/27/2019,16:33,Friday,BROADVIEW STATION,SUDP,3,6,E,BD,5027
9/27/2019,17:12,Friday,KIPLING STATION,TUSC,0,0,W,BD,5280
9/27/2019,17:46,Friday,DUNDAS STATION,MUIS,0,0,S,YU,0
9/27/2019,17:54,Friday,COXWELL STATION,MUTO,3,5,E,BD,5218
9/27/2019,18:10,Friday,SHEPPARD STATION,MUIR,0,0,N,YU,5806
9/27/2019,18:18,Friday,YONGE BD STATION,SUAP,0,0,,BD,0
9/27/2019,18:36,Friday,MAIN STREET STATION,SUDP,0,0,W,BD,5351
9/27/2019,19:45,Friday,BLOOR DANFORTH SUBWAY,MUGD,0,0,,BD,0
9/27/2019,20:30,Friday,YONGE BD STATION,MUPAA,0,0,W,BD,5052
9/27/2019,20:33,Friday,LAWRENCE STATION,SUDP,3,6,N,YU,5416
9/27/2019,20:39,Friday,CHRISTIE STATION,TUSC,0,0,W,BD,5052
9/27/2019,21:07,Friday,CHRISTIE STATION,MUDD,0,0,E,BD,5066
9/27/2019,21:10,Friday,ROYAL YORK STATION,SUDP,4,7,E,BD,5132
9/27/2019,22:00,Friday,YONGE-UNIVERSITY AND B,MUO,0,0,,YU/BD,0
9/27/2019,22:04,Friday,SUMMERHILL STATION,SUCOL,0,0,N,YU,5991
9/27/2019,22:08,Friday,KIPLING STATION,MUIS,0,0,E,BD,0
9/27/2019,22:14,Friday,DUNDAS STATION,MUPAA,0,0,N,YU,5621
9/27/2019,22:48,Friday,SHEPPARD-YONGE STATION,MUPLB,23,29,W,SHP,6196
9/27/2019,23:27,Friday,SHERBOURNE STATION,MUIRS,0,0,E,BD,5007
9/27/2019,23:34,Friday,ST ANDREW STATION,SUDP,6,11,N,YU,5831
9/28/2019,00:13,Saturday,KING TO UNION,PUTIJ,5,10,S,YU,5946
9/28/2019,02:22,Saturday,FINCH STATION,MUI,0,0,S,YU,5806
9/28/2019,05:47,Saturday,GREENWOOD STATION,MUSC,0,0,E,BD,5195
9/28/2019,05:59,Saturday,VICTORIA PARK STATION,MUSC,0,0,E,BD,5338
9/28/2019,06:00,Saturday,YONGE-UNIVERSITY SUBWA,MUO,0,0,,YU,0
9/28/2019,06:44,Saturday,WARDEN STATION,EUBK,6,11,E,BD,5017
9/28/2019,07:14,Saturday,NORTH YORK CTR STATION,MUSC,0,0,N,YU,5881
9/28/2019,10:38,Saturday,ROSEDALE STATION,TUOS,3,8,N,YU,5871
9/28/2019,11:09,Saturday,DONLANDS STATION,TUSC,0,0,E,BD,5245
9/28/2019,11:57,Saturday,GREENWOOD STATION,EUDO,4,8,E,BD,5238
9/28/2019,12:25,Saturday,KING STATION,SUDP,9,12,N,YU,5661
9/28/2019,12:31,Saturday,MUSEUM STATION,SUDP,3,8,N,YU,5826
9/28/2019,12:44,Saturday,KENNEDY BD STATION,TUMVS,0,0,E,BD,5368
9/28/2019,14:39,Saturday,EGLINTON WEST STATION,MUIS,0,0,N,YU,0
9/28/2019,15:03,Saturday,KIPLING STATION,MUIS,0,0,W,BD,5172
9/28/2019,16:11,Saturday,FINCH STATION,TUSC,0,0,N,YU,5806
9/28/2019,16:41,Saturday,NORTH YORK CTR STATION,MUIS,0,0,,YU,0
9/28/2019,18:34,Saturday,QUEEN STATION,PUMEL,0,0,,YU,0
9/28/2019,18:50,Saturday,ELLESMERE STATION,MRUI,3,8,N,SRT,3023
9/28/2019,19:38,Saturday,ST CLAIR STATION,MUIS,0,0,,YU,0
9/28/2019,19:53,Saturday,KENNEDY BD STATION,MUIS,0,0,,BD,0
9/28/2019,20:05,Saturday,SHEPPARD WEST STATION,MUPAA,0,0,N,YU,5541
9/28/2019,20:15,Saturday,VICTORIA PARK STATION,MUIR,0,0,W,BD,5233
9/28/2019,21:51,Saturday,YORK UNIVERSITY STATIO,MUI,0,0,N,YU,5816
9/28/2019,21:53,Saturday,SHEPPARD STATION,MUIS,6,11,N,YU,5806
9/28/2019,22:00,Saturday,YONGE-UNIVERSITY & BLO,MUO,0,0,,YU/BD,0
9/28/2019,22:39,Saturday,CASTLE FRANK STATION,MUIRS,0,0,,BD,0
9/28/2019,22:43,Saturday,DON MILLS STATION,MUIS,0,0,,SHP,0
9/28/2019,22:49,Saturday,BAYVIEW STATION,MUO,0,0,,SHP,0
9/28/2019,23:15,Saturday,FINCH WEST STATION,MUPAA,0,0,N,YU,6121
9/28/2019,23:48,Saturday,SHEPPARD STATION,PUMEL,0,0,,YU,0
9/28/2019,23:52,Saturday,MAIN STREET STATION,SUDP,5,11,W,BD,5172
9/29/2019,00:45,Sunday,FINCH STATION,TUSC,0,0,N,YU,5136
9/29/2019,00:50,Sunday,ST GEORGE YUS STATION,MUIR,4,9,S,YU,5991
9/29/2019,02:50,Sunday,FINCH STATION,MUIS,0,0,,YU,0
9/29/2019,08:00,Sunday,YONGE-UNIVERSITY SUBWA,MUO,0,0,,YU,0
9/29/2019,08:06,Sunday,FINCH STATION,MUSC,0,0,S,YU,5561
9/29/2019,08:10,Sunday,KENNEDY BD STATION,MUSC,0,0,W,BD,5227
9/29/2019,08:14,Sunday,KIPLING STATION,TUNIP,3,7,E,BD,5068
9/29/2019,08:21,Sunday,ST CLAIR STATION,MUSC,0,0,,YU,5656
9/29/2019,08:29,Sunday,GREENWOOD STATION,TUSC,0,0,E,BD,5365
9/29/2019,08:40,Sunday,NORTH YORK CTR STATION,MUSC,0,0,N,YU,5881
9/29/2019,08:40,Sunday,OLD MILL STATION,EUSC,0,0,W,BD,5280
9/29/2019,09:38,Sunday,VAUGHAN MC STATION,MUSAN,3,8,S,YU,5601
9/29/2019,11:30,Sunday,ST CLAIR WEST STATION,PUMEL,0,0,S,YU,0
9/29/2019,11:40,Sunday,ST CLAIR WEST STATION,MUATC,3,8,S,YU,5846
9/29/2019,11:45,Sunday,KIPLING STATION,SUDP,3,7,E,BD,5253
9/29/2019,11:54,Sunday,SHEPPARD WEST STATION,PUMEL,0,0,,YU,0
9/29/2019,12:46,Sunday,KENNEDY BD STATION,TUDOE,0,0,W,BD,5198
9/29/2019,12:57,Sunday,SHEPPARD WEST STATION,MUD,4,9,S,YU,5551
9/29/2019,13:24,Sunday,KIPLING STATION,MUIS,0,0,,BD,0
9/29/2019,13:32,Sunday,YONGE BD STATION,TUO,4,8,W,BD,5198
9/29/2019,13:38,Sunday,QUEEN'S PARK STATION,MUIS,0,0,,YU,0
9/29/2019,14:36,Sunday,ST CLAIR STATION,SUDP,6,11,N,YU,5661
9/29/2019,14:54,Sunday,SUMMERHILL STATION,MUIR,10,15,S,YU,5661
9/29/2019,15:39,Sunday,BLOOR STATION,SUDP,3,8,S,YU,5686
9/29/2019,16:40,Sunday,BLOOR STATION,MUIS,0,0,N,YU,0
9/29/2019,17:35,Sunday,SUMMERHILL STATION,SUDP,0,0,N,YU,5686
9/29/2019,18:24,Sunday,SPADINA YUS STATION,SUSP,0,0,,YU,0
9/29/2019,18:38,Sunday,KENNEDY BD STATION,TUO,3,7,W,BD,5330
9/29/2019,19:11,Sunday,CASTLE FRANK STATION,SUDP,0,0,W,BD,5156
9/29/2019,19:33,Sunday,DOWNSVIEW PARK STATION,MUIR,3,8,N,YU,6041
9/29/2019,21:33,Sunday,ROSEDALE STATION,MUPAA,0,0,N,YU,5646
9/29/2019,21:42,Sunday,KIPLING STATION,MUSC,0,0,E,BD,5301
9/29/2019,21:58,Sunday,ST CLAIR WEST STATION,MUIR,0,0,N,YU,5971
9/29/2019,22:00,Sunday,YONGE-UNIVERSITY AND B,MUO,0,0,,YU/BD,0
9/29/2019,22:24,Sunday,YONGE BD STATION,SUDP,4,8,E,BD,5069
9/29/2019,22:34,Sunday,EGLINTON WEST STATION,SUDP,0,0,,YU,0
9/29/2019,23:52,Sunday,BROADVIEW STATION,MUSC,0,0,E,BD,5365
9/30/2019,00:52,Monday,FINCH WEST STATION,MUPAA,0,0,S,YU,5581
9/30/2019,05:35,Monday,YORK MILLS STATION,PUTD,10,0,S,YU,5561
9/30/2019,05:43,Monday,WARDEN STATION,PUTWZ,9,0,W,BD,5269
9/30/2019,05:54,Monday,GREENWOOD STATION,PUTWZ,9,0,E,BD,5018
9/30/2019,06:04,Monday,EGLINTON STATION,TUCC,8,12,N,YU,5696
9/30/2019,06:33,Monday,SUMMERHILL STATION,MUTD,0,0,S,YU,5626
9/30/2019,07:03,Monday,KEELE STATION,MUSC,0,0,E,BD,5338
9/30/2019,07:48,Monday,KENNEDY BD STATION,MUSC,0,0,W,BD,5269
9/30/2019,07:59,Monday,ST PATRICK STATION,MUSC,0,0,S,YU,5431
9/30/2019,08:02,Monday,KIPLING STATION,MUSC,0,0,E,BD,5285
9/30/2019,08:12,Monday,KENNEDY BD STATION,MUSC,0,0,E,BD,5114
9/30/2019,08:39,Monday,LAWRENCE STATION,MUIRS,0,0,S,YU,6056
9/30/2019,08:49,Monday,SHERBOURNE STATION,MUIS,0,0,,BD,0
9/30/2019,08:56,Monday,SPADINA BD STATION,MUI,3,5,E,BD,5243
9/30/2019,09:02,Monday,KENNEDY BD STATION,TUSC,0,0,E,BD,5204
9/30/2019,09:11,Monday,ST GEORGE YUS STATION,MUNCA,0,0,,YU,0
9/30/2019,09:12,Monday,ST GEORGE BD STATION,MUIS,0,0,E,BD,0
9/30/2019,09:13,Monday,KIPLING STATION,TUSC,0,0,W,BD,5360
9/30/2019,09:43,Monday,ST CLAIR STATION,TUOS,3,5,N,YU,5526
9/30/2019,09:45,Monday,ST CLAIR WEST STATION,MUIRS,0,0,,YU,0
9/30/2019,10:16,Monday,COXWELL STATION,TUNIP,3,6,W,BD,5682
9/30/2019,10:44,Monday,ST PATRICK STATION,MUATC,0,0,N,YU,5961
9/30/2019,10:45,Monday,MUSEUM STATION,MUATC,6,9,S,YU,5991
9/30/2019,11:58,Monday,WILSON STATION,MUIRS,0,0,,YU,0
9/30/2019,12:21,Monday,ROSEDALE STATION,MUPAA,0,0,S,YU,5626
9/30/2019,12:33,Monday,ST GEORGE YUS STATION,SUDP,6,9,S,YU,5676
9/30/2019,12:36,Monday,KENNEDY SRT STATION,PREL,0,0,,SRT,0
9/30/2019,12:46,Monday,BROADVIEW STATION,MUD,5,8,E,BD,5198
9/30/2019,13:01,Monday,LAWRENCE STATION,MUI,25,28,N,YU,6016
9/30/2019,13:18,Monday,YORK MILLS STATION,TUO,15,19,S,YU,5416
9/30/2019,13:27,Monday,FINCH STATION,MUTO,3,6,,YU,5416
9/30/2019,13:41,Monday,YONGE BD STATION,SUO,3,6,E,BD,5017
9/30/2019,13:49,Monday,EGLINTON STATION,MUIS,0,0,,YU,0
9/30/2019,14:24,Monday,PAPE STATION,EUO,3,6,E,BD,5098
9/30/2019,15:09,Monday,ST CLAIR WEST STATION,MUIS,0,0,,YU,0
9/30/2019,15:18,Monday,DON MILLS STATION,MUIS,0,0,,SHP,0
9/30/2019,15:23,Monday,COXWELL STATION,MUNOA,6,9,E,BD,5182
9/30/2019,15:24,Monday,KENNEDY BD STATION,SUUT,4,7,W,BD,5365
9/30/2019,15:36,Monday,KENNEDY BD STATION,TUSC,0,0,E,BD,5183
9/30/2019,15:39,Monday,FINCH WEST STATION,MUIS,0,0,,YU,0
9/30/2019,15:56,Monday,KIPLING STATION,EUSC,0,0,E,BD,5094
9/30/2019,16:26,Monday,ST CLAIR STATION,MUSC,0,0,N,YU,5881
9/30/2019,16:44,Monday,FINCH STATION,MUSC,0,0,S,YU,5606
9/30/2019,16:45,Monday,LESLIE STATION,TUSC,0,0,W,SHP,6166
9/30/2019,17:05,Monday,BROADVIEW STATION,MUPAA,0,0,E,BD,5242
9/30/2019,17:05,Monday,WILSON STATION,MUO,3,5,S,YU,5521
9/30/2019,17:20,Monday,KENNEDY BD STATION,TUSC,0,0,E,BD,5231
9/30/2019,18:02,Monday,SHEPPARD WEST STATION,MUIR,4,6,N,YU,5996
9/30/2019,20:50,Monday,FINCH STATION,SUDP,3,6,S,YU,5411
9/30/2019,20:58,Monday,BAY STATION,TUMVS,0,0,E,BD,5274
9/30/2019,21:44,Monday,YORK MILLS STATION,MUI,19,23,S,YU,5701
9/30/2019,22:00,Monday,YONGE-UNIVERSITY AND B,MUO,0,0,,YU/BD,0
9/30/2019,22:04,Monday,GREENWOOD STATION,TUSC,0,0,E,BD,5332
9/30/2019,22:30,Monday,KEELE TO DUNDAS WEST,SUEAS,16,20,W,BD,5105
9/30/2019,22:34,Monday,ROYAL YORK STATION,SUAP,0,0,,BD,0
9/30/2019,23:00,Monday,BLOOR DANFORTH SUBWAY,MUO,0,0,,BD,0
9/30/2019,23:25,Monday,WILSON STATION,MUTO,3,8,S,YU,5696
