﻿SUB RMENU CODE ID,SUB RMENU CODE,CODE DESCRIPTION,Code classification by cause,Controllable Flag
1,MUFM,Force Majeure,Miscellaneous,0
2,MUGD,Miscellaneous General Delays,Miscellaneous,0
3,MUO,Miscellaneous Other,Miscellaneous,0
4,MUTO,Misc. Transportation Other - Employee Non-Chargeable,Miscellaneous,0
5,PUMEL,Escalator/Elevator Incident,Miscellaneous,0
6,PUMO,Station Other,Miscellaneous,0
7,PUMST,Station Stairway Incident ,Miscellaneous,0
8,SUCOL,Collector Booth Alarm Activated,Miscellaneous,0
9,SUEAS,Emergency Alarm Station Activation,Miscellaneous,0
10,SUG,Graffiti / Scratchiti,Miscellaneous,0
11,SUPOL,Held By Polce - Non-TTC Related,Miscellaneous,0
12,SUSP,Suspicious Package,Miscellaneous,0
13,TUO,Transportation Department - Other,Miscellaneous,0
14,MUD,Door Problems - Passenger Related,Passenger,0
15,MUI,Injured or ill Customer (On Train) - Transported,Passenger,0
16,MUIR,Injured or ill Customer (On Train) - Medical Aid Refused,Passenger,0
17,MUIRS,Injured or ill Customer (In Station) - Medical Aid Refused,Passenger,0
18,MUIS,Injured or ill Customer (In Station) - Transported,Passenger,0
19,MUPAA,Passenger Assistance Alarm Activated - No Trouble Found,Technical,0
20,MUPR1,Priority One - Train in Contact With Person,Passenger,0
21,MUSAN,Unsanitary Vehicle,Passenger,1
22,SUAE,Assault / Employee Involved,Passenger,0
23,SUAP,Assault / Patron Involved,Passenger,0
24,SUBT,Bomb Threat,Passenger,0
25,SUDP,Disorderly Patron,Passenger,0
26,SUO,Passenger Other,Passenger,0
27,SUROB,Robbery,Passenger,0
28,SUSA,Sexual Assault,Passenger,0
29,SUUT,Unauthorized at Track Level,Passenger,0
30,MUCL,Divisional Clerk Related,Staff,1
31,MUESA,No Operator Immediately Available,Staff,1
32,MUIE,Injured Employee,Staff,0
33,MULD,Labour Dispute - Subway,Staff,1
34,MUNOA,No Operator Immediately Available - Not E.S.A. Related ,Staff,1
35,MUODC,Overhead Door Contact,Staff,0
36,MUTD,Training Department Related Delays,Staff,1
37,MUWR,Work Refusal,Staff,0
38,PUTCD,T & S Contractor Problems,Staff,0
39,PUTOE,T & S Operator Related Problems,Staff,1
40,TUATC,ATC Operator Related,Staff,1
41,TUMVS,Operator Violated Signal,Staff,0
42,TUNIP,Operator Not In Position,Staff,1
43,TUNOA,No Operator Immediately Available ,Staff,1
44,TUOPO,OPTO Operator Related,Staff,0
45,TUOS,Operator Overshot Platform,Staff,0
46,TUS,Crew Unable to Maintain Schedule,Staff,0
47,TUSC,Operator Overspeeding,Staff,1
48,TUSUP,Supervisory Error,Staff,1
49,EUAC,Air Conditioning,Technical,1
50,EUAL,Alternating Current,Technical,1
51,EUATC,ATC RC&S Equipment,Technical,1
52,EUBK,Brakes,Technical,1
53,EUBO,Body,Technical,1
54,EUCA,Compressed Air,Technical,1
55,EUCD,Consequential Delay (2nd Delay Same Fault),Technical,0
56,EUCH,Chopper Control,Technical,1
57,EUCO,Couplers,Technical,1
58,EUDO,Door Problems - Faulty Equipment,Technical,1
59,EUECD,ECD / Line Mechanic Related Prob.,Technical,1
60,EUHV,High Voltage,Technical,1
61,EULT,Lighting System,Technical,1
62,EULV,Low Voltage,Technical,1
63,EUME,RC&S Maintenance Error - (Human),Technical,1
64,EUNEA,No Equipment Available,Technical,1
65,EUNT,Equipment - No Trouble Found,Technical,0
66,EUO,RC&S Other,Technical,0
67,EUOE,Rail Cars & Shops Opr. Error,Technical,0
68,EUOPO,OPTO RC&S Non-Train Door Monitoring,Technical,1
69,EUPI,Propulsion System,Technical,1
70,EUSC,Speed Control Equipment  ,Technical,1
71,EUTL,Trainline System,Technical,1
72,EUTM,Traction Motors,Technical,1
73,EUTR,Trucks,Technical,0
74,EUTRD,TR Cab Doors,Technical,1
75,EUVA,Warning Alarm Systems,Technical,1
76,EUVE,Work Vehicle,Technical,1
77,EUYRD,Yard/Carhouse Related Problems,Technical,1
78,MUATC,ATC Project,Technical,1
79,MUDD,Door Problems - Debris Related,Technical,1
80,MUEC,Misc. Engineering & Construction Related Problems,Technical,0
81,MUFS,Fire/Smoke Plan B - Source External to TTC,Technical,0
82,MUPLA,Fire/Smoke Plan A,Technical,0
83,MUPLB,Fire/Smoke Plan B - Source TTC,Technical,0
84,MUPLC,Fire/Smoke Plan C,Technical,0
85,MUSC,Miscellaneous Speed Control,Technical,0
86,PUATC,ATC Signals Other,Technical,1
87,PUCBI,Central Logic Controller Failure,Technical,1
88,PUCSC,Signal Control Problem - Signals,Technical,1
89,PUCSS,Central Office Signalling System,Technical,1
90,PUDCS,Data Communications System Failure,Technical,1
91,PUOPO,OPTO (COMMS) Train Door Monitoring,Technical,1
92,PUSAC,Signals Axle Counter Block Failure,Technical,1
93,PUSBE,Beacon Failure,Technical,1
94,PUSCA,SCADA Related Problems ,Technical,1
95,PUSCR,Subway Car Radio Fault ,Technical,1
96,PUSEA,EAS Failure                               ,Technical,1
97,PUSI,Signals or Related Components Failure ,Technical,1
98,PUSIO,Smart IO Failure,Technical,1
99,PUSIS,Signals Track Weather Related,Technical,0
100,PUSLC,Signals Line Countroller Failure,Technical,1
101,PUSNT,Signal Problem - No Trouble,Technical,0
102,PUSO,S/E/C Department Other,Technical,0
103,PUSRA,Subway Radio System Fault ,Technical,1
104,PUSSW,Track Switch Failure - Signal Related Problem,Technical,1
105,PUSTC,Signals - Track Circuit Problems,Technical,1
106,PUSTP,Traction Power or Related Components Failure,Technical,1
107,PUSTS,Signals - Train Stops,Technical,1
108,PUSWZ,Work Zone Problems - Signals,Technical,0
109,PUSZC,Signals Zone Countroller Failure,Technical,1
110,PUTD,Track Level Debris - Controllable,Technical,1
111,PUTDN ,Debris At Track Level - Uncontrollable,Technical,0
112,PUTIJ,Insulated Joint Related Problem,Technical,1
113,PUTNT,T&S Related Problem - NTF,Technical,0
114,PUTO,T&S Other,Technical,0
115,PUTR,Rail Related Problem,Technical,1
116,PUTS,Structure Related Problem,Technical,1
117,PUTSC,Signal Control Problem - Track,Technical,1
118,PUTSM,Track Switch Failure - Track Related Problem,Technical,1
119,PUTTC,Track Circuit Problems - Re: Defective Bolts/Bonding,Technical,1
120,PUTTP,Traction Power Rail Related,Technical,1
121,PUTWZ,Work Zone Problems - Track,Technical,1
122,TUCC,Transit Control Related Problems,Technical,1
123,TUDOE,Doors Open in Error,Technical,1
124,TUKEY,Two Drum Switch Keys Activated,Technical,1
125,TUML,Mainline Storage,Technical,1
126,TUSET,Train Controls Improperly Shut Down,Technical,1
127,MUWEA,Weather Reports / Related Delays,Weather,0
128,PUTIS,Ice / Snow Related Problems,Weather,0
129,TUST,Storm Trains,Weather,0
